FileID	AnswerID	StartCharPos	Entity	Type
37585	2	14	Luck	PLACE
37585	2	20	Volyn	PLACE
37585	2	44	Poland	COUNTRY
37585	6	9	Israel	COUNTRY
37585	6	47	Just one second	TIME
37585	11	34	Russia	COUNTRY
37585	15	171	Jewish	GEONOUN
37585	18	0	The first of May, 1919	DATE
37585	19	0	78 years old	DATE
37585	20	16	Poland	COUNTRY
37585	21	28	Wolyn	PLACE
37585	21	48	province	GEONOUN
37585	21	65	state	GEONOUN
37585	21	80	America	COUNTRY
37585	21	107	state	GEONOUN
37585	21	139	province	GEONOUN
37585	21	156	Volyn	PLACE
37585	22	35	city	GEONOUN
37585	22	50	state	GEONOUN
37585	23	0	Avrum	PLACE
37585	23	7	Avrum	PLACE
37585	23	63	Awrum	PLACE
37585	30	11	Lezer	PLACE
37585	32	88	Luck	PLACE
37585	32	118	Luck	PLACE
37585	32	160	6 or 7 years old	DATE
37585	32	210	town	GEONOUN
37585	32	232	Kolki	PLACE
37585	32	250	Kolky	PLACE
37585	37	141	Jewish	GEONOUN
37585	40	29	every day	DATE
37585	40	63	synagogue	GEONOUN
37585	41	70	Jewish	GEONOUN
37585	41	132	Jewish	GEONOUN
37585	45	520	Jewish	GEONOUN
37585	45	663	city	GEONOUN
37585	45	674	Luck	PLACE
37585	45	826	Jewish	GEONOUN
37585	46	47	roof	GEONOUN
37585	46	129	wood	GEONOUN
37585	46	233	store	GEONOUN
37585	46	434	around 18 years old	DATE
37585	46	455	17 years old	DATE
37585	49	43	store	GEONOUN
37585	49	187	13 years	DATE
37585	52	84	Jewish school	GEONOUN
37585	52	91	school	GEONOUN
37585	52	197	Luck	PLACE
37585	52	242	about two years	DATE
37585	52	286	Jewish	GEONOUN
37585	52	300	school	GEONOUN
37585	52	369	school	GEONOUN
37585	52	406	school	GEONOUN
37585	52	417	Kolki	PLACE
37585	53	22	the years	DATE
37585	53	56	school	GEONOUN
37585	53	69	about four years	DATE
37585	53	123	school	GEONOUN
37585	53	177	school	GEONOUN
37585	53	197	Jewish school	GEONOUN
37585	53	204	school	GEONOUN
37585	53	219	Jewish	GEONOUN
37585	54	19	Jewish	GEONOUN
37585	54	91	about 10 years	DATE
37585	54	116	school	GEONOUN
37585	55	21	school	GEONOUN
37585	56	7	Jewish school	GEONOUN
37585	56	14	school	GEONOUN
37585	56	83	Jewish	GEONOUN
37585	56	525	nighttime	TIME
37585	56	810	bar	GEONOUN
37585	57	12	a summer	DATE
37585	57	113	house	GEONOUN
37585	57	136	all day	DATE
37585	57	201	school	GEONOUN
37585	57	237	8:00	TIME
37585	57	247	2:00	TIME
37585	59	3	bar	GEONOUN
37585	59	102	Jewish	GEONOUN
37585	59	160	bar	GEONOUN
37585	59	196	a month	DATE
37585	59	394	bar	GEONOUN
37585	59	449	Jewish	GEONOUN
37585	59	466	Pesach	DATE
37585	59	521	Pesach	DATE
37585	59	675	bar	GEONOUN
37585	59	806	bar	GEONOUN
37585	59	1115	June	DATE
37585	59	1260	Jewish	GEONOUN
37585	59	1304	Jewish	GEONOUN
37585	60	8	bar	GEONOUN
37585	60	28	Lag B'Omer	DATE
37585	60	40	Lag B'Omer.	DATE
37585	60	55	Lag B'Omer	DATE
37585	60	211	forests	GEONOUN
37585	60	229	yard	GEONOUN
37585	60	235	all day	DATE
37585	60	335	Lag B'Omer	DATE
37585	60	347	two or three days	DATE
37585	60	394	Jewish	GEONOUN
37585	60	424	Pesach till Shavuot	DATE
37585	60	445	every day	DATE
37585	60	543	every day, till	DATE
37585	60	559	Shavuot	DATE
37585	60	711	Shavuot	DATE
37585	60	733	Thanksgiving	DATE
37585	60	759	Thanksgiving	DATE
37585	62	43	Thursday	DATE
37585	62	52	night	TIME
37585	62	93	Friday	DATE
37585	62	300	Friday	DATE
37585	62	321	around three o'clock in the morning	TIME
37585	62	468	Saturday	DATE
37585	62	500	Saturday	DATE
37585	62	509	morning	TIME
37585	62	733	Friday	DATE
37585	62	740	afternoon	TIME
37585	62	755	Saturday	DATE
37585	62	796	Around 12, 1 o'clock	TIME
37585	63	89	Saturday	DATE
37585	63	191	Saturday	DATE
37585	63	200	morning	TIME
37585	63	369	wood	GEONOUN
37585	63	395	all day	DATE
37585	63	588	Sunday	DATE
37585	63	628	the whole week	DATE
37585	63	663	the morning	TIME
37585	63	683	1 o'clock	TIME
37585	63	777	the whole week	DATE
37585	64	22	Europe	CONTINENT
37585	64	48	Jewish	GEONOUN
37585	64	71	Simchat Torah	EVENT
37585	64	100	Simchat Torah	EVENT
37585	64	189	Simchat Torah	EVENT
37585	64	337	house	GEONOUN
37585	64	402	10 o'clock	TIME
37585	64	414	10 o'clock	TIME
37585	64	565	1:00-- 1:00, 2:00 at night	TIME
37585	64	653	the other day	DATE
37585	64	668	the next day	DATE
37585	64	800	houses	GEONOUN
37585	66	22	school	GEONOUN
37585	67	62	house	GEONOUN
37585	67	128	state	GEONOUN
37585	67	156	Jewish	GEONOUN
37585	68	90	city	GEONOUN
37585	69	13	Jewish	GEONOUN
37585	69	111	school	GEONOUN
37585	69	266	Jewish	GEONOUN
37585	71	36	Jewish	GEONOUN
37585	71	105	Jewish	GEONOUN
37585	71	270	the First World War	EVENT
37585	72	14	Russia	COUNTRY
37585	73	47	Jewish	GEONOUN
37585	73	131	land	GEONOUN
37585	73	153	Germany	COUNTRY
37585	73	288	city	GEONOUN
37585	73	306	Lublin	CITY
37585	73	328	Poland	COUNTRY
37585	73	760	Jewish	GEONOUN
37585	73	831	early in the morning	TIME
37585	73	1486	store	GEONOUN
37585	73	1591	Lublin	CITY
37585	73	1687	Jewish	GEONOUN
37585	74	61	Jewish	GEONOUN
37585	74	123	Jewish	GEONOUN
37585	75	30	school	GEONOUN
37585	75	181	Wednesday	DATE
37585	75	201	market	GEONOUN
37585	75	393	market	GEONOUN
37585	75	654	the high holidays	DATE
37585	75	794	Jewish	GEONOUN
37585	75	920	Europe	CONTINENT
37585	75	1138	4 o'clock till 8 o'clock in the evening	TIME
37585	78	119	Wednesday	DATE
37585	78	153	market	GEONOUN
37585	83	80	21 years old	DATE
37585	83	143	21 years old	DATE
37585	83	173	exactly a day	DATE
37585	83	195	Erev Yom Kippur	DATE
37585	83	212	Yom Kippur	DATE
37585	86	135	Russia	COUNTRY
37585	86	300	a Friday	DATE
37585	86	359	street	GEONOUN
37585	86	431	tavern	GEONOUN
37585	86	879	Jewish	GEONOUN
37585	87	171	about 12 years old	DATE
37585	87	212	city	GEONOUN
37585	87	328	field	GEONOUN
37585	87	346	summer	DATE
37585	87	380	school	GEONOUN
37585	87	675	city	GEONOUN
37585	87	783	houses	GEONOUN
37585	87	873	houses	GEONOUN
37585	87	1021	summer	DATE
37585	87	1086	river	GEONOUN
37585	87	1110	river	GEONOUN
37585	87	1187	the next day	DATE
37585	87	1293	store	GEONOUN
37585	87	1874	roofs	GEONOUN
37585	88	401	all the week	DATE
37585	92	81	Lutsk	CITY
37585	93	9	rooms	GEONOUN
37585	93	58	rooms	GEONOUN
37585	93	69	rooms	GEONOUN
37585	96	84	1944	DATE
37585	96	275	a year and a half	DATE
37585	97	33	a year and a half	DATE
37585	97	83	13 years	DATE
37585	98	237	just a year and a half	DATE
37585	99	50	a year and a half	DATE
37585	101	186	river	GEONOUN
37585	104	109	Wegscheid	PLACE
37585	104	173	the wintertime	DATE
37585	104	236	the summer	DATE
37585	104	281	walls	GEONOUN
37585	104	367	camp	GEONOUN
37585	104	466	barracks	GEONOUN
37585	107	80	factory	GEONOUN
37585	107	102	mill	GEONOUN
37585	107	233	city	GEONOUN
37585	107	242	every night	TIME
37585	108	65	Warsaw	CITY
37585	108	129	Germany	COUNTRY
37585	108	203	city	GEONOUN
37585	109	166	Jewish	GEONOUN
37585	109	185	Poland	COUNTRY
37585	109	208	Paris	CITY
37585	109	558	street	GEONOUN
37585	109	593	1939	DATE
37585	110	73	Jewish	GEONOUN
37585	110	106	Warsaw	CITY
37585	110	121	every day-- every week	DATE
37585	110	231	now	DATE
37585	113	31	Russia	COUNTRY
37585	115	12	1939	DATE
37585	115	46	Poland	COUNTRY
37585	115	57	Germany	COUNTRY
37585	115	148	river	GEONOUN
37585	115	166	Bug	PLACE
37585	115	350	Bug	PLACE
37585	115	389	Bug	PLACE
37585	115	423	Poland	COUNTRY
37585	115	544	Jewish	GEONOUN
37585	115	722	house	GEONOUN
37585	115	908	Russia	COUNTRY
37585	115	934	territory	GEONOUN
37585	115	991	Poland	COUNTRY
37585	115	1074	Russia	COUNTRY
37585	115	1152	train	GEONOUN
37585	115	1212	train	GEONOUN
37585	115	1236	Russia	COUNTRY
37585	115	1273	camps	GEONOUN
37585	116	26	1939	DATE
37585	116	32	1939	DATE
37585	116	38	the beginning of 1940	DATE
37585	118	47	state	GEONOUN
37585	118	86	Bialystok	PLACE
37585	118	267	Russia	COUNTRY
37585	118	297	houses	GEONOUN
37585	118	534	4 SECONDS	DATE
37585	118	583	Russia	COUNTRY
37585	118	600	Germany	COUNTRY
37585	118	647	another few months	DATE
37585	118	710	Pole	PLACE
37585	118	804	Russia	COUNTRY
37585	118	834	Siberia	PLACE
37585	118	855	camps	GEONOUN
37585	120	90	forests	GEONOUN
37585	123	183	Jewish	GEONOUN
37585	123	280	city	GEONOUN
37585	123	300	train	GEONOUN
37585	123	412	train	GEONOUN
37585	123	452	Jewish	GEONOUN
37585	123	560	synagogue	GEONOUN
37585	123	658	train	GEONOUN
37585	123	1095	train	GEONOUN
37585	124	202	synagogue	GEONOUN
37585	125	43	Jewish	GEONOUN
37585	125	542	these years	DATE
37585	127	112	Jewish	GEONOUN
37585	127	237	ground	GEONOUN
37585	127	408	Jewish	GEONOUN
37585	127	618	Siberia	PLACE
37585	127	823	The next day	DATE
37585	127	1561	Russia	COUNTRY
37585	128	117	river	GEONOUN
37585	128	135	Bug	PLACE
37585	128	186	river	GEONOUN
37585	128	563	Rosh Hashanah	DATE
37585	128	702	tomorrow	DATE
37585	128	770	the whole day	DATE
37585	128	839	Yom Kippur	DATE
37585	131	55	Jewish one year	GEONOUN
37585	131	62	one year	DATE
37585	132	87	Europe	CONTINENT
37585	132	106	21 years old	DATE
37585	132	166	foot	GEONOUN
37585	135	0	Kuibyshev	PLACE
37585	135	20	Volga	PLACE
37585	135	66	Siberia	PLACE
37585	135	107	the winter	DATE
37585	135	273	winter	DATE
37585	135	292	October	DATE
37585	135	305	June	DATE
37585	135	325	June	DATE
37585	135	335	October	DATE
37585	135	446	the winter	DATE
37585	135	482	the summer	DATE
37585	140	0	19--	DATE
37585	140	15	1940	DATE
37585	140	24	1940	DATE
37585	140	44	the 20th of October	DATE
37585	140	67	1940	DATE
37585	140	77	1941	DATE
37585	140	82	the whole year	DATE
37585	140	162	1941	DATE
37585	140	228	Russia	COUNTRY
37585	140	300	hospital	GEONOUN
37585	140	323	hospital	GEONOUN
37585	140	338	about seven, eight weeks	DATE
37585	140	614	foot	GEONOUN
37585	140	657	the morning	TIME
37585	140	683	foot	GEONOUN
37585	140	826	another few days	DATE
37585	140	988	another few days	DATE
37585	140	1193	a few-- in a few weeks	DATE
37585	140	1277	Ukraine	COUNTRY
37585	140	1323	house	GEONOUN
37585	140	1361	the morning	TIME
37585	140	1536	foot	GEONOUN
37585	140	1545	1941	DATE
37585	140	1592	hospital	GEONOUN
37585	140	1650	hospital	GEONOUN
37585	141	32	Ukraine	COUNTRY
37585	141	129	night	TIME
37585	141	228	every night	TIME
37585	141	467	camp	GEONOUN
37585	141	570	camp	GEONOUN
37585	142	20	Kuibyshev	PLACE
37585	142	101	Volga	PLACE
37585	142	169	Volga	PLACE
37585	142	191	dam	GEONOUN
37585	142	311	houses	GEONOUN
37585	144	0	About a year and a half	DATE
37585	145	30	Kuibyshev	PLACE
37585	146	203	school	GEONOUN
37585	146	302	foot	GEONOUN
37585	146	358	foot	GEONOUN
37585	146	396	foot	GEONOUN
37585	146	581	apartment	GEONOUN
37585	146	620	apartment	GEONOUN
37585	146	710	Moscow	CITY
37585	146	1599	factory	GEONOUN
37585	146	1634	factory	GEONOUN
37585	146	2118	Jewish	GEONOUN
37585	146	2136	Jewish	GEONOUN
37585	146	2144	The next day	DATE
37585	149	48	factory	GEONOUN
37585	149	164	Jewish	GEONOUN
37585	149	250	Moscow	CITY
37585	152	10	Russia	COUNTRY
37585	154	156	two weeks	DATE
37585	154	191	city	GEONOUN
37585	154	217	6 o'clock in the--	TIME
37585	154	255	6 o'clock	TIME
37585	154	270	12:00	TIME
37585	154	285	1 o'clock at night	TIME
37585	156	133	Russia	COUNTRY
37585	156	468	another two, three years	DATE
37585	156	620	Russia	COUNTRY
37585	156	647	3 SECONDS	DATE
37585	156	798	two, three years	DATE
37585	159	63	day	DATE
37585	161	10	1944	DATE
37585	162	33	Jewish	GEONOUN
37585	162	181	Jewish	GEONOUN
37585	162	197	Jewish	GEONOUN
37585	163	265	Jewish	GEONOUN
37585	163	381	Jewish	GEONOUN
37585	163	416	Jewish	GEONOUN
37585	163	827	street	GEONOUN
37585	163	1021	city	GEONOUN
37585	163	1161	Russia	COUNTRY
37585	163	1437	Jewish	GEONOUN
37585	163	1742	Jewish	GEONOUN
37585	166	20	Jewish	GEONOUN
37585	168	527	Poland	COUNTRY
37585	170	0	1941	DATE
37585	172	33	Russia	COUNTRY
37585	172	67	19--	DATE
37585	172	77	1944	DATE
37585	172	282	Jewish	GEONOUN
37585	173	56	Kolki	PLACE
37585	175	21	Poland	COUNTRY
37585	175	63	Poland	COUNTRY
37585	175	235	Poland	COUNTRY
37585	175	476	Jewish	GEONOUN
37585	177	78	Germany	COUNTRY
37585	178	0	Six months.	DATE
37585	179	32	Poland	COUNTRY
37585	179	43	Czechoslovakia	COUNTRY
37585	179	74	Prague	CITY
37585	179	91	Prague	CITY
37585	179	118	train	GEONOUN
37585	179	147	Vienna	CITY
37585	179	222	city	GEONOUN
37585	179	241	Czechoslovakia	COUNTRY
37585	179	273	Czechoslovakia	COUNTRY
37585	179	667	train	GEONOUN
37585	179	752	Vienna	CITY
37585	179	969	Russia	COUNTRY
37585	179	1030	Prague	CITY
37585	179	1040	Vienna	CITY
37585	179	1384	Russia	COUNTRY
37585	179	1393	hospital	GEONOUN
37585	179	1515	city	GEONOUN
37585	179	1649	Kolki	PLACE
37585	179	2594	two and a half days	DATE
37585	179	2617	three days	DATE
37585	179	2674	3 SECONDS	DATE
37585	179	2713	two years old	DATE
37585	179	2786	Vienna	CITY
37585	180	5	Vienna	CITY
37585	180	39	Linz	CITY
37585	180	61	Linz	CITY
37585	181	4	Austria	COUNTRY
37585	183	27	camp	GEONOUN
37585	184	0	Linz	CITY
37585	184	86	winter	DATE
37585	184	118	barracks	GEONOUN
37585	184	198	camp	GEONOUN
37585	184	390	buildings	GEONOUN
37585	185	55	about a year	DATE
37585	187	3	1948	DATE
37585	189	100	a month	DATE
37585	189	156	Washington DC	PLACE
37585	189	238	farms	GEONOUN
37585	190	0	1948	DATE
37585	190	16	Montreal	PLACE
37585	191	0	Canada	COUNTRY
37585	192	67	two and a half years	DATE
37585	192	225	1960	DATE
37585	192	234	1960	DATE
37585	192	367	Europe	CONTINENT
37585	192	507	Toronto	CITY
37585	192	557	Toronto	CITY
37585	192	580	factory	GEONOUN
37585	193	8	factory	GEONOUN
37585	195	38	Canada	COUNTRY
37585	196	21	Austria	COUNTRY
37585	196	46	Russia	COUNTRY
37585	200	15	Canada	COUNTRY
37585	201	50	Jewish	GEONOUN
37585	202	17	a month	DATE
37585	203	295	Toronto	CITY
37585	203	539	Toronto	CITY
37585	203	628	Israel	COUNTRY
37585	203	654	Israel	COUNTRY
37585	203	665	six months	DATE
37585	203	710	England	PLACE
37585	203	1051	school	GEONOUN
37585	203	1337	Vancouver	CITY
37585	203	1363	Vancouver	CITY
37585	203	1395	Vancouver	CITY
37585	203	1520	Vancouver	CITY
37585	203	1558	Vancouver	CITY
37585	203	1772	house	GEONOUN
37585	203	1867	another week or two	DATE
37585	203	1967	England	PLACE
37585	203	2055	England	PLACE
37585	203	2125	England	PLACE
37585	203	2146	England	PLACE
37585	203	2226	Spain	COUNTRY
37585	203	2493	Frias	PLACE
37585	203	2503	Spain	COUNTRY
37585	203	2535	Spain	COUNTRY
37585	203	2583	Spain	COUNTRY
37585	203	2641	Spain	COUNTRY
37585	203	2882	Vancouver	CITY
37585	203	3009	Vancouver	CITY
37585	203	3030	Vancouver	CITY
37585	204	42	Holocaust	EVENT
37585	206	68	Jewish	GEONOUN
37585	206	176	Jewish	GEONOUN
37585	206	271	Israel	COUNTRY
37585	208	54	54 years	DATE
37585	209	37	60	DATE
37585	211	18	Luck	PLACE
37585	224	20	13, 13 years	DATE
37585	225	0	13 years old	DATE
37585	229	14	1919	DATE
37585	230	6	six years	DATE
37585	231	154	the High Holidays	DATE
37585	232	23	Israel	COUNTRY
37585	239	7	Linz	CITY
37585	241	9	Austria	COUNTRY
37585	243	30	1946	DATE
37585	243	45	Icchok	PLACE
37585	244	0	The end of '46	DATE
37585	250	26	Toronto	CITY
37585	253	15	about 10 years ago	DATE
37585	261	3	Toronto	CITY
37585	262	0	About three, four, five, six months	DATE
37585	267	8	Toronto	CITY
37585	271	16	1980-- 1982	DATE
37585	272	3	Toronto	CITY
