FileID	AnswerID	StartCharPos	Entity	Type
39237	0	94	Paris	CITY
39237	0	101	France	COUNTRY
39237	0	111	1923	DATE
39237	4	10	France	COUNTRY
39237	6	69	about a month old	DATE
39237	8	44	1922	DATE
39237	8	91	1927	DATE
39237	8	119	1931	DATE
39237	8	140	1935	DATE
39237	11	211	room	GEONOUN
39237	11	365	room	GEONOUN
39237	11	404	apartment	GEONOUN
39237	11	457	house	GEONOUN
39237	12	11	Paris	CITY
39237	12	42	apartment	GEONOUN
39237	12	210	courtyard	GEONOUN
39237	12	243	outhouse	GEONOUN
39237	13	101	house	GEONOUN
39237	13	170	street	GEONOUN
39237	13	186	apartment	GEONOUN
39237	13	344	house	GEONOUN
39237	13	481	about five, six years old	DATE
39237	13	701	hole	GEONOUN
39237	13	1175	apartment	GEONOUN
39237	14	141	1923	DATE
39237	14	190	eight years	DATE
39237	14	230	10, 12 years old	DATE
39237	14	341	carriage	GEONOUN
39237	14	430	house	GEONOUN
39237	14	468	street	GEONOUN
39237	14	837	street	GEONOUN
39237	14	1210	11 years old	DATE
39237	14	1244	school	GEONOUN
39237	14	1368	eight	DATE
39237	14	1375	nine	DATE
39237	14	1381	10	DATE
39237	15	185	Jewish	GEONOUN
39237	15	255	Passover	EVENT
39237	15	338	house	GEONOUN
39237	15	519	Jewish	GEONOUN
39237	15	636	street	GEONOUN
39237	15	671	school	GEONOUN
39237	15	978	France	COUNTRY
39237	15	1018	pass	GEONOUN
39237	15	1035	the end of each year	DATE
39237	15	1255	waste	GEONOUN
39237	15	1285	pass	GEONOUN
39237	15	1317	pass	GEONOUN
39237	15	1379	pass	GEONOUN
39237	15	1448	pass	GEONOUN
39237	15	1564	pass	GEONOUN
39237	15	1610	school	GEONOUN
39237	16	177	wood	GEONOUN
39237	16	392	street	GEONOUN
39237	16	688	Paris	CITY
39237	16	732	camp	GEONOUN
39237	16	769	Paris	CITY
39237	16	903	1931	DATE
39237	16	971	eight years old	DATE
39237	16	1004	around 11:00 or 12 o'clock	TIME
39237	16	1243	night	TIME
39237	16	1364	building	GEONOUN
39237	16	1665	Jewish	GEONOUN
39237	16	1892	night	TIME
39237	16	1948	two days later	DATE
39237	16	1988	hospital	GEONOUN
39237	16	2352	street	GEONOUN
39237	16	2382	street	GEONOUN
39237	16	2422	convent	GEONOUN
39237	16	2543	Jewish	GEONOUN
39237	16	2593	at least five, six hour	TIME
39237	18	409	school	GEONOUN
39237	18	617	Lorraine	PLACE
39237	18	840	France	COUNTRY
39237	18	1103	Paris	CITY
39237	18	1309	Jewish	GEONOUN
39237	18	1597	Jewish	GEONOUN
39237	19	18	one year	DATE
39237	19	43	one year	DATE
39237	19	147	bar	GEONOUN
39237	19	179	one year	DATE
39237	19	309	seat	GEONOUN
39237	19	321	synagogue	GEONOUN
39237	19	581	slide	GEONOUN
39237	19	704	house	GEONOUN
39237	19	735	Passover	EVENT
39237	19	955	1929	DATE
39237	19	1012	Lublin	CITY
39237	19	1020	Poland	COUNTRY
39237	19	1203	Lublin	CITY
39237	19	1386	Lublin	CITY
39237	19	1440	Jewish school	GEONOUN
39237	19	1447	school	GEONOUN
39237	19	1511	only six weeks	DATE
39237	19	1533	two months	DATE
39237	20	0	Poland	COUNTRY
39237	20	8	Lublin	CITY
39237	21	20	Lublin	CITY
39237	21	51	World War	EVENT
39237	21	64	1918	DATE
39237	21	216	Poland	COUNTRY
39237	21	325	25 years	DATE
39237	21	417	Poland	COUNTRY
39237	21	456	the United States	COUNTRY
39237	21	519	France	COUNTRY
39237	21	591	Poland	COUNTRY
39237	21	678	Poland	COUNTRY
39237	21	705	school	GEONOUN
39237	21	903	Jewish	GEONOUN
39237	21	962	every year	DATE
39237	21	1155	France	COUNTRY
39237	21	1165	1921	DATE
39237	21	1173	'22	DATE
39237	21	1239	France	COUNTRY
39237	21	1316	Belgium	COUNTRY
39237	21	1325	Germany	COUNTRY
39237	21	1396	France	COUNTRY
39237	21	1481	Paris	CITY
39237	22	32	France	COUNTRY
39237	22	250	Paris	CITY
39237	22	385	hole	GEONOUN
39237	22	551	Germany	COUNTRY
39237	22	593	Poland	COUNTRY
39237	22	631	Poland	COUNTRY
39237	22	647	Belgium	COUNTRY
39237	22	694	pass	GEONOUN
39237	22	720	Paris	CITY
39237	22	779	apartment	GEONOUN
39237	22	808	room	GEONOUN
39237	22	856	apartment	GEONOUN
39237	22	872	street	GEONOUN
39237	22	915	1923	DATE
39237	22	986	hospital	GEONOUN
39237	22	1019	hospital	GEONOUN
39237	22	1057	Jewish hospital	GEONOUN
39237	22	1064	hospital	GEONOUN
39237	22	1226	1928	DATE
39237	22	1279	France	COUNTRY
39237	22	1349	Paris	CITY
39237	22	1363	Paris	CITY
39237	22	1459	Paris	CITY
39237	22	1478	Montmartre	PLACE
39237	22	1559	five years	DATE
39237	22	1736	Rothschild	PLACE
39237	22	1780	hospital	GEONOUN
39237	22	1997	Jewish hospital	GEONOUN
39237	22	2004	hospital	GEONOUN
39237	22	2254	eight	DATE
39237	22	2265	10	DATE
39237	22	2273	11	DATE
39237	22	2376	a season	DATE
39237	22	2422	the season	DATE
39237	22	2472	three, four months	DATE
39237	22	2701	house	GEONOUN
39237	22	2777	Paris	CITY
39237	22	2938	school	GEONOUN
39237	22	3024	school	GEONOUN
39237	22	3042	14	DATE
39237	22	3168	hotel	GEONOUN
39237	22	3466	church	GEONOUN
39237	22	3488	Sacre Coeur	PLACE
39237	22	3606	hill	GEONOUN
39237	22	3675	tip	GEONOUN
39237	22	3946	house	GEONOUN
39237	22	3961	1939	DATE
39237	22	4001	Germany	COUNTRY
39237	22	4091	Paris	CITY
39237	22	4148	city	GEONOUN
39237	26	77	area	GEONOUN
39237	26	117	street	GEONOUN
39237	26	171	street	GEONOUN
39237	27	24	town	GEONOUN
39237	27	32	Algeria	COUNTRY
39237	27	297	street	GEONOUN
39237	30	257	railroad	GEONOUN
39237	30	351	Paris	CITY
39237	30	367	Berlin	CITY
39237	30	380	Germany	COUNTRY
39237	30	412	city	GEONOUN
39237	30	826	park	GEONOUN
39237	30	961	park	GEONOUN
39237	30	995	pond	GEONOUN
39237	30	1088	wood	GEONOUN
39237	30	1094	flat	GEONOUN
39237	30	1113	points	GEONOUN
39237	30	1296	boat	GEONOUN
39237	30	1316	boat	GEONOUN
39237	30	1600	pond	GEONOUN
39237	30	1766	boat	GEONOUN
39237	30	1842	pond	GEONOUN
39237	30	1866	boat	GEONOUN
39237	30	1937	5:00, 6 o'clock	TIME
39237	30	1962	pond	GEONOUN
39237	30	1979	foot	GEONOUN
39237	30	1987	foot	GEONOUN
39237	30	2072	boat	GEONOUN
39237	30	2193	street	GEONOUN
39237	30	2236	building	GEONOUN
39237	30	2259	park	GEONOUN
39237	30	2439	windows	GEONOUN
39237	30	2567	10, 12 years old	DATE
39237	30	2855	street	GEONOUN
39237	30	3232	narrow	GEONOUN
39237	31	499	school	GEONOUN
39237	31	1022	school	GEONOUN
39237	31	1038	house	GEONOUN
39237	32	6	about 14 and 1/2	DATE
39237	32	65	high school	GEONOUN
39237	32	185	1937, '38	DATE
39237	32	207	depression	GEONOUN
39237	32	244	depression	GEONOUN
39237	32	266	depression	GEONOUN
39237	32	379	depression	GEONOUN
39237	32	506	depression	GEONOUN
39237	32	919	school	GEONOUN
39237	32	1102	city	GEONOUN
39237	32	1471	wood	GEONOUN
39237	32	1518	1937	DATE
39237	32	1553	'	DATE
39237	32	1554	37	DATE
39237	33	10	movie house	GEONOUN
39237	33	62	1938	DATE
39237	33	80	'37	DATE
39237	33	569	1938	DATE
39237	34	36	10	DATE
39237	34	42	12	DATE
39237	34	127	street	GEONOUN
39237	34	173	street	GEONOUN
39237	34	242	Jewish	GEONOUN
39237	34	470	street	GEONOUN
39237	34	922	Jewish	GEONOUN
39237	34	1199	Jewish	GEONOUN
39237	34	1289	Jewish	GEONOUN
39237	34	1303	street	GEONOUN
39237	35	49	Crystal Night	EVENT
39237	35	86	1936	DATE
39237	35	98	13 years old	DATE
39237	35	293	house all day	GEONOUN
39237	35	299	all day	DATE
39237	35	339	school	GEONOUN
39237	35	364	street	GEONOUN
39237	35	403	house	GEONOUN
39237	35	462	street	GEONOUN
39237	35	517	Jewish	GEONOUN
39237	35	772	town	GEONOUN
39237	35	846	every year	DATE
39237	35	995	Kristallnacht	EVENT
39237	36	152	Dublin	CITY
39237	36	178	Paris	CITY
39237	36	256	19	DATE
39237	36	414	'39	DATE
39237	36	460	16 years old	DATE
39237	37	42	Paris	CITY
39237	37	209	'39	DATE
39237	37	231	a few months after	DATE
39237	37	258	1940	DATE
39237	37	333	Blitzkrieg	EVENT
39237	37	353	Germany	COUNTRY
39237	37	495	school	GEONOUN
39237	37	1099	Paris	CITY
39237	37	1131	block	GEONOUN
39237	37	1196	block	GEONOUN
39237	37	1292	cellar	GEONOUN
39237	37	1319	building	GEONOUN
39237	37	1348	building	GEONOUN
39237	37	1396	street	GEONOUN
39237	37	1414	building	GEONOUN
39237	37	1427	that special night	TIME
39237	37	1499	cellar	GEONOUN
39237	37	1533	building	GEONOUN
39237	37	1575	fell	GEONOUN
39237	37	1581	fell	GEONOUN
39237	37	1599	house	GEONOUN
39237	37	1689	Paris	CITY
39237	40	18	house	GEONOUN
39237	40	56	street	GEONOUN
39237	40	180	building	GEONOUN
39237	40	195	cellar	GEONOUN
39237	40	260	houses	GEONOUN
39237	40	505	cellar	GEONOUN
39237	40	564	cellar	GEONOUN
39237	41	154	12:00, 1 o'clock in the morning	TIME
39237	41	250	winter	DATE
39237	41	282	summer	DATE
39237	41	539	Paris	CITY
39237	41	614	factory	GEONOUN
39237	41	641	Paris	CITY
39237	42	113	Paris	CITY
39237	42	138	London	CITY
39237	42	209	Dunkirk	EVENT
39237	42	261	England	PLACE
39237	42	273	Germany	COUNTRY
39237	42	291	France	COUNTRY
39237	42	339	Paris	CITY
39237	42	514	station	GEONOUN
39237	42	824	cellar	GEONOUN
39237	42	850	street	GEONOUN
39237	42	961	street	GEONOUN
39237	42	1081	Paris	CITY
39237	42	1092	Paris	CITY
39237	42	1138	factory	GEONOUN
39237	42	1417	street	GEONOUN
39237	43	67	1940	DATE
39237	43	90	factory	GEONOUN
39237	43	247	factory	GEONOUN
39237	45	123	building	GEONOUN
39237	45	179	1939	DATE
39237	45	189	1945	DATE
39237	45	316	1870	DATE
39237	45	554	1914	DATE
39237	46	7	1940	DATE
39237	46	36	South of France	PLACE
39237	47	50	fell	GEONOUN
39237	47	60	Paris	CITY
39237	47	90	a month	DATE
39237	47	216	train	GEONOUN
39237	47	229	farms	GEONOUN
39237	47	278	the South of France	PLACE
39237	47	301	the beginning '40	DATE
39237	47	324	the end of '40	DATE
39237	47	378	village	GEONOUN
39237	47	410	village	GEONOUN
39237	47	459	barn	GEONOUN
39237	47	480	house	GEONOUN
39237	47	503	farm	GEONOUN
39237	50	14	town	GEONOUN
39237	50	34	Les Touches	PLACE
39237	50	87	city	GEONOUN
39237	50	107	Nantes	CITY
39237	50	122	port	GEONOUN
39237	50	139	city	GEONOUN
39237	50	160	town	GEONOUN
39237	50	273	town	GEONOUN
39237	50	296	vineyard	GEONOUN
39237	50	327	fields	GEONOUN
39237	50	376	Paris	CITY
39237	50	438	Paris	CITY
39237	50	460	town	GEONOUN
39237	50	683	train	GEONOUN
39237	50	752	about eight hours	TIME
39237	50	832	farm	GEONOUN
39237	50	1049	the first Sunday--	DATE
39237	50	1083	church	GEONOUN
39237	50	1157	Paris	CITY
39237	50	1180	church	GEONOUN
39237	50	1259	church	GEONOUN
39237	50	1269	Paris	CITY
39237	50	1347	church	GEONOUN
39237	50	1380	a Sunday	DATE
39237	50	1536	Jewish	GEONOUN
39237	50	1771	a few months	DATE
39237	50	1876	town	GEONOUN
39237	50	1998	town	GEONOUN
39237	50	2146	the potato season	DATE
39237	50	2285	vineyard	GEONOUN
39237	50	2350	carriage	GEONOUN
39237	50	2395	about a week or so	DATE
39237	50	2535	a few months	DATE
39237	50	2617	city	GEONOUN
39237	51	3	Paris	CITY
39237	51	127	Paris	CITY
39237	51	419	field	GEONOUN
39237	51	520	Paris	CITY
39237	51	529	1925	DATE
39237	51	543	factory	GEONOUN
39237	51	560	factory	GEONOUN
39237	51	650	factory	GEONOUN
39237	51	674	factory	GEONOUN
39237	51	711	1940	DATE
39237	51	717	The beginning of '40	DATE
39237	51	778	factory	GEONOUN
39237	51	808	factory	GEONOUN
39237	51	918	France	COUNTRY
39237	51	929	Paris	CITY
39237	51	938	19--	DATE
39237	51	946	the summer of 1940	DATE
39237	51	1083	Paris	CITY
39237	52	90	Poland	COUNTRY
39237	52	193	camp	GEONOUN
39237	52	206	Paris	CITY
39237	52	323	camp	GEONOUN
39237	52	418	airfield	GEONOUN
39237	52	469	wood	GEONOUN
39237	52	730	field	GEONOUN
39237	52	874	airfield	GEONOUN
39237	52	972	airfield	GEONOUN
39237	54	44	pass	GEONOUN
39237	56	156	Jewish	GEONOUN
39237	56	178	camp	GEONOUN
39237	56	193	camp	GEONOUN
39237	56	299	Auschwitz	CAMP
39237	56	325	concentration camp	GEONOUN
39237	56	571	the beginning of '42	DATE
39237	56	714	chamber	GEONOUN
39237	56	775	the winter	DATE
39237	56	857	1942	DATE
39237	56	973	street	GEONOUN
39237	56	1136	'42	DATE
39237	56	1566	The 1st of June	DATE
39237	56	1757	winter	DATE
39237	56	2034	any hours	TIME
39237	56	2059	a certain hour	TIME
39237	56	2177	5:00 in the morning	TIME
39237	56	2238	11:00	TIME
39237	56	2278	store	GEONOUN
39237	56	2312	1942	DATE
39237	56	2353	January	DATE
39237	56	2465	France	COUNTRY
39237	56	2489	logging camp	GEONOUN
39237	56	2528	the day	DATE
39237	56	2543	Paris	CITY
39237	56	2564	all week	DATE
39237	56	2613	night	TIME
39237	56	2635	every weekend	DATE
39237	56	2747	street	GEONOUN
39237	56	2822	street	GEONOUN
39237	56	3052	house	GEONOUN
39237	56	3181	logging camp	GEONOUN
39237	56	3211	Paris	CITY
39237	56	3220	the first day	DATE
39237	56	3278	a weekend	DATE
39237	56	3534	1942	DATE
39237	56	3554	19	DATE
39237	56	3659	room	GEONOUN
39237	56	3922	Paris	CITY
39237	56	4138	Paris	CITY
39237	56	4544	France	COUNTRY
39237	56	4634	France	COUNTRY
39237	56	4701	France	COUNTRY
39237	56	4891	France	COUNTRY
39237	56	5410	farm	GEONOUN
39237	56	5516	farm	GEONOUN
39237	56	5647	farm a few days	GEONOUN
39237	56	5652	a few days	DATE
39237	56	5861	train station	GEONOUN
39237	56	5941	train	GEONOUN
39237	56	5971	farm	GEONOUN
39237	56	6087	farm	GEONOUN
39237	56	6183	farm	GEONOUN
39237	56	6412	Germany	COUNTRY
39237	56	6537	Jewish	GEONOUN
39237	56	6698	airfield	GEONOUN
39237	56	6885	about four days	DATE
39237	56	7128	works	GEONOUN
39237	56	7679	town	GEONOUN
39237	56	7740	field	GEONOUN
39237	56	7818	about 1:00 or 2:00 in the morning	TIME
39237	56	8117	train	GEONOUN
39237	57	309	hole	GEONOUN
39237	57	460	station	GEONOUN
39237	57	498	train	GEONOUN
39237	57	527	train	GEONOUN
39237	57	546	Jewish	GEONOUN
39237	57	641	station	GEONOUN
39237	57	755	station	GEONOUN
39237	57	858	train	GEONOUN
39237	57	909	train	GEONOUN
39237	57	1323	train	GEONOUN
39237	57	1412	France	COUNTRY
39237	57	1435	train	GEONOUN
39237	57	1665	train	GEONOUN
39237	57	1697	train	GEONOUN
39237	57	1731	field	GEONOUN
39237	57	1964	the afternoon	TIME
39237	57	2071	country	GEONOUN
39237	57	2153	pass	GEONOUN
39237	57	2176	bluff	GEONOUN
39237	57	2384	Germany	COUNTRY
39237	57	2618	farm	GEONOUN
39237	57	2781	the day	DATE
39237	57	2797	first of June	DATE
39237	57	2834	Marseille	CITY
39237	57	2856	city	GEONOUN
39237	57	2864	the Mediterranean Sea	PLACE
39237	57	2925	21 days	DATE
39237	57	2944	Paris	CITY
39237	57	2953	Marseille	CITY
39237	57	2986	train	GEONOUN
39237	57	3045	about 10 hours	TIME
39237	57	3079	Marseille	CITY
39237	57	3200	farm	GEONOUN
39237	57	3227	farm	GEONOUN
39237	57	3499	Casablanca	CITY
39237	57	3511	Morocco	COUNTRY
39237	57	3667	Marseille	CITY
39237	57	3779	Casablanca	CITY
39237	57	4007	Marseille	CITY
39237	57	4063	Marseille	CITY
39237	57	4515	Casablanca	CITY
39237	57	4633	Senegal	COUNTRY
39237	57	4651	colony	GEONOUN
39237	57	4661	France	COUNTRY
39237	57	4679	capital city	GEONOUN
39237	57	4687	city	GEONOUN
39237	57	4719	capital city	GEONOUN
39237	57	4727	city	GEONOUN
39237	57	4735	Dakar	CITY
39237	57	4846	village	GEONOUN
39237	57	5102	five years	DATE
39237	57	5228	North Africa	PLACE
39237	57	5251	about a month	DATE
39237	57	5296	the end of July	DATE
39237	57	5343	boat	GEONOUN
39237	57	5369	Gibraltar	COUNTRY
39237	57	5470	Morocco	COUNTRY
39237	57	5515	Casablanca	CITY
39237	57	5527	Casablanca	CITY
39237	57	5684	city	GEONOUN
39237	57	5940	a year ago	DATE
39237	57	6302	Casablanca	CITY
39237	57	6374	city	GEONOUN
39237	57	6394	Marrakesh	CITY
39237	57	6572	school	GEONOUN
39237	59	103	school	GEONOUN
39237	59	430	camp	GEONOUN
39237	59	438	Germany	COUNTRY
39237	59	462	France	COUNTRY
39237	59	843	North Africa	PLACE
39237	59	978	train	GEONOUN
39237	59	992	train	GEONOUN
39237	59	1015	Morocco	COUNTRY
39237	59	1061	train	GEONOUN
39237	59	1087	train	GEONOUN
39237	59	1549	France	COUNTRY
39237	59	1665	France	COUNTRY
39237	59	1782	August of that same year--	DATE
39237	59	1835	maybe three months--	DATE
39237	59	1890	Morocco	COUNTRY
39237	59	1902	Algeria	COUNTRY
39237	59	2394	factory	GEONOUN
39237	59	2909	day	DATE
39237	59	3821	the United States	COUNTRY
39237	59	3842	boat	GEONOUN
39237	59	3866	sea	GEONOUN
39237	59	4021	many, many, many months	DATE
39237	59	4160	Algeria	COUNTRY
39237	59	4217	Tunisia	COUNTRY
39237	59	4241	state	GEONOUN
39237	59	4255	Algeria	COUNTRY
39237	59	4268	Algeria	COUNTRY
39237	59	4287	Morocco	COUNTRY
39237	59	4308	country	GEONOUN
39237	59	4320	North Africa	PLACE
39237	59	4369	Libya	COUNTRY
39237	59	4574	Tunisia	COUNTRY
39237	59	4709	Algeria	COUNTRY
39237	59	4752	train	GEONOUN
39237	59	4792	1940	DATE
39237	59	4799	the end of '43	DATE
39237	60	575	camp	GEONOUN
39237	60	809	Alsace	PLACE
39237	60	1297	descent	GEONOUN
39237	60	1368	France	COUNTRY
39237	60	1420	Paris	CITY
39237	60	1564	the beginning, 1944	DATE
39237	60	1655	Corsica	PLACE
39237	60	1682	island	GEONOUN
39237	60	1767	a few months later	DATE
39237	60	1811	island	GEONOUN
39237	60	1853	island	GEONOUN
39237	60	1870	island	GEONOUN
39237	60	1887	Elba	PLACE
39237	60	1893	Elba	PLACE
39237	60	1947	island	GEONOUN
39237	60	2044	island	GEONOUN
39237	60	2424	island	GEONOUN
39237	60	2464	three days	DATE
39237	60	2498	island	GEONOUN
39237	60	2553	another four, five days	DATE
39237	60	2626	Corsica	PLACE
39237	60	2647	ship	GEONOUN
39237	60	2695	ship	GEONOUN
39237	60	2708	Corsica	PLACE
39237	60	2726	island	GEONOUN
39237	60	2738	about two hours	TIME
39237	60	2766	boat	GEONOUN
39237	60	2788	landing ship	GEONOUN
39237	60	2796	ship	GEONOUN
39237	60	2938	Corsica	PLACE
39237	60	2993	France	COUNTRY
39237	60	3038	France	COUNTRY
39237	60	3062	France	COUNTRY
39237	60	3072	Normandy	PLACE
39237	60	3085	June	DATE
39237	60	3138	August	DATE
39237	60	3166	ship	GEONOUN
39237	60	3200	Corsica	PLACE
39237	60	3211	Toulon	CITY
39237	60	3227	France	COUNTRY
39237	60	3296	ship	GEONOUN
39237	60	3420	beaches	GEONOUN
39237	60	3465	about 4:00 or 5:00 in the morning	TIME
39237	60	3669	beach	GEONOUN
39237	61	8	ship	GEONOUN
39237	61	59	Italy	COUNTRY
39237	61	307	ship	GEONOUN
39237	61	685	1939	DATE
39237	61	1159	a few months later	DATE
39237	61	1330	ground	GEONOUN
39237	61	1475	ground	GEONOUN
39237	61	1493	ground	GEONOUN
39237	64	133	country	GEONOUN
39237	64	234	20	DATE
39237	64	409	houses	GEONOUN
39237	66	17	Toulon	CITY
39237	66	40	city	GEONOUN
39237	66	50	Toulon	CITY
39237	66	61	fort	GEONOUN
39237	66	252	city	GEONOUN
39237	66	260	Toulon	CITY
39237	66	285	street	GEONOUN
39237	66	528	20 years old	DATE
39237	66	623	32	DATE
39237	66	627	34 years old	DATE
39237	66	725	France	COUNTRY
39237	66	736	France	COUNTRY
39237	66	744	France	COUNTRY
39237	66	783	country	GEONOUN
39237	66	831	village	GEONOUN
39237	66	975	weeks	DATE
39237	66	1066	the coming winter	DATE
39237	66	1101	winter	DATE
39237	66	1373	France	COUNTRY
39237	66	1450	18	DATE
39237	66	1454	19	DATE
39237	66	1458	20	DATE
39237	66	1559	only one or two weeks	DATE
39237	66	1594	three weeks	DATE
39237	66	1778	19	DATE
39237	66	1788	20	DATE
39237	66	1798	three years	DATE
39237	66	1898	hole	GEONOUN
39237	66	2304	village	GEONOUN
39237	66	2372	mines	GEONOUN
39237	66	2399	the night	TIME
39237	66	2458	village	GEONOUN
39237	66	2491	houses	GEONOUN
39237	66	2533	village	GEONOUN
39237	66	2653	village	GEONOUN
39237	66	2673	the night	TIME
39237	66	2720	village	GEONOUN
39237	66	2943	bushes	GEONOUN
39237	66	2960	street	GEONOUN
39237	66	3337	village	GEONOUN
39237	66	4041	Crimea	PLACE
39237	66	4068	Russia	COUNTRY
39237	66	4118	Stalingrad	PLACE
39237	66	4156	Crimea	PLACE
39237	66	4670	Bastogne	PLACE
39237	66	4766	France	COUNTRY
39237	66	4898	Belgium	COUNTRY
39237	67	3	Belgium	COUNTRY
39237	68	98	Ardennes--	PLACE
39237	68	117	Ardennes	PLACE
39237	68	132	Bastogne	PLACE
39237	68	148	city	GEONOUN
39237	68	494	city	GEONOUN
39237	68	554	the Rhine River	PLACE
39237	68	594	river	GEONOUN
39237	68	609	France	COUNTRY
39237	68	621	Germany	COUNTRY
39237	69	6	Mulhouse	CITY
39237	70	84	city	GEONOUN
39237	70	135	Besancon	PLACE
39237	70	242	Switzerland	COUNTRY
39237	70	314	night	TIME
39237	70	338	hole	GEONOUN
39237	70	670	Mulhouse	CITY
39237	70	704	river Rhine	GEONOUN
39237	70	710	Rhine	PLACE
39237	70	862	train	GEONOUN
39237	70	890	hospital	GEONOUN
39237	70	975	city	GEONOUN
39237	70	1022	Montpellier	CITY
39237	70	1049	France	COUNTRY
39237	70	1074	city	GEONOUN
39237	70	1136	a few months	DATE
39237	71	23	Mulhouse	CITY
39237	71	41	the Rhine River	PLACE
39237	71	82	factory	GEONOUN
39237	71	107	factory	GEONOUN
39237	71	124	building	GEONOUN
39237	71	179	building	GEONOUN
39237	71	198	fell	GEONOUN
39237	71	244	fell	GEONOUN
39237	71	325	building	GEONOUN
39237	71	421	factory	GEONOUN
39237	71	499	river	GEONOUN
39237	71	556	river	GEONOUN
39237	71	702	river	GEONOUN
39237	72	73	the Rhine River	PLACE
39237	72	112	factory	GEONOUN
39237	72	161	river	GEONOUN
39237	72	318	country	GEONOUN
39237	72	413	hill	GEONOUN
39237	72	434	river	GEONOUN
39237	72	461	hills	GEONOUN
39237	72	494	fall	GEONOUN
39237	72	522	river	GEONOUN
39237	72	541	river	GEONOUN
39237	72	675	factory	GEONOUN
39237	72	684	mines	GEONOUN
39237	72	794	factory	GEONOUN
39237	72	907	factory	GEONOUN
39237	72	1049	the Rhine River	PLACE
39237	72	1101	about six years ago	DATE
39237	72	1176	monument	GEONOUN
39237	73	9	monument	GEONOUN
39237	74	264	division	GEONOUN
39237	74	338	colony	GEONOUN
39237	74	467	North Africa	PLACE
39237	74	543	France	COUNTRY
39237	74	559	hospital	GEONOUN
39237	74	767	Paris	CITY
39237	75	135	Montpellier	CITY
39237	75	217	Spain	COUNTRY
39237	75	248	hospital	GEONOUN
39237	75	273	hospital	GEONOUN
39237	75	288	hospital	GEONOUN
39237	75	331	hospital	GEONOUN
39237	75	369	fence	GEONOUN
39237	75	482	the day	DATE
39237	75	545	courtyard	GEONOUN
39237	75	686	maybe a few weeks	DATE
39237	75	743	the French Riviera	PLACE
39237	75	887	Paris	CITY
39237	75	894	Paris	CITY
39237	75	922	months	DATE
39237	75	933	months	DATE
39237	75	958	January	DATE
39237	75	967	Paris	CITY
39237	75	990	June of the year before	DATE
39237	75	1100	Paris	CITY
39237	75	1239	Paris	CITY
39237	75	1304	about 6 o'clock in the morning	TIME
39237	75	1394	night	TIME
39237	75	1418	corner	GEONOUN
39237	75	1431	street	GEONOUN
39237	75	1450	street	GEONOUN
39237	75	1565	Jewish	GEONOUN
39237	75	1588	corner	GEONOUN
39237	75	1829	factory	GEONOUN
39237	75	1895	Jewish	GEONOUN
39237	75	2784	apartment	GEONOUN
39237	75	2870	1940	DATE
39237	75	2942	apartment	GEONOUN
39237	75	3054	room	GEONOUN
39237	75	3168	room	GEONOUN
39237	75	3273	Paris	CITY
39237	75	3324	Paris	CITY
39237	75	3484	hospital	GEONOUN
39237	75	3515	Paris	CITY
39237	75	3562	Germany	COUNTRY
39237	75	3594	Germany	COUNTRY
39237	75	3639	the Black Forest	PLACE
39237	75	3661	the Vietnam War	EVENT
39237	75	3781	Vietnam War	EVENT
39237	75	3857	France	COUNTRY
39237	75	3907	boat	GEONOUN
39237	75	3928	Vietnam	COUNTRY
39237	75	4001	five years	DATE
39237	75	4045	four years--	DATE
39237	75	4081	a year and a little more	DATE
39237	75	4119	Vietnam	COUNTRY
39237	75	4230	train	GEONOUN
39237	75	4251	France	COUNTRY
39237	75	4276	France	COUNTRY
39237	75	4297	train	GEONOUN
39237	75	4317	hospital	GEONOUN
39237	75	4333	city	GEONOUN
39237	75	4341	Mulhouse	CITY
39237	75	4584	Paris	CITY
39237	75	4605	hospital	GEONOUN
39237	75	4786	Paris	CITY
39237	75	4819	Paris	CITY
39237	75	4845	Vietnam	COUNTRY
39237	75	4868	Paris	CITY
39237	75	4987	Paris	CITY
39237	75	5066	Mulhouse	CITY
39237	75	5103	hospital	GEONOUN
39237	75	5160	France	COUNTRY
39237	75	5214	train	GEONOUN
39237	75	5427	the end of the month	DATE
39237	75	6101	room	GEONOUN
39237	75	6111	hotel	GEONOUN
39237	75	6442	church	GEONOUN
39237	75	6490	'40	DATE
39237	75	6561	cemetery	GEONOUN
39237	75	6579	church	GEONOUN
39237	75	6599	Paris	CITY
39237	75	6784	train	GEONOUN
39237	75	6836	train	GEONOUN
39237	75	7139	Poland	COUNTRY
39237	75	7238	Paris	CITY
39237	75	7272	station	GEONOUN
39237	75	7323	Paris	CITY
39237	75	7471	village	GEONOUN
39237	75	7535	Paris	CITY
39237	75	7794	Paris	CITY
39237	75	7852	funeral parlor	GEONOUN
39237	75	7933	Paris	CITY
39237	75	7976	Paris	CITY
39237	75	8251	Marseille	CITY
39237	75	8594	North Africa	PLACE
39237	75	8633	France	COUNTRY
39237	75	8676	France	COUNTRY
39237	75	8855	city	GEONOUN
39237	75	8863	Marseille	CITY
39237	75	9221	Paris	CITY
39237	75	9507	1942	DATE
39237	75	9600	camp	GEONOUN
39237	75	9672	convent	GEONOUN
39237	75	9828	convent	GEONOUN
39237	75	10000	convent	GEONOUN
39237	75	10080	Marseille--	PLACE
39237	75	10162	Marseille	CITY
39237	75	10359	train	GEONOUN
39237	75	10407	France	COUNTRY
39237	75	10458	hospital	GEONOUN
39237	75	10578	convent	GEONOUN
39237	75	11054	convent	GEONOUN
39237	75	11605	bluff	GEONOUN
39237	75	12508	yard	GEONOUN
39237	75	12522	building	GEONOUN
39237	75	12605	building	GEONOUN
39237	75	12760	11	DATE
39237	75	13216	a couple of years	DATE
39237	75	13314	Jewish	GEONOUN
39237	75	13639	gut	GEONOUN
39237	75	13733	only 20 years old	DATE
39237	75	13780	France	COUNTRY
39237	75	13964	Paris	CITY
39237	75	14095	post	GEONOUN
39237	75	14144	Paris	CITY
39237	75	14229	Jewish	GEONOUN
39237	75	14368	Belgium	COUNTRY
39237	75	14409	France	COUNTRY
39237	75	14629	France	COUNTRY
39237	75	14750	convent	GEONOUN
39237	75	14792	Jewish	GEONOUN
39237	75	14929	school	GEONOUN
39237	75	15211	Jewish	GEONOUN
39237	75	15369	16	DATE
39237	75	15796	21	DATE
39237	75	15964	65	DATE
39237	75	15995	Paris	CITY
39237	75	16079	62	DATE
39237	75	16146	that day	DATE
39237	75	16544	France	COUNTRY
39237	75	16632	1937	DATE
39237	75	16724	Lublin	CITY
39237	75	16863	Russia	COUNTRY
39237	75	16967	Lublin	CITY
39237	75	17027	Montreal	PLACE
39237	75	17068	Montreal	PLACE
39237	75	17082	Poland	COUNTRY
39237	75	17106	France	COUNTRY
39237	75	17122	Palestine	CITY
39237	75	17154	1938	DATE
39237	75	17201	Tel Aviv	CITY
39237	75	17213	Palestine	CITY
39237	76	126	Tel Aviv	CITY
39237	76	167	the '50s, late '	DATE
39237	76	333	Montreal	PLACE
39237	76	460	Russia	COUNTRY
39237	77	599	Brooklyn	CITY
39237	77	644	house	GEONOUN
39237	77	653	New Jersey	US-STATE
39237	79	43	1946	DATE
39237	79	122	Paris	CITY
39237	79	323	Paris	CITY
39237	79	329	the two years	DATE
39237	79	576	market	GEONOUN
39237	79	654	apartment	GEONOUN
39237	79	679	apartment	GEONOUN
39237	79	715	apartment	GEONOUN
39237	79	838	Paris	CITY
39237	79	850	the year-- the two year	DATE
39237	79	918	apartment	GEONOUN
39237	79	1012	court	GEONOUN
39237	79	1076	apartment	GEONOUN
39237	79	1191	apartment	GEONOUN
39237	79	1335	two years	DATE
39237	79	1348	Paris	CITY
39237	79	1377	Italy	COUNTRY
39237	79	1389	France	COUNTRY
39237	79	1423	apartment	GEONOUN
39237	79	1793	one day	DATE
39237	79	1886	Brooklyn	CITY
39237	79	1950	Paris	CITY
39237	79	2072	Paris	CITY
39237	79	2078	the next few weeks	DATE
39237	79	2173	many, many, many years	DATE
39237	79	2256	building	GEONOUN
39237	79	2316	street	GEONOUN
39237	81	3	Brooklyn	CITY
39237	81	218	Chicago	CITY
39237	81	344	Paris	CITY
39237	81	814	America	COUNTRY
39237	81	882	New York	US-STATE
39237	81	984	apartment	GEONOUN
39237	81	1067	first month	DATE
39237	81	1211	school	GEONOUN
39237	81	1613	about six weeks	DATE
39237	81	1691	apartment	GEONOUN
39237	81	1804	factory	GEONOUN
39237	81	1821	Brooklyn	CITY
39237	81	2023	factory 25 years	GEONOUN
39237	81	2031	25 years	DATE
39237	81	2082	1947	DATE
39237	82	18	1951	DATE
39237	82	91	1958	DATE
39237	82	125	1947 to '52-- no,	DATE
39237	82	143	'47	DATE
39237	82	156	60-- '72	DATE
39237	82	242	apartment	GEONOUN
39237	82	1014	hospital	GEONOUN
39237	82	1531	25 years	DATE
39237	82	1709	25 years	DATE
39237	82	2010	train	GEONOUN
39237	82	2039	store	GEONOUN
39237	82	2048	Brooklyn	CITY
39237	82	2058	Duryea Place	PLACE
39237	82	2078	street	GEONOUN
39237	82	2093	Flatbush Avenue	PLACE
39237	82	2207	store	GEONOUN
39237	82	2216	Florida	US-STATE
39237	82	2259	store	GEONOUN
39237	82	2309	65	DATE
39237	82	2330	10 years ago	DATE
39237	82	2364	the last 10 years	DATE
39237	83	37	23	DATE
39237	83	116	bar	GEONOUN
39237	83	128	last week	DATE
39237	83	144	13	DATE
39237	83	174	nine	DATE
39237	83	351	about five years ago	DATE
39237	84	207	the year	DATE
39237	84	389	Paris	CITY
39237	84	821	over a week	DATE
39237	84	925	house	GEONOUN
39237	84	1101	19 years old	DATE
39237	84	1293	many years ago	DATE
39237	84	1404	Arizona	US-STATE
39237	84	1936	concentration camp	GEONOUN
39237	84	1969	chamber	GEONOUN
39237	84	2163	Poland	COUNTRY
39237	84	2226	Europe	CONTINENT
39237	84	2298	Israel	COUNTRY
39237	84	2811	at least a month or more	DATE
39237	84	2965	a week	DATE
39237	84	3007	house	GEONOUN
39237	84	3090	tomorrow	DATE
39237	84	3122	tonight	TIME
39237	84	3151	next month	DATE
39237	84	3337	waste	GEONOUN
39237	84	3787	Maplewood	CITY
39237	84	3856	Maplewood	CITY
39237	84	3997	Washington	US-STATE
39237	84	4111	last week	DATE
39237	84	4129	bar	GEONOUN
39237	84	4402	1947	DATE
39237	84	4432	country	GEONOUN
39237	84	4536	Paris	CITY
39237	84	4592	bar	GEONOUN
39237	84	4620	bar	GEONOUN
39237	84	4813	50 years	DATE
39237	85	869	house	GEONOUN
39237	85	1152	19	DATE
39237	85	1717	building	GEONOUN
39237	85	1802	apartment	GEONOUN
39237	85	1824	fell	GEONOUN
39237	85	1838	street	GEONOUN
39237	85	1978	Jewish	GEONOUN
39237	85	2004	the night	TIME
39237	85	2102	1945 summer	DATE
39237	86	223	19--	DATE
39237	86	231	the '20s, 1920s	DATE
39237	86	340	Paris	CITY
39237	86	349	1932	DATE
39237	87	96	Paris	CITY
39237	87	105	1932	DATE
39237	87	1058	Paris	CITY
39237	87	1067	1932	DATE
39237	87	1190	school	GEONOUN
39237	87	1200	1940	DATE
39237	87	1226	concentration camp	GEONOUN
39237	87	1248	1942	DATE
39237	87	1351	concentration camp	GEONOUN
39237	87	1419	logging camp	GEONOUN
39237	87	1444	Paris	CITY
39237	87	1488	every weekend	DATE
39237	87	1536	camp	GEONOUN
39237	87	1605	concentration camp	GEONOUN
39237	87	1796	1942	DATE
39237	87	1879	19 years old	DATE
39237	88	34	Toulon	CITY
39237	88	51	France	COUNTRY
39237	88	77	North Africa	PLACE
39237	88	197	Alsace-Lorraine	PLACE
39237	88	216	winter, 1944, '45	DATE
39237	88	262	town	GEONOUN
39237	88	289	house	GEONOUN
39237	88	309	city	GEONOUN
39237	88	329	Mulhouse	CITY
39237	88	437	Paris	CITY
39237	88	471	1945	DATE
39237	88	684	the early '80s	DATE
39237	88	815	1992	DATE
39237	88	846	New York City	CITY
39237	88	903	the day	DATE
39237	88	1021	New York	US-STATE
