FileID	AnswerID	StartCharPos	Entity	Type
39286	0	5	morning	TIME
39286	3	14	Kovno	PLACE
39286	3	21	Lithuania	COUNTRY
39286	5	8	68 years old	DATE
39286	6	0	March 5, 1929	DATE
39286	10	0	About two years older	DATE
39286	11	26	about a year and a half younger	DATE
39286	12	47	five years	DATE
39286	13	28	Kovno	PLACE
39286	14	28	1936	DATE
39286	16	18	area	GEONOUN
39286	16	26	Kovno	PLACE
39286	16	36	Jewish	GEONOUN
39286	17	91	community	GEONOUN
39286	17	104	Kovno	PLACE
39286	17	119	Jewish	GEONOUN
39286	17	162	community	GEONOUN
39286	17	212	1904	DATE
39286	17	229	Kovno	PLACE
39286	17	275	community	GEONOUN
39286	17	325	builders	GEONOUN
39286	17	415	hill	GEONOUN
39286	17	454	hill	GEONOUN
39286	17	464	block	GEONOUN
39286	17	513	palace	GEONOUN
39286	20	34	town	GEONOUN
39286	20	63	Moskva	PLACE
39286	20	71	Moscow	CITY
39286	22	29	town	GEONOUN
39286	22	35	Ponedel	PLACE
39286	22	66	Rakishok	PLACE
39286	22	91	town	GEONOUN
39286	22	154	area	GEONOUN
39286	23	52	Kovno	PLACE
39286	24	50	1936	DATE
39286	24	70	seven years old	DATE
39286	24	103	that last couple years	DATE
39286	24	127	last year	DATE
39286	25	92	late in the day	TIME
39286	25	134	the day	DATE
39286	27	123	Poland	COUNTRY
39286	27	134	Warsaw	CITY
39286	27	177	Otwock	CITY
39286	27	208	Warsaw	CITY
39286	27	255	nine years old--	DATE
39286	27	297	1938	DATE
39286	27	303	The second days of Sukkos	DATE
39286	27	436	Lithuania	COUNTRY
39286	27	450	Poland	COUNTRY
39286	27	478	many, many years	DATE
39286	27	546	Kovno	PLACE
39286	27	555	Poland	COUNTRY
39286	27	603	Latvia	COUNTRY
39286	27	625	Latvia	COUNTRY
39286	27	643	Poland	COUNTRY
39286	27	686	train	GEONOUN
39286	27	717	Kovno	PLACE
39286	27	726	Warsaw	CITY
39286	27	737	1938	DATE
39286	27	812	the evening	TIME
39286	27	849	train	GEONOUN
39286	27	867	next day	DATE
39286	27	885	Warsaw	CITY
39286	28	544	another 15, 20 minutes	TIME
39286	30	80	the second days	DATE
39286	30	99	Sukkos	DATE
39286	30	358	Lubavitcher	PLACE
39286	30	381	Otwock	CITY
39286	30	761	country	GEONOUN
39286	30	1097	scene	GEONOUN
39286	31	34	Rosh Hashanah	EVENT
39286	31	102	Lithuania	COUNTRY
39286	31	139	week	DATE
39286	32	159	maybe 10 years old	DATE
39286	32	350	community	GEONOUN
39286	32	367	Kovno	PLACE
39286	33	127	community	GEONOUN
39286	34	286	mission	GEONOUN
39286	34	382	Kovno	PLACE
39286	36	35	the week	DATE
39286	36	167	cheder	PLACE
39286	36	375	Kovno	PLACE
39286	38	172	10 years old	DATE
39286	38	186	11 years old	DATE
39286	38	431	Slabodka	PLACE
39286	41	73	street	GEONOUN
39286	41	167	Kovno	PLACE
39286	41	189	Jewish	GEONOUN
39286	41	206	Kovno	PLACE
39286	41	264	1920	DATE
39286	41	555	house	GEONOUN
39286	42	83	store	GEONOUN
39286	42	239	store	GEONOUN
39286	42	462	Lithuania	COUNTRY
39286	43	349	ghetto	GEONOUN
39286	43	361	later years	DATE
39286	43	399	house	GEONOUN
39286	43	452	block	GEONOUN
39286	43	467	street	GEONOUN
39286	43	621	street	GEONOUN
39286	45	115	town	GEONOUN
39286	45	194	Lubavitch	PLACE
39286	45	264	1940	DATE
39286	45	277	96 years old	DATE
39286	46	75	1940	DATE
39286	46	86	11 years old	DATE
39286	46	143	the last minute	TIME
39286	46	281	a couple hours	TIME
39286	46	329	The day	DATE
39286	46	366	a Sunday--	DATE
39286	46	682	96 years old	DATE
39286	47	284	street	GEONOUN
39286	47	412	morning	TIME
39286	47	737	Kovno	PLACE
39286	47	763	1940	DATE
39286	47	804	Poland	COUNTRY
39286	47	907	Kovno	PLACE
39286	47	973	Vilna	PLACE
39286	47	999	Lithuania	COUNTRY
39286	47	1076	Kovno	PLACE
39286	47	1090	capital	GEONOUN
39286	47	1101	Lithuania	COUNTRY
39286	47	1135	Kovno	PLACE
39286	47	1212	Kovno	PLACE
39286	47	1269	Vilna	PLACE
39286	47	1306	Poland	COUNTRY
39286	47	1340	Poland	COUNTRY
39286	47	1364	Vilna	PLACE
39286	47	1429	house	GEONOUN
39286	47	1889	community	GEONOUN
39286	47	2027	parts	GEONOUN
39286	47	2149	Kovno	PLACE
39286	47	2385	Kovno	PLACE
39286	48	95	1936	DATE
39286	48	157	the '20s	DATE
39286	49	163	ghetto	GEONOUN
39286	49	202	1944	DATE
39286	49	237	about 44 years old	DATE
39286	49	271	24 years later	DATE
39286	49	302	44	DATE
39286	52	162	store	GEONOUN
39286	52	176	store	GEONOUN
39286	52	604	store 7 o'clock	GEONOUN
39286	52	610	7 o'clock	TIME
39286	52	623	8 o'clock	TIME
39286	52	682	house	GEONOUN
39286	52	726	store	GEONOUN
39286	54	13	affluent	GEONOUN
39286	54	143	house	GEONOUN
39286	54	192	store	GEONOUN
39286	54	229	house	GEONOUN
39286	54	242	store	GEONOUN
39286	54	286	vestibule	GEONOUN
39286	54	309	apartment house	GEONOUN
39286	54	352	ground	GEONOUN
39286	54	374	steps	GEONOUN
39286	54	402	hallway	GEONOUN
39286	54	427	house	GEONOUN
39286	54	435	vestibule	GEONOUN
39286	54	474	room	GEONOUN
39286	54	491	room	GEONOUN
39286	54	537	foot	GEONOUN
39286	54	576	room	GEONOUN
39286	54	588	corner	GEONOUN
39286	54	632	room	GEONOUN
39286	54	881	vestibule	GEONOUN
39286	54	966	wood	GEONOUN
39286	54	1123	corner	GEONOUN
39286	54	1308	apartment	GEONOUN
39286	54	1356	den	GEONOUN
39286	54	1396	room	GEONOUN
39286	54	1510	backyard	GEONOUN
39286	54	1562	apartment	GEONOUN
39286	55	16	Jewish	GEONOUN
39286	59	71	Jewish	GEONOUN
39286	59	316	later years	DATE
39286	59	437	the late '30s	DATE
39286	59	467	Germany	COUNTRY
39286	59	498	Germany	COUNTRY
39286	59	636	Jewish	GEONOUN
39286	59	721	Jewish	GEONOUN
39286	59	896	Jewish	GEONOUN
39286	59	930	Jewish	GEONOUN
39286	59	1213	slaughterhouse	GEONOUN
39286	59	1233	Jewish	GEONOUN
39286	59	1289	Lithuania	COUNTRY
39286	59	1529	Kovno	PLACE
39286	59	1601	Kovno	PLACE
39286	60	16	Jewish	GEONOUN
39286	60	131	Jewish	GEONOUN
39286	60	152	Poland	COUNTRY
39286	60	199	Poland	COUNTRY
39286	60	378	Kovno	PLACE
39286	60	445	country	GEONOUN
39286	60	458	Poland	COUNTRY
39286	60	711	affluent	GEONOUN
39286	62	0	Shabbos	DATE
39286	62	16	Kovno	PLACE
39286	62	236	Shabbos	PLACE
39286	62	251	street	GEONOUN
39286	62	326	Shabbos	PLACE
39286	62	437	Jewish	GEONOUN
39286	62	486	Shabbos	DATE
39286	62	520	the late '30s	DATE
39286	62	577	holiday Shabbos	DATE
39286	62	712	Shabbos	DATE
39286	62	742	street	GEONOUN
39286	62	761	Shabbos	DATE
39286	62	861	a different day	DATE
39286	62	889	Sunday	DATE
39286	62	935	Sunday	DATE
39286	62	977	country	GEONOUN
39286	62	990	Sunday	DATE
39286	62	1101	street	GEONOUN
39286	62	1117	area	GEONOUN
39286	63	13	the morning	TIME
39286	63	81	a few hours	TIME
39286	63	410	the week	DATE
39286	63	516	Havdalah	EVENT
39286	63	561	Shabbos	DATE
39286	63	578	the evening--	TIME
39286	63	595	the summer	DATE
39286	63	638	summer	DATE
39286	63	659	the winter	DATE
39286	64	59	that day	DATE
39286	66	65	Shabbos	DATE
39286	66	124	school couple days	GEONOUN
39286	66	131	couple days	DATE
39286	66	154	a couple days after	DATE
39286	66	279	Shabbos	DATE
39286	67	57	Europe	CONTINENT
39286	68	197	Pesach	DATE
39286	68	205	Sukkos	DATE
39286	68	391	Shavuos	EVENT
39286	72	73	Kovno	PLACE
39286	72	295	Jewish	GEONOUN
39286	72	337	street	GEONOUN
39286	72	382	street	GEONOUN
39286	72	432	street	GEONOUN
39286	72	571	house	GEONOUN
39286	72	759	Europe	CONTINENT
39286	72	985	house	GEONOUN
39286	73	82	1940	DATE
39286	74	43	1939	DATE
39286	74	84	Lithuania	COUNTRY
39286	74	146	Vilna	PLACE
39286	74	245	Poland	COUNTRY
39286	74	261	Lithuania	COUNTRY
39286	74	617	room	GEONOUN
39286	74	901	Lithuania	COUNTRY
39286	74	920	Lithuania	COUNTRY
39286	74	1126	1939	DATE
39286	74	1264	store	GEONOUN
39286	74	1339	daily	DATE
39286	74	1405	Siber	PLACE
39286	74	1754	store	GEONOUN
39286	74	1820	store	GEONOUN
39286	74	1915	store	GEONOUN
39286	74	1955	three months	DATE
39286	74	2127	affluent	GEONOUN
39286	74	2505	Shabbos	DATE
39286	74	2743	room	GEONOUN
39286	74	2755	apartment	GEONOUN
39286	74	2952	restaurant	GEONOUN
39286	74	2972	restaurant	GEONOUN
39286	74	2990	house	GEONOUN
39286	74	3066	restaurant	GEONOUN
39286	74	3121	house	GEONOUN
39286	74	3715	market	GEONOUN
39286	74	3747	market	GEONOUN
39286	74	3842	house	GEONOUN
39286	74	3906	restaurant	GEONOUN
39286	75	75	restaurant	GEONOUN
39286	76	15	1940	DATE
39286	77	117	Shabbos	DATE
39286	77	190	six day week	DATE
39286	77	204	Six day	DATE
39286	77	219	One day	DATE
39286	77	242	five days	DATE
39286	77	314	the week	DATE
39286	77	360	Shabbos	DATE
39286	78	29	Slabodka	PLACE
39286	78	81	stable	GEONOUN
39286	78	216	Slabodka	PLACE
39286	78	262	street	GEONOUN
39286	78	281	synagogue	GEONOUN
39286	78	318	synagogue	GEONOUN
39286	78	337	synagogue	GEONOUN
39286	78	398	synagogue	GEONOUN
39286	78	626	downstairs	GEONOUN
39286	78	742	stable	GEONOUN
39286	79	18	Jewish	GEONOUN
39286	80	153	Neman	PLACE
39286	80	174	river	GEONOUN
39286	80	209	a couple days	DATE
39286	80	230	only 12 years old	DATE
39286	80	597	a week later	DATE
39286	80	616	three weeks later	DATE
39286	81	202	Jewish	GEONOUN
39286	81	263	Jewish	GEONOUN
39286	81	597	Jewish	GEONOUN
39286	82	186	11, 12-year-old	DATE
39286	82	324	house	GEONOUN
39286	82	335	house	GEONOUN
39286	82	450	restaurant	GEONOUN
39286	82	501	a 10 year, 12-year-old	DATE
39286	82	525	11, 12-year-old	DATE
39286	84	208	store	GEONOUN
39286	84	585	15	DATE
39286	84	591	16	DATE
39286	84	684	Siber	PLACE
39286	84	1008	community	GEONOUN
39286	85	105	'41	DATE
39286	85	173	Saturday	DATE
39286	85	182	night	TIME
39286	85	191	Sunday morning	TIME
39286	85	545	Sunday	DATE
39286	85	552	afternoon	TIME
39286	85	589	house	GEONOUN
39286	85	935	Poland	COUNTRY
39286	85	1288	Russia	COUNTRY
39286	85	1591	Vilna	PLACE
39286	85	1597	a day	DATE
39286	85	1612	Kovno	PLACE
39286	85	2144	windows	GEONOUN
39286	85	2414	Russia	COUNTRY
39286	86	83	12 years old	DATE
39286	86	257	3 SECONDS	DATE
39286	86	277	spur	GEONOUN
39286	87	0	Kovno	PLACE
39286	87	51	the Saturday night	TIME
39286	87	71	Sunday	DATE
39286	87	79	Wednesday	DATE
39286	87	126	Kovno	PLACE
39286	88	53	house	GEONOUN
39286	88	99	street	GEONOUN
39286	88	199	Kovno	PLACE
39286	89	3	that day	DATE
39286	89	41	house	GEONOUN
39286	89	100	house	GEONOUN
39286	90	20	12-year-old	DATE
39286	90	213	the first couple of weeks	DATE
39286	90	275	Jewish	GEONOUN
39286	90	325	street	GEONOUN
39286	91	51	a few weeks	DATE
39286	92	367	street	GEONOUN
39286	92	607	street	GEONOUN
39286	92	754	ghetto	GEONOUN
39286	93	378	street	GEONOUN
39286	93	426	street	GEONOUN
39286	94	440	house	GEONOUN
39286	94	540	house	GEONOUN
39286	94	673	a few weeks later	DATE
39286	94	779	house	GEONOUN
39286	94	802	the morning	TIME
39286	94	1196	Jewish	GEONOUN
39286	94	1380	apartment	GEONOUN
39286	94	1422	vestibule	GEONOUN
39286	94	1446	room	GEONOUN
39286	94	1479	room	GEONOUN
39286	94	1570	courtyard	GEONOUN
39286	94	2448	house	GEONOUN
39286	94	2556	backyard	GEONOUN
39286	94	3044	yard	GEONOUN
39286	94	3347	house	GEONOUN
39286	95	167	Jewish	GEONOUN
39286	95	222	scene	GEONOUN
39286	96	10	ghetto	GEONOUN
39286	96	52	area	GEONOUN
39286	96	64	ghetto	GEONOUN
39286	96	107	Slabodka	PLACE
39286	96	117	Slabodka	PLACE
39286	96	141	river	GEONOUN
39286	96	166	Viliya	PLACE
39286	96	174	Kovno	PLACE
39286	96	190	peninsula	GEONOUN
39286	96	234	river	GEONOUN
39286	96	260	river	GEONOUN
39286	96	312	Kovno	PLACE
39286	96	432	the Baltic Sea	PLACE
39286	96	464	Slabodka	PLACE
39286	96	479	bridge	GEONOUN
39286	96	510	area	GEONOUN
39286	96	540	ghetto	GEONOUN
39286	96	644	Slabodka	PLACE
39286	96	667	scene	GEONOUN
39286	96	719	Jewish house	GEONOUN
39286	96	726	house	GEONOUN
39286	96	987	Jewish	GEONOUN
39286	96	1166	scene	GEONOUN
39286	97	186	Jewish	GEONOUN
39286	97	318	house	GEONOUN
39286	98	0	Kovno	PLACE
39286	98	7	Slabodka	PLACE
39286	98	44	town	GEONOUN
39286	98	58	village	GEONOUN
39286	98	81	Lithuania	COUNTRY
39286	98	135	Jewish	GEONOUN
39286	98	208	town	GEONOUN
39286	98	370	Ponedel	PLACE
39286	99	223	ghetto	GEONOUN
39286	99	282	house	GEONOUN
39286	99	329	hill	GEONOUN
39286	99	352	Kovno	PLACE
39286	99	407	ghetto	GEONOUN
39286	99	426	ghetto	GEONOUN
39286	99	590	ghetto	GEONOUN
39286	99	659	house	GEONOUN
39286	99	725	apartment	GEONOUN
39286	99	741	room	GEONOUN
39286	99	816	house	GEONOUN
39286	99	923	ghetto	GEONOUN
39286	100	7	ghetto	GEONOUN
39286	100	48	street	GEONOUN
39286	100	60	street	GEONOUN
39286	100	124	street	GEONOUN
39286	100	147	house	GEONOUN
39286	100	257	vestibule	GEONOUN
39286	100	392	room	GEONOUN
39286	100	434	rooms	GEONOUN
39286	100	472	room	GEONOUN
39286	100	520	apartment	GEONOUN
39286	100	717	attic	GEONOUN
39286	100	830	room upstairs	GEONOUN
39286	100	835	upstairs	GEONOUN
39286	100	893	outhouses	GEONOUN
39286	100	925	yard	GEONOUN
39286	100	970	outhouse	GEONOUN
39286	100	1055	ghetto	GEONOUN
39286	100	1369	apartment	GEONOUN
39286	100	1394	room	GEONOUN
39286	100	1622	store	GEONOUN
39286	100	1792	ghetto	GEONOUN
39286	101	455	the end of the summer	DATE
39286	101	545	Passover	EVENT
39286	101	699	ghetto	GEONOUN
39286	101	869	Pesach	EVENT
39286	102	4	ghetto	GEONOUN
39286	102	25	1941	DATE
39286	102	38	the end of the summer	DATE
39286	103	0	The early days	DATE
39286	103	310	ghetto	GEONOUN
39286	103	335	store	GEONOUN
39286	103	402	ghetto	GEONOUN
39286	103	499	store	GEONOUN
39286	103	517	store	GEONOUN
39286	103	660	store	GEONOUN
39286	104	286	October 28	DATE
39286	105	560	ghetto	GEONOUN
39286	107	77	the Kinder Aktion	PLACE
39286	107	96	1944	DATE
39286	107	229	44 years old	DATE
39286	107	464	ghetto	GEONOUN
39286	107	612	ghetto	GEONOUN
39286	107	673	ghetto	GEONOUN
39286	109	10	ghetto	GEONOUN
39286	109	52	store	GEONOUN
39286	109	163	ghetto	GEONOUN
39286	109	209	Jewish	GEONOUN
39286	109	226	ghetto	GEONOUN
39286	109	290	ghetto	GEONOUN
39286	109	447	ghetto	GEONOUN
39286	109	831	ghetto	GEONOUN
39286	110	24	ghetto	GEONOUN
39286	110	106	ghetto	GEONOUN
39286	111	144	12-year-old--	DATE
39286	111	177	bar	GEONOUN
39286	111	192	ghetto	GEONOUN
39286	111	254	half a year	DATE
39286	111	269	ghetto	GEONOUN
39286	112	116	Kovno	PLACE
39286	112	144	Rakishok	PLACE
39286	112	580	ghetto	GEONOUN
39286	113	89	the 40s	DATE
39286	113	121	the 50s	DATE
39286	113	170	two-week	DATE
39286	113	238	one-week old	DATE
39286	113	254	two-week old	DATE
39286	113	318	Lubavitcher	PLACE
39286	113	733	independence day	DATE
39286	113	1308	palace	GEONOUN
39286	114	91	ghetto	GEONOUN
39286	114	106	concentration camp	GEONOUN
39286	114	170	Sankt Ottilien	PLACE
39286	114	186	Sankt Ottilien	PLACE
39286	114	246	monastery	GEONOUN
39286	114	290	hospital	GEONOUN
39286	114	339	hospital	GEONOUN
39286	114	574	hospital	GEONOUN
39286	114	708	room	GEONOUN
39286	114	987	Poland	COUNTRY
39286	114	1128	Russia	COUNTRY
39286	115	10	ghetto	GEONOUN
39286	115	131	ghetto	GEONOUN
39286	116	101	apartments	GEONOUN
39286	116	166	apartments	GEONOUN
39286	116	197	house	GEONOUN
39286	116	273	every day	DATE
39286	116	284	Shabbos	DATE
39286	116	515	ghetto	GEONOUN
39286	117	203	depression	GEONOUN
39286	118	78	house	GEONOUN
39286	119	191	a couple hours	TIME
39286	119	683	ghetto	GEONOUN
39286	120	3	the Great Action	EVENT
39286	120	114	this specific day	DATE
39286	120	133	6 o'clock in the morning	TIME
39286	120	256	house	GEONOUN
39286	120	282	spot	GEONOUN
39286	120	371	that day	DATE
39286	120	388	a dismal day	DATE
39286	120	449	a rainy day	DATE
39286	120	493	night	TIME
39286	120	530	house	GEONOUN
39286	120	553	the morning	TIME
39286	120	903	ghetto	GEONOUN
39286	120	915	ghetto	GEONOUN
39286	120	978	parts	GEONOUN
39286	120	991	ghetto	GEONOUN
39286	120	1070	ghetto	GEONOUN
39286	120	1153	ghetto	GEONOUN
39286	120	1182	ghetto	GEONOUN
39286	121	300	about 10:00, 11:00	TIME
39286	121	1223	a whole day	DATE
39286	121	1344	ghetto	GEONOUN
39286	121	1379	the next morning	TIME
39286	121	1422	fort	GEONOUN
39286	122	0	Ninth Fort--	PLACE
39286	122	94	ghetto	GEONOUN
39286	122	118	Kovno	PLACE
39286	122	155	fort	GEONOUN
39286	123	183	fell	GEONOUN
39286	123	239	the night	TIME
39286	123	318	ghetto	GEONOUN
39286	123	353	ghetto	GEONOUN
39286	124	457	tomorrow	DATE
39286	124	467	tomorrow	DATE
39286	125	117	Europe	CONTINENT
39286	125	149	America	COUNTRY
39286	125	680	Ponidel	PLACE
39286	125	885	Europe	CONTINENT
39286	125	923	Philadelphia	CITY
39286	125	952	Johannesburg	CITY
39286	125	984	Tel Aviv	CITY
39286	125	1052	Europe	CONTINENT
39286	126	138	seven days	DATE
39286	126	229	ghetto	GEONOUN
39286	126	269	state	GEONOUN
39286	126	482	scene	GEONOUN
39286	126	493	the next day	DATE
39286	126	682	ghetto	GEONOUN
39286	126	738	ghetto	GEONOUN
39286	126	779	ghetto	GEONOUN
39286	126	805	ghetto	GEONOUN
39286	126	936	ghetto	GEONOUN
39286	127	573	ghetto	GEONOUN
39286	127	616	ghetto	GEONOUN
39286	127	836	ghetto	GEONOUN
39286	128	25	the end of '42	DATE
39286	128	66	ghetto	GEONOUN
39286	128	93	ghetto	GEONOUN
39286	128	123	concentration camp	GEONOUN
39286	128	316	Estonia	COUNTRY
39286	128	355	Jonava	CITY
39286	128	505	parts	GEONOUN
39286	128	518	Jewish	GEONOUN
39286	128	556	ghetto	GEONOUN
39286	129	93	1944	DATE
39286	129	110	March	DATE
39286	129	512	1944	DATE
39286	131	56	house	GEONOUN
39286	131	89	rooms	GEONOUN
39286	131	268	room	GEONOUN
39286	131	288	night	TIME
39286	131	428	room	GEONOUN
39286	131	475	the morning	TIME
39286	131	592	room	GEONOUN
39286	131	752	the Shabbos of the	DATE
39286	131	771	bar	GEONOUN
39286	131	1013	bar	GEONOUN
39286	133	104	Adar	EVENT
39286	133	136	bar	GEONOUN
39286	133	321	bar	GEONOUN
39286	134	20	bar	GEONOUN
39286	134	88	bar	GEONOUN
39286	134	151	the end of '43	DATE
39286	134	196	Yom Kippur	DATE
39286	134	212	bar	GEONOUN
39286	134	243	Sukkos	DATE
39286	134	264	bar	GEONOUN
39286	134	395	ghetto	GEONOUN
39286	134	444	Jewish	GEONOUN
39286	134	468	ghetto	GEONOUN
39286	134	518	ghetto	GEONOUN
39286	134	594	bar	GEONOUN
39286	134	622	pass	GEONOUN
39286	134	824	house	GEONOUN
39286	134	1128	ghetto	GEONOUN
39286	134	1176	foot	GEONOUN
39286	134	1342	bar	GEONOUN
39286	134	1601	bar	GEONOUN
39286	135	16	ghetto	GEONOUN
39286	135	228	1942	DATE
39286	135	282	ghetto	GEONOUN
39286	135	315	ghetto	GEONOUN
39286	135	368	camps	GEONOUN
39286	135	533	ghetto	GEONOUN
39286	135	714	ghetto	GEONOUN
39286	135	766	ghetto	GEONOUN
39286	135	977	14--	DATE
39286	135	999	about a year and a half	DATE
39286	135	1318	ghetto	GEONOUN
39286	135	1688	ghetto	GEONOUN
39286	135	1825	ghetto	GEONOUN
39286	135	2004	14	DATE
39286	135	2152	Jewish	GEONOUN
39286	135	2205	ghetto	GEONOUN
39286	135	2238	one night	TIME
39286	135	2316	14-year-old	DATE
39286	135	2376	a night	TIME
39286	135	2457	bench	GEONOUN
39286	135	2813	the next day	DATE
39286	135	2878	ghetto	GEONOUN
39286	136	41	Jewish	GEONOUN
39286	136	64	Jewish	GEONOUN
39286	136	183	Jewish	GEONOUN
39286	136	244	concentration camp	GEONOUN
39286	136	380	Jewish	GEONOUN
39286	136	397	ghetto	GEONOUN
39286	136	455	ghetto	GEONOUN
39286	136	919	house	GEONOUN
39286	136	952	house	GEONOUN
39286	136	993	house	GEONOUN
39286	136	1171	attics	GEONOUN
39286	136	1224	walls	GEONOUN
39286	136	1588	Kinder	PLACE
39286	137	31	building	GEONOUN
39286	137	81	attic	GEONOUN
39286	137	113	attic	GEONOUN
39286	137	233	ghetto	GEONOUN
39286	137	256	houses	GEONOUN
39286	137	374	house	GEONOUN
39286	137	441	street	GEONOUN
39286	137	471	house	GEONOUN
39286	137	574	barn	GEONOUN
39286	137	598	wood	GEONOUN
39286	137	658	basement	GEONOUN
39286	137	674	barn	GEONOUN
39286	137	772	barn	GEONOUN
39286	137	810	barn	GEONOUN
39286	137	838	tunnel	GEONOUN
39286	137	877	house	GEONOUN
39286	137	888	vestibule	GEONOUN
39286	137	904	basement	GEONOUN
39286	137	942	house	GEONOUN
39286	137	991	basement	GEONOUN
39286	137	1005	vestibule	GEONOUN
39286	137	1021	basement	GEONOUN
39286	137	1105	walls	GEONOUN
39286	137	1145	walls	GEONOUN
39286	137	1172	hole	GEONOUN
39286	137	1189	basement	GEONOUN
39286	137	1213	barn	GEONOUN
39286	137	1346	tunnel	GEONOUN
39286	137	1472	vestibule	GEONOUN
39286	137	1519	walls	GEONOUN
39286	137	1543	walls	GEONOUN
39286	137	1793	ghetto	GEONOUN
39286	137	1809	house	GEONOUN
39286	137	1853	houses	GEONOUN
39286	137	1881	wells	GEONOUN
39286	137	2024	ground	GEONOUN
39286	137	2428	hole	GEONOUN
39286	137	2469	tunnel	GEONOUN
39286	137	2501	tunnel	GEONOUN
39286	137	2574	property	GEONOUN
39286	137	2786	bushes	GEONOUN
39286	137	2968	two days	DATE
39286	138	9	The second day	DATE
39286	138	24	late in the afternoon	TIME
39286	139	810	later in evening	TIME
39286	139	1064	house	GEONOUN
39286	139	1601	camp	GEONOUN
39286	139	2081	ghetto	GEONOUN
39286	140	35	Kinder	PLACE
39286	142	36	outhouse	GEONOUN
39286	142	79	outhouse	GEONOUN
39286	142	332	house	GEONOUN
39286	142	354	backyard	GEONOUN
39286	142	480	house	GEONOUN
39286	142	563	hole	GEONOUN
39286	142	571	plain hole	GEONOUN
39286	142	577	hole	GEONOUN
39286	142	589	ground	GEONOUN
39286	142	719	hole	GEONOUN
39286	142	825	the summer of '90--	DATE
39286	142	848	'92	DATE
39286	142	875	spring	GEONOUN
39286	142	1104	rubbish dump	GEONOUN
39286	142	1195	house	GEONOUN
39286	142	1222	apartment	GEONOUN
39286	142	1301	corner	GEONOUN
39286	142	1447	gardens	GEONOUN
39286	142	1462	ghetto	GEONOUN
39286	142	1479	garden	GEONOUN
39286	142	1493	that year	DATE
39286	142	1752	the season	DATE
39286	142	2028	ghetto	GEONOUN
39286	144	337	vestibule	GEONOUN
39286	144	709	garden	GEONOUN
39286	145	167	a few hours	TIME
39286	145	824	ground	GEONOUN
39286	145	851	houses	GEONOUN
39286	145	893	street	GEONOUN
39286	145	953	ground	GEONOUN
39286	145	1013	house	GEONOUN
39286	145	1085	house	GEONOUN
39286	145	1384	spot	GEONOUN
39286	145	1452	yard	GEONOUN
39286	145	1844	ghetto	GEONOUN
39286	145	2292	Lithuania	COUNTRY
39286	145	2307	farm state	GEONOUN
39286	145	2312	state	GEONOUN
39286	145	2709	ghetto	GEONOUN
39286	146	52	street	GEONOUN
39286	146	139	house	GEONOUN
39286	146	196	early in the morning	TIME
39286	146	284	every day	DATE
39286	146	698	ghetto	GEONOUN
39286	146	732	the, the, the day	DATE
39286	146	753	two days	DATE
39286	146	857	the winter days	DATE
39286	146	911	pitch	GEONOUN
39286	146	939	pitch	GEONOUN
39286	146	1090	all day	DATE
39286	146	1576	the morning	TIME
39286	146	1619	the day	DATE
39286	146	1693	night	TIME
39286	146	1763	days	DATE
39286	146	1921	the morning	TIME
39286	146	2139	bar	GEONOUN
39286	146	2173	bar	GEONOUN
39286	146	2322	12	DATE
39286	148	336	stone	GEONOUN
39286	148	609	bar	GEONOUN
39286	148	628	bar	GEONOUN
39286	148	667	Adar	EVENT
39286	148	713	Adar	EVENT
39286	148	789	bar	GEONOUN
39286	149	489	field	GEONOUN
39286	149	1034	Jewish	GEONOUN
39286	149	1199	Jewish	GEONOUN
39286	149	1455	Jewish	GEONOUN
39286	150	29	1942	DATE
39286	150	838	ghetto	GEONOUN
39286	151	68	house	GEONOUN
39286	151	351	ghetto	GEONOUN
39286	151	741	Pesach	DATE
39286	151	1157	Pesach	EVENT
39286	151	1192	beginning of July	DATE
39286	151	1252	ghetto	GEONOUN
39286	151	1527	ghetto	GEONOUN
39286	153	55	the Ninth Fort	PLACE
39286	153	122	Auschwitz	CAMP
39286	154	38	Nisan	EVENT
39286	154	56	a couple days	DATE
39286	154	129	the fourth day of Nisan	DATE
39286	154	157	the sixth day	DATE
39286	154	174	Nisan	EVENT
39286	155	0	The first year	DATE
39286	155	167	States	PLACE
39286	155	245	1946, '47	DATE
39286	155	262	1947	DATE
39286	155	500	Sukkos of 1944	DATE
39286	156	57	ghetto	GEONOUN
39286	156	236	train station	GEONOUN
39286	156	407	Stutthof	CAMP
39286	156	420	Stutthof	CAMP
39286	156	490	Dachau	CITY
39286	156	523	Stutthof	CAMP
39286	157	85	13	DATE
39286	157	96	bar	GEONOUN
39286	157	108	a half a year before	DATE
39286	157	473	Dachau	CITY
39286	157	646	about three weeks	DATE
39286	157	729	the end of the summer	DATE
39286	157	755	the beginning of the winter--	DATE
39286	157	785	three weeks	DATE
39286	157	803	Sukkos	DATE
39286	158	4	train	GEONOUN
39286	158	54	train	GEONOUN
39286	158	125	corner	GEONOUN
39286	158	199	a couple days	DATE
39286	158	225	Dachau	CITY
39286	158	241	train	GEONOUN
39286	158	360	train	GEONOUN
39286	159	43	Dachau	CITY
39286	159	60	Dachau	CITY
39286	159	75	Dachau	CITY
39286	159	106	Munich	CITY
39286	159	137	Dachau	CITY
39286	159	174	Dachau	CITY
39286	159	197	Dachau	CITY
39286	159	214	camp	GEONOUN
39286	159	230	camps	GEONOUN
39286	159	325	camp	GEONOUN
39286	159	348	Moll	PLACE
39286	159	411	camp	GEONOUN
39286	159	489	hothouse	GEONOUN
39286	159	531	pitch	GEONOUN
39286	159	545	pitch roof	GEONOUN
39286	159	551	roof	GEONOUN
39286	159	568	ground	GEONOUN
39286	159	614	windows	GEONOUN
39286	159	681	ditch	GEONOUN
39286	159	814	shelf	GEONOUN
39286	159	1002	passage	GEONOUN
39286	159	1160	pitch	GEONOUN
39286	159	1277	ground	GEONOUN
39286	160	32	outhouse	GEONOUN
39286	160	223	barracks	GEONOUN
39286	161	442	the weekend	DATE
39286	163	24	camp	GEONOUN
39286	163	35	morning	TIME
39286	163	243	about 45 minutes	TIME
39286	163	275	40 minutes	TIME
39286	163	287	45 minutes	TIME
39286	163	324	40, 45 minutes	TIME
39286	163	503	12-hour	DATE
39286	163	547	8:00 in the morning	TIME
39286	163	589	at least 7:00	TIME
39286	163	652	a quarter after 6:00	TIME
39286	163	680	6:30	TIME
39286	163	1015	12 hour	TIME
39286	163	1055	an hour and a half	TIME
39286	163	1118	an hour and a half	TIME
39286	164	36	concentration camp	GEONOUN
39286	164	92	airport	GEONOUN
39286	164	368	mountain	GEONOUN
39286	164	450	mountain	GEONOUN
39286	164	570	mountain	GEONOUN
39286	164	878	mountain	GEONOUN
39286	164	941	mountain	GEONOUN
39286	164	1027	tunnel	GEONOUN
39286	164	1299	train	GEONOUN
39286	164	1424	train	GEONOUN
39286	164	1575	train	GEONOUN
39286	164	2432	forest	GEONOUN
39286	164	2694	camp	GEONOUN
39286	164	2855	camp	GEONOUN
39286	164	2886	Dachau--	PLACE
39286	164	2914	Dachau	CITY
39286	164	2946	Dachau	CITY
39286	164	2974	Dachau	CITY
39286	164	3125	Auschwitz	CAMP
39286	165	10	Dachau	CITY
39286	165	50	Dachau	CITY
39286	165	68	a week or two	DATE
39286	165	83	two weeks	DATE
39286	165	136	Auschwitz	CAMP
39286	165	184	Auschwitz	CAMP
39286	165	214	Gunskirchen	CAMP
39286	165	233	Mauthausen	PLACE
39286	165	382	Dachau	CITY
39286	165	524	camp	GEONOUN
39286	165	532	Dachau	CITY
39286	165	556	Dachau	CITY
39286	165	633	Tyrol	PLACE
39286	165	726	a number of days	DATE
39286	165	748	May 5	DATE
39286	166	33	fell	GEONOUN
39286	166	119	Dachau	CITY
39286	166	154	road	GEONOUN
39286	166	198	road	GEONOUN
39286	166	285	hours	TIME
39286	166	312	road	GEONOUN
39286	166	354	forest	GEONOUN
39286	166	383	Tyrol	PLACE
39286	166	532	spring	GEONOUN
39286	166	911	24 hours	TIME
39286	167	13	ground	GEONOUN
39286	167	39	fields	GEONOUN
39286	167	113	May 5	DATE
39286	167	172	road	GEONOUN
39286	167	197	forest	GEONOUN
39286	167	234	forest	GEONOUN
39286	167	388	the morning--	TIME
39286	167	411	late at night--	TIME
39286	167	437	the morning	TIME
39286	167	1088	village	GEONOUN
39286	167	1166	village	GEONOUN
39286	167	1198	village	GEONOUN
39286	167	1366	barns	GEONOUN
39286	167	1437	barn	GEONOUN
39286	167	1495	About 2:00 in the afternoon	TIME
39286	167	1575	village	GEONOUN
39286	167	1652	houses	GEONOUN
39286	167	1809	road	GEONOUN
39286	167	1846	village	GEONOUN
39286	167	2002	village	GEONOUN
39286	167	2065	hour	TIME
39286	167	2194	May 5, 1945	DATE
39286	167	2210	Tyrol	PLACE
39286	167	2512	Auschwitz	CAMP
39286	167	2645	Dachau	CITY
39286	167	2862	plain	GEONOUN
39286	167	3068	hut	GEONOUN
39286	167	3098	morning	TIME
39286	167	3195	lunchtime	TIME
39286	167	3330	room	GEONOUN
39286	167	3478	everyday	DATE
39286	167	3705	15 years old	DATE
39286	167	3719	16 years old	DATE
39286	168	193	village	GEONOUN
39286	168	291	barn	GEONOUN
39286	169	106	another day	DATE
39286	169	350	a couple of weeks	DATE
39286	169	405	Funk Kaserne	PLACE
39286	169	423	camp	GEONOUN
39286	169	447	Munchen	CAMP
39286	169	464	Munchen	CAMP
39286	169	570	Dachau	CITY
39286	169	585	camp	GEONOUN
39286	169	812	train	GEONOUN
39286	169	884	train	GEONOUN
39286	169	929	train	GEONOUN
39286	169	975	train	GEONOUN
39286	169	1015	train	GEONOUN
39286	169	1124	forest	GEONOUN
39286	169	1149	trees	GEONOUN
39286	169	1169	trees	GEONOUN
39286	169	1223	trees	GEONOUN
39286	169	1302	forest	GEONOUN
39286	169	1315	trees	GEONOUN
39286	169	1474	50-minute	TIME
39286	169	1505	50-minute	TIME
39286	169	1525	15-minute	TIME
39286	169	1629	forest	GEONOUN
39286	169	1643	fell	GEONOUN
39286	169	1709	train	GEONOUN
39286	169	1757	train	GEONOUN
39286	169	2119	maybe two hours later	TIME
39286	169	2201	spot	GEONOUN
39286	169	2444	train	GEONOUN
39286	169	2482	train	GEONOUN
39286	169	2571	the whole night	TIME
39286	169	3021	a whole night	TIME
39286	169	3744	an hour and a half	TIME
39286	169	3774	two hours	TIME
39286	169	4307	The whole night	TIME
39286	169	4404	concentration camp	GEONOUN
39286	169	4627	concentration camp	GEONOUN
39286	169	4710	the days	DATE
39286	169	4755	night	TIME
39286	169	4806	the beginning of '45	DATE
39286	169	4867	night	TIME
39286	169	4900	the day	DATE
39286	169	5294	forest	GEONOUN
39286	169	5535	forest	GEONOUN
39286	169	5880	Germany	COUNTRY
39286	169	5894	Bavaria	PLACE
39286	169	6145	camp	GEONOUN
39286	169	6180	camp	GEONOUN
39286	169	6442	concentration camp	GEONOUN
39286	169	6528	concentration camp	GEONOUN
39286	169	7260	concentration camp	GEONOUN
39286	169	7341	camp	GEONOUN
39286	169	8114	property	GEONOUN
39286	169	8542	concentration camp	GEONOUN
39286	169	8697	camp	GEONOUN
39286	169	8998	camp	GEONOUN
39286	169	9136	three years	DATE
39286	169	9151	four years	DATE
39286	169	9275	houses	GEONOUN
39286	169	9333	months	DATE
39286	171	3	Dachau	CITY
39286	171	152	concentration camp	GEONOUN
39286	171	205	concentration camp	GEONOUN
39286	172	87	Lithuania	COUNTRY
39286	172	294	camps	GEONOUN
39286	172	348	camp	GEONOUN
39286	172	385	hours	TIME
39286	172	518	a couple months	DATE
39286	172	714	Kovno	PLACE
39286	172	861	Austria	COUNTRY
39286	172	873	Salzburg	CITY
39286	172	892	Munchen	CAMP
39286	172	988	Austria	COUNTRY
39286	173	88	Austria	COUNTRY
39286	173	212	Germany	COUNTRY
39286	173	224	Austria	COUNTRY
39286	173	305	river	GEONOUN
39286	173	342	river	GEONOUN
39286	173	393	booth	GEONOUN
39286	173	438	bridge	GEONOUN
39286	173	494	bridge	GEONOUN
39286	173	834	Salzburg	CITY
39286	173	925	last week	DATE
39286	173	936	a couple of days ago	DATE
39286	173	996	a week	DATE
39286	173	1102	Lithuania	COUNTRY
39286	173	1209	Lithuania	COUNTRY
39286	173	1245	Russia	COUNTRY
39286	173	1304	Lithuania	COUNTRY
39286	173	1390	Lithuania	COUNTRY
39286	173	1485	Hungaria	PLACE
39286	173	1498	Debrecen	CITY
39286	173	1524	station	GEONOUN
39286	173	1560	train	GEONOUN
39286	173	1587	night	TIME
39286	173	1727	night	TIME
39286	173	1745	the day	DATE
39286	173	1791	train	GEONOUN
39286	173	1910	Jewish	GEONOUN
39286	173	2002	Lithuania	COUNTRY
39286	173	2077	Lithuania	COUNTRY
39286	173	2099	Russia	COUNTRY
39286	173	2169	kukuruzai	PLACE
39286	173	2235	train	GEONOUN
39286	173	2437	train	GEONOUN
39286	173	2611	train	GEONOUN
39286	173	2649	Debrecen	CITY
39286	173	2664	Debrecen	CITY
39286	173	2676	Budapest	CITY
39286	173	2693	Budapest	CITY
39286	173	2739	Austria	COUNTRY
39286	173	2758	weeks	DATE
39286	173	2779	Debrecen	CITY
39286	173	2792	Budapest	CITY
39286	173	2802	A couple of months later	DATE
39286	173	2913	Austria	COUNTRY
39286	173	2933	camp	GEONOUN
39286	173	2970	camp	GEONOUN
39286	173	2985	camp	GEONOUN
39286	173	3082	maybe five months	DATE
39286	173	3195	only 16	DATE
39286	173	3777	house	GEONOUN
39286	173	3804	camp	GEONOUN
39286	173	3875	Jewish	GEONOUN
39286	173	3909	Jewish	GEONOUN
39286	173	3979	rooms	GEONOUN
39286	173	4004	camp	GEONOUN
39286	173	4038	Jewish	GEONOUN
39286	173	4090	room	GEONOUN
39286	173	4358	works	GEONOUN
39286	173	4423	works	GEONOUN
39286	173	4608	14 years old	DATE
39286	173	4918	rough	GEONOUN
39286	173	5093	1990-- 1945	DATE
39286	173	5156	camp	GEONOUN
39286	173	5773	Erev Yom Kippur	DATE
39286	173	5837	Yom Kippur night	DATE
39286	173	5887	one night	TIME
39286	173	5931	another night	TIME
39286	173	6097	train	GEONOUN
39286	173	6139	Salzburg	CITY
39286	173	6158	Salzburg	CITY
39286	173	6217	Munchen	CAMP
39286	173	6379	Salzburg	CITY
39286	173	6391	Munchen	CAMP
39286	173	6533	Munchen	CAMP
39286	173	6581	Salzburg	CITY
39286	173	6664	Munchen	CAMP
39286	173	6702	Salzburg	CITY
39286	173	6954	train	GEONOUN
39286	173	7264	Munchen	CAMP
39286	173	7408	Munchen	CAMP
39286	173	7439	Sankt Ottilien	PLACE
39286	173	7476	Munchen	CAMP
39286	173	7550	Sankt Ottilien	PLACE
39286	173	7633	Sankt Ottilien	PLACE
39286	173	7679	almost a year	DATE
39286	173	7752	1946	DATE
39286	173	7794	America	COUNTRY
39286	174	82	hospital	GEONOUN
39286	174	100	hospital	GEONOUN
39286	177	77	Poland	COUNTRY
39286	177	90	Hungaria	PLACE
39286	177	105	Lithuania	COUNTRY
39286	177	130	Germany	COUNTRY
39286	177	213	camp	GEONOUN
39286	177	321	Philadelphia	CITY
39286	177	385	Israel	COUNTRY
39286	177	411	America	COUNTRY
39286	177	607	two weeks	DATE
39286	177	632	three weeks	DATE
39286	178	34	Jewish	GEONOUN
39286	178	290	Philadelphia	CITY
39286	178	555	Brooklyn	CITY
39286	178	565	New York	US-STATE
39286	178	575	USA	PLACE
39286	178	650	a few weeks later	DATE
39286	178	801	Brooklyn	CITY
39286	178	811	New York	US-STATE
39286	178	995	1940-- 1939	DATE
39286	178	1022	house	GEONOUN
39286	178	1167	America	COUNTRY
39286	178	1690	the United States	COUNTRY
39286	178	1813	United States	COUNTRY
39286	178	1827	six months before	DATE
39286	178	1893	America	COUNTRY
39286	178	1904	December 26-- December 20, 1946	DATE
39286	178	1953	United States	COUNTRY
39286	178	2018	Bronx	PLACE
39286	178	2241	Brooklyn	CITY
39286	178	2303	17	DATE
39286	178	2469	high school	GEONOUN
39286	178	2556	high school	GEONOUN
39286	178	2581	18-year-olds	DATE
39286	178	2621	high school	GEONOUN
39286	178	2777	high school	GEONOUN
39286	178	2839	high school	GEONOUN
39286	178	2880	high school	GEONOUN
39286	178	2911	a year and a half younger	DATE
39286	178	2951	high school	GEONOUN
39286	178	2979	two and a half years	DATE
39286	178	3073	high school	GEONOUN
39286	178	3130	city	GEONOUN
39286	178	3321	seven years	DATE
39286	178	3448	school	GEONOUN
39286	178	3628	1951	DATE
39286	179	62	Jewish	GEONOUN
39286	179	175	'51	DATE
39286	179	226	diamond	GEONOUN
39286	179	281	diamond	GEONOUN
39286	179	309	1951 to 1970	DATE
39286	180	11	Brooklyn	CITY
39286	180	27	1951	DATE
39286	180	89	synagogue	GEONOUN
39286	180	172	diamond	GEONOUN
39286	181	4	synagogue	GEONOUN
39286	181	21	Saratoga	CITY
39286	181	34	Dumont	CITY
39286	181	226	Shabbos	EVENT
39286	181	317	40 years	DATE
39286	181	353	synagogue	GEONOUN
39286	181	437	estate	GEONOUN
39286	181	470	houses	GEONOUN
39286	181	480	Harlem	CITY
39286	181	532	diamond	GEONOUN
39286	181	552	diamond	GEONOUN
39286	181	575	the day	DATE
39286	181	632	all hours of the night	TIME
39286	181	677	the early '50s	DATE
39286	181	707	the late '50s	DATE
39286	181	818	1970	DATE
39286	181	876	estate	GEONOUN
39286	181	907	estate	GEONOUN
39286	181	943	construction	GEONOUN
39286	181	960	1970	DATE
39286	181	995	construction	GEONOUN
39286	181	1067	estate	GEONOUN
39286	181	1107	1970	DATE
39286	181	1124	diamond	GEONOUN
39286	181	1151	construction	GEONOUN
39286	181	1184	estate	GEONOUN
39286	181	1195	construction	GEONOUN
39286	181	1237	today	DATE
39286	181	1265	'51	DATE
39286	182	116	a year old	DATE
39286	182	217	Brooklyn	CITY
39286	182	248	college	GEONOUN
39286	182	334	the last couple of years	DATE
39286	185	26	middle or the late '20s	DATE
39286	185	86	'24	DATE
39286	185	112	'26, '27	DATE
39286	186	3	Kovno	PLACE
39286	186	10	Lithuania	COUNTRY
39286	186	68	two years old	DATE
39286	186	142	1931	DATE
39286	187	26	1936	DATE
39286	187	46	seven years old	DATE
39286	188	29	Kulautuva	PLACE
39286	188	90	the summer	DATE
39286	188	108	Lithuania	COUNTRY
39286	189	3	about approximately year	DATE
39286	189	44	about 1937	DATE
39286	189	279	1939, 1940	DATE
39286	189	313	ghetto	GEONOUN
39286	189	423	Europe	CONTINENT
39286	189	591	Europe	CONTINENT
39286	189	698	America	COUNTRY
39286	189	778	India	COUNTRY
39286	189	851	1939, 1940	DATE
39286	189	1239	Australia	COUNTRY
39286	189	1382	Holocaust	EVENT
39286	189	1432	1936, '37	DATE
39286	190	57	September 16, 1951	DATE
