FileID	AnswerID	StartCharPos	Entity	Type
39362	3	14	December 11, 1931	DATE
39362	5	14	Antwerp	PLACE
39362	5	23	Belgium	COUNTRY
39362	6	121	rocks	GEONOUN
39362	9	16	plumber	GEONOUN
39362	9	64	basement	GEONOUN
39362	9	80	house	GEONOUN
39362	11	347	town	GEONOUN
39362	11	614	Antwerp	PLACE
39362	11	623	Antwerp	PLACE
39362	11	669	port	GEONOUN
39362	11	677	Europe	CONTINENT
39362	11	702	port	GEONOUN
39362	11	725	the United States	COUNTRY
39362	11	779	Europe	CONTINENT
39362	11	789	Antwerp	PLACE
39362	11	829	house	GEONOUN
39362	11	850	the United States	COUNTRY
39362	14	114	foot	GEONOUN
39362	14	386	New York	US-STATE
39362	14	794	Friday	DATE
39362	14	801	afternoon	TIME
39362	14	925	all night	TIME
39362	16	180	eight years	DATE
39362	17	16	December 26, 1939	DATE
39362	19	7	a very, very joyful day	DATE
39362	19	116	Europe	CONTINENT
39362	19	131	Belgium	COUNTRY
39362	19	174	Poland	COUNTRY
39362	19	192	1939	DATE
39362	19	200	September	DATE
39362	19	266	the day	DATE
39362	19	298	hospital	GEONOUN
39362	19	357	a very, very joyful day	DATE
39362	20	137	about three years old	DATE
39362	22	34	Galicia	PLACE
39362	22	56	village	GEONOUN
39362	22	71	Rymanov	PLACE
39362	22	125	village	GEONOUN
39362	22	141	Lemberg	CAMP
39362	22	153	Poland	COUNTRY
39362	22	178	Galicia	PLACE
39362	22	196	Przemiszlany	PLACE
39362	23	77	school	GEONOUN
39362	23	181	Antwerp	PLACE
39362	24	15	Belgium	COUNTRY
39362	24	94	Poland	COUNTRY
39362	24	303	the United States	COUNTRY
39362	24	554	Belgium	COUNTRY
39362	25	33	street all these years	GEONOUN
39362	25	40	all these years	DATE
39362	25	89	Antwerp	PLACE
39362	25	130	houses	GEONOUN
39362	25	145	street	GEONOUN
39362	25	166	house	GEONOUN
39362	25	221	row house	GEONOUN
39362	25	242	street	GEONOUN
39362	25	275	houses	GEONOUN
39362	25	338	basement	GEONOUN
39362	25	388	house	GEONOUN
39362	25	407	row house	GEONOUN
39362	25	434	narrow	GEONOUN
39362	25	542	room	GEONOUN
39362	25	570	room	GEONOUN
39362	25	599	house	GEONOUN
39362	25	642	room	GEONOUN
39362	25	684	house	GEONOUN
39362	25	720	railroad apartment	GEONOUN
39362	25	729	apartment	GEONOUN
39362	25	796	house	GEONOUN
39362	26	19	house	GEONOUN
39362	26	35	brick house	GEONOUN
39362	26	41	house	GEONOUN
39362	26	75	windows	GEONOUN
39362	26	94	stone	GEONOUN
39362	26	123	windows	GEONOUN
39362	27	189	house	GEONOUN
39362	28	150	rough	GEONOUN
39362	28	307	house	GEONOUN
39362	29	3	room	GEONOUN
39362	29	32	room	GEONOUN
39362	29	184	room	GEONOUN
39362	31	30	room	GEONOUN
39362	31	70	room	GEONOUN
39362	32	41	street	GEONOUN
39362	32	55	houses	GEONOUN
39362	32	73	street	GEONOUN
39362	32	143	street	GEONOUN
39362	32	204	houses	GEONOUN
39362	32	284	houses	GEONOUN
39362	32	323	backyard	GEONOUN
39362	32	357	backyards	GEONOUN
39362	32	403	train station	GEONOUN
39362	32	420	Antwerp	PLACE
39362	32	443	street	GEONOUN
39362	32	488	Jewish	GEONOUN
39362	32	506	Antwerp	PLACE
39362	32	556	Antwerp	PLACE
39362	32	584	area	GEONOUN
39362	33	12	room	GEONOUN
39362	33	50	room	GEONOUN
39362	34	185	street	GEONOUN
39362	34	232	street	GEONOUN
39362	34	258	street	GEONOUN
39362	34	278	street	GEONOUN
39362	34	318	block	GEONOUN
39362	35	55	school	GEONOUN
39362	35	268	street	GEONOUN
39362	35	615	Belgium	COUNTRY
39362	35	659	States	PLACE
39362	35	972	shore	GEONOUN
39362	35	1003	shore	GEONOUN
39362	35	1060	castles	GEONOUN
39362	36	36	the summer	DATE
39362	36	84	Ostend	CITY
39362	36	128	Belgium	COUNTRY
39362	36	143	North Atlantic	PLACE
39362	36	158	sea	GEONOUN
39362	36	185	Antwerp	PLACE
39362	36	199	river	GEONOUN
39362	36	242	Scheldt	PLACE
39362	36	280	the North Atlantic Ocean	PLACE
39362	36	513	countryside	GEONOUN
39362	38	143	town	GEONOUN
39362	39	125	house	GEONOUN
39362	39	176	house	GEONOUN
39362	42	260	a couple of hours	TIME
39362	43	33	about seven years old	DATE
39362	43	313	theater	GEONOUN
39362	43	420	fell	GEONOUN
39362	43	463	house	GEONOUN
39362	43	697	house	GEONOUN
39362	44	172	those days	DATE
39362	44	272	train	GEONOUN
39362	44	307	train	GEONOUN
39362	45	355	house	GEONOUN
39362	45	377	park	GEONOUN
39362	45	439	trees	GEONOUN
39362	45	451	pond	GEONOUN
39362	45	476	Shabbas	DATE
39362	45	641	carriage	GEONOUN
39362	45	677	hill	GEONOUN
39362	45	709	incline	GEONOUN
39362	45	752	hill	GEONOUN
39362	45	800	carriage	GEONOUN
39362	45	1016	park	GEONOUN
39362	45	1056	Belgium	COUNTRY
39362	45	1084	park	GEONOUN
39362	45	1108	hill	GEONOUN
39362	45	1146	park	GEONOUN
39362	45	1201	park	GEONOUN
39362	47	253	automat	GEONOUN
39362	50	34	Shabbat	DATE
39362	50	155	the mid	TIME
39362	50	196	plumber	GEONOUN
39362	50	410	Shabbat	DATE
39362	50	536	synagogue	GEONOUN
39362	50	1214	Shabbos	EVENT
39362	51	263	market	GEONOUN
39362	51	292	those days	DATE
39362	51	610	Shabbos--	DATE
39362	51	651	store	GEONOUN
39362	51	667	store	GEONOUN
39362	51	688	store	GEONOUN
39362	52	17	school	GEONOUN
39362	52	281	Tachkemoni	PLACE
39362	52	578	school	GEONOUN
39362	54	648	about approximately seven	DATE
39362	54	731	school	GEONOUN
39362	54	895	school	GEONOUN
39362	54	971	school	GEONOUN
39362	54	1234	room	GEONOUN
39362	54	1760	Pesach	DATE
39362	54	1768	Passover	DATE
39362	54	1802	Pesach	DATE
39362	54	1820	house	GEONOUN
39362	54	2305	school	GEONOUN
39362	54	2751	school	GEONOUN
39362	54	2964	room	GEONOUN
39362	55	12	Pesach	DATE
39362	56	110	Poland	COUNTRY
39362	56	265	house	GEONOUN
39362	56	342	house	GEONOUN
39362	56	367	one night	TIME
39362	56	378	Another night	TIME
39362	56	417	house	GEONOUN
39362	57	88	house	GEONOUN
39362	59	147	the United States	COUNTRY
39362	59	387	the United States	COUNTRY
39362	59	865	Germany	COUNTRY
39362	60	30	World War II	EVENT
39362	60	69	Jewish area	GEONOUN
39362	60	76	area	GEONOUN
39362	60	98	Jewish	GEONOUN
39362	60	115	block	GEONOUN
39362	60	169	Jewish	GEONOUN
39362	60	261	school	GEONOUN
39362	60	326	Jewish	GEONOUN
39362	61	75	Belgium	COUNTRY
39362	61	98	May, 1940	DATE
39362	61	159	Belgium	COUNTRY
39362	61	241	Belgium	COUNTRY
39362	61	269	coast	GEONOUN
39362	61	283	France	COUNTRY
39362	62	41	Belgium	COUNTRY
39362	62	50	that day	DATE
39362	62	284	carriage	GEONOUN
39362	62	339	Belgium	COUNTRY
39362	62	367	a half a year old	DATE
39362	62	410	carriage	GEONOUN
39362	64	78	road	GEONOUN
39362	64	135	every day	DATE
39362	64	225	Belgium	COUNTRY
39362	64	245	country	GEONOUN
39362	64	268	countryside	GEONOUN
39362	65	165	France	COUNTRY
39362	65	210	England	PLACE
39362	65	226	France	COUNTRY
39362	65	289	France	COUNTRY
39362	65	311	France	COUNTRY
39362	65	334	Pas-de-Calais	PLACE
39362	65	411	two week-- two weeks	DATE
39362	65	446	Belgium	COUNTRY
39362	66	86	Dunkirk	PLACE
39362	66	198	Dunkirk	PLACE
39362	66	226	scene	GEONOUN
39362	67	0	About two weeks.	DATE
39362	68	244	farms	GEONOUN
39362	68	310	farm	GEONOUN
39362	70	191	less than two years	DATE
39362	70	574	7 o'clock at night	TIME
39362	70	607	7 o'clock in the morning	TIME
39362	70	710	park	GEONOUN
39362	70	736	museum	GEONOUN
39362	70	766	Jewish	GEONOUN
39362	70	861	Jewish	GEONOUN
39362	71	193	school	GEONOUN
39362	71	370	Jewish	GEONOUN
39362	71	436	Jewish	GEONOUN
39362	71	523	diamond	GEONOUN
39362	71	651	Jewish	GEONOUN
39362	71	673	diamond	GEONOUN
39362	73	246	Jewish	GEONOUN
39362	74	41	1942	DATE
39362	75	18	house	GEONOUN
39362	78	118	the first year and a half	DATE
39362	78	394	Antwerp	PLACE
39362	78	409	Jewish	GEONOUN
39362	78	566	street	GEONOUN
39362	78	600	area	GEONOUN
39362	78	860	labor camp	GEONOUN
39362	79	17	August, 1942	DATE
39362	80	141	August of '42	DATE
39362	80	177	late 30s	DATE
39362	80	283	train station	GEONOUN
39362	80	300	Antwerp	PLACE
39362	80	316	August 15th	DATE
39362	80	339	labor camp	GEONOUN
39362	80	479	3 SECONDS	DATE
39362	80	569	concentration camps	GEONOUN
39362	80	621	labor camp	GEONOUN
39362	80	720	two or three years	DATE
39362	80	1002	that day	DATE
39362	80	1082	train station	GEONOUN
39362	80	1099	Antwerp	PLACE
39362	81	94	train station	GEONOUN
39362	81	215	train	GEONOUN
39362	81	282	train station	GEONOUN
39362	81	501	train	GEONOUN
39362	81	578	house	GEONOUN
39362	85	599	street	GEONOUN
39362	86	58	house	GEONOUN
39362	89	725	the morning	TIME
39362	89	848	house	GEONOUN
39362	90	132	fall	GEONOUN
39362	93	17	that day on	DATE
39362	93	992	city	GEONOUN
39362	94	61	France	COUNTRY
39362	94	182	Bologna	CITY
39362	95	27	the end of August	DATE
39362	95	49	August 1942	DATE
39362	96	58	the very following month, month of September	DATE
39362	96	107	the eve of Rosh Ha-Shana	DATE
39362	96	153	the middle of the night	TIME
39362	96	222	street	GEONOUN
39362	96	244	street	GEONOUN
39362	96	272	Jewish	GEONOUN
39362	96	323	Jewish	GEONOUN
39362	97	233	street	GEONOUN
39362	97	277	houses	GEONOUN
39362	97	362	roof	GEONOUN
39362	97	377	skylight	GEONOUN
39362	97	461	houses	GEONOUN
39362	97	498	house	GEONOUN
39362	97	1091	house	GEONOUN
39362	97	1393	house	GEONOUN
39362	97	1693	skylight	GEONOUN
39362	97	1800	roof	GEONOUN
39362	97	1818	pitch	GEONOUN
39362	97	2006	house	GEONOUN
39362	97	2033	house	GEONOUN
39362	97	2127	downstairs	GEONOUN
39362	97	2152	house	GEONOUN
39362	97	2304	house	GEONOUN
39362	97	2569	the following evening	TIME
39362	97	2592	the very next day	DATE
39362	98	544	backyard	GEONOUN
39362	98	571	railroad	GEONOUN
39362	98	601	the very next night	TIME
39362	98	660	that same night	TIME
39362	98	762	the next day--	DATE
39362	98	777	the next night	TIME
39362	98	882	The next evening	TIME
39362	98	999	convent	GEONOUN
39362	98	1015	Antwerp	PLACE
39362	99	375	September	DATE
39362	99	546	convent	GEONOUN
39362	99	658	Underground	PLACE
39362	99	680	convent	GEONOUN
39362	99	797	Jewish	GEONOUN
39362	101	21	a very scary night--	TIME
39362	101	55	night	TIME
39362	101	78	the first night	TIME
39362	102	54	convent	GEONOUN
39362	102	114	room	GEONOUN
39362	103	90	room	GEONOUN
39362	104	25	room	GEONOUN
39362	104	80	room	GEONOUN
39362	105	278	convent	GEONOUN
39362	106	148	Christmas	DATE
39362	106	307	Jewish	GEONOUN
39362	107	389	Jewish	GEONOUN
39362	107	445	convent	GEONOUN
39362	108	12	the end of September	DATE
39362	109	8	the middle of December	DATE
39362	109	66	a couple of months	DATE
39362	110	13	1942	DATE
39362	110	19	1942	DATE
39362	111	770	countryside	GEONOUN
39362	111	880	stone	GEONOUN
39362	111	955	stone	GEONOUN
39362	112	69	Underground	PLACE
39362	112	131	house	GEONOUN
39362	114	226	house	GEONOUN
39362	115	18	farmhouse	GEONOUN
39362	115	53	farmhouse	GEONOUN
39362	115	122	room	GEONOUN
39362	115	204	room	GEONOUN
39362	115	270	room	GEONOUN
39362	115	391	farmhouse	GEONOUN
39362	116	179	house	GEONOUN
39362	119	245	house	GEONOUN
39362	119	296	house	GEONOUN
39362	120	37	house	GEONOUN
39362	120	163	a few days	DATE
39362	121	337	building	GEONOUN
39362	126	94	three years old	DATE
39362	130	128	village	GEONOUN
39362	130	143	Weelde	PLACE
39362	130	151	W-E-E-L-D-E	PLACE
39362	130	193	Belgium	COUNTRY
39362	130	220	Holland	CITY
39362	130	256	Belgium	COUNTRY
39362	131	74	farmhouse	GEONOUN
39362	131	93	farmhouse	GEONOUN
39362	131	180	building	GEONOUN
39362	131	215	brick building	GEONOUN
39362	131	221	building	GEONOUN
39362	131	251	masonry	GEONOUN
39362	131	278	wood	GEONOUN
39362	131	313	farmhouse	GEONOUN
39362	131	329	wood	GEONOUN
39362	131	380	farmhouse	GEONOUN
39362	134	47	Jewish	GEONOUN
39362	136	417	school	GEONOUN
39362	136	456	school	GEONOUN
39362	136	691	Belgium	COUNTRY
39362	142	0	A typical day	DATE
39362	142	379	every single day	DATE
39362	142	425	different days	DATE
39362	142	491	Some days	DATE
39362	142	591	school	GEONOUN
39362	142	777	school	GEONOUN
39362	142	863	Europe	CONTINENT
39362	142	900	the afternoon	TIME
39362	142	1066	day	DATE
39362	145	33	a few months	DATE
39362	145	98	1943	DATE
39362	145	139	about six or seven months	DATE
39362	145	639	city	GEONOUN
39362	145	651	Mechelen	CITY
39362	145	669	M-E-C-H-E-L-E	PLACE
39362	145	686	Mechelen	CITY
39362	145	741	city	GEONOUN
39362	145	785	country	GEONOUN
39362	145	914	school	GEONOUN
39362	145	928	church	GEONOUN
39362	149	89	a few months	DATE
39362	150	163	Jewish	GEONOUN
39362	150	253	Jewish	GEONOUN
39362	152	50	prison	GEONOUN
39362	152	303	Jewish	GEONOUN
39362	155	219	prison	GEONOUN
39362	155	230	a few days	DATE
39362	156	191	the month of May 1944	DATE
39362	157	0	May 1944	DATE
39362	158	396	city	GEONOUN
39362	158	408	Namur	CITY
39362	158	1151	train	GEONOUN
39362	160	78	Namur	CITY
39362	163	28	train	GEONOUN
39362	164	138	train	GEONOUN
39362	164	254	all of 16	DATE
39362	164	407	hours	TIME
39362	164	425	minutes	TIME
39362	164	642	train	GEONOUN
39362	164	919	wood	GEONOUN
39362	164	1058	wood	GEONOUN
39362	164	1302	night	TIME
39362	164	1376	wood	GEONOUN
39362	164	1386	train	GEONOUN
39362	165	64	railroad	GEONOUN
39362	165	204	area	GEONOUN
39362	165	909	Belgium	COUNTRY
39362	165	1243	church	GEONOUN
39362	165	1256	rectory	GEONOUN
39362	165	1303	church	GEONOUN
39362	166	292	Jewish	GEONOUN
39362	166	594	age 20	DATE
39362	166	606	age 18	DATE
39362	167	124	house	GEONOUN
39362	167	166	village	GEONOUN
39362	167	205	houses	GEONOUN
39362	167	248	houses	GEONOUN
39362	167	305	attic	GEONOUN
39362	167	431	attic	GEONOUN
39362	168	34	attic	GEONOUN
39362	168	60	house	GEONOUN
39362	168	105	room	GEONOUN
39362	168	118	skylight	GEONOUN
39362	168	160	windows	GEONOUN
39362	169	444	night	TIME
39362	169	491	garden	GEONOUN
39362	169	526	garden	GEONOUN
39362	169	552	house	GEONOUN
39362	169	573	foot brick	GEONOUN
39362	169	578	brick	GEONOUN
39362	169	619	night	TIME
39362	169	769	backyard	GEONOUN
39362	169	787	cage	GEONOUN
39362	169	809	hole	GEONOUN
39362	169	894	hole	GEONOUN
39362	169	943	cage	GEONOUN
39362	169	1013	garden	GEONOUN
39362	169	1030	garden	GEONOUN
39362	171	56	attic	GEONOUN
39362	171	182	attic	GEONOUN
39362	171	257	night	TIME
39362	171	399	room	GEONOUN
39362	173	66	downstairs	GEONOUN
39362	173	187	Belgium	COUNTRY
39362	173	674	bar	GEONOUN
39362	173	862	Belgium	COUNTRY
39362	173	1469	house	GEONOUN
39362	177	264	August of 1944	DATE
39362	177	325	ENGLISH	PLACE
39362	177	554	building	GEONOUN
39362	177	587	building	GEONOUN
39362	177	877	hospital	GEONOUN
39362	177	1065	September of 1944	DATE
39362	177	1090	Perwez	PLACE
39362	177	1163	the Battle of the Bulge	EVENT
39362	177	1216	December of 1944	DATE
39362	178	230	town	GEONOUN
39362	179	46	attic	GEONOUN
39362	179	72	attic	GEONOUN
39362	182	615	upstairs	GEONOUN
39362	182	748	street	GEONOUN
39362	182	891	Perwez	PLACE
39362	182	1253	overnight	TIME
39362	182	1535	hospital	GEONOUN
39362	183	698	about a month	DATE
39362	183	1148	hospital	GEONOUN
39362	183	1386	Jewish	GEONOUN
39362	184	2	Jewish	GEONOUN
39362	184	103	camp	GEONOUN
39362	184	148	Jewish	GEONOUN
39362	184	321	the Home de La	PLACE
39362	184	386	village	GEONOUN
39362	184	401	Aishe en Refail	PLACE
39362	184	418	Aishe en Refail	PLACE
39362	184	515	chateau	GEONOUN
39362	184	535	building	GEONOUN
39362	184	570	building	GEONOUN
39362	184	969	Thanksgiving	DATE
39362	184	1004	November	DATE
39362	184	1045	Thanksgiving	DATE
39362	185	489	track	GEONOUN
39362	187	80	May to September	DATE
39362	187	142	June	DATE
39362	187	148	July	DATE
39362	187	154	August	DATE
39362	187	162	Four months	DATE
39362	187	281	Easter	DATE
39362	187	352	Easter	DATE
39362	187	362	church	GEONOUN
39362	188	92	many, many, many years	DATE
39362	188	179	field	GEONOUN
39362	188	212	field	GEONOUN
39362	188	236	house	GEONOUN
39362	188	255	house	GEONOUN
39362	188	306	room	GEONOUN
39362	188	485	house	GEONOUN
39362	188	699	the day	DATE
39362	189	224	Battle of the Bulge	EVENT
39362	189	282	the Battle of the Bulge	EVENT
39362	189	352	a couple of months	DATE
39362	189	377	the Battle of the Bulge	EVENT
39362	189	498	Germany	COUNTRY
39362	189	642	May, 1945	DATE
39362	190	209	Germany	COUNTRY
39362	190	218	concentration camps	GEONOUN
39362	190	358	Germany	COUNTRY
39362	190	374	Hungary	COUNTRY
39362	190	386	Czechoslovakia	COUNTRY
39362	190	405	Yugoslavia	CAMP
39362	190	417	Austria	COUNTRY
39362	190	426	Poland	COUNTRY
39362	190	659	about a year and a half	DATE
39362	191	201	Holocaust	EVENT
39362	191	384	about a year and a half	DATE
39362	192	25	about three years old	DATE
39362	192	189	1946	DATE
39362	192	219	three years	DATE
39362	193	136	hospital	GEONOUN
39362	193	277	1946	DATE
39362	193	337	Europe	CONTINENT
39362	193	361	theater	GEONOUN
39362	194	36	the Home de La-Bas	PLACE
39362	194	60	chateau	GEONOUN
39362	196	40	hospital	GEONOUN
39362	196	74	house	GEONOUN
39362	196	123	house	GEONOUN
39362	197	222	Rosh Hashanah	EVENT
39362	197	281	Jewish	GEONOUN
39362	197	472	state	GEONOUN
39362	197	481	Israel	COUNTRY
39362	197	608	Palestine	CITY
39362	199	302	the United States	COUNTRY
39362	200	196	13	DATE
39362	200	200	14	DATE
39362	201	466	village	GEONOUN
39362	201	481	Limal	PLACE
39362	201	745	Palestine	CITY
39362	203	12	1947	DATE
39362	203	54	the middle of 1947	DATE
39362	204	822	the morning	TIME
39362	204	1054	building	GEONOUN
39362	205	30	maybe nine months	DATE
39362	205	108	Israel	COUNTRY
39362	205	282	the United States	COUNTRY
39362	205	358	April of 1948	DATE
39362	205	389	the United States	COUNTRY
39362	206	65	10 days	DATE
39362	207	5	ship	GEONOUN
39362	208	32	ship	GEONOUN
39362	208	97	ship	GEONOUN
39362	208	141	the North Atlantic Ocean	PLACE
39362	208	196	the first two days	DATE
39362	208	241	Antwerp	PLACE
39362	208	258	Southampton	CITY
39362	208	271	England	PLACE
39362	208	301	Southampton	CITY
39362	208	314	England	PLACE
39362	208	333	Dublin	CITY
39362	208	341	Ireland	COUNTRY
39362	208	380	port	GEONOUN
39362	208	475	North Atlantic	PLACE
39362	208	491	Very next day	DATE
39362	208	601	ship	GEONOUN
39362	208	670	ship	GEONOUN
39362	208	738	six days	DATE
39362	208	760	3 SECONDS	DATE
39362	208	789	the last two days	DATE
39362	208	1130	the United States	COUNTRY
39362	208	1151	New York Pier 48	PLACE
39362	208	1227	April 17	DATE
39362	208	1260	Passover	DATE
39362	208	1308	ship	GEONOUN
39362	213	22	1948	DATE
39362	213	34	16	DATE
39362	213	38	16	DATE
39362	213	62	16	DATE
39362	215	4	bar	GEONOUN
39362	215	44	bar	GEONOUN
39362	215	76	house	GEONOUN
39362	215	97	bar	GEONOUN
39362	215	171	room	GEONOUN
39362	215	209	room	GEONOUN
39362	215	258	September, 1944	DATE
39362	215	296	December	DATE
39362	215	329	December, 1944	DATE
39362	215	371	that particular day	DATE
39362	215	567	bar	GEONOUN
39362	215	780	bar	GEONOUN
39362	216	40	Bronx	PLACE
39362	216	75	New York	US-STATE
39362	216	191	April	DATE
39362	216	213	school	GEONOUN
39362	216	246	May	DATE
39362	216	254	June	DATE
39362	216	270	school	GEONOUN
39362	216	380	Belgium	COUNTRY
39362	217	547	less than six months	DATE
39362	218	619	hotel	GEONOUN
39362	218	674	103rd Street	PLACE
39362	218	691	Broadway	PLACE
39362	218	826	flat	GEONOUN
39362	218	834	Brooklyn	CITY
39362	218	923	hole	GEONOUN
39362	218	988	water tank	GEONOUN
39362	218	1051	water tank	GEONOUN
39362	218	1088	room	GEONOUN
39362	218	1128	windows	GEONOUN
39362	218	1446	mill	GEONOUN
39362	218	1726	boat	GEONOUN
39362	218	1769	Washington Heights	CITY
39362	218	1816	New York	US-STATE
39362	218	1910	a year	DATE
39362	218	1932	Belgium	COUNTRY
39362	218	2057	Belgium	COUNTRY
39362	220	63	a couple of letters	DATE
39362	222	20	1995	DATE
39362	222	105	Washington	US-STATE
39362	222	156	Washington	US-STATE
39362	222	219	a couple of days	DATE
39362	222	463	archive	GEONOUN
39362	222	542	archive	GEONOUN
39362	222	602	library	GEONOUN
39362	222	653	library	GEONOUN
39362	222	680	library	GEONOUN
39362	222	780	Belgium	COUNTRY
39362	222	901	last week	DATE
39362	222	923	Belgium	COUNTRY
39362	222	986	Belgium	COUNTRY
39362	222	2033	1939 to 1945	DATE
39362	222	2158	October 31, 1942	DATE
39362	222	2190	Auschwitz	CAMP
39362	222	2203	November 3, 1942	DATE
39362	222	2329	block	GEONOUN
39362	222	2546	Auschwitz	CAMP
39362	223	70	Brooklyn	CITY
39362	223	176	New York	US-STATE
39362	223	235	division	GEONOUN
39362	223	294	train	GEONOUN
39362	223	740	Farmingdale	PLACE
39362	223	753	New York	US-STATE
39362	223	850	1960s	DATE
39362	223	1064	New York	US-STATE
39362	223	1126	facility	GEONOUN
39362	223	1138	California	US-STATE
39362	223	1167	facility	GEONOUN
39362	223	1179	Clearwater	CITY
39362	223	1191	Florida	US-STATE
39362	223	1219	fell	GEONOUN
39362	223	1442	Vietnam	COUNTRY
39362	223	1532	facilities	GEONOUN
39362	225	48	1959	DATE
39362	225	92	'63	DATE
39362	225	275	Syosset	CITY
39362	225	284	Long Island	PLACE
39362	225	759	Japan	COUNTRY
39362	225	968	Horsham	CITY
39362	225	977	Pennsylvania	US-STATE
39362	226	239	Monday	DATE
39362	226	246	morning	TIME
39362	226	271	Friday	DATE
39362	226	293	the weekend	DATE
39362	226	348	the rest of the week	DATE
39362	227	102	New York	US-STATE
39362	227	319	Horsham	CITY
39362	227	416	Hatboro	PLACE
39362	228	110	24 years	DATE
39362	228	313	facility	GEONOUN
39362	228	413	house	GEONOUN
39362	228	561	setting	GEONOUN
39362	229	189	house	GEONOUN
39362	229	207	17	DATE
39362	229	349	college	GEONOUN
39362	231	110	Jewish	GEONOUN
39362	231	197	Jewish	GEONOUN
39362	231	379	state	GEONOUN
39362	231	388	Israel	COUNTRY
39362	231	567	Jewish	GEONOUN
39362	231	693	Nassau County	PLACE
39362	231	794	Deer Park	CITY
39362	231	805	New York--	PLACE
39362	231	896	school	GEONOUN
39362	231	1110	Jewish	GEONOUN
39362	233	136	16	DATE
39362	233	176	December 1, 1946	DATE
39362	234	60	Holocaust	EVENT
39362	234	199	1995	DATE
39362	234	567	Europe	CONTINENT
39362	234	792	Holocaust	EVENT
39362	236	84	Antwerp	PLACE
39362	236	93	Belgium	COUNTRY
39362	236	104	the 13th of October, 1931	DATE
39362	237	104	Antwerp	PLACE
39362	238	108	34	DATE
39362	238	115	Antwerp	PLACE
39362	238	327	Bologna	CITY
39362	238	350	Paris	CITY
39362	238	725	Belgium	COUNTRY
39362	238	998	the 18th of August, 1944	DATE
39362	238	1118	Antwerp	PLACE
39362	238	1204	the United States	COUNTRY
39362	238	1343	the Hotel Marseilles	PLACE
39362	238	1367	New York	US-STATE
39362	238	1449	the United States	COUNTRY
39362	238	1562	Brooklyn	CITY
39362	238	1598	passage	GEONOUN
39362	238	1663	the United States	COUNTRY
39362	238	1736	passage	GEONOUN
39362	238	1794	Antwerp	PLACE
39362	238	1805	April the 7th, 1948	DATE
39362	238	1900	the 14th, April 14, 1948	DATE
39362	238	1931	14th	DATE
39362	238	1956	17th, 1948	DATE
39362	238	2022	Marcan	PLACE
39362	238	2049	the United States	COUNTRY
39362	238	2198	April 1954	DATE
39362	238	2246	Belgium	COUNTRY
39362	238	2502	1947	DATE
39362	238	2509	48	DATE
39362	238	2581	village	GEONOUN
39362	238	2592	Limal	PLACE
39362	240	120	Belgium	COUNTRY
39362	240	159	Weelde	PLACE
39362	240	590	gardens	GEONOUN
39362	240	656	chapel	GEONOUN
39362	240	851	December 7, 1930	DATE
39362	240	1044	Poland	COUNTRY
39362	240	1055	Przemiszlany	PLACE
39362	241	21	the late '20, late '20s	DATE
39362	243	215	age approximately three months	DATE
39362	244	40	approximately two and a half years old	DATE
39362	245	11	1942	DATE
39362	247	31	the late '20s	DATE
39362	247	46	late '20s	DATE
39362	248	28	Przemiszlany	PLACE
39362	248	52	Poland	COUNTRY
39362	248	87	street	GEONOUN
39362	248	110	Antwerp	PLACE
39362	249	35	about two years old	DATE
39362	249	93	1933	DATE
39362	249	102	Antwerp	PLACE
39362	249	168	Antwerp	PLACE
39362	251	25	Perwez	PLACE
39362	251	33	Belgium	COUNTRY
39362	251	50	backyard	GEONOUN
39362	251	147	backyard	GEONOUN
39362	252	125	corner	GEONOUN
39362	252	240	Perwez	PLACE
39362	252	297	Perwez	PLACE
39362	253	24	September 1944	DATE
39362	253	170	Namur	CITY
39362	253	501	Namur	CITY
39362	254	30	approximately 1946	DATE
39362	255	68	Belgium	COUNTRY
39362	255	100	theater	GEONOUN
39362	255	121	Belgium	COUNTRY
39362	256	46	the United States	COUNTRY
39362	256	67	1938	DATE
39362	256	199	bar	GEONOUN
39362	256	362	house	GEONOUN
39362	256	401	Namur	CITY
39362	257	88	house	GEONOUN
39362	257	97	Namur	CITY
39362	257	223	concentration camps	GEONOUN
