FileID	AnswerID	StartCharPos	Entity	Type
39385	1	11	Svalava	PLACE
39385	1	20	Czechoslovakia	COUNTRY
39385	5	0	9/1/1924	DATE
39385	9	64	World War I	EVENT
39385	9	117	World War I	EVENT
39385	9	135	World War I.	EVENT
39385	10	58	a year old	DATE
39385	10	113	about 12 years later	DATE
39385	11	25	the First World War	EVENT
39385	11	127	1923	DATE
39385	11	151	11-year	DATE
39385	11	193	World War I	EVENT
39385	11	266	1923	DATE
39385	11	275	April	DATE
39385	11	296	1924	DATE
39385	11	305	September	DATE
39385	11	342	1926	DATE
39385	11	351	August	DATE
39385	12	39	store	GEONOUN
39385	12	261	china	PLACE
39385	15	93	valley	GEONOUN
39385	15	105	mountains	GEONOUN
39385	15	152	town	GEONOUN
39385	15	196	environment	GEONOUN
39385	15	262	school	GEONOUN
39385	15	354	hometown	GEONOUN
39385	15	419	today	DATE
39385	15	551	mountains	GEONOUN
39385	15	580	every Sunday	TIME
39385	15	769	the morning	TIME
39385	15	811	later in the evening	TIME
39385	15	861	trees	GEONOUN
39385	15	877	mountains	GEONOUN
39385	15	1028	today	DATE
39385	16	183	store	GEONOUN
39385	16	393	Sundays	DATE
39385	16	437	town	GEONOUN
39385	16	465	soccer field	GEONOUN
39385	17	84	Latorytsia	PLACE
39385	17	129	Svalavka	PLACE
39385	17	165	hometown	GEONOUN
39385	17	228	town	GEONOUN
39385	17	275	Svalavka	PLACE
39385	17	303	Latorytsia	PLACE
39385	17	401	mountains	GEONOUN
39385	17	505	mountains	GEONOUN
39385	17	667	waterfall	GEONOUN
39385	17	729	rough	GEONOUN
39385	17	912	town	GEONOUN
39385	17	1275	springs	GEONOUN
39385	17	1284	natural spring	GEONOUN
39385	17	1344	the summer	DATE
39385	17	1435	spring	GEONOUN
39385	17	1603	a week	DATE
39385	17	1620	spring	GEONOUN
39385	17	1775	mountains	GEONOUN
39385	17	2087	cabins	GEONOUN
39385	17	2104	three weeks	DATE
39385	17	2152	cabin	GEONOUN
39385	17	2214	mountains	GEONOUN
39385	17	2381	cabins	GEONOUN
39385	17	2483	mountains	GEONOUN
39385	17	2596	Friday	DATE
39385	17	2617	Sunday	DATE
39385	17	2699	Saturday	DATE
39385	17	2746	Saturday	DATE
39385	17	2756	Sunday	DATE
39385	17	2821	Friday	DATE
39385	17	2828	afternoon	TIME
39385	17	2852	Sunday	DATE
39385	17	2859	afternoon	TIME
39385	17	2909	Monday	DATE
39385	17	3034	one summer--	DATE
39385	17	3118	the whole winter	DATE
39385	17	3170	every summer	DATE
39385	17	3202	about three weeks or four	DATE
39385	19	10	street	GEONOUN
39385	19	28	Duchnovicova	PLACE
39385	21	8	house	GEONOUN
39385	21	254	street	GEONOUN
39385	22	77	entrance	GEONOUN
39385	22	217	houses	GEONOUN
39385	22	252	gardens	GEONOUN
39385	22	475	entrance	GEONOUN
39385	22	604	wood	GEONOUN
39385	22	660	wood	GEONOUN
39385	22	689	the winter--	DATE
39385	22	782	wood	GEONOUN
39385	22	865	yard	GEONOUN
39385	22	893	entrance	GEONOUN
39385	22	1008	yard	GEONOUN
39385	22	1031	flower garden	GEONOUN
39385	22	1076	lawn	GEONOUN
39385	22	1121	shed	GEONOUN
39385	22	1136	wood	GEONOUN
39385	23	85	property	GEONOUN
39385	23	269	store	GEONOUN
39385	23	286	between 12:00 and 2:00	TIME
39385	23	360	yard	GEONOUN
39385	23	547	room	GEONOUN
39385	23	617	house	GEONOUN
39385	23	1365	today	DATE
39385	23	1605	every day	DATE
39385	23	1686	wood	GEONOUN
39385	23	1778	room	GEONOUN
39385	23	1876	room	GEONOUN
39385	24	194	store	GEONOUN
39385	24	218	Thursdays	DATE
39385	24	235	market	GEONOUN
39385	24	291	mountains	GEONOUN
39385	24	664	Jewish	GEONOUN
39385	27	26	Jewish	GEONOUN
39385	27	67	six months	DATE
39385	27	132	today	DATE
39385	27	231	six months	DATE
39385	30	59	Pressburg	PLACE
39385	30	79	Bratislava	CITY
39385	30	103	17 or 18 years old	DATE
39385	30	191	Czechoslovakia	COUNTRY
39385	30	225	two years	DATE
39385	30	273	Moravia	PLACE
39385	30	299	Czechoslovakia	COUNTRY
39385	30	323	Bohemia	PLACE
39385	30	332	Moravia	PLACE
39385	30	345	Slovakia	COUNTRY
39385	30	388	Brno	CITY
39385	30	411	two years	DATE
39385	30	473	college	GEONOUN
39385	31	59	Prague	CITY
39385	31	299	eight, nine years old	DATE
39385	31	436	high school	GEONOUN
39385	31	514	college	GEONOUN
39385	31	534	high school	GEONOUN
39385	31	595	Bratislava	CITY
39385	32	116	rooms	GEONOUN
39385	32	182	room	GEONOUN
39385	34	205	school	GEONOUN
39385	34	326	school	GEONOUN
39385	34	432	mud	GEONOUN
39385	34	626	six	DATE
39385	36	142	library	GEONOUN
39385	36	261	Jewish	GEONOUN
39385	37	254	the last few years	DATE
39385	38	21	school	GEONOUN
39385	38	31	the morning	TIME
39385	38	64	8 o'clock	TIME
39385	38	165	school	GEONOUN
39385	38	280	school	GEONOUN
39385	38	458	school	GEONOUN
39385	38	508	school	GEONOUN
39385	39	149	school	GEONOUN
39385	39	217	school	GEONOUN
39385	39	282	the afternoon	TIME
39385	39	301	school	GEONOUN
39385	40	55	Jewish	GEONOUN
39385	40	75	hometown	GEONOUN
39385	40	215	Friday	DATE
39385	40	222	afternoon	TIME
39385	40	282	Saturday	DATE
39385	40	295	Sunday	DATE
39385	40	352	Jewish	GEONOUN
39385	40	406	Saturday	DATE
39385	40	527	the holidays	DATE
39385	40	637	three-day holiday	DATE
39385	40	656	the third day	DATE
39385	40	722	no morning	TIME
39385	40	753	synagogue	GEONOUN
39385	40	776	the afternoon	TIME
39385	40	1093	Saturday	DATE
39385	40	1102	afternoon	TIME
39385	40	1259	the holidays	DATE
39385	40	1396	a different day	DATE
39385	40	1424	a weekday	DATE
39385	41	6	Shabbat	DATE
39385	41	141	the afternoon	TIME
39385	41	264	later in the afternoon	TIME
39385	41	390	promenade	GEONOUN
39385	41	485	main street	GEONOUN
39385	41	615	winter days	DATE
39385	41	662	main street	GEONOUN
39385	41	1044	Sunday	DATE
39385	41	1206	Saturday	DATE
39385	41	1219	a day	DATE
39385	41	1244	the week	DATE
39385	42	642	early next day	DATE
39385	42	704	Saturday	DATE
39385	42	789	the holidays	DATE
39385	42	865	Tisha B'Av	DATE
39385	42	882	the fast day	DATE
39385	42	1103	Tisha B'Av	DATE
39385	44	274	11 or 12 years old	DATE
39385	44	465	Bergen	CITY
39385	44	732	about 15 or 16	DATE
39385	44	776	Auschwitz	CAMP
39385	44	843	Ravensbrück	PLACE
39385	44	892	Bergen-Belsen	CAMP
39385	44	1272	Israel	COUNTRY
39385	44	1319	Denver	CITY
39385	44	1327	Colorado	US-STATE
39385	45	107	college	GEONOUN
39385	45	165	12 years	DATE
39385	45	196	11 years	DATE
39385	45	429	a year older	DATE
39385	45	443	a year and a half older	DATE
39385	48	705	house	GEONOUN
39385	48	730	house	GEONOUN
39385	48	1127	waste	GEONOUN
39385	48	1193	crown	GEONOUN
39385	49	116	hometown	GEONOUN
39385	49	249	today	DATE
39385	49	404	store	GEONOUN
39385	49	972	houses	GEONOUN
39385	49	1267	store	GEONOUN
39385	50	232	town	GEONOUN
39385	50	370	community	GEONOUN
39385	50	617	corner	GEONOUN
39385	51	90	school	GEONOUN
39385	51	147	house	GEONOUN
39385	51	186	house	GEONOUN
39385	51	657	street	GEONOUN
39385	51	830	school	GEONOUN
39385	51	883	school	GEONOUN
39385	51	1027	fell	GEONOUN
39385	51	1041	river	GEONOUN
39385	51	1161	Pesach	DATE
39385	51	1310	Czechoslovakia	COUNTRY
39385	51	1410	the 1800s	DATE
39385	51	1622	fell	GEONOUN
39385	51	1636	river	GEONOUN
39385	51	1903	bank	GEONOUN
39385	51	1915	river	GEONOUN
39385	51	1946	river	GEONOUN
39385	51	2005	fell	GEONOUN
39385	52	86	Czechoslovakia	COUNTRY
39385	52	151	Hungary	COUNTRY
39385	52	234	Czechoslovakia	COUNTRY
39385	52	560	river	GEONOUN
39385	53	302	Christmas	DATE
39385	53	359	Christmas	DATE
39385	53	411	tree	GEONOUN
39385	53	916	house	GEONOUN
39385	53	1184	mountains	GEONOUN
39385	53	1554	cabins	GEONOUN
39385	53	1594	village	GEONOUN
39385	53	1722	cabins	GEONOUN
39385	53	1840	canteen	GEONOUN
39385	53	1861	canteen	GEONOUN
39385	53	1986	indoors	GEONOUN
39385	53	2211	trail	GEONOUN
39385	53	2406	the next day	DATE
39385	56	107	Czechoslovakia	COUNTRY
39385	57	12	1938	DATE
39385	57	21	1938	DATE
39385	58	16	14	DATE
39385	58	27	the age of 14	DATE
39385	58	60	Czechoslovakia	COUNTRY
39385	58	158	about three or four months	DATE
39385	58	233	Czech Republic	PLACE
39385	58	251	Czechoslovakia	COUNTRY
39385	59	327	a few weeks	DATE
39385	59	340	few months later	DATE
39385	59	457	'44	DATE
39385	60	18	plain	GEONOUN
39385	60	63	school	GEONOUN
39385	60	476	Jewish	GEONOUN
39385	63	20	Hungary	COUNTRY
39385	63	113	Jewish	GEONOUN
39385	64	18	'42	DATE
39385	64	54	'41	DATE
39385	64	460	a year or two	DATE
39385	64	1219	room	GEONOUN
39385	64	1659	four years	DATE
39385	64	1730	school	GEONOUN
39385	67	140	four years	DATE
39385	67	638	the last minute	TIME
39385	67	786	train	GEONOUN
39385	67	795	Auschwitz	CAMP
39385	67	869	train	GEONOUN
39385	67	944	labor camp	GEONOUN
39385	68	191	about 6 o'clock in the evening	TIME
39385	68	823	library	GEONOUN
39385	68	1241	store	GEONOUN
39385	68	1315	Europe	CONTINENT
39385	68	1805	university	GEONOUN
39385	68	1865	store	GEONOUN
39385	68	2352	courtyard	GEONOUN
39385	68	2378	apartment	GEONOUN
39385	68	2407	courtyard	GEONOUN
39385	68	2442	porch	GEONOUN
39385	68	2950	15	DATE
39385	68	3244	house	GEONOUN
39385	68	3934	downhill	GEONOUN
39385	68	4269	factory	GEONOUN
39385	68	4316	mountains	GEONOUN
39385	68	4342	wood	GEONOUN
39385	68	4359	wood	GEONOUN
39385	68	4404	wood factory	GEONOUN
39385	68	4409	factory	GEONOUN
39385	68	4435	yard	GEONOUN
39385	68	4485	hometown	GEONOUN
39385	68	4548	factory	GEONOUN
39385	68	4577	school	GEONOUN
39385	68	4902	store	GEONOUN
39385	68	5433	street	GEONOUN
39385	68	5448	main street	GEONOUN
39385	68	5687	pass	GEONOUN
39385	68	5829	school	GEONOUN
39385	68	6063	street	GEONOUN
39385	68	6083	the same day--	DATE
39385	68	6355	reach	GEONOUN
39385	68	6567	Theresienstadt	CAMP
39385	68	6748	Madagascar	COUNTRY
39385	68	6775	Madagascar	COUNTRY
39385	68	6801	island	GEONOUN
39385	68	6812	Africa	CONTINENT
39385	69	158	camps	GEONOUN
39385	69	230	camps	GEONOUN
39385	69	251	his 50s	DATE
39385	69	359	wood	GEONOUN
39385	69	386	a few weeks	DATE
39385	69	401	the summer	DATE
39385	69	596	country	GEONOUN
39385	69	625	Poland	COUNTRY
39385	69	782	area	GEONOUN
39385	69	793	Hungary	COUNTRY
39385	69	972	building	GEONOUN
39385	69	1006	building	GEONOUN
39385	69	1221	Poland	COUNTRY
39385	69	1237	fields	GEONOUN
39385	70	16	'42, '41	DATE
39385	70	168	Poland	COUNTRY
39385	70	196	Romania	COUNTRY
39385	70	356	200 years	DATE
39385	70	394	area	GEONOUN
39385	70	426	200 years	DATE
39385	70	572	Budapest	CITY
39385	70	615	train	GEONOUN
39385	70	651	Budapest	CITY
39385	70	782	a few days	DATE
39385	70	815	ministry	GEONOUN
39385	70	922	train	GEONOUN
39385	70	1051	Jewish	GEONOUN
39385	70	1230	Budapest	CITY
39385	70	1295	stairway	GEONOUN
39385	70	1323	room	GEONOUN
39385	70	1668	land	GEONOUN
39385	70	1716	land	GEONOUN
39385	70	1724	Poland	COUNTRY
39385	70	1813	85 years old	DATE
39385	70	1930	hometown	GEONOUN
39385	70	1985	85	DATE
39385	70	2251	train	GEONOUN
39385	70	2355	85	DATE
39385	73	28	train	GEONOUN
39385	73	54	train	GEONOUN
39385	73	137	85	DATE
39385	73	333	seven days	DATE
39385	73	768	road	GEONOUN
39385	73	780	a month or	DATE
39385	73	791	six weeks later	DATE
39385	73	911	train	GEONOUN
39385	75	48	a year or two	DATE
39385	76	30	'44	DATE
39385	76	43	'44	DATE
39385	76	172	town	GEONOUN
39385	76	347	three days	DATE
39385	76	364	Passover	EVENT
39385	76	379	the day after Passover	DATE
39385	76	410	Saturday	DATE
39385	76	419	night	TIME
39385	76	459	the morning	TIME
39385	76	608	synagogue	GEONOUN
39385	76	808	area	GEONOUN
39385	76	967	synagogue	GEONOUN
39385	76	1023	the Tuesday--	DATE
39385	76	1076	Tuesday	DATE
39385	76	1118	synagogue	GEONOUN
39385	76	1584	synagogue	GEONOUN
39385	76	1743	synagogue	GEONOUN
39385	77	7	sanctuary	GEONOUN
39385	77	36	sanctuary	GEONOUN
39385	78	192	street	GEONOUN
39385	78	469	Jewish	GEONOUN
39385	78	657	house	GEONOUN
39385	78	1032	synagogue	GEONOUN
39385	78	1065	the next day	DATE
39385	78	1177	brick factory	GEONOUN
39385	78	1183	factory	GEONOUN
39385	78	1194	Mukacevo	PLACE
39385	78	1269	the night	TIME
39385	78	1337	walls	GEONOUN
39385	78	1385	roof	GEONOUN
39385	78	1638	Mukacevo	PLACE
39385	78	1753	city	GEONOUN
39385	78	1863	Jewish	GEONOUN
39385	78	1962	divide	GEONOUN
39385	78	2115	divide	GEONOUN
39385	78	2184	divide	GEONOUN
39385	79	44	April 18	DATE
39385	79	77	'44-- 1944	DATE
39385	80	4	the night before	TIME
39385	80	613	house	GEONOUN
39385	80	639	house	GEONOUN
39385	80	664	house	GEONOUN
39385	80	746	basement	GEONOUN
39385	82	150	Theresienstadt	CAMP
39385	82	279	Auschwitz	CAMP
39385	82	310	about four or five weeks	DATE
39385	83	41	Jewish	GEONOUN
39385	83	64	hometown	GEONOUN
39385	83	174	farms	GEONOUN
39385	83	196	mountains	GEONOUN
39385	83	477	brick	GEONOUN
39385	83	533	brick factory	GEONOUN
39385	83	539	factory	GEONOUN
39385	83	584	hometown	GEONOUN
39385	84	14	train	GEONOUN
39385	85	32	street	GEONOUN
39385	86	23	windows	GEONOUN
39385	88	42	a few weeks	DATE
39385	88	199	houses	GEONOUN
39385	88	224	town	GEONOUN
39385	88	245	one night	TIME
39385	88	325	room	GEONOUN
39385	88	537	Jewish	GEONOUN
39385	88	588	house	GEONOUN
39385	88	656	today	DATE
39385	88	685	the Sunday	DATE
39385	88	776	spring	GEONOUN
39385	88	804	a later	DATE
39385	88	812	spring	GEONOUN
39385	88	847	country	GEONOUN
39385	88	878	area	GEONOUN
39385	88	916	bushes	GEONOUN
39385	88	929	trees	GEONOUN
39385	88	1035	fall	GEONOUN
39385	88	1045	fall	GEONOUN
39385	88	1082	the winter	DATE
39385	88	1114	trees	GEONOUN
39385	88	1165	ground	GEONOUN
39385	88	1177	earth	GEONOUN
39385	88	1273	spring	GEONOUN
39385	88	1339	trees	GEONOUN
39385	88	1391	year	DATE
39385	88	1504	some day	DATE
39385	88	1659	earth	GEONOUN
39385	88	1734	this summer	DATE
39385	88	1761	street	GEONOUN
39385	88	1813	street	GEONOUN
39385	88	1844	city hall	GEONOUN
39385	88	1972	windows	GEONOUN
39385	88	2015	house	GEONOUN
39385	88	2052	rooms	GEONOUN
39385	88	2689	street	GEONOUN
39385	89	9	a day or two	DATE
39385	91	103	house	GEONOUN
39385	91	307	Jewish	GEONOUN
39385	91	487	the next day	DATE
39385	91	654	only 17	DATE
39385	92	132	train	GEONOUN
39385	92	164	station	GEONOUN
39385	92	336	the evening	TIME
39385	92	381	roof	GEONOUN
39385	92	503	area	GEONOUN
39385	94	106	Auschwitz	CAMP
39385	94	119	the 21st of May	DATE
39385	95	0	'44	DATE
39385	95	49	a few nights	DATE
39385	95	69	train	GEONOUN
39385	95	221	windows	GEONOUN
39385	95	245	train	GEONOUN
39385	95	452	three days or so	DATE
39385	95	479	Auschwitz	CAMP
39385	95	510	the day	DATE
39385	95	548	the day	DATE
39385	95	575	Auschwitz	CAMP
39385	95	597	the 21st	DATE
39385	95	631	train	GEONOUN
39385	95	856	labor camp	GEONOUN
39385	95	933	train	GEONOUN
39385	97	51	concentration camps	GEONOUN
39385	97	268	Auschwitz	CAMP
39385	97	295	labor camp	GEONOUN
39385	97	400	labor camp	GEONOUN
39385	97	1410	nighttime	TIME
39385	97	1580	fields	GEONOUN
39385	97	1600	road	GEONOUN
39385	97	1998	building	GEONOUN
39385	97	2038	building	GEONOUN
39385	97	2080	hallway	GEONOUN
39385	97	2133	walls	GEONOUN
39385	97	2547	room	GEONOUN
39385	97	2570	room	GEONOUN
39385	97	2668	rooms	GEONOUN
39385	97	2767	room	GEONOUN
39385	97	2828	a few years older	DATE
39385	97	2891	room	GEONOUN
39385	97	3022	corner	GEONOUN
39385	97	3294	fell	GEONOUN
39385	97	3364	the morning	TIME
39385	97	3516	road	GEONOUN
39385	97	3532	camp	GEONOUN
39385	97	3795	years	DATE
39385	97	4180	camp	GEONOUN
39385	97	4991	last night	TIME
39385	97	5307	a few days	DATE
39385	102	36	scar	GEONOUN
39385	102	124	scar	GEONOUN
39385	102	484	block	GEONOUN
39385	102	695	store	GEONOUN
39385	104	568	prison	GEONOUN
39385	104	627	night	TIME
39385	104	924	hours	TIME
39385	104	984	the morning--	TIME
39385	104	1015	the few days	DATE
39385	106	52	nighttime	TIME
39385	106	73	the morning	TIME
39385	106	129	an hour	TIME
39385	108	766	a week or two later	DATE
39385	108	877	Birkenau	CAMP
39385	108	907	Birkenau	CAMP
39385	108	1161	barracks	GEONOUN
39385	108	1218	street	GEONOUN
39385	108	1229	barracks	GEONOUN
39385	108	1341	barracks	GEONOUN
39385	108	1416	mountains	GEONOUN
39385	108	1439	mountains	GEONOUN
39385	108	1611	more than a day	DATE
39385	108	2097	Svalava	PLACE
39385	108	2274	university	GEONOUN
39385	108	2288	Prague	CITY
39385	108	2620	hometown	GEONOUN
39385	108	2879	barracks	GEONOUN
39385	108	2976	hometown	GEONOUN
39385	108	3092	store	GEONOUN
39385	108	3517	every day	DATE
39385	108	3757	one day	DATE
39385	108	3870	barracks	GEONOUN
39385	108	4062	works	GEONOUN
39385	108	4209	Mukachevo	CITY
39385	108	4350	Auschwitz	CAMP
39385	108	4957	windows	GEONOUN
39385	108	5209	rooms	GEONOUN
39385	108	5371	a few weeks later	DATE
39385	108	5553	stone	GEONOUN
39385	108	5921	Slovakia	COUNTRY
39385	108	6612	hospital	GEONOUN
39385	111	16	infirmary	GEONOUN
39385	111	390	mud	GEONOUN
39385	111	406	mud	GEONOUN
39385	111	503	infirmary	GEONOUN
39385	111	981	camp	GEONOUN
39385	111	1998	kettle	GEONOUN
39385	111	2822	every morning	TIME
39385	111	2898	chamber	GEONOUN
39385	111	3053	a few more days	DATE
39385	111	3287	camp	GEONOUN
39385	111	3492	Birkenau	CAMP
39385	111	3682	crematory	GEONOUN
39385	111	3796	Auschwitz	CAMP
39385	111	4022	January the 18th	DATE
39385	111	4229	night	TIME
39385	111	4236	the night before	TIME
39385	111	4258	the next day--	DATE
39385	111	4296	nighttime	TIME
39385	111	4359	Auschwitz	CAMP
39385	111	4494	field	GEONOUN
39385	111	4838	night	TIME
39385	111	4849	field	GEONOUN
39385	111	4899	the night	TIME
39385	111	5272	fields	GEONOUN
39385	111	5385	the night	TIME
39385	111	5855	Magdeburg	CITY
39385	111	5884	Berlin	CITY
39385	111	6064	Berlin	CITY
39385	111	6096	erector	GEONOUN
39385	111	6340	Berlin	CITY
39385	111	6370	Ravensbrück	PLACE
39385	111	6577	rough	GEONOUN
39385	111	6840	days later	DATE
39385	111	6870	Malchow	CAMP
39385	111	6890	camp	GEONOUN
39385	111	7246	Malchow	CAMP
39385	111	7334	10, 12-year-old	DATE
39385	111	7364	rocks	GEONOUN
39385	111	7536	Malchow	CAMP
39385	111	7681	Frankfurt	PLACE
39385	111	7698	station	GEONOUN
39385	111	8028	train	GEONOUN
39385	111	8113	railway station	GEONOUN
39385	111	8121	station	GEONOUN
39385	111	8140	station	GEONOUN
39385	111	8333	train	GEONOUN
39385	111	8386	train	GEONOUN
39385	111	8405	Leipzig	CITY
39385	111	8421	Leipzig	CITY
39385	111	8561	building	GEONOUN
39385	111	8613	factory	GEONOUN
39385	111	9306	infirmary	GEONOUN
39385	111	9371	the same day	DATE
39385	111	9494	building	GEONOUN
39385	111	9558	building	GEONOUN
39385	111	9572	building	GEONOUN
39385	111	9698	building	GEONOUN
39385	111	9770	pitch	GEONOUN
39385	111	10098	fields	GEONOUN
39385	111	10117	forests	GEONOUN
39385	111	10268	the morning	TIME
39385	111	10932	land	GEONOUN
39385	111	11046	shelter	GEONOUN
39385	111	11135	hill	GEONOUN
39385	111	11178	trees	GEONOUN
39385	111	11643	the evening	TIME
39385	111	11702	camp	GEONOUN
39385	111	11856	the evening	TIME
39385	111	12294	town	GEONOUN
39385	111	12620	village	GEONOUN
39385	111	12896	Germany	COUNTRY
39385	111	13043	attic	GEONOUN
39385	111	13108	attic	GEONOUN
39385	111	13364	camp	GEONOUN
39385	111	13496	camp	GEONOUN
39385	111	13709	Yugoslavia	CAMP
39385	111	13736	Italy	COUNTRY
39385	111	13779	Europe	CONTINENT
39385	111	14098	days	DATE
39385	111	14432	barn	GEONOUN
39385	111	14441	the night	TIME
39385	111	14523	downstairs	GEONOUN
39385	111	14577	barn	GEONOUN
39385	111	14603	field	GEONOUN
39385	111	14629	farm	GEONOUN
39385	111	14712	downstairs	GEONOUN
39385	111	14913	the next day	DATE
39385	111	15351	Italy	COUNTRY
39385	111	15422	Jewish	GEONOUN
39385	111	15648	Prague	CITY
39385	111	15660	Prague	CITY
39385	111	15767	Prague	CITY
39385	111	15870	first night	TIME
39385	111	15887	monastery	GEONOUN
39385	111	16073	Prague	CITY
39385	111	16215	the next day	DATE
39385	111	16251	monastery	GEONOUN
39385	111	16711	plaza	GEONOUN
39385	111	16992	apartment	GEONOUN
39385	111	17026	Budapest	CITY
39385	111	17158	Prague	CITY
39385	111	17378	Theresienstadt	CAMP
39385	111	18151	Prague	CITY
39385	111	18185	house	GEONOUN
39385	111	18240	Budapest	CITY
39385	111	18388	America	COUNTRY
39385	111	18504	Europe	CONTINENT
39385	111	18667	country	GEONOUN
39385	111	18678	'46	DATE
39385	111	18686	June 24th	DATE
39385	111	18714	May	DATE
39385	111	18794	Prague	CITY
39385	111	18813	Prague	CITY
39385	111	18899	Germany	COUNTRY
39385	111	18939	the United States	COUNTRY
39385	111	19055	Sweden	COUNTRY
39385	111	19104	a week later	DATE
39385	111	19330	country	GEONOUN
39385	112	10	June 24th	DATE
39385	112	34	July the 1st	DATE
39385	113	0	'46	DATE
39385	113	16	'46	DATE
39385	114	17	'46	DATE
39385	115	22	country	GEONOUN
39385	116	52	boat	GEONOUN
39385	116	249	boat	GEONOUN
39385	116	569	boat	GEONOUN
39385	116	667	boat	GEONOUN
39385	116	843	Germany	COUNTRY
39385	116	1055	New York	US-STATE
39385	116	1284	boat	GEONOUN
39385	116	1486	Columbus	CITY
39385	116	1520	America	COUNTRY
39385	116	1699	boat	GEONOUN
39385	116	1909	dock	GEONOUN
39385	116	1922	docks	GEONOUN
39385	118	0	43 years	DATE
39385	120	242	Ann Arbor	CITY
39385	123	104	country	GEONOUN
39385	127	70	12 years	DATE
39385	127	126	a year and a half older	DATE
39385	128	26	1993	DATE
39385	128	65	hometown	GEONOUN
39385	128	107	house	GEONOUN
39385	129	8	Svalava	PLACE
39385	129	21	street	GEONOUN
39385	131	4	country	GEONOUN
39385	131	31	Ukraine	COUNTRY
39385	131	51	Czechoslovakia	COUNTRY
39385	132	115	World War I.	EVENT
39385	132	290	street	GEONOUN
39385	132	373	Svalava	PLACE
39385	133	38	Prague	CITY
39385	133	66	1943	DATE
39385	133	87	1930s	DATE
39385	133	94	late '30s	DATE
39385	133	143	university	GEONOUN
39385	134	52	university	GEONOUN
39385	134	66	Budapest	CITY
39385	134	91	Prague	CITY
39385	135	18	1946	DATE
39385	135	28	a few weeks	DATE
39385	135	61	country	GEONOUN
39385	136	104	the beginning of the century	DATE
39385	136	181	the summer	DATE
39385	138	78	Baden	CITY
39385	138	114	country	GEONOUN
39385	138	140	1946	DATE
39385	144	18	1946	DATE
39385	144	61	February	DATE
39385	144	87	Baden	CITY
39385	144	108	Germany	COUNTRY
39385	144	149	country	GEONOUN
39385	145	281	synagogue	GEONOUN
39385	146	77	Ann Arbor	CITY
39385	147	41	St. Louis	CITY
39385	149	66	town	GEONOUN
39385	150	51	town	GEONOUN
39385	151	173	the early '80s--	DATE
39385	151	194	later '80s	DATE
39385	151	206	about '80-- '86	DATE
39385	151	225	'87	DATE
39385	152	41	Prague	CITY
39385	152	56	Germany	COUNTRY
39385	152	135	Prague	CITY
39385	152	145	Germany	COUNTRY
39385	152	161	the United States	COUNTRY
