FileID	AnswerID	StartCharPos	Entity	Type
39949	6	3	Nuremberg	CAMP
39949	7	0	The 24th of December, 1920	DATE
39949	8	4	78	DATE
39949	9	0	Brussels	CITY
39949	10	0	Belgium	COUNTRY
39949	18	348	a week	DATE
39949	19	80	London	CITY
39949	20	38	Russia	COUNTRY
39949	20	97	Poland	COUNTRY
39949	20	119	Russia	COUNTRY
39949	22	8	Poland	COUNTRY
39949	22	80	Nuremberg	CAMP
39949	23	33	Jewish	GEONOUN
39949	29	49	Belgium	COUNTRY
39949	31	13	five years	DATE
39949	34	104	opera	GEONOUN
39949	35	140	synagogue	GEONOUN
39949	35	176	Thursday	DATE
39949	35	185	afternoon	TIME
39949	35	302	one day	DATE
39949	35	378	bar	GEONOUN
39949	35	411	bar	GEONOUN
39949	37	79	library	GEONOUN
39949	42	146	school	GEONOUN
39949	43	211	Jewish	GEONOUN
39949	43	619	school	GEONOUN
39949	43	1343	school	GEONOUN
39949	43	1455	school	GEONOUN
39949	43	1491	school	GEONOUN
39949	43	1518	school	GEONOUN
39949	46	97	Belgium	COUNTRY
39949	46	382	one day	DATE
39949	46	1530	Brussels	CITY
39949	46	2071	every day	DATE
39949	50	43	street	GEONOUN
39949	50	422	hours and hours	TIME
39949	59	304	the morning	TIME
39949	59	346	the day	DATE
39949	59	358	night	TIME
39949	59	399	the next morning	TIME
39949	60	127	Belgium	COUNTRY
39949	60	224	Belgium	COUNTRY
39949	61	269	concentration camp	GEONOUN
39949	61	555	Jewish	GEONOUN
39949	63	104	Brussels	CITY
39949	63	206	one second	TIME
39949	63	642	Jewish	GEONOUN
39949	65	161	Germany	COUNTRY
39949	67	102	street	GEONOUN
39949	69	342	street	GEONOUN
39949	69	964	Germany	COUNTRY
39949	69	1160	hospital	GEONOUN
39949	69	1663	Germany	COUNTRY
39949	71	31	about '41	DATE
39949	80	15	room	GEONOUN
39949	80	77	house	GEONOUN
39949	80	123	house	GEONOUN
39949	80	143	room	GEONOUN
39949	96	56	roof	GEONOUN
39949	96	191	post	GEONOUN
39949	96	235	London	CITY
39949	96	492	street	GEONOUN
39949	96	628	house	GEONOUN
39949	96	691	basement	GEONOUN
39949	96	771	London	CITY
39949	96	783	post	GEONOUN
39949	96	1117	roof	GEONOUN
39949	96	1187	roof	GEONOUN
39949	96	1424	Europe	CONTINENT
39949	96	1455	windows	GEONOUN
39949	96	1479	roof	GEONOUN
39949	96	1882	that day--	DATE
39949	96	2058	downstairs	GEONOUN
39949	96	2132	two, three days	DATE
39949	99	19	mission	GEONOUN
39949	99	284	that day	DATE
39949	101	36	railway	GEONOUN
39949	101	54	gare du Midi	PLACE
39949	101	143	that day	DATE
39949	101	415	houses	GEONOUN
39949	101	602	A few nights later	DATE
39949	101	790	night	TIME
39949	101	1498	Porte de Namur--	PLACE
39949	101	2413	two, three days	DATE
39949	101	2483	Namur	CITY
39949	101	2502	farms	GEONOUN
39949	102	23	about 18	DATE
39949	108	110	daily	DATE
39949	111	382	concentration camp	GEONOUN
39949	112	49	'42	DATE
39949	113	0	Auschwitz	CAMP
39949	117	147	forest	GEONOUN
39949	117	158	the morning	TIME
39949	117	239	forest	GEONOUN
39949	117	255	early in the morning	TIME
39949	117	296	forest	GEONOUN
39949	117	395	morning	TIME
39949	117	445	foot	GEONOUN
39949	117	500	foot	GEONOUN
39949	120	1171	forest	GEONOUN
39949	120	1284	corner	GEONOUN
39949	120	1485	three days	DATE
39949	120	1625	forest	GEONOUN
39949	122	503	the day	DATE
39949	123	215	France	COUNTRY
39949	123	990	street	GEONOUN
39949	124	81	forest	GEONOUN
39949	124	175	three years	DATE
39949	125	7	forest	GEONOUN
39949	125	127	forest	GEONOUN
39949	125	145	early in the morning	TIME
39949	126	4	a few hours	TIME
39949	126	17	A few hours	TIME
39949	126	36	a few hours	TIME
39949	126	70	a week	DATE
39949	130	95	Argentina	COUNTRY
39949	134	57	Sunday	DATE
39949	134	64	morning	TIME
39949	136	74	'	DATE
39949	136	75	42	DATE
39949	136	83	'45	DATE
39949	136	95	'45	DATE
39949	136	117	'45	DATE
39949	137	424	apartment	GEONOUN
39949	138	64	Argentina	COUNTRY
39949	138	613	France	COUNTRY
39949	138	624	France	COUNTRY
39949	138	661	Paris	CITY
39949	138	772	Argentina	COUNTRY
39949	138	991	Belgium	COUNTRY
39949	138	1066	England	PLACE
39949	138	1142	Argentina	COUNTRY
39949	138	1371	Argentina	COUNTRY
39949	139	3	'47	DATE
39949	140	93	room	GEONOUN
39949	141	69	Germany	COUNTRY
39949	141	509	Argentina	COUNTRY
39949	142	516	restaurant	GEONOUN
39949	142	546	restaurant	GEONOUN
39949	142	2485	the next-- next evening	TIME
39949	142	2590	Brussels	CITY
39949	142	2716	Brussels	CITY
39949	142	2734	Brussels	CITY
39949	142	2783	Brussels	CITY
39949	142	3079	53 years old-- ago	DATE
39949	145	307	five years	DATE
39949	145	336	five years	DATE
39949	147	30	eight day after	DATE
39949	147	84	Berlin	CITY
39949	148	0	'41	DATE
39949	151	55	room	GEONOUN
39949	151	93	street	GEONOUN
39949	151	194	Jewish	GEONOUN
39949	152	56	room	GEONOUN
39949	152	70	room	GEONOUN
39949	153	0	Brussels	CITY
39949	154	6	Argentina	COUNTRY
39949	154	33	Belgium	COUNTRY
39949	154	135	a few years	DATE
39949	154	175	Europe	CONTINENT
39949	154	198	Argentina	COUNTRY
39949	154	273	Canada	COUNTRY
39949	160	105	Brussels	CITY
39949	163	21	Canada	COUNTRY
39949	163	94	store	GEONOUN
39949	163	172	Europe	CONTINENT
39949	163	264	store	GEONOUN
39949	163	308	many years	DATE
39949	167	187	raise	GEONOUN
39949	167	258	school	GEONOUN
39949	170	362	concentration camp	GEONOUN
39949	170	1285	concentration camp	GEONOUN
39949	170	1834	concentration camp	GEONOUN
39949	171	244	One morning	TIME
39949	171	427	house	GEONOUN
39949	175	52	1980	DATE
39949	177	107	Nuremberg	CAMP
39949	177	118	Germany	COUNTRY
39949	178	139	about five or six years old	DATE
39949	178	195	eight years--	DATE
39949	178	219	five years	DATE
39949	179	35	Strasbourg	CITY
39949	179	144	22-- 22 years old--	DATE
39949	179	215	Brussels	CITY
39949	180	88	Brussels	CITY
39949	180	378	street	GEONOUN
39949	180	509	building	GEONOUN
39949	180	580	Brussels	CITY
39949	182	6	Avenue Louise	PLACE
39949	182	21	Avenue Louise	PLACE
39949	184	76	40 years old	DATE
39949	184	121	48	DATE
39949	185	83	five years-- no--	DATE
39949	185	101	six years	DATE
39949	185	115	nine years	DATE
39949	185	170	Boston	CITY
