FileID	AnswerID	StartCharPos	Entity	Type
40180	4	0	October the 8, 1926	DATE
40180	6	14	Korolowka	PLACE
40180	7	16	Poland	COUNTRY
40180	7	37	Ukraine	COUNTRY
40180	7	67	Korolivka	PLACE
40180	12	45	land	GEONOUN
40180	12	51	fields	GEONOUN
40180	15	328	house	GEONOUN
40180	15	340	the last years	DATE
40180	15	371	store	GEONOUN
40180	15	391	house	GEONOUN
40180	15	440	house	GEONOUN
40180	15	544	Europe	CONTINENT
40180	17	226	house	GEONOUN
40180	17	289	the summer	DATE
40180	17	482	environment	GEONOUN
40180	20	6	Passover	DATE
40180	20	71	Passover	EVENT
40180	20	173	today	DATE
40180	20	387	spring	GEONOUN
40180	20	416	Passover	EVENT
40180	22	0	Shabbos	DATE
40180	22	77	the morning	TIME
40180	22	204	Shabbos	DATE
40180	22	297	Shabbos	DATE
40180	24	270	Jewish	GEONOUN
40180	25	113	country	GEONOUN
40180	25	185	the winter	DATE
40180	25	275	the summer	DATE
40180	25	316	the winter	DATE
40180	26	11	Jewish	GEONOUN
40180	26	25	Jewish	GEONOUN
40180	26	218	city	GEONOUN
40180	26	255	Warsaw	CITY
40180	26	265	Lwów	PLACE
40180	26	292	every week	DATE
40180	26	442	'38	DATE
40180	26	460	Austria	COUNTRY
40180	26	553	Canada	COUNTRY
40180	26	631	Jewish	GEONOUN
40180	26	675	Jewish	GEONOUN
40180	26	700	Canada	COUNTRY
40180	26	708	Jewish	GEONOUN
40180	26	739	land	GEONOUN
40180	26	1037	almost 18	DATE
40180	26	1207	1939	DATE
40180	26	1216	February	DATE
40180	26	1266	city	GEONOUN
40180	26	1313	Czortków	PLACE
40180	26	1436	Czortków	PLACE
40180	26	1797	Saskatchewan	PLACE
40180	26	1875	boat	GEONOUN
40180	26	1897	Canada	COUNTRY
40180	26	1949	farm	GEONOUN
40180	26	1962	Saskatchewan	PLACE
40180	26	2061	houses	GEONOUN
40180	26	2080	houses	GEONOUN
40180	26	2103	house	GEONOUN
40180	26	2162	backyard	GEONOUN
40180	26	2177	barns	GEONOUN
40180	26	2276	fence	GEONOUN
40180	26	2353	Europe	CONTINENT
40180	26	2426	land	GEONOUN
40180	26	2462	land	GEONOUN
40180	26	2475	houses	GEONOUN
40180	26	2501	house	GEONOUN
40180	26	2550	Warsaw	CITY
40180	26	2557	the 1st of September--	DATE
40180	26	2580	the 8th of September	DATE
40180	26	2606	the 1st of September	DATE
40180	26	2754	Poland	COUNTRY
40180	30	91	Jewish	GEONOUN
40180	30	108	Korolowka	PLACE
40180	30	251	city	GEONOUN
40180	30	259	Korolowka	PLACE
40180	30	279	town	GEONOUN
40180	30	294	hill	GEONOUN
40180	30	347	city	GEONOUN
40180	30	611	Jewish	GEONOUN
40180	31	129	town	GEONOUN
40180	31	193	market	GEONOUN
40180	31	315	Jewish	GEONOUN
40180	31	428	a week	DATE
40180	31	439	a day	DATE
40180	31	767	hundreds of years	DATE
40180	33	17	school	GEONOUN
40180	35	12	the last years	DATE
40180	36	74	Poland	COUNTRY
40180	36	578	recess	GEONOUN
40180	36	671	Jewish	GEONOUN
40180	36	753	recess	GEONOUN
40180	36	980	the last years	DATE
40180	36	1089	1939	DATE
40180	37	22	10 years old	DATE
40180	37	39	1936	DATE
40180	38	78	Israel	COUNTRY
40180	38	108	Palestine	CITY
40180	38	221	Israel	COUNTRY
40180	40	107	school	GEONOUN
40180	40	134	school	GEONOUN
40180	40	162	town	GEONOUN
40180	45	112	river	GEONOUN
40180	45	140	river	GEONOUN
40180	45	154	the summer	DATE
40180	45	199	fields	GEONOUN
40180	45	228	fields	GEONOUN
40180	45	264	fields	GEONOUN
40180	45	330	fall	GEONOUN
40180	45	491	town	GEONOUN
40180	45	576	school	GEONOUN
40180	45	584	cheder	PLACE
40180	45	602	cheder	PLACE
40180	45	616	school	GEONOUN
40180	45	634	cheder	PLACE
40180	45	824	Europe	CONTINENT
40180	46	120	'38, '39	DATE
40180	46	202	rocks	GEONOUN
40180	46	220	windows	GEONOUN
40180	46	236	Jewish	GEONOUN
40180	46	359	town	GEONOUN
40180	46	405	Bilcze Zlote	PLACE
40180	46	562	a few months	DATE
40180	46	612	bridge	GEONOUN
40180	46	640	river	GEONOUN
40180	46	647	The Seret,	PLACE
40180	46	691	bridge	GEONOUN
40180	46	711	a Sunday	DATE
40180	46	737	the week	DATE
40180	46	785	school	GEONOUN
40180	46	885	rock	GEONOUN
40180	46	994	rocks	GEONOUN
40180	46	1295	rocks	GEONOUN
40180	46	1366	village	GEONOUN
40180	46	1390	town	GEONOUN
40180	48	62	Poland	COUNTRY
40180	48	69	fell	GEONOUN
40180	48	267	any minute	TIME
40180	48	282	every day	DATE
40180	48	406	every day	DATE
40180	48	454	fell	GEONOUN
40180	48	522	about a little over two weeks	DATE
40180	48	619	Romania	COUNTRY
40180	49	42	September	DATE
40180	49	69	October	DATE
40180	50	32	'39	DATE
40180	50	39	September	DATE
40180	50	50	the 1st of September	DATE
40180	50	103	about a little over two weeks later	DATE
40180	50	169	Romania	COUNTRY
40180	50	243	tip	GEONOUN
40180	50	265	tip	GEONOUN
40180	50	272	Poland	COUNTRY
40180	50	418	Romania	COUNTRY
40180	50	550	mountain	GEONOUN
40180	52	80	town	GEONOUN
40180	52	165	two weeks	DATE
40180	52	326	town	GEONOUN
40180	52	570	Poland	COUNTRY
40180	52	676	town	GEONOUN
40180	52	686	Korolowka	PLACE
40180	52	716	station	GEONOUN
40180	52	911	Russia	COUNTRY
40180	52	1155	stable	GEONOUN
40180	52	1471	Siberia	PLACE
40180	52	1755	the Soviet Union	PLACE
40180	52	1804	house	GEONOUN
40180	52	2071	1941	DATE
40180	54	657	Borszczow	PLACE
40180	54	679	town	GEONOUN
40180	54	731	Borszczow	PLACE
40180	54	979	three years	DATE
40180	54	1014	eight years	DATE
40180	54	1103	Kolomyya	PLACE
40180	54	1153	Stanislavov	PLACE
40180	54	1292	hiding place	GEONOUN
40180	54	1337	the second year	DATE
40180	54	1358	the first year	DATE
40180	55	40	19-- 1940	DATE
40180	55	84	area	GEONOUN
40180	55	152	Poland	COUNTRY
40180	55	367	Poland	COUNTRY
40180	55	428	Poland	COUNTRY
40180	55	552	Poland	COUNTRY
40180	55	770	house	GEONOUN
40180	55	1017	1940	DATE
40180	55	1434	one day	DATE
40180	55	1483	one evening	TIME
40180	55	1585	Siberia	PLACE
40180	55	1856	Siberia	PLACE
40180	55	1966	Jewish	GEONOUN
40180	55	2050	Siberia	PLACE
40180	55	2123	'41	DATE
40180	55	2142	England	PLACE
40180	55	2154	America	COUNTRY
40180	55	2163	the United States	COUNTRY
40180	55	2228	Russia	COUNTRY
40180	55	2355	Russia	COUNTRY
40180	55	2425	Jewish	GEONOUN
40180	56	71	the High Holidays	DATE
40180	56	134	Saturday	DATE
40180	56	146	school	GEONOUN
40180	56	157	the High Holidays	DATE
40180	56	216	town	GEONOUN
40180	57	236	19	DATE
40180	57	244	1930	DATE
40180	57	299	1939	DATE
40180	57	500	land	GEONOUN
40180	57	506	Poland	COUNTRY
40180	57	546	1934	DATE
40180	57	558	'38	DATE
40180	57	591	land	GEONOUN
40180	57	744	Jewish	GEONOUN
40180	57	843	Jewish	GEONOUN
40180	58	3	'41	DATE
40180	58	34	the 22nd of June	DATE
40180	58	181	Russia	COUNTRY
40180	58	377	Borszczow	PLACE
40180	58	417	city	GEONOUN
40180	58	432	town	GEONOUN
40180	58	479	Russia	COUNTRY
40180	58	606	Holocaust	EVENT
40180	58	763	properties	GEONOUN
40180	58	917	retreat	GEONOUN
40180	58	980	fell	GEONOUN
40180	59	244	Russia	COUNTRY
40180	59	332	a few days	DATE
40180	59	356	Kiev	PLACE
40180	59	492	Romania	COUNTRY
40180	59	506	Bucovina	PLACE
40180	59	537	town	GEONOUN
40180	59	939	camp	GEONOUN
40180	59	1055	Korolowka	PLACE
40180	59	1248	house	GEONOUN
40180	59	1300	windows	GEONOUN
40180	59	1371	house	GEONOUN
40180	59	1968	town	GEONOUN
40180	59	1982	Jewish	GEONOUN
40180	59	2284	town	GEONOUN
40180	59	2356	Jewish	GEONOUN
40180	59	2468	city	GEONOUN
40180	59	2626	town	GEONOUN
40180	59	2720	wells	GEONOUN
40180	59	2847	river	GEONOUN
40180	59	2951	1941	DATE
40180	60	82	about two or three weeks	DATE
40180	60	310	town	GEONOUN
40180	60	375	1943	DATE
40180	61	178	Jewish	GEONOUN
40180	61	231	Jewish	GEONOUN
40180	61	336	Jewish	GEONOUN
40180	61	450	Jewish	GEONOUN
40180	61	575	Jewish	GEONOUN
40180	61	1236	town	GEONOUN
40180	61	1374	the first year	DATE
40180	61	1472	fields	GEONOUN
40180	62	4	'41	DATE
40180	62	16	the summer	DATE
40180	62	41	the summer	DATE
40180	62	73	September	DATE
40180	62	207	Ukraine	COUNTRY
40180	62	231	Czechoslovakia	COUNTRY
40180	62	325	town	GEONOUN
40180	62	333	town	GEONOUN
40180	62	396	Bilcze--	PLACE
40180	62	405	Bilcze Zlote	PLACE
40180	62	459	Bilcze	PLACE
40180	62	492	town	GEONOUN
40180	62	685	town	GEONOUN
40180	62	829	town	GEONOUN
40180	62	873	area	GEONOUN
40180	62	889	area	GEONOUN
40180	62	1090	21	DATE
40180	62	1112	street	GEONOUN
40180	62	1212	Kamenets	PLACE
40180	62	1221	Podolsk	CITY
40180	62	1694	Kamenets-Podolsk	PLACE
40180	62	1756	Kamenets-Podolsk	PLACE
40180	62	1782	cemetery	GEONOUN
40180	62	1814	cemetery	GEONOUN
40180	62	1973	town	GEONOUN
40180	62	1981	town	GEONOUN
40180	62	1994	forest	GEONOUN
40180	62	2102	town	GEONOUN
40180	62	2415	10	TIME
40180	62	2430	2 or 1	TIME
40180	62	2461	house	GEONOUN
40180	62	2510	apartment	GEONOUN
40180	62	2527	house	GEONOUN
40180	62	2564	room	GEONOUN
40180	62	2758	fields	GEONOUN
40180	62	2921	about the end of September	DATE
40180	62	2959	the middle of February	DATE
40180	63	0	1942	DATE
40180	63	152	town	GEONOUN
40180	63	359	town	GEONOUN
40180	63	456	town	GEONOUN
40180	63	547	fall	GEONOUN
40180	63	598	November	DATE
40180	63	608	December	DATE
40180	63	649	Jewish	GEONOUN
40180	63	736	area	GEONOUN
40180	63	771	town	GEONOUN
40180	63	867	camp	GEONOUN
40180	63	876	a few weeks	DATE
40180	63	1023	20s	DATE
40180	63	1061	25	DATE
40180	63	1129	camp	GEONOUN
40180	63	1159	labor camp	GEONOUN
40180	63	1273	building	GEONOUN
40180	63	1309	road	GEONOUN
40180	63	1344	rocks	GEONOUN
40180	63	1548	city	GEONOUN
40180	63	1759	camp	GEONOUN
40180	63	1911	A few weeks later	DATE
40180	63	2019	the winter before	DATE
40180	63	2038	the winter	DATE
40180	63	2191	estate	GEONOUN
40180	63	2236	estate	GEONOUN
40180	63	2911	fields	GEONOUN
40180	63	2935	spring	GEONOUN
40180	63	3140	15 years old	DATE
40180	63	3154	16	DATE
40180	63	3270	16	DATE
40180	63	3276	15	DATE
40180	63	3460	property	GEONOUN
40180	63	3563	house	GEONOUN
40180	63	3577	house	GEONOUN
40180	63	3617	room	GEONOUN
40180	63	3627	room	GEONOUN
40180	63	3730	room	GEONOUN
40180	63	3959	room	GEONOUN
40180	63	4450	entrance	GEONOUN
40180	63	4482	hiding place	GEONOUN
40180	63	4942	hiding place	GEONOUN
40180	63	4976	hiding place	GEONOUN
40180	63	4996	attic	GEONOUN
40180	63	5027	a few months--	DATE
40180	63	5060	every night	TIME
40180	63	5107	'42	DATE
40180	63	5125	attic	GEONOUN
40180	63	5155	barn	GEONOUN
40180	63	5216	barn	GEONOUN
40180	63	5257	barn	GEONOUN
40180	63	5547	area	GEONOUN
40180	63	5648	slope	GEONOUN
40180	63	5672	attic	GEONOUN
40180	63	5817	hiding place	GEONOUN
40180	63	6013	roof	GEONOUN
40180	63	6110	roof	GEONOUN
40180	64	58	spring	GEONOUN
40180	65	11	spring	GEONOUN
40180	65	21	'42--	DATE
40180	65	68	the winter	DATE
40180	65	88	March	DATE
40180	65	111	Purim	DATE
40180	65	162	town	GEONOUN
40180	65	208	village	GEONOUN
40180	65	273	village	GEONOUN
40180	65	370	town	GEONOUN
40180	65	408	house	GEONOUN
40180	65	765	camp	GEONOUN
40180	65	788	Passover	DATE
40180	65	874	between 12 and 50 or to 60	DATE
40180	65	1091	the first day of Passover	DATE
40180	65	1133	Borszczów	PLACE
40180	65	1328	Borszczów	PLACE
40180	65	1380	the morning	TIME
40180	65	1504	Passover	DATE
40180	65	1514	the first day of Passover	DATE
40180	65	1632	Borszczów	PLACE
40180	65	1746	the same minute	TIME
40180	65	1766	the same hour	TIME
40180	65	1784	the same day	DATE
40180	65	1944	city	GEONOUN
40180	65	2112	town	GEONOUN
40180	65	2760	fields	GEONOUN
40180	65	2785	fields	GEONOUN
40180	65	2800	the summer	DATE
40180	66	354	Czortków	PLACE
40180	66	477	city	GEONOUN
40180	66	577	fields	GEONOUN
40180	66	708	town	GEONOUN
40180	66	738	the holiday Sukkot	DATE
40180	66	813	field	GEONOUN
40180	66	849	town	GEONOUN
40180	66	896	Friday	DATE
40180	66	926	Czortków	PLACE
40180	66	1136	town	GEONOUN
40180	66	1187	town	GEONOUN
40180	66	1255	attic	GEONOUN
40180	66	1293	night	TIME
40180	66	1433	house	GEONOUN
40180	66	1492	city	GEONOUN
40180	66	1505	town	GEONOUN
40180	66	1540	narrow street	GEONOUN
40180	66	1547	street	GEONOUN
40180	66	1595	slope	GEONOUN
40180	66	1604	hill	GEONOUN
40180	66	1620	gardens	GEONOUN
40180	66	1681	gardens	GEONOUN
40180	66	1951	fields	GEONOUN
40180	66	2116	house	GEONOUN
40180	66	2389	gardens	GEONOUN
40180	66	2626	valley	GEONOUN
40180	66	2640	river	GEONOUN
40180	67	546	hill	GEONOUN
40180	67	569	hill	GEONOUN
40180	67	924	creek	GEONOUN
40180	67	1019	early in the morning	TIME
40180	67	1091	hill	GEONOUN
40180	67	1628	town	GEONOUN
40180	67	1674	all day	DATE
40180	67	1713	city	GEONOUN
40180	67	1921	town	GEONOUN
40180	67	2134	all day long	DATE
40180	67	2326	railroad	GEONOUN
40180	67	2747	town	GEONOUN
40180	67	3089	Bilcze	PLACE
40180	67	3369	all day	DATE
40180	67	3381	night	TIME
40180	67	3708	fall	GEONOUN
40180	67	3802	area	GEONOUN
40180	67	3853	1913	DATE
40180	67	3866	28 years old	DATE
40180	67	3880	28 years old	DATE
40180	67	3962	night	TIME
40180	67	4017	Kryvche	PLACE
40180	67	4032	Kryvche	PLACE
40180	67	4055	town	GEONOUN
40180	67	4121	night	TIME
40180	67	4194	a Sunday	DATE
40180	67	4334	attic	GEONOUN
40180	67	4432	night	TIME
40180	67	4496	Shyshkivtsi	PLACE
40180	67	4701	Bilcze Zlote	PLACE
40180	67	4796	night	TIME
40180	67	4829	today	DATE
40180	67	4970	town	GEONOUN
40180	67	5085	that day	DATE
40180	67	5352	that summer	DATE
40180	67	5597	city	GEONOUN
40180	67	5829	another two or three weeks	DATE
40180	67	5859	four weeks	DATE
40180	67	5926	Korolowka	PLACE
40180	67	5940	Melnytsia	PLACE
40180	67	5957	Skala	PLACE
40180	67	5970	Ozeryany	PLACE
40180	67	5998	Borszczów	PLACE
40180	67	6047	Borszczów	PLACE
40180	67	6159	Borszczów	PLACE
40180	67	6377	town	GEONOUN
40180	67	6677	hiding place	GEONOUN
40180	67	6802	ghetto	GEONOUN
40180	67	6817	area	GEONOUN
40180	67	7018	about two months	DATE
40180	67	7177	town	GEONOUN
40180	67	7207	Borszczów	PLACE
40180	67	7223	Czortków	PLACE
40180	67	7344	collector	GEONOUN
40180	67	8204	house	GEONOUN
40180	67	8240	houses	GEONOUN
40180	67	8261	house	GEONOUN
40180	67	8353	houses	GEONOUN
40180	67	8401	houses	GEONOUN
40180	67	8491	houses	GEONOUN
40180	67	8558	Judenrat	PLACE
40180	67	9037	town	GEONOUN
40180	67	9328	forest	GEONOUN
40180	67	9480	forest	GEONOUN
40180	67	9723	'42	DATE
40180	67	9894	Russia	COUNTRY
40180	67	10167	those days	DATE
40180	67	10382	fields	GEONOUN
40180	67	10410	valley	GEONOUN
40180	67	10423	Korolowka	PLACE
40180	67	10538	pitch	GEONOUN
40180	67	10581	town	GEONOUN
40180	67	10620	pitch	GEONOUN
40180	67	10679	about 12:00, 1 o'clock	TIME
40180	67	10710	house	GEONOUN
40180	67	10913	roof	GEONOUN
40180	67	11339	house	GEONOUN
40180	67	11534	Germany	COUNTRY
40180	67	11556	12:00, midnight	TIME
40180	67	11573	1 o'clock	TIME
40180	67	11979	fields	GEONOUN
40180	67	12086	fields	GEONOUN
40180	67	12183	the first day	DATE
40180	67	12236	Korolowka	PLACE
40180	67	12331	town	GEONOUN
40180	67	12405	hill	GEONOUN
40180	67	12421	valley	GEONOUN
40180	67	12436	valley	GEONOUN
40180	67	12459	river	GEONOUN
40180	67	12523	attic	GEONOUN
40180	67	12567	hill	GEONOUN
40180	67	12704	3 SECONDS	DATE
40180	67	12943	backyard	GEONOUN
40180	67	13027	attic	GEONOUN
40180	67	13457	fields	GEONOUN
40180	68	94	attic	GEONOUN
40180	68	201	area	GEONOUN
40180	68	240	Bilcze Zlote	PLACE
40180	68	346	Borszczów	PLACE
40180	68	482	Chernivitsi	PLACE
40180	68	503	Romania	COUNTRY
40180	68	559	Romania	COUNTRY
40180	68	589	Russia	COUNTRY
40180	68	624	town	GEONOUN
40180	68	1250	estate	GEONOUN
40180	68	1466	field	GEONOUN
40180	68	1531	grotto	GEONOUN
40180	68	1559	fields	GEONOUN
40180	68	1576	flat field	GEONOUN
40180	68	1581	field	GEONOUN
40180	68	1609	field	GEONOUN
40180	68	1633	valley	GEONOUN
40180	68	1648	ravine	GEONOUN
40180	68	1689	steps	GEONOUN
40180	68	1723	grotto	GEONOUN
40180	68	1736	grotto	GEONOUN
40180	68	1812	school	GEONOUN
40180	68	2127	pitch	GEONOUN
40180	68	2411	town	GEONOUN
40180	68	2521	the first night	TIME
40180	68	2598	hole	GEONOUN
40180	68	2692	'38	DATE
40180	68	2706	'42	DATE
40180	68	2719	about three and a half years old	DATE
40180	68	3101	corner	GEONOUN
40180	68	3193	the winter	DATE
40180	68	3227	November	DATE
40180	69	0	'42. '42	DATE
40180	69	48	'42	DATE
40180	69	57	ghetto	GEONOUN
40180	69	135	cave	GEONOUN
40180	69	414	the wintertime	DATE
40180	69	738	a few months	DATE
40180	69	848	cave	GEONOUN
40180	69	887	cave	GEONOUN
40180	69	963	day	DATE
40180	69	968	every day	DATE
40180	71	276	hole	GEONOUN
40180	71	425	hole	GEONOUN
40180	71	1091	hole	GEONOUN
40180	71	1118	chimney	GEONOUN
40180	71	1449	cave	GEONOUN
40180	71	1659	21 years old	DATE
40180	71	1728	hole	GEONOUN
40180	71	1925	hole	GEONOUN
40180	71	1940	chimney	GEONOUN
40180	71	2183	entrance	GEONOUN
40180	71	2303	about four hours	TIME
40180	71	2443	entrance	GEONOUN
40180	71	2518	the evening	TIME
40180	71	2538	8 o'clock in the evening	TIME
40180	71	2578	9:00	TIME
40180	71	2609	entrance	GEONOUN
40180	71	2628	cave	GEONOUN
40180	71	2766	cave	GEONOUN
40180	71	2797	entrance	GEONOUN
40180	71	3408	entrance	GEONOUN
40180	71	3433	hole	GEONOUN
40180	71	3580	road	GEONOUN
40180	71	3632	road	GEONOUN
40180	71	4540	area	GEONOUN
40180	71	4553	summertime	DATE
40180	71	4613	area	GEONOUN
40180	71	4762	Summer	DATE
40180	71	4773	school	GEONOUN
40180	71	4840	two hours	TIME
40180	71	4870	valley	GEONOUN
40180	71	4898	river	GEONOUN
40180	71	4963	village	GEONOUN
40180	71	4991	river	GEONOUN
40180	71	5094	river	GEONOUN
40180	71	5164	river	GEONOUN
40180	71	5194	bridge	GEONOUN
40180	71	5227	bridge	GEONOUN
40180	71	5258	river	GEONOUN
40180	71	5284	river	GEONOUN
40180	71	5320	mountain	GEONOUN
40180	71	5334	ravines	GEONOUN
40180	71	5418	ravine	GEONOUN
40180	71	5433	mountain	GEONOUN
40180	71	5511	ground	GEONOUN
40180	71	5678	fell	GEONOUN
40180	71	5783	fields	GEONOUN
40180	71	5806	forest	GEONOUN
40180	72	35	fields	GEONOUN
40180	72	58	forest	GEONOUN
40180	72	89	forest	GEONOUN
40180	72	125	the day	DATE
40180	72	259	the second day	DATE
40180	72	302	the day before	DATE
40180	72	318	the night	TIME
40180	72	329	second day	DATE
40180	72	423	Jewish	GEONOUN
40180	72	593	estate	GEONOUN
40180	72	727	houses	GEONOUN
40180	72	750	houses	GEONOUN
40180	72	1251	the night	TIME
40180	72	1265	the evening	TIME
40180	72	1330	town	GEONOUN
40180	72	1641	area	GEONOUN
40180	72	1791	mountain	GEONOUN
40180	72	1815	mountain	GEONOUN
40180	72	1844	town	GEONOUN
40180	72	1858	valley	GEONOUN
40180	72	1882	river	GEONOUN
40180	72	1909	creek	GEONOUN
40180	72	2005	mountain	GEONOUN
40180	72	2027	gardens	GEONOUN
40180	72	2337	yards	GEONOUN
40180	72	2468	garden	GEONOUN
40180	72	2614	fence	GEONOUN
40180	72	2630	fence	GEONOUN
40180	72	2673	fence	GEONOUN
40180	72	2715	wood	GEONOUN
40180	72	2815	fence	GEONOUN
40180	72	2840	fence	GEONOUN
40180	72	2863	creek	GEONOUN
40180	72	3167	stable	GEONOUN
40180	72	3211	house	GEONOUN
40180	72	3524	Korolowka	PLACE
40180	72	3708	ghetto	GEONOUN
40180	72	3739	Korolowka	PLACE
40180	72	3971	two days	DATE
40180	72	4011	third day	DATE
40180	72	5013	end of March	DATE
40180	72	5031	mud	GEONOUN
40180	72	5129	house	GEONOUN
40180	72	5143	block	GEONOUN
40180	72	5169	house	GEONOUN
40180	72	5233	Europe	CONTINENT
40180	72	5577	Jewish	GEONOUN
40180	72	6224	my third day	DATE
40180	72	6339	stable	GEONOUN
40180	72	6445	Bilcze	PLACE
40180	72	6544	Bilcze--	PLACE
40180	72	6577	river	GEONOUN
40180	72	6701	stable	GEONOUN
40180	72	6712	the morning	TIME
40180	72	6738	Korolowka	PLACE
40180	72	6859	house	GEONOUN
40180	72	6891	Bilcze	PLACE
40180	72	6917	Bilcze	PLACE
40180	72	6958	narrow road	GEONOUN
40180	72	6965	road	GEONOUN
40180	72	6986	creek	GEONOUN
40180	72	7058	mud	GEONOUN
40180	72	7122	mud	GEONOUN
40180	72	7141	Bilcze	PLACE
40180	72	7249	late at night	TIME
40180	72	7350	mountain	GEONOUN
40180	72	7501	village	GEONOUN
40180	72	7794	fall	GEONOUN
40180	72	7809	fell	GEONOUN
40180	72	7845	the morning	TIME
40180	72	7936	midnight	TIME
40180	72	7992	fell	GEONOUN
40180	72	8004	early in the morning	TIME
40180	72	8061	Korolowka	PLACE
40180	72	8349	forests	GEONOUN
40180	72	8426	forest	GEONOUN
40180	72	8494	two days	DATE
40180	72	8524	Korolowka	PLACE
40180	72	8596	fields	GEONOUN
40180	72	8629	road	GEONOUN
40180	72	8654	fields road	GEONOUN
40180	72	8661	road	GEONOUN
40180	72	8669	Korolowka	PLACE
40180	72	8712	road	GEONOUN
40180	72	8822	town	GEONOUN
40180	72	8997	fields	GEONOUN
40180	72	9057	March	DATE
40180	72	9189	field	GEONOUN
40180	72	9219	the summer	DATE
40180	72	9498	Bilcze	PLACE
40180	72	9680	Bilcze	PLACE
40180	72	10195	Bilcze	PLACE
40180	72	10408	cemetery	GEONOUN
40180	72	10437	hole	GEONOUN
40180	72	10495	cemetery	GEONOUN
40180	72	10667	ghetto	GEONOUN
40180	72	11113	cemetery	GEONOUN
40180	73	0	'43	DATE
40180	73	273	barn	GEONOUN
40180	73	285	field	GEONOUN
40180	73	589	attic	GEONOUN
40180	73	626	corner	GEONOUN
40180	73	1084	roof	GEONOUN
40180	73	1172	forest	GEONOUN
40180	73	1202	night	TIME
40180	73	1326	night	TIME
40180	73	1517	1 o'clock in the morning	TIME
40180	73	1724	reach	GEONOUN
40180	73	1788	every night	TIME
40180	74	38	night	TIME
40180	75	23	chain	GEONOUN
40180	75	43	Europe	CONTINENT
40180	75	89	chain	GEONOUN
40180	75	278	every night	TIME
40180	75	385	One night	TIME
40180	75	891	The next night	TIME
40180	75	1070	a whole week	DATE
40180	75	1128	Easter	DATE
40180	75	1254	church	GEONOUN
40180	75	1309	ghetto	GEONOUN
40180	75	1428	Sukkot	DATE
40180	75	1467	Purim	DATE
40180	75	1504	Hanukkah	DATE
40180	75	1514	Purim	DATE
40180	75	1521	Pesach	DATE
40180	75	1538	Shavuot	DATE
40180	75	1550	Shavuot	DATE
40180	75	1614	six months	DATE
40180	75	1997	Pesach	DATE
40180	75	2023	house	GEONOUN
40180	75	3015	village	GEONOUN
40180	75	3653	April	DATE
40180	75	3660	the end of April	DATE
40180	75	3832	forest	GEONOUN
40180	75	4215	town	GEONOUN
40180	75	4295	town	GEONOUN
40180	75	4664	forests	GEONOUN
40180	75	4710	caves	GEONOUN
40180	75	4802	forest	GEONOUN
40180	75	4985	forest	GEONOUN
40180	75	5110	forest	GEONOUN
40180	75	5127	land	GEONOUN
40180	75	5173	Israel	COUNTRY
40180	75	5368	cave	GEONOUN
40180	75	5543	the first of May	DATE
40180	75	5596	caves	GEONOUN
40180	75	5607	caves	GEONOUN
40180	75	5645	cave	GEONOUN
40180	75	5654	six months	DATE
40180	75	5877	the 1st of May	DATE
40180	75	5896	the morning	TIME
40180	75	5985	ravine	GEONOUN
40180	75	6012	road	GEONOUN
40180	75	6040	yards	GEONOUN
40180	75	6087	hole	GEONOUN
40180	75	6180	mud	GEONOUN
40180	75	6260	hole	GEONOUN
40180	75	6652	hole	GEONOUN
40180	75	6842	room	GEONOUN
40180	75	6930	cave	GEONOUN
40180	75	7080	entrance	GEONOUN
40180	75	7190	room	GEONOUN
40180	75	7206	rock	GEONOUN
40180	75	7230	fell	GEONOUN
40180	75	7248	ceiling	GEONOUN
40180	75	7272	rock	GEONOUN
40180	75	7308	rock	GEONOUN
40180	75	7372	rock	GEONOUN
40180	75	7419	narrow entrance	GEONOUN
40180	75	7426	entrance	GEONOUN
40180	75	7447	rocks	GEONOUN
40180	75	7806	yards	GEONOUN
40180	75	7886	hole	GEONOUN
40180	75	7982	hole	GEONOUN
40180	75	8037	all day	DATE
40180	75	8101	rock fell	GEONOUN
40180	75	8106	fell	GEONOUN
40180	75	8196	rock fell	GEONOUN
40180	75	8201	fell	GEONOUN
40180	75	8304	lake	GEONOUN
40180	75	8318	lake	GEONOUN
40180	75	8365	entrance	GEONOUN
40180	75	8423	the same day	DATE
40180	75	8440	the evening	TIME
40180	75	8518	the 5th of May	DATE
40180	75	8537	the 5th of May	DATE
40180	75	8553	that night	TIME
40180	75	8764	Europe	CONTINENT
40180	75	8912	the day	DATE
40180	75	8940	house	GEONOUN
40180	75	9215	cave	GEONOUN
40180	75	9254	today	DATE
40180	75	9580	rock	GEONOUN
40180	75	9696	tunnel	GEONOUN
40180	75	9742	rock	GEONOUN
40180	75	9793	entrance	GEONOUN
40180	75	9824	area	GEONOUN
40180	75	9838	cave	GEONOUN
40180	75	9899	cave	GEONOUN
40180	75	9953	tunnel	GEONOUN
40180	75	10097	rocks	GEONOUN
40180	75	10106	fall	GEONOUN
40180	75	10899	corner	GEONOUN
40180	75	11115	walls	GEONOUN
40180	75	11430	Bilcze Zlote	PLACE
40180	75	11554	May	DATE
40180	76	0	Easter holiday	DATE
40180	76	463	forest	GEONOUN
40180	76	487	wood	GEONOUN
40180	76	552	hole	GEONOUN
40180	76	570	cave	GEONOUN
40180	76	602	yards	GEONOUN
40180	76	654	area	GEONOUN
40180	76	704	rock fell	GEONOUN
40180	76	709	fell	GEONOUN
40180	76	728	ceiling	GEONOUN
40180	76	793	flat	GEONOUN
40180	76	934	kettle	GEONOUN
40180	76	973	kettle	GEONOUN
40180	76	1019	the season	DATE
40180	76	1057	lake	GEONOUN
40180	76	1069	lake	GEONOUN
40180	76	1086	the Black Lake	PLACE
40180	76	1203	forest	GEONOUN
40180	76	1223	trees	GEONOUN
40180	76	1318	a few weeks	DATE
40180	76	1337	six weeks	DATE
40180	76	1380	night	TIME
40180	76	1420	night	TIME
40180	76	1457	mud	GEONOUN
40180	76	1693	one night	TIME
40180	76	1944	next day	DATE
40180	76	2133	a day	DATE
40180	76	2140	The next day	DATE
40180	76	2439	the next day	DATE
40180	76	2473	cave	GEONOUN
40180	76	2519	entrance	GEONOUN
40180	76	2539	village	GEONOUN
40180	76	2555	Strzalkowice	PLACE
40180	76	2576	cave	GEONOUN
40180	76	2590	Strzalkowice	PLACE
40180	76	2610	area	GEONOUN
40180	76	2638	Strzalkowice	PLACE
40180	76	2675	area	GEONOUN
40180	76	2737	village	GEONOUN
40180	76	2753	a Sunday	DATE
40180	76	2803	hole	GEONOUN
40180	76	2818	all day	DATE
40180	76	2826	ground	GEONOUN
40180	76	2877	entrance	GEONOUN
40180	76	2955	the next night--	TIME
40180	76	2972	the next day	DATE
40180	76	3159	hole	GEONOUN
40180	76	3268	ghetto	GEONOUN
40180	76	3280	entrance	GEONOUN
40180	76	3363	entrance	GEONOUN
40180	76	3399	ground	GEONOUN
40180	76	3423	Three days	DATE
40180	76	3438	three nights	DATE
40180	76	3483	steps	GEONOUN
40180	76	3560	entrance	GEONOUN
40180	76	3587	entrance	GEONOUN
40180	76	3644	ground	GEONOUN
40180	76	3684	ground	GEONOUN
40180	76	3732	hole	GEONOUN
40180	76	3795	tree	GEONOUN
40180	76	4026	ground	GEONOUN
40180	76	4236	rock	GEONOUN
40180	76	4305	fields	GEONOUN
40180	76	4653	a few weeks	DATE
40180	76	4869	hours	TIME
40180	76	4883	stone	GEONOUN
40180	76	4975	the day	DATE
40180	76	5346	about six weeks	DATE
40180	76	5552	forest	GEONOUN
40180	76	5595	tree	GEONOUN
40180	76	5990	wood	GEONOUN
40180	76	6087	a few weeks later	DATE
40180	76	6176	cave	GEONOUN
40180	76	6211	hole	GEONOUN
40180	76	6267	hole	GEONOUN
40180	76	6354	fall	GEONOUN
40180	76	6386	fall	GEONOUN
40180	76	6442	about three months	DATE
40180	76	6490	May, June	DATE
40180	76	6501	July	DATE
40180	76	6507	August	DATE
40180	76	6696	almost a whole year	DATE
40180	76	6908	entrance	GEONOUN
40180	76	6920	chimney	GEONOUN
40180	76	6945	chimney	GEONOUN
40180	76	7041	the same night	TIME
40180	76	7057	the same day	DATE
40180	76	7088	hole	GEONOUN
40180	76	7126	a Sunday afternoon	TIME
40180	76	7159	Sunday	DATE
40180	76	7166	afternoon	TIME
40180	76	7239	field	GEONOUN
40180	76	7272	fields	GEONOUN
40180	76	7302	fields	GEONOUN
40180	76	7535	narrow	GEONOUN
40180	76	7667	narrow	GEONOUN
40180	76	7775	field	GEONOUN
40180	76	7796	evening	TIME
40180	76	8046	hole	GEONOUN
40180	76	8080	a whole night	TIME
40180	76	8233	room	GEONOUN
40180	76	8270	the whole winter	DATE
40180	76	8366	mill	GEONOUN
40180	76	8519	mill	GEONOUN
40180	76	8658	mill	GEONOUN
40180	76	8790	mill	GEONOUN
40180	76	8830	mill	GEONOUN
40180	76	9017	stone	GEONOUN
40180	76	9051	cave	GEONOUN
40180	76	9071	stone	GEONOUN
40180	76	9095	mill	GEONOUN
40180	76	9172	mill	GEONOUN
40180	76	9186	every day	DATE
40180	76	9269	hole	GEONOUN
40180	76	9357	hole	GEONOUN
40180	76	9461	mill	GEONOUN
40180	76	9530	forest	GEONOUN
40180	76	9594	forest	GEONOUN
40180	76	9623	night	TIME
40180	76	9691	trees	GEONOUN
40180	76	9804	wood	GEONOUN
40180	76	9838	the winter	DATE
40180	76	9884	the 11th of November	DATE
40180	76	9949	Bilcz Zlote	PLACE
40180	76	10152	town	GEONOUN
40180	76	10431	forest	GEONOUN
40180	76	10454	cave	GEONOUN
40180	76	10521	village	GEONOUN
40180	76	10538	village	GEONOUN
40180	76	10766	town	GEONOUN
40180	76	10864	school	GEONOUN
40180	76	10887	1938	DATE
40180	76	11052	Jewish	GEONOUN
40180	76	11194	every day	DATE
40180	76	11273	town	GEONOUN
40180	76	11287	town	GEONOUN
40180	76	11398	winter	DATE
40180	76	11417	room	GEONOUN
40180	76	11469	two months	DATE
40180	76	11481	six weeks	DATE
40180	76	11728	forest	GEONOUN
40180	76	11746	the late-- late-- it was in November	DATE
40180	76	12193	entrance	GEONOUN
40180	76	12277	the 11th of November	DATE
40180	76	12364	hole	GEONOUN
40180	76	12378	forest	GEONOUN
40180	76	12469	hours	TIME
40180	76	12561	chimney	GEONOUN
40180	76	12961	cave	GEONOUN
40180	76	13229	maybe two minutes	TIME
40180	76	13327	rock	GEONOUN
40180	76	13350	hole	GEONOUN
40180	76	13360	chimney	GEONOUN
40180	76	13503	rocks	GEONOUN
40180	76	13514	two weeks	DATE
40180	76	13528	block	GEONOUN
40180	76	13577	ceiling	GEONOUN
40180	76	13741	rocks	GEONOUN
40180	76	13752	two weeks	DATE
40180	76	13780	rocks	GEONOUN
40180	76	13808	building	GEONOUN
40180	76	13901	the day	DATE
40180	76	14096	the morning	TIME
40180	76	14209	the morning	TIME
40180	76	14230	the evening	TIME
40180	76	14261	about 18 hours	TIME
40180	76	14434	about six--	TIME
40180	76	14456	the 11th till the 25th of December	DATE
40180	76	14492	Just before the 25th	DATE
40180	76	14514	about a week before	DATE
40180	76	14563	rocks	GEONOUN
40180	76	14584	rocks	GEONOUN
40180	76	14760	chimney	GEONOUN
40180	76	14824	fall	GEONOUN
40180	76	15153	valley	GEONOUN
40180	76	15237	tunnels	GEONOUN
40180	76	15391	a Christmas Eve	DATE
40180	76	15508	two weeks	DATE
40180	76	15575	the day	DATE
40180	76	15594	the night	TIME
40180	76	15891	cave	GEONOUN
40180	76	15910	cave	GEONOUN
40180	76	16060	cave	GEONOUN
40180	76	16134	block	GEONOUN
40180	76	16150	rock	GEONOUN
40180	76	16290	three months	DATE
40180	76	16309	wood	GEONOUN
40180	76	16336	February	DATE
40180	76	16397	the summer	DATE
40180	76	16611	February	DATE
40180	76	16683	January	DATE
40180	76	16844	cave	GEONOUN
40180	76	16914	fields	GEONOUN
40180	76	16926	mud	GEONOUN
40180	76	16935	mud	GEONOUN
40180	76	17201	mud	GEONOUN
40180	76	17265	hole	GEONOUN
40180	76	17325	entrance	GEONOUN
40180	76	17372	entrance	GEONOUN
40180	76	17801	forest	GEONOUN
40180	76	18274	Jewish	GEONOUN
40180	76	18360	field	GEONOUN
40180	76	18392	Israel	COUNTRY
40180	76	18442	Jewish	GEONOUN
40180	76	18590	Jewish	GEONOUN
40180	76	18774	March	DATE
40180	76	18784	the beginning of March	DATE
40180	76	18865	February	DATE
40180	76	18883	March	DATE
40180	76	18953	house	GEONOUN
40180	76	19013	three days	DATE
40180	76	19290	the day	DATE
40180	76	19302	night	TIME
40180	76	19432	town	GEONOUN
40180	76	19513	Tarnopol	PLACE
40180	76	19547	town	GEONOUN
40180	76	19767	house	GEONOUN
40180	76	19954	the next day	DATE
40180	76	19971	night	TIME
40180	76	20573	retreat	GEONOUN
40180	76	20722	Jewish	GEONOUN
40180	76	20748	Haifa	CITY
40180	76	20767	Haifa	CITY
40180	76	21075	chimney	GEONOUN
40180	76	21109	every day	DATE
40180	76	21120	One day	DATE
40180	76	21374	12 days	DATE
40180	76	21404	beginning of April	DATE
40180	76	21439	the 12th of April	DATE
40180	76	21534	town	GEONOUN
40180	76	21643	hole	GEONOUN
40180	76	21680	hole	GEONOUN
40180	76	21695	spring	GEONOUN
40180	76	21712	mud	GEONOUN
40180	76	21802	town	GEONOUN
40180	76	21858	fields	GEONOUN
40180	76	21886	town	GEONOUN
40180	76	21979	Europe	CONTINENT
40180	76	22002	houses	GEONOUN
40180	76	22060	yards	GEONOUN
40180	76	22146	town	GEONOUN
40180	76	22179	town	GEONOUN
40180	76	22193	Jewish houses	GEONOUN
40180	76	22200	houses	GEONOUN
40180	76	22228	town	GEONOUN
40180	76	22308	house	GEONOUN
40180	76	22347	steps	GEONOUN
40180	76	22408	house	GEONOUN
40180	76	22427	chimneys	GEONOUN
40180	76	22539	Jewish house	GEONOUN
40180	76	22546	house	GEONOUN
40180	76	22565	Jewish	GEONOUN
40180	76	22644	house	GEONOUN
40180	76	22696	a few weeks	DATE
40180	76	22891	Jewish	GEONOUN
40180	76	23068	tonight	TIME
40180	76	23149	automat	GEONOUN
40180	76	23323	house	GEONOUN
40180	76	24022	town	GEONOUN
40180	76	24033	the same day	DATE
40180	76	24085	Borszczow	PLACE
40180	76	24109	Borszczow	PLACE
40180	76	24165	Borszczow	PLACE
40180	76	24187	fall	GEONOUN
40180	76	24195	19-- 1994-	DATE
40180	77	0	1944	DATE
40180	77	88	town	GEONOUN
40180	77	101	village	GEONOUN
40180	77	145	every year	DATE
40180	77	180	winter	DATE
40180	77	188	winter	DATE
40180	77	488	town	GEONOUN
40180	77	517	14 years old	DATE
40180	77	661	town	GEONOUN
40180	77	670	Korolivka	PLACE
40180	77	681	the next day	DATE
40180	77	800	Russia	COUNTRY
40180	77	867	Russia	COUNTRY
40180	79	304	her early 30s	DATE
40180	79	319	32	DATE
40180	79	323	33	DATE
40180	79	341	33	DATE
40180	79	368	32	DATE
40180	79	391	1912	DATE
40180	79	409	'44	DATE
40180	79	422	32-year-old	DATE
40180	79	514	3 SECONDS	DATE
40180	79	670	the ninth of May	DATE
40180	79	778	Poland	COUNTRY
40180	79	874	Poland	COUNTRY
40180	79	895	Ukraine	COUNTRY
40180	79	908	Ukraine	COUNTRY
40180	79	959	train	GEONOUN
40180	79	981	Poland	COUNTRY
40180	79	1058	room	GEONOUN
40180	79	1255	train	GEONOUN
40180	79	1285	Russia	COUNTRY
40180	79	1459	Katowice	CITY
40180	79	1477	Katowice	CITY
40180	79	1515	Cracow	PLACE
40180	79	1553	train	GEONOUN
40180	79	1611	Byten	PLACE
40180	79	1618	Byten	PLACE
40180	79	1633	Bergen	CITY
40180	79	1681	city	GEONOUN
40180	79	1717	Germany	COUNTRY
40180	79	1846	house	GEONOUN
40180	79	1946	a couple of months	DATE
40180	79	2019	Jewish	GEONOUN
40180	79	2038	Jewish	GEONOUN
40180	79	2105	Poland	COUNTRY
40180	79	2124	Poland	COUNTRY
40180	79	2252	Russia	COUNTRY
40180	79	2269	town	GEONOUN
40180	79	2320	Borszczow	PLACE
40180	79	2351	Gleiwitz	CAMP
40180	79	2374	Katowice	CITY
40180	79	2413	store	GEONOUN
40180	79	2701	Russia	COUNTRY
40180	79	2716	Germany	COUNTRY
40180	79	2730	Poland	COUNTRY
40180	79	2823	Jewish	GEONOUN
40180	79	2963	Greece	COUNTRY
40180	79	3093	Linz	CITY
40180	79	3099	Linz	CITY
40180	79	3105	Austria	COUNTRY
40180	79	3123	Linz	CITY
40180	79	3141	camp	GEONOUN
40180	79	3147	Bindermichl	PLACE
40180	79	3242	Poland	COUNTRY
40180	79	3306	zone	GEONOUN
40180	79	3515	Russia	COUNTRY
40180	79	3661	Vienna	CITY
40180	79	3718	Poland	COUNTRY
40180	79	3863	Germany	COUNTRY
40180	79	3888	Germany	COUNTRY
40180	79	3925	Austria	COUNTRY
40180	79	3966	all day	DATE
40180	79	3984	Czechoslovakia	COUNTRY
40180	79	4004	Poland	COUNTRY
40180	79	4042	Vienna	CITY
40180	79	4240	Vienna	CITY
40180	79	4536	Jewish	GEONOUN
40180	79	4711	road	GEONOUN
40180	79	4831	midnight	TIME
40180	79	4858	hospital	GEONOUN
40180	79	4913	camp	GEONOUN
40180	79	4960	room	GEONOUN
40180	79	5002	a few weeks	DATE
40180	79	5128	two, three days	DATE
40180	79	5359	one day	DATE
40180	79	5423	that Rothschild Hospital	PLACE
40180	79	5466	camp	GEONOUN
40180	79	5564	Vienna	CITY
40180	79	5580	zone	GEONOUN
40180	79	5601	Vienna	CITY
40180	79	5624	zone	GEONOUN
40180	79	5684	zone	GEONOUN
40180	79	5740	Linz	CITY
40180	79	5749	the morning	TIME
40180	79	5862	coop	GEONOUN
40180	79	5938	years	DATE
40180	79	6169	Linz	CITY
40180	79	6490	Bindermichl	PLACE
40180	79	6522	Linz	CITY
40180	79	6548	camp	GEONOUN
40180	79	6666	Germany	COUNTRY
40180	79	6756	Czechoslovakia	COUNTRY
40180	79	6791	camp	GEONOUN
40180	79	6822	a few months	DATE
40180	79	6921	Germany	COUNTRY
40180	79	7004	Germany	COUNTRY
40180	79	7028	Fohrenwald	PLACE
40180	79	7045	Munich	CITY
40180	79	7070	camp	GEONOUN
40180	79	7081	camp	GEONOUN
40180	79	7113	house	GEONOUN
40180	79	7153	house	GEONOUN
40180	79	7189	room	GEONOUN
40180	79	7368	room	GEONOUN
40180	79	7464	corner	GEONOUN
40180	79	7476	corner	GEONOUN
40180	79	7521	room	GEONOUN
40180	79	7566	'47	DATE
40180	79	7576	'45	DATE
40180	79	7581	The end of-- the beginning of '45	DATE
40180	79	7619	January	DATE
40180	79	7654	'47	DATE
40180	79	7659	'47	DATE
40180	79	7686	United States	COUNTRY
40180	79	7728	'46	DATE
40180	79	7733	Under 21	DATE
40180	79	8088	a few weeks	DATE
40180	79	8150	Bremerhaven	CITY
40180	79	8185	boat	GEONOUN
40180	79	8206	the United States	COUNTRY
40180	79	8321	United States	COUNTRY
40180	79	8425	under 21	DATE
40180	80	110	Linz	CITY
40180	80	139	train	GEONOUN
40180	80	359	evening	TIME
40180	80	691	1945	DATE
40180	80	712	December '45	DATE
40180	80	777	train	GEONOUN
40180	80	786	Linz	CITY
40180	80	828	coop	GEONOUN
40180	80	920	the United States	COUNTRY
40180	80	949	a few weeks	DATE
40180	80	1057	Cleveland	CITY
40180	81	16	one second	TIME
40180	81	55	'49	DATE
40180	81	109	apartment	GEONOUN
40180	81	198	apartment	GEONOUN
40180	82	27	1951	DATE
40180	82	67	'52	DATE
40180	82	79	'54--	DATE
40180	82	88	'52	DATE
40180	82	117	the end of '52	DATE
40180	82	161	'56	DATE
40180	83	23	'54	DATE
40180	83	90	'64	DATE
40180	83	141	Canada	COUNTRY
40180	83	281	construction	GEONOUN
40180	83	327	a year	DATE
40180	83	498	years	DATE
40180	84	132	25 years	DATE
40180	84	283	25 years	DATE
40180	84	293	many, many nights	DATE
40180	84	474	camps	GEONOUN
40180	84	588	cave	GEONOUN
40180	90	392	1990	DATE
40180	90	439	town	GEONOUN
40180	90	448	1991	DATE
40180	90	548	cave	GEONOUN
40180	90	584	grave	GEONOUN
40180	90	665	grave	GEONOUN
40180	90	685	cemetery	GEONOUN
40180	90	847	cemetery	GEONOUN
40180	90	893	monument	GEONOUN
40180	90	918	monument	GEONOUN
40180	90	941	next year	DATE
40180	90	968	monument	GEONOUN
40180	90	995	country	GEONOUN
40180	90	1013	Zündel	PLACE
40180	90	1223	town	GEONOUN
40180	90	1240	cave	GEONOUN
40180	90	1293	cave	GEONOUN
40180	90	1433	town	GEONOUN
40180	90	1447	Korolivka	PLACE
40180	90	1460	Borszczów	PLACE
40180	90	1761	Austria	COUNTRY
40180	90	1994	country	GEONOUN
40180	92	28	1922	DATE
40180	93	18	Korolivka	PLACE
40180	93	32	1922	DATE
40180	93	63	Korolivka	PLACE
40180	93	76	1936	DATE
40180	93	800	the First World War	EVENT
40180	93	898	1920	DATE
40180	96	18	Bilcze	PLACE
40180	96	26	Bilcze Zlote	PLACE
40180	96	67	1915	DATE
40180	96	75	'16	DATE
40180	96	116	Fohrenwald	PLACE
40180	96	130	1946	DATE
40180	96	139	January	DATE
40180	96	168	Fohrenwald	PLACE
40180	97	141	1963	DATE
40180	97	165	house	GEONOUN
40180	98	16	Brooklyn	CITY
40180	98	26	New York	US-STATE
40180	98	39	1963	DATE
40180	98	49	1963	DATE
40180	98	71	cave	GEONOUN
40180	98	95	cave	GEONOUN
40180	98	119	Popova	PLACE
40180	98	149	Strzalkowce	PLACE
40180	98	230	valley	GEONOUN
40180	98	268	cave	GEONOUN
40180	99	29	1990	DATE
40180	99	108	entrance	GEONOUN
40180	99	124	cave	GEONOUN
40180	99	133	1991	DATE
40180	99	436	1991	DATE
40180	99	460	road	GEONOUN
40180	99	472	town	GEONOUN
40180	99	478	Korolivka	PLACE
40180	99	585	Korolivka	PLACE
40180	99	622	1991	DATE
40180	99	790	attic	GEONOUN
40180	99	1087	1991	DATE
40180	99	1141	grave	GEONOUN
40180	99	1158	cemetery	GEONOUN
40180	99	1293	monument	GEONOUN
40180	99	1310	Jewish cemetery	GEONOUN
40180	99	1317	cemetery	GEONOUN
40180	99	1358	monument	GEONOUN
40180	99	1613	cave	GEONOUN
40180	99	1741	cave	GEONOUN
40180	99	1750	30 years	DATE
40180	99	1769	cave	GEONOUN
40180	99	1836	cave	GEONOUN
40180	99	1845	30 years	DATE
40180	99	1905	cave	GEONOUN
40180	99	2056	lakes	GEONOUN
40180	99	2086	30 years	DATE
40180	99	2150	monument	GEONOUN
40180	100	3	1991	DATE
40180	101	3	Korolivka	PLACE
40180	101	17	Strzalkowce	PLACE
40180	101	33	Korolivka	PLACE
40180	101	74	Korolivka	PLACE
40180	101	121	Borszczow	PLACE
40180	101	132	Borszczow	PLACE
