FileID	AnswerID	StartCharPos	Entity	Type
40287	1	3	Chicago	CITY
40287	1	12	Illinois	US-STATE
40287	2	0	November 21, 1914	DATE
40287	2	22	Philadelphia	CITY
40287	2	36	Pennsylvania	US-STATE
40287	4	84	town	GEONOUN
40287	4	238	area	GEONOUN
40287	4	288	Chicago	CITY
40287	4	457	Florida	US-STATE
40287	5	13	Philadelphia	CITY
40287	6	37	Philadelphia	CITY
40287	8	48	school	GEONOUN
40287	8	74	1937	DATE
40287	8	92	school	GEONOUN
40287	8	100	My last year	DATE
40287	8	116	college	GEONOUN
40287	8	133	my first year	DATE
40287	8	154	school	GEONOUN
40287	8	201	school	GEONOUN
40287	8	218	college	GEONOUN
40287	8	231	three years	DATE
40287	8	264	school	GEONOUN
40287	8	299	a year	DATE
40287	9	57	Washington	US-STATE
40287	9	69	DC	PLACE
40287	10	89	'38, 1938	DATE
40287	11	15	Chicago	CITY
40287	12	223	Washington	US-STATE
40287	14	24	1940	DATE
40287	15	69	the day	DATE
40287	15	83	Pearl Harbor	EVENT
40287	15	235	school	GEONOUN
40287	19	104	theater	GEONOUN
40287	19	185	the UN Conference	EVENT
40287	19	206	San Francisco	CITY
40287	19	315	Washington	US-STATE
40287	19	472	US	PLACE
40287	19	507	San Francisco	CITY
40287	20	23	spring	GEONOUN
40287	21	54	Nuremberg	CAMP
40287	22	98	Holocaust	EVENT
40287	22	358	Eastern Europe	PLACE
40287	23	66	spring	GEONOUN
40287	23	84	summer of '45	DATE
40287	23	304	fall	GEONOUN
40287	24	128	Washington	US-STATE
40287	24	148	department	GEONOUN
40287	24	190	Europe	CONTINENT
40287	24	565	Austria	COUNTRY
40287	25	42	Mexico	COUNTRY
40287	25	136	state	GEONOUN
40287	27	71	London	CITY
40287	27	179	Nuremberg	CAMP
40287	28	80	September of 1945	DATE
40287	29	727	Eastern Europe	PLACE
40287	29	971	area	GEONOUN
40287	30	33	facilities	GEONOUN
40287	30	129	Nuremberg	CAMP
40287	30	140	Nuremberg	CAMP
40287	30	281	area	GEONOUN
40287	30	460	Nuremberg	CAMP
40287	31	109	Germany	COUNTRY
40287	32	6	Nuremberg	CAMP
40287	32	170	Germany	COUNTRY
40287	32	320	room	GEONOUN
40287	32	357	room	GEONOUN
40287	32	442	building	GEONOUN
40287	32	528	room	GEONOUN
40287	33	189	prison	GEONOUN
40287	33	446	the Palace of Justice	PLACE
40287	34	301	architect	GEONOUN
40287	35	170	Nuremberg	CAMP
40287	35	227	house	GEONOUN
40287	36	35	the Palace of Justice	PLACE
40287	36	157	infrastructure	GEONOUN
40287	37	444	Washington	US-STATE
40287	38	17	30 years old	DATE
40287	39	593	country falls	GEONOUN
40287	39	601	falls	GEONOUN
40287	43	497	room	GEONOUN
40287	43	644	court	GEONOUN
40287	44	243	school	GEONOUN
40287	44	281	Germany	COUNTRY
40287	47	308	villa	GEONOUN
40287	47	399	14-year-old	DATE
40287	47	601	day	DATE
40287	47	735	house	GEONOUN
40287	47	759	1939	DATE
40287	47	1001	the West Coast	PLACE
40287	47	1072	14-year-old	DATE
40287	47	1150	14-year-old	DATE
40287	49	297	US	PLACE
40287	49	380	Nuremberg	EVENT
40287	49	429	the International Military Trial	EVENT
40287	52	551	Poland	COUNTRY
40287	52	562	the Soviet Union	PLACE
40287	52	698	architects	GEONOUN
40287	52	774	post	GEONOUN
40287	52	817	concentration camps	GEONOUN
40287	52	914	Holocaust	EVENT
40287	58	1082	World War I	EVENT
40287	60	54	US	PLACE
40287	62	236	Nuremberg	CAMP
40287	62	627	Essen	CITY
40287	62	649	zone	GEONOUN
40287	65	276	parts	GEONOUN
40287	66	906	court	GEONOUN
40287	67	481	Nuremberg	CAMP
40287	67	665	Yugoslavia	CAMP
40287	67	700	absentia	PLACE
40287	68	11	country	GEONOUN
40287	68	163	court	GEONOUN
40287	68	211	court	GEONOUN
40287	70	10	court	GEONOUN
40287	71	522	council	GEONOUN
40287	73	55	state	GEONOUN
40287	73	221	state	GEONOUN
40287	73	295	state	GEONOUN
40287	73	411	state	GEONOUN
40287	74	175	country	GEONOUN
40287	75	337	Eastern Europe	PLACE
40287	75	419	concentration camps	GEONOUN
40287	76	91	Goring	PLACE
40287	77	111	1938	DATE
40287	77	169	1939	DATE
40287	77	240	Germany	COUNTRY
40287	77	416	concentration camp	GEONOUN
40287	77	713	complex	GEONOUN
40287	78	105	plot	GEONOUN
40287	78	297	Germany	COUNTRY
40287	78	438	plot	GEONOUN
40287	84	67	facilities	GEONOUN
40287	84	125	building	GEONOUN
40287	85	773	concentration camps	GEONOUN
40287	87	12	November 20th, 1945	DATE
40287	87	156	the next day, November 21st	DATE
40287	89	14	months	DATE
40287	92	63	September	DATE
40287	96	1054	post	GEONOUN
40287	97	78	every day	DATE
40287	97	144	parts	GEONOUN
40287	97	417	concentration camp	GEONOUN
40287	97	523	concentration camps	GEONOUN
40287	97	777	some very interesting minutes	TIME
40287	104	85	court	GEONOUN
40287	104	557	court	GEONOUN
40287	107	31	concentration camp	GEONOUN
40287	107	108	concentration camp	GEONOUN
40287	107	352	about 10 days	DATE
40287	107	1134	the 7 days	DATE
40287	107	1174	3 days	DATE
40287	109	15	Mauthausen	PLACE
40287	110	285	Frankfurt	PLACE
40287	110	469	hours	TIME
40287	111	51	Hamburg	CITY
40287	111	89	Hamburg	CITY
40287	115	655	one night	TIME
40287	115	744	two days later--	DATE
40287	115	769	Moscow	CITY
40287	116	343	prison	GEONOUN
40287	116	358	the Palace of Justice	PLACE
40287	118	537	Germany	COUNTRY
40287	118	565	Germany	COUNTRY
40287	121	642	States	PLACE
40287	124	543	inner	GEONOUN
40287	124	816	court	GEONOUN
40287	126	107	bank	GEONOUN
40287	126	131	storehouse	GEONOUN
40287	126	172	concentration camp	GEONOUN
40287	126	999	concentration camp	GEONOUN
40287	126	1064	only 20 years	DATE
40287	130	85	concentration camp	GEONOUN
40287	133	168	Nuremberg	EVENT
40287	134	551	Germany	COUNTRY
40287	138	261	Munich	EVENT
40287	138	317	Czechoslovakia	COUNTRY
40287	138	336	Poland	COUNTRY
40287	138	578	Holocaust	EVENT
40287	139	376	fell	GEONOUN
40287	139	501	court	GEONOUN
40287	142	32	November 20th	DATE
40287	142	117	the next day	DATE
40287	145	82	court	GEONOUN
40287	150	274	facilities	GEONOUN
40287	151	278	some days	DATE
40287	153	313	Nuremberg	CAMP
40287	153	330	ruins	GEONOUN
40287	153	455	tip	GEONOUN
40287	153	474	the Grand Hotel	PLACE
40287	153	657	rocks	GEONOUN
40287	157	321	room	GEONOUN
40287	157	366	court	GEONOUN
40287	170	152	Poland	COUNTRY
40287	170	173	territory	GEONOUN
40287	170	210	1,000 years	DATE
40287	170	227	pass	GEONOUN
40287	170	265	Germany	COUNTRY
40287	175	32	10 years	DATE
40287	175	42	10	DATE
40287	175	48	20	DATE
40287	177	285	interchange	GEONOUN
40287	179	418	court	GEONOUN
40287	180	50	fall	GEONOUN
40287	181	83	August	DATE
40287	181	93	September	DATE
40287	181	113	August	DATE
40287	181	172	October	DATE
40287	182	322	November	DATE
40287	182	363	eight months	DATE
40287	183	14	Chicago	CITY
40287	185	93	20 years	DATE
40287	189	227	grounds	GEONOUN
40287	189	245	grounds	GEONOUN
40287	193	360	concentration camp	GEONOUN
40287	193	631	Poland	COUNTRY
40287	193	789	capital	GEONOUN
40287	195	455	Nuremberg	CAMP
40287	200	1214	US	PLACE
40287	200	1522	Poland	COUNTRY
40287	200	1553	Finland	COUNTRY
40287	200	2026	the years	DATE
40287	202	423	World War II	EVENT
40287	202	601	hollow	GEONOUN
40287	203	15	today	DATE
40287	203	79	Nuremberg	CAMP
40287	203	187	range	GEONOUN
40287	203	307	Nuremberg	CAMP
40287	203	499	Nuremberg	CAMP
40287	206	75	Nuremberg	CAMP
40287	206	1350	path	GEONOUN
40287	206	1601	passage	GEONOUN
40287	209	18	Jewish	GEONOUN
40287	210	155	Jewish	GEONOUN
40287	210	372	Jewish	GEONOUN
40287	211	78	Jewish	GEONOUN
40287	211	269	country	GEONOUN
40287	212	74	the 20th century	DATE
40287	212	97	Nuremberg	CAMP
40287	212	180	Nuremberg	CAMP
40287	212	393	Nuremberg	CAMP
40287	212	471	Nuremberg	CAMP
40287	212	559	England	PLACE
40287	212	571	the United States	COUNTRY
40287	212	653	Nuremberg	CAMP
40287	212	800	the Bay of Pigs	EVENT
40287	212	855	Nuremberg	CAMP
40287	212	959	Suez	EVENT
40287	212	1112	Nuremberg	EVENT
40287	212	1220	second half of this century	DATE
40287	213	56	Nuremberg	CAMP
40287	213	307	Yugoslavia	CAMP
40287	213	409	the Cold War	EVENT
40287	213	543	Nuremberg	CAMP
40287	213	617	Nuremberg	CAMP
40287	213	810	Bosnia	PLACE
40287	213	934	Nuremberg	CAMP
40287	213	1017	Nuremberg	CAMP
40287	213	1126	court	GEONOUN
40287	213	1147	court	GEONOUN
40287	213	1241	Nuremberg	EVENT
40287	213	1410	the United States	COUNTRY
40287	214	179	reserve	GEONOUN
40287	214	308	today	DATE
40287	216	6	The Hague	CITY
40287	216	17	The Hague	CITY
40287	216	145	Hague	PLACE
40287	216	452	court	GEONOUN
40287	217	556	Somalia	COUNTRY
40287	217	581	Lebanon	COUNTRY
40287	217	868	architects	GEONOUN
40287	217	1348	steps	GEONOUN
40287	217	1388	steps	GEONOUN
40287	218	113	Nuremberg	EVENT
40287	218	952	Nuremberg	EVENT
40287	218	1097	the United States	COUNTRY
40287	223	41	'45	DATE
40287	223	48	'46	DATE
40287	223	53	1945	DATE
40287	223	61	'46	DATE
40287	224	39	North America	CONTINENT
40287	224	56	Europe	CONTINENT
40287	226	106	concentration camp	GEONOUN
40287	226	251	council	GEONOUN
40287	228	32	1946	DATE
40287	229	106	1947	DATE
40287	232	165	20 years	DATE
40287	232	177	prison	GEONOUN
40287	234	104	setting	GEONOUN
40287	235	295	university	GEONOUN
40287	235	310	library	GEONOUN
40287	235	349	library	GEONOUN
40287	235	362	university	GEONOUN
