FileID	AnswerID	StartCharPos	Entity	Type
40467	0	32	Cambridge	CITY
40467	0	47	flat	GEONOUN
40467	0	175	18 years ago	DATE
40467	3	69	Warsaw	CITY
40467	4	8	Warsaw	CITY
40467	5	0	23rd of November, 1920	DATE
40467	5	54	two weeks later	DATE
40467	5	111	Poland	COUNTRY
40467	5	147	two weeks later	DATE
40467	5	182	the day	DATE
40467	6	10	77	DATE
40467	9	22	Russia	COUNTRY
40467	10	21	the [PAUSES FOR 4 SECONDS] 30th of July	DATE
40467	10	83	the year	DATE
40467	11	28	the 29th of July	DATE
40467	11	46	1975-- 1875	DATE
40467	12	3	Warsaw	CITY
40467	14	51	Russia	COUNTRY
40467	14	73	Moscow	CITY
40467	14	168	Dzialoszyce	PLACE
40467	15	3	Poland	COUNTRY
40467	17	164	RUSSIAN	PLACE
40467	17	218	Moscow	CITY
40467	19	101	three	DATE
40467	19	110	four	DATE
40467	19	149	all night	TIME
40467	19	169	apartment	GEONOUN
40467	19	182	Warsaw	CITY
40467	19	286	room	GEONOUN
40467	25	44	14 years older	DATE
40467	25	74	1920	DATE
40467	25	108	1906-- 1906	DATE
40467	25	225	the same week	DATE
40467	25	265	a few months old	DATE
40467	25	350	one week	DATE
40467	25	463	14	DATE
40467	25	485	about 12 years	DATE
40467	26	98	house	GEONOUN
40467	27	449	school	GEONOUN
40467	27	526	Russia	COUNTRY
40467	27	551	the First World War	EVENT
40467	27	798	room	GEONOUN
40467	30	149	school	GEONOUN
40467	32	11	about age of six	DATE
40467	32	29	seven	DATE
40467	40	51	many years	DATE
40467	40	110	Warsaw	CITY
40467	40	141	Russia	COUNTRY
40467	40	160	the First War	EVENT
40467	40	209	the Communist Revolution	EVENT
40467	40	358	division	GEONOUN
40467	40	453	reserve	GEONOUN
40467	41	115	Russia	COUNTRY
40467	42	39	1930s	DATE
40467	42	73	Poland	COUNTRY
40467	42	172	Jewish	GEONOUN
40467	42	187	Warsaw	CITY
40467	42	198	Nalewki	PLACE
40467	45	56	Jewish	GEONOUN
40467	46	58	Russia	COUNTRY
40467	46	78	Russia	COUNTRY
40467	46	121	Russia	COUNTRY
40467	46	153	Poland	COUNTRY
40467	47	43	Russia	COUNTRY
40467	47	53	1919	DATE
40467	47	90	one year	DATE
40467	48	0	18 years	DATE
40467	49	247	houses	GEONOUN
40467	49	331	theater	GEONOUN
40467	52	133	Russia	COUNTRY
40467	52	246	Russia	COUNTRY
40467	54	297	room	GEONOUN
40467	54	417	Jewish	GEONOUN
40467	57	214	Russia	COUNTRY
40467	59	35	synagogue	GEONOUN
40467	59	104	the Yom Kippur	DATE
40467	59	366	the Yom Kippur	DATE
40467	67	42	street	GEONOUN
40467	67	72	houses	GEONOUN
40467	67	153	Lublin	CITY
40467	67	169	town	GEONOUN
40467	67	448	Lublin	CITY
40467	69	18	six	DATE
40467	69	23	six and a half years	DATE
40467	69	113	14 years older	DATE
40467	71	53	house	GEONOUN
40467	71	71	house	GEONOUN
40467	71	85	Sunday	DATE
40467	72	67	apartment	GEONOUN
40467	72	108	room	GEONOUN
40467	72	327	every day	DATE
40467	72	354	house	GEONOUN
40467	72	385	every day	DATE
40467	72	576	house	GEONOUN
40467	72	675	every day	DATE
40467	72	724	house	GEONOUN
40467	72	733	Warsaw	CITY
40467	73	90	three	DATE
40467	73	99	four	DATE
40467	74	147	Jewish	GEONOUN
40467	74	182	Jewish	GEONOUN
40467	74	227	some years ago	DATE
40467	74	272	Cambridge	CITY
40467	74	363	Jewish	GEONOUN
40467	74	423	Britain	PLACE
40467	74	435	America	COUNTRY
40467	74	447	South America	CONTINENT
40467	80	421	Germany	COUNTRY
40467	81	39	years later	DATE
40467	81	76	Warsaw	CITY
40467	84	163	Jewish	GEONOUN
40467	87	5	Warsaw	CITY
40467	88	71	prison	GEONOUN
40467	90	58	prison	GEONOUN
40467	90	218	Jewish	GEONOUN
40467	90	693	prison	GEONOUN
40467	91	37	next day	DATE
40467	95	183	January	DATE
40467	97	68	area	GEONOUN
40467	97	87	Auschwitz	CAMP
40467	98	138	8:00 or 9:00 in the morning	TIME
40467	98	185	about midday	TIME
40467	98	221	the next day	DATE
40467	98	237	the morning	TIME
40467	98	252	Breslau	CAMP
40467	98	270	the night	TIME
40467	98	287	train	GEONOUN
40467	99	124	Auschwitz	CAMP
40467	99	318	camp	GEONOUN
40467	99	485	camps	GEONOUN
40467	102	43	end of June	DATE
40467	102	109	'43	DATE
40467	105	63	Auschwitz	CAMP
40467	105	102	labor camp	GEONOUN
40467	106	147	state	GEONOUN
40467	106	236	Auschwitz	CAMP
40467	107	356	a few years older	DATE
40467	107	386	83	DATE
40467	107	398	77	DATE
40467	107	416	six years	DATE
40467	108	93	Warsaw	CITY
40467	109	175	Auschwitz	CAMP
40467	109	345	library	GEONOUN
40467	110	42	Lódz	PLACE
40467	110	54	Jewish	GEONOUN
40467	110	130	school	GEONOUN
40467	110	200	about three years ago	DATE
40467	110	225	Germany	COUNTRY
40467	110	262	Auschwitz	CAMP
40467	113	29	Sunday	DATE
40467	113	121	night	TIME
40467	114	25	Ludwigsdorf	PLACE
40467	115	5	March	DATE
40467	115	21	May	DATE
40467	115	47	Poland	COUNTRY
40467	115	164	Auschwitz	CAMP
40467	116	12	Poland	COUNTRY
40467	117	20	Copenhagen	CITY
40467	117	117	Poland	COUNTRY
40467	117	242	Copenhagen	CITY
40467	119	49	Klettendorf	PLACE
40467	119	272	platform	GEONOUN
40467	119	416	Cambridge	CITY
40467	119	865	Stalingrad	PLACE
40467	119	940	landing	GEONOUN
40467	119	951	Europe	CONTINENT
40467	119	1021	Paris	CITY
40467	120	44	camp	GEONOUN
40467	121	210	camp	GEONOUN
40467	121	288	Klettendorf	PLACE
40467	121	333	camp	GEONOUN
40467	122	185	camp	GEONOUN
40467	126	0	February, '45	DATE
40467	126	22	May	DATE
40467	127	16	camp	GEONOUN
40467	127	25	Gorlitz	CAMP
40467	127	117	Ludwigsdorf	PLACE
40467	127	252	camps	GEONOUN
40467	127	372	Gorlitz	CAMP
40467	127	390	Ludwigsdorf	PLACE
40467	127	571	one night	TIME
40467	127	584	May	DATE
40467	127	620	fence	GEONOUN
40467	127	679	towers	GEONOUN
40467	127	708	camp	GEONOUN
40467	127	730	the morning	TIME
40467	127	819	the middle of the night	TIME
40467	127	879	fence	GEONOUN
40467	127	1043	camp	GEONOUN
40467	127	1092	fence	GEONOUN
40467	127	1128	tunnel	GEONOUN
40467	127	1145	fence	GEONOUN
40467	127	1208	current	GEONOUN
40467	127	1246	hut	GEONOUN
40467	127	1305	current	GEONOUN
40467	127	1378	town	GEONOUN
40467	127	1404	Gorlitz	CAMP
40467	127	1439	town	GEONOUN
40467	127	1461	town	GEONOUN
40467	127	1538	villas	GEONOUN
40467	127	1626	fell	GEONOUN
40467	127	1640	camp	GEONOUN
40467	127	1650	town	GEONOUN
40467	127	1731	town	GEONOUN
40467	127	1777	houses	GEONOUN
40467	127	2204	Gorlitz	CAMP
40467	127	2234	camps	GEONOUN
40467	127	2364	camps	GEONOUN
40467	127	2387	town	GEONOUN
40467	127	2464	camp	GEONOUN
40467	127	2482	about five days	DATE
40467	127	2532	town	GEONOUN
40467	127	2630	camp	GEONOUN
40467	128	25	about a week after	DATE
40467	128	200	railway	GEONOUN
40467	128	217	Gorlitz--	PLACE
40467	128	260	railway station	GEONOUN
40467	128	268	station	GEONOUN
40467	128	283	Reichenbach	PLACE
40467	128	386	railway station	GEONOUN
40467	128	394	station	GEONOUN
40467	128	487	Gorlitz	CAMP
40467	128	527	week	DATE
40467	128	924	Reichenbach	PLACE
40467	128	964	France	COUNTRY
40467	130	45	Poland	COUNTRY
40467	130	106	two years	DATE
40467	130	288	Warsaw	CITY
40467	130	295	ghetto	GEONOUN
40467	130	532	Russia	COUNTRY
40467	130	700	Poland	COUNTRY
40467	130	777	Warsaw	CITY
40467	130	819	Warsaw	CITY
40467	130	911	Poland	COUNTRY
40467	131	97	camps	GEONOUN
40467	131	122	Klettendorf	PLACE
40467	132	66	concentration camps	GEONOUN
40467	132	122	concentration camps	GEONOUN
40467	136	16	Jewish	GEONOUN
40467	138	56	Jewish	GEONOUN
40467	138	96	ghetto	GEONOUN
40467	138	258	ghetto	GEONOUN
40467	138	410	ghetto	GEONOUN
40467	141	110	a year later	DATE
40467	141	290	Vistula	PLACE
40467	141	484	Warsaw	CITY
40467	141	491	ghetto	GEONOUN
40467	141	545	Warsaw	CITY
40467	143	129	houses	GEONOUN
40467	143	178	villa	GEONOUN
40467	143	251	houses	GEONOUN
40467	143	474	house	GEONOUN
40467	143	509	about two, three weeks	DATE
40467	143	540	Gorlitz	CAMP
40467	143	786	town	GEONOUN
40467	145	252	factory	GEONOUN
40467	145	311	railway station	GEONOUN
40467	145	319	station	GEONOUN
40467	145	330	Weisenbach	PLACE
40467	145	393	camp	GEONOUN
40467	145	416	France	COUNTRY
40467	145	453	few days	DATE
40467	145	561	Weisenbach	PLACE
40467	145	873	Jewish	GEONOUN
40467	145	892	Palestine	CITY
40467	145	917	Weisenbach	PLACE
40467	145	963	evening	TIME
40467	145	1209	train	GEONOUN
40467	145	1232	pass	GEONOUN
40467	145	1383	pass	GEONOUN
40467	145	1404	train	GEONOUN
40467	145	1419	France	COUNTRY
40467	145	1547	camp	GEONOUN
40467	145	1625	Poland	COUNTRY
40467	145	1687	France	COUNTRY
40467	145	1829	France	COUNTRY
40467	145	1991	France	COUNTRY
40467	145	2142	pass	GEONOUN
40467	145	2160	train	GEONOUN
40467	145	2190	France	COUNTRY
40467	145	2222	Centre d'Accueil--	PLACE
40467	145	2248	reception	GEONOUN
40467	145	2272	Dombasle--	PLACE
40467	145	2337	France	COUNTRY
40467	146	45	pass	GEONOUN
40467	146	129	France	COUNTRY
40467	147	22	Dombasle	PLACE
40467	147	247	France	COUNTRY
40467	148	19	train	GEONOUN
40467	148	120	town	GEONOUN
40467	148	126	Commercy	PLACE
40467	148	147	Nancy	CITY
40467	148	371	Commercy	PLACE
40467	148	598	station	GEONOUN
40467	148	619	town	GEONOUN
40467	148	663	Germany	COUNTRY
40467	148	709	train	GEONOUN
40467	148	763	a few days	DATE
40467	148	794	town	GEONOUN
40467	148	841	Commercy	PLACE
40467	148	876	hospital	GEONOUN
40467	148	915	barracks	GEONOUN
40467	148	932	town	GEONOUN
40467	148	958	hospital	GEONOUN
40467	148	1218	France	COUNTRY
40467	148	1382	hospital	GEONOUN
40467	148	1953	nurses	GEONOUN
40467	148	2158	America	COUNTRY
40467	149	26	court	GEONOUN
40467	149	39	France	COUNTRY
40467	149	115	court	GEONOUN
40467	149	247	France	COUNTRY
40467	150	288	Germany	COUNTRY
40467	150	310	Baden-Baden	CITY
40467	150	354	France	COUNTRY
40467	150	410	France	COUNTRY
40467	150	447	Germany	COUNTRY
40467	150	473	France	COUNTRY
40467	151	28	the beginning of '47	DATE
40467	151	75	France	COUNTRY
40467	151	97	Paris	CITY
40467	152	6	July '45	DATE
40467	155	217	France	COUNTRY
40467	156	32	France	COUNTRY
40467	156	106	Poland	COUNTRY
40467	157	165	Paris	CITY
40467	157	356	three weeks	DATE
40467	157	396	England	PLACE
40467	158	203	Paris	CITY
40467	158	394	London	CITY
40467	158	539	Paris	CITY
40467	158	595	England	PLACE
40467	158	616	Slovakia	COUNTRY
40467	158	631	Czechoslovakia	COUNTRY
40467	158	690	Paris	CITY
40467	158	833	Friday-evening evening	DATE
40467	158	931	Paris	CITY
40467	158	949	the weekend	DATE
40467	158	1008	Paris	CITY
40467	158	1032	the next weekend	DATE
40467	158	1050	The same weekend	DATE
40467	158	1103	Cambridge	CITY
40467	160	64	18 years	DATE
40467	161	36	Dresden	CITY
40467	161	87	Slovakia	COUNTRY
40467	161	105	Presov	PLACE
40467	161	171	Slovakia	COUNTRY
40467	161	221	England	PLACE
40467	161	339	England	PLACE
40467	161	483	factory	GEONOUN
40467	161	710	England	PLACE
40467	162	75	London	CITY
40467	162	93	about two years ago	DATE
40467	163	51	England	PLACE
40467	163	93	five years	DATE
40467	163	125	France	COUNTRY
40467	164	41	Paris	CITY
40467	164	80	England	PLACE
40467	164	209	Cambridge	CITY
40467	164	250	May '45	DATE
40467	166	24	France	COUNTRY
40467	166	54	Café de la Paix	PLACE
40467	166	74	Paris	CITY
40467	166	245	Cracow	PLACE
40467	166	377	Canada	COUNTRY
40467	166	613	Cracow	PLACE
40467	166	637	theatre	GEONOUN
40467	166	648	Cracow	PLACE
40467	166	780	Lódz	PLACE
40467	166	881	the next day	DATE
40467	167	80	Lódz	PLACE
40467	168	181	Poland	COUNTRY
40467	169	85	Poland	COUNTRY
40467	169	123	school	GEONOUN
40467	169	133	Lódz	PLACE
40467	169	222	university	GEONOUN
40467	169	236	Edinburgh	CITY
40467	169	499	Poland	COUNTRY
40467	169	512	England	PLACE
40467	169	524	university	GEONOUN
40467	169	554	Cambridge	CITY
40467	169	613	Cambridge	CITY
40467	169	664	college	GEONOUN
40467	169	815	Russia	COUNTRY
40467	171	178	hospital	GEONOUN
40467	172	37	England	PLACE
40467	172	133	France	COUNTRY
40467	172	174	England	PLACE
40467	172	315	house	GEONOUN
40467	173	9	house	GEONOUN
40467	173	26	house	GEONOUN
40467	173	50	Cambridge	CITY
40467	173	78	street	GEONOUN
40467	173	86	Kings Hedges Road	PLACE
40467	173	142	detached	GEONOUN
40467	173	161	rooms downstairs	GEONOUN
40467	173	167	downstairs	GEONOUN
40467	173	198	rooms upstairs	GEONOUN
40467	173	204	upstairs	GEONOUN
40467	173	267	garden	GEONOUN
40467	174	39	factory	GEONOUN
40467	176	0	Three years	DATE
40467	180	105	earth	GEONOUN
40467	183	13	five years	DATE
40467	187	333	university	GEONOUN
40467	188	43	country	GEONOUN
40467	188	82	house	GEONOUN
40467	188	94	farm	GEONOUN
40467	188	129	factory	GEONOUN
40467	188	210	Cambridge	CITY
40467	188	220	factory	GEONOUN
40467	188	361	house	GEONOUN
40467	188	374	country	GEONOUN
40467	188	394	Cambridge	CITY
40467	188	411	flat	GEONOUN
40467	188	419	London	CITY
40467	188	460	London	CITY
40467	189	24	15 years ago	DATE
40467	189	50	4 SECONDS	DATE
40467	189	61	15 years ago	DATE
40467	189	85	'98	DATE
40467	190	0	'83	DATE
40467	190	16	'83	DATE
40467	190	26	'47	DATE
40467	190	35	'83	DATE
40467	192	53	hospital	GEONOUN
40467	192	66	a year	DATE
40467	192	212	factory	GEONOUN
40467	192	240	house	GEONOUN
40467	192	276	Cambridge	CITY
40467	192	300	country	GEONOUN
40467	192	327	Cambridge	CITY
40467	192	352	hospital	GEONOUN
40467	193	126	Devon	PLACE
40467	193	136	Totnes--	PLACE
40467	194	45	university	GEONOUN
40467	194	208	church	GEONOUN
40467	195	124	Jewish	GEONOUN
40467	197	45	every day	DATE
40467	197	244	theater	GEONOUN
40467	197	280	London	CITY
40467	199	26	13 years ago	DATE
40467	201	82	stone	GEONOUN
40467	202	111	house	GEONOUN
40467	204	50	England	PLACE
40467	204	70	surroundings	GEONOUN
40467	204	704	Poland	COUNTRY
40467	204	711	every year	DATE
40467	204	746	university	GEONOUN
40467	204	760	Poland	COUNTRY
40467	204	844	England	PLACE
40467	204	865	every summer	DATE
40467	204	902	Cambridge	CITY
40467	204	943	hours	TIME
40467	208	219	Friday	DATE
40467	210	23	38 years ago	DATE
40467	210	90	ghetto	GEONOUN
40467	210	118	houses	GEONOUN
40467	210	174	buildings	GEONOUN
40467	211	18	a month	DATE
40467	211	161	memorial	GEONOUN
40467	211	192	grave	GEONOUN
40467	211	205	Jewish cemetery	GEONOUN
40467	211	212	cemetery	GEONOUN
40467	211	225	Warsaw	CITY
40467	211	251	grave	GEONOUN
40467	211	686	state	GEONOUN
40467	216	46	Poland	COUNTRY
40467	216	139	France	COUNTRY
40467	216	412	Brooklyn	CITY
40467	216	427	Brooklyn	CITY
40467	216	444	Brooklyn	CITY
40467	216	664	France	COUNTRY
40467	222	32	1911	DATE
40467	222	61	England	PLACE
40467	222	72	1911	DATE
40467	223	3	Warsaw	CITY
40467	223	81	1890	DATE
40467	223	193	about 20-years-old	DATE
40467	223	334	division	GEONOUN
40467	224	15	about 1919	DATE
40467	224	186	Warsaw	CITY
40467	224	311	1940	DATE
40467	224	329	three years old	DATE
40467	224	349	1943	DATE
40467	224	452	Warsaw	CITY
40467	224	472	24 years old	DATE
40467	225	24	29 years old	DATE
40467	226	3	the Warsaw Uprising	EVENT
40467	226	45	about 15 years old	DATE
40467	226	85	Warsaw	CITY
40467	226	151	France	COUNTRY
40467	227	3	'45	DATE
40467	228	132	England	PLACE
40467	228	153	'48	DATE
40467	228	224	Cambridge	CITY
40467	228	237	Milton Road	PLACE
40467	228	276	'47	DATE
40467	228	363	18 years old	DATE
40467	228	381	17	DATE
40467	228	663	19	DATE
40467	230	7	July	DATE
40467	231	0	'97--	DATE
40467	231	14	'97	DATE
40467	231	60	just a second	TIME
40467	237	141	Warsaw	CITY
40467	237	275	hall	GEONOUN
40467	237	328	Jewish	GEONOUN
40467	237	371	Warsaw	CITY
40467	237	399	Warsaw	CITY
40467	242	121	every year	DATE
40467	242	137	America	COUNTRY
40467	242	287	States	PLACE
40467	242	301	pass	GEONOUN
40467	242	371	Poland	COUNTRY
40467	242	465	Egypt	COUNTRY
40467	243	113	States	PLACE
40467	243	403	States	PLACE
40467	243	481	a year	DATE
40467	243	506	every day	DATE
40467	243	706	the whole year	DATE
40467	243	765	States	PLACE
40467	243	806	States	PLACE
40467	243	1027	America	COUNTRY
40467	243	1097	China	COUNTRY
40467	243	1235	school	GEONOUN
40467	243	1281	every year	DATE
40467	243	1331	America	COUNTRY
40467	245	49	block	GEONOUN
40467	245	58	flats	GEONOUN
40467	245	144	houses	GEONOUN
40467	245	183	road	GEONOUN
40467	245	192	houses	GEONOUN
40467	245	216	park	GEONOUN
40467	245	242	Ogrod Saski	PLACE
40467	245	255	Saxon Garden	PLACE
40467	245	271	Warsaw	CITY
40467	245	305	road	GEONOUN
40467	245	370	the Saxon Garden	PLACE
40467	245	419	garden	GEONOUN
40467	245	443	school	GEONOUN
40467	245	482	school	GEONOUN
40467	245	499	school	GEONOUN
40467	246	13	block	GEONOUN
40467	246	22	flats	GEONOUN
40467	246	57	Jewish	GEONOUN
40467	246	72	Jewish	GEONOUN
40467	246	113	Jewish	GEONOUN
40467	247	39	block	GEONOUN
40467	247	48	flats	GEONOUN
40467	248	81	park	GEONOUN
40467	248	108	Jewish	GEONOUN
40467	248	411	the next day	DATE
40467	248	575	garden	GEONOUN
40467	252	19	room	GEONOUN
40467	252	37	corner	GEONOUN
40467	252	69	houses	GEONOUN
40467	252	91	England	PLACE
40467	252	110	Poland	COUNTRY
40467	252	139	apartment	GEONOUN
40467	252	159	rooms	GEONOUN
40467	252	194	apartment	GEONOUN
40467	252	249	room	GEONOUN
40467	253	14	room	GEONOUN
40467	253	34	room	GEONOUN
40467	253	120	apartment	GEONOUN
40467	258	48	about five	DATE
40467	258	73	house	GEONOUN
40467	258	176	school	GEONOUN
40467	258	276	every day	DATE
40467	258	294	about 10 minutes'	TIME
40467	258	365	apartment	GEONOUN
40467	258	480	about two years--	DATE
40467	259	5	three years	DATE
40467	260	10	Jewish	GEONOUN
40467	260	184	10 years	DATE
40467	260	207	school	GEONOUN
40467	260	270	school	GEONOUN
40467	263	0	About three years	DATE
40467	264	15	pass	GEONOUN
40467	264	67	house	GEONOUN
40467	265	29	rise	GEONOUN
40467	265	46	school	GEONOUN
40467	267	205	10 years	DATE
40467	267	242	school	GEONOUN
40467	271	24	school	GEONOUN
40467	271	88	school	GEONOUN
40467	271	123	the last year	DATE
40467	271	140	school	GEONOUN
40467	271	444	school	GEONOUN
40467	271	490	school	GEONOUN
40467	271	640	Jewish	GEONOUN
40467	271	743	Jewish	GEONOUN
40467	271	841	Jewish	GEONOUN
40467	271	994	Jewish	GEONOUN
40467	273	66	Jewish	GEONOUN
40467	274	46	Poland	COUNTRY
40467	274	85	Jewish	GEONOUN
40467	274	188	school	GEONOUN
40467	274	258	Poland	COUNTRY
40467	274	363	church	GEONOUN
40467	275	113	Jewish	GEONOUN
40467	275	168	Jewish	GEONOUN
40467	275	269	Jewish	GEONOUN
40467	275	332	Jewish	GEONOUN
40467	280	205	detached	GEONOUN
40467	282	141	bus stop	GEONOUN
40467	282	178	tram	GEONOUN
40467	282	240	Warsaw	CITY
40467	282	282	tram	GEONOUN
40467	282	294	Warsaw	CITY
40467	284	123	theater	GEONOUN
40467	289	55	two months	DATE
40467	289	69	summer	DATE
40467	289	96	Warsaw	CITY
40467	289	132	seaside	GEONOUN
40467	289	210	Sopot	CITY
40467	289	232	Gdansk	CAMP
40467	289	252	the Baltic Sea--	PLACE
40467	289	272	the Baltic Sea	PLACE
40467	289	318	spa	GEONOUN
40467	289	329	Druskininkai	PLACE
40467	289	576	Druskininkai	PLACE
40467	289	604	a River Niemno	PLACE
40467	289	637	beach	GEONOUN
40467	289	687	lakes	GEONOUN
40467	289	728	about three, four weeks	DATE
40467	289	812	Warsaw	CITY
40467	289	822	beginning of September	DATE
40467	289	855	school	GEONOUN
40467	289	875	the 3rd of September	DATE
40467	290	17	Passover	EVENT
40467	290	53	Seder	EVENT
40467	290	150	perhaps five minutes	TIME
40467	293	59	Jewish	GEONOUN
40467	294	29	Yom Kippur	DATE
40467	294	334	Yom Kippur	DATE
40467	298	192	Moscow	CITY
40467	298	203	university	GEONOUN
40467	299	95	summer	DATE
40467	299	120	winter	DATE
40467	302	12	three	DATE
40467	302	21	four	DATE
40467	302	639	clinic	GEONOUN
40467	302	670	five years	DATE
40467	302	880	clinic	GEONOUN
40467	304	220	Warsaw	CITY
40467	305	40	Israel	COUNTRY
40467	307	206	today	DATE
40467	310	115	mid-'30s	DATE
40467	312	237	about the age of 16	DATE
40467	312	258	17	DATE
40467	312	266	18	DATE
40467	312	359	houses	GEONOUN
40467	315	57	Jewish	GEONOUN
40467	316	6	Sunday	DATE
40467	316	13	morning	TIME
40467	316	80	park	GEONOUN
40467	316	93	18th century	DATE
40467	316	106	chateau	GEONOUN
40467	316	136	parts	GEONOUN
40467	316	145	Warsaw	CITY
40467	316	267	winter	DATE
40467	316	346	Sunday	DATE
40467	316	353	morning	TIME
40467	316	401	Warsaw	CITY
40467	316	492	theater	GEONOUN
40467	316	559	cinema	GEONOUN
40467	317	75	houses	GEONOUN
40467	317	145	evening	TIME
40467	317	170	16	DATE
40467	319	76	Zakopane	CITY
40467	324	134	England	PLACE
40467	324	179	'58	DATE
40467	324	186	Poland	COUNTRY
40467	325	19	Poland	COUNTRY
40467	325	79	church	GEONOUN
40467	325	94	England	PLACE
40467	325	126	Ealing	PLACE
40467	326	46	Treblinka	PLACE
40467	328	149	Russia	COUNTRY
40467	328	340	Russia	COUNTRY
40467	328	362	Russia	COUNTRY
40467	328	488	Russia	COUNTRY
40467	328	514	Poland	COUNTRY
40467	329	131	school	GEONOUN
40467	329	184	Jewish	GEONOUN
40467	329	200	the next year	DATE
40467	329	239	France	COUNTRY
40467	329	296	school	GEONOUN
40467	329	306	Nancy	CITY
40467	329	502	school	GEONOUN
40467	329	524	a year	DATE
40467	330	13	'38	DATE
40467	330	43	school	GEONOUN
40467	330	58	Poland	COUNTRY
40467	330	84	'39	DATE
40467	330	103	the autumn	DATE
40467	330	123	France	COUNTRY
40467	331	90	Jewish	GEONOUN
40467	334	0	That year	DATE
40467	335	76	six years older	DATE
40467	335	386	walls	GEONOUN
40467	341	222	Jewish	GEONOUN
40467	343	399	prison	GEONOUN
40467	346	82	this time period	DATE
40467	346	127	Germany	COUNTRY
40467	346	237	frontier	GEONOUN
40467	346	319	house	GEONOUN
40467	346	331	Germany	COUNTRY
40467	346	394	houses	GEONOUN
40467	346	476	house	GEONOUN
40467	347	12	1939	DATE
40467	347	73	end of '38	DATE
40467	349	24	sink	GEONOUN
40467	351	276	47	DATE
40467	351	296	57--	DATE
40467	351	306	60	DATE
40467	357	0	About two years	DATE
40467	358	11	17	DATE
40467	358	18	my last year	DATE
40467	358	34	school	GEONOUN
40467	366	0	Summer '39	DATE
40467	368	185	April '39	DATE
40467	369	484	1920s	DATE
40467	378	247	a day	DATE
40467	379	6	that year	DATE
40467	379	102	the summer	DATE
40467	379	181	France	COUNTRY
40467	379	200	Juan-les-Pins	PLACE
40467	379	240	villa	GEONOUN
40467	379	253	Sans Souci--	PLACE
40467	379	294	four weeks	DATE
40467	379	322	August	DATE
40467	379	337	September	DATE
40467	379	420	France	COUNTRY
40467	379	556	Germany	COUNTRY
40467	379	567	train	GEONOUN
40467	379	931	apartment	GEONOUN
40467	381	9	April	DATE
40467	381	44	apartment	GEONOUN
40467	385	96	rooms	GEONOUN
40467	385	258	architect	GEONOUN
40467	385	320	balcony	GEONOUN
40467	385	377	board	GEONOUN
40467	385	457	room	GEONOUN
40467	385	506	only a few months	DATE
40467	387	91	England	PLACE
40467	388	16	a year before	DATE
40467	388	53	Bulgaria	COUNTRY
40467	388	66	Varna--	PLACE
40467	389	9	seaside	GEONOUN
40467	390	444	apartment	GEONOUN
40467	391	7	six years older	DATE
40467	391	38	9	DATE
40467	391	59	19	DATE
40467	391	63	Just a second	TIME
40467	391	82	'39-- only November	DATE
40467	391	108	19-- 18	DATE
40467	391	124	18	DATE
40467	391	139	24	DATE
40467	391	171	August	DATE
40467	394	95	Warsaw	CITY
40467	394	212	Europe	CONTINENT
40467	394	222	America	COUNTRY
40467	397	214	earth	GEONOUN
40467	398	24	1st of September	DATE
40467	398	43	39	DATE
40467	400	0	Early in the morning	TIME
40467	400	89	street	GEONOUN
40467	400	1006	Warsaw	CITY
40467	400	1090	about two, three days	DATE
40467	400	1194	Warsaw	CITY
40467	401	427	flat	GEONOUN
40467	401	562	about 10 days	DATE
40467	401	588	Warsaw	CITY
40467	401	622	house	GEONOUN
40467	401	655	fell	GEONOUN
40467	401	675	courtyard	GEONOUN
40467	401	694	flat	GEONOUN
40467	401	743	Warsaw	CITY
40467	401	760	Warsaw	CITY
40467	401	834	flat	GEONOUN
40467	401	1086	flat	GEONOUN
40467	401	1111	Warsaw	CITY
40467	401	1256	about two days after	DATE
40467	401	1306	flat	GEONOUN
40467	401	1570	a few hours	TIME
40467	401	1695	flat	GEONOUN
40467	401	1741	apartment	GEONOUN
40467	401	1812	beginning of November	DATE
40467	401	2078	division	GEONOUN
40467	401	2090	Poland	COUNTRY
40467	401	2355	Jewish	GEONOUN
40467	401	2578	passages	GEONOUN
40467	401	2606	frontier	GEONOUN
40467	401	2649	Bialystok	PLACE
40467	401	2749	Bialystok	PLACE
40467	401	2810	house	GEONOUN
40467	401	2855	Bialystok	PLACE
40467	401	2943	passage	GEONOUN
40467	401	2954	Bialystok	PLACE
40467	401	2986	train	GEONOUN
40467	401	3051	a day	DATE
40467	401	3112	Lwów	PLACE
40467	401	3169	Bialystok	PLACE
40467	401	3251	Bialystok	PLACE
40467	401	3981	about three days	DATE
40467	401	4003	the rest of the week	DATE
40467	401	4220	room	GEONOUN
40467	401	4264	town	GEONOUN
40467	401	4534	college	GEONOUN
40467	401	4936	college	GEONOUN
40467	401	5145	house	GEONOUN
40467	401	5286	college	GEONOUN
40467	401	5589	every week	DATE
40467	401	6163	train	GEONOUN
40467	401	6447	points	GEONOUN
40467	402	289	Moscow	CITY
40467	404	19	Jewish	GEONOUN
40467	404	47	Warsaw	CITY
40467	404	78	Tomaszów	PLACE
40467	404	120	Warsaw	CITY
40467	405	32	cellar	GEONOUN
40467	408	76	two years--	DATE
40467	408	93	'39 to '41-	DATE
40467	408	109	Bialystok	PLACE
40467	408	389	Moscow	CITY
40467	409	127	Russia	COUNTRY
40467	409	218	field	GEONOUN
40467	409	388	Moscow	CITY
40467	409	1015	Moscow	CITY
40467	410	7	1940	DATE
40467	410	13	Between 1940 and '41	DATE
40467	410	41	Christmas	DATE
40467	410	119	Moscow	CITY
40467	410	139	Metropol	PLACE
40467	410	160	hotel	GEONOUN
40467	410	169	Moscow	CITY
40467	410	222	club	GEONOUN
40467	410	230	Moscow	CITY
40467	413	0	Two weeks.	DATE
40467	414	329	block	GEONOUN
40467	414	643	camp	GEONOUN
40467	414	701	prison	GEONOUN
40467	414	770	England	PLACE
40467	414	830	school	GEONOUN
40467	414	1078	77	DATE
40467	414	1100	60	DATE
40467	414	1143	Moscow	CITY
40467	415	8	train	GEONOUN
40467	415	43	10 hours	TIME
40467	415	53	12 hours	TIME
40467	416	252	Two hours	TIME
40467	416	334	market	GEONOUN
40467	416	399	cafeteria	GEONOUN
40467	416	439	cafeteria	GEONOUN
40467	418	67	university	GEONOUN
40467	421	114	ghetto	GEONOUN
40467	422	31	post	GEONOUN
40467	423	45	ghetto	GEONOUN
40467	424	15	ghetto	GEONOUN
40467	424	53	Warsaw	CITY
40467	424	87	the day	DATE
40467	424	118	Warsaw	CITY
40467	425	30	ghetto	GEONOUN
40467	425	110	apartment	GEONOUN
40467	425	181	Warsaw	CITY
40467	425	206	ghetto	GEONOUN
40467	425	230	apartment	GEONOUN
40467	425	276	rooms	GEONOUN
40467	425	298	rooms	GEONOUN
40467	425	419	Lodz	PLACE
40467	425	427	Warsaw	CITY
40467	425	545	Bialystok	PLACE
40467	425	558	Warsaw	CITY
40467	429	66	two years	DATE
40467	429	92	Another year	DATE
40467	429	163	state	GEONOUN
40467	429	322	five year	DATE
40467	429	486	another year	DATE
40467	429	811	country	GEONOUN
40467	429	1004	hospital	GEONOUN
40467	429	1181	France	COUNTRY
40467	429	1200	Bulgaria	COUNTRY
40467	429	1528	a month	DATE
40467	429	1577	Poland	COUNTRY
40467	429	1594	Bialystok	PLACE
40467	429	1672	Siberia	PLACE
40467	429	1737	that last months	DATE
40467	429	1794	Russia	COUNTRY
40467	429	1805	Germany	COUNTRY
40467	429	1970	Russia	COUNTRY
40467	429	2096	Poland	COUNTRY
40467	431	97	Poland	COUNTRY
40467	431	135	England	PLACE
40467	433	196	Siberia	PLACE
40467	434	40	the 21st of June	DATE
40467	437	41	Bialystok	PLACE
40467	438	13	a few hours	TIME
40467	438	35	frontier	GEONOUN
40467	439	9	Bialystok	PLACE
40467	441	89	a day	DATE
40467	441	303	24 hours	TIME
40467	441	483	area	GEONOUN
40467	441	602	foot	GEONOUN
40467	441	615	Bialystok	PLACE
40467	441	633	apartment	GEONOUN
40467	441	698	post office	GEONOUN
40467	441	778	Siberia	PLACE
40467	441	865	house	GEONOUN
40467	441	893	town	GEONOUN
40467	441	911	cellar	GEONOUN
40467	441	969	Bialystok	PLACE
40467	441	1333	About a week	DATE
40467	441	1463	Warsaw	CITY
40467	441	1529	Warsaw	CITY
40467	441	1536	ghetto	GEONOUN
40467	441	1688	About a week	DATE
40467	441	1785	Bialystok	PLACE
40467	441	1795	synagogue	GEONOUN
40467	441	1840	synagogue	GEONOUN
40467	441	1858	Jewish	GEONOUN
40467	441	1876	Bialystok	PLACE
40467	441	1909	Jewish	GEONOUN
40467	441	1927	Bialystok	PLACE
40467	441	2432	about a month	DATE
40467	441	2462	June	DATE
40467	441	2468	July	DATE
40467	441	2477	August	DATE
40467	441	2508	about two months	DATE
40467	441	2586	Bialystok--	PLACE
40467	441	2791	cellar	GEONOUN
40467	441	2805	house	GEONOUN
40467	441	2846	room	GEONOUN
40467	441	2859	house	GEONOUN
40467	441	2944	theater	GEONOUN
40467	441	3062	cellar	GEONOUN
40467	441	3144	Bialystok	PLACE
40467	442	8	Jewish	GEONOUN
40467	442	224	all day	DATE
40467	442	584	cellar	GEONOUN
40467	442	616	all day	DATE
40467	442	634	night	TIME
40467	442	692	Bialystok	PLACE
40467	442	860	Bialystok	PLACE
40467	446	10	five minutes' walk	TIME
40467	447	0	About three, four weeks	DATE
40467	448	16	ghetto	GEONOUN
40467	448	26	Bialystok	PLACE
40467	448	156	ghetto	GEONOUN
40467	448	213	Bialystok--	PLACE
40467	448	365	town	GEONOUN
40467	448	373	Bialystok	PLACE
40467	448	673	street	GEONOUN
40467	448	852	ghetto	GEONOUN
40467	448	862	Bialystok	PLACE
40467	448	896	Bialystok	PLACE
40467	448	1019	about a week	DATE
40467	448	1033	10 days	DATE
40467	448	1058	ghetto	GEONOUN
40467	448	1068	Bialystok	PLACE
40467	448	1155	train	GEONOUN
40467	448	1191	frontier	GEONOUN
40467	448	1215	Bialystok	PLACE
40467	448	1228	Warsaw	CITY
40467	448	1343	train	GEONOUN
40467	448	1510	station	GEONOUN
40467	448	1543	train	GEONOUN
40467	448	1552	Warsaw	CITY
40467	448	1647	train	GEONOUN
40467	448	1669	Warsaw	CITY
40467	448	1738	station	GEONOUN
40467	448	1796	the morning	TIME
40467	448	1817	the morning	TIME
40467	448	1964	ghetto	GEONOUN
40467	448	2011	ghetto	GEONOUN
40467	448	2137	flat	GEONOUN
40467	448	2151	flat	GEONOUN
40467	448	2525	ghetto	GEONOUN
40467	448	2564	the morning	TIME
40467	448	2577	Early afternoon	TIME
40467	448	2684	houses	GEONOUN
40467	448	2694	ghetto	GEONOUN
40467	448	2816	two years	DATE
40467	449	16	August, '41	DATE
40467	451	382	market	GEONOUN
40467	453	161	room	GEONOUN
40467	453	194	room	GEONOUN
40467	453	324	corner	GEONOUN
40467	453	515	rooms	GEONOUN
40467	453	529	flat	GEONOUN
40467	453	555	flat	GEONOUN
40467	453	637	Lódz	PLACE
40467	453	667	room	GEONOUN
40467	453	702	Lublin	CITY
40467	453	865	room	GEONOUN
40467	453	964	night	TIME
40467	453	1001	room	GEONOUN
40467	453	1049	alternative days	DATE
40467	453	1107	night	TIME
40467	453	1140	night	TIME
40467	453	1155	flat	GEONOUN
40467	453	1198	room	GEONOUN
40467	453	1409	hospital	GEONOUN
40467	453	1566	room	GEONOUN
40467	453	1592	the evening	TIME
40467	453	1622	bridge	GEONOUN
40467	453	1695	about 6 o'clock	TIME
40467	453	1715	the curfew hours	TIME
40467	453	1796	flat	GEONOUN
40467	453	1943	every evening	TIME
40467	453	1966	block	GEONOUN
40467	453	1975	flats	GEONOUN
40467	453	2021	flats	GEONOUN
40467	453	2097	block	GEONOUN
40467	453	2106	flats	GEONOUN
40467	453	2119	street	GEONOUN
40467	453	2139	lofts	GEONOUN
40467	453	2197	that particular evening	TIME
40467	453	2347	every evening	TIME
40467	453	2439	bridge	GEONOUN
40467	453	2452	bridge	GEONOUN
40467	453	2483	evening	TIME
40467	460	240	bay	GEONOUN
40467	460	278	about 48 hours	TIME
40467	460	422	August	DATE
40467	460	525	Jewish	GEONOUN
40467	460	723	every day	DATE
40467	460	1058	ghetto	GEONOUN
40467	460	1143	branch	GEONOUN
40467	460	1164	house	GEONOUN
40467	460	1217	Jewish	GEONOUN
40467	460	1259	main street	GEONOUN
40467	460	1272	Leszno	CITY
40467	460	1282	Warsaw	CITY
40467	460	1289	ghetto	GEONOUN
40467	461	543	England	PLACE
40467	461	634	ghetto	GEONOUN
40467	461	679	ghetto	GEONOUN
40467	461	715	ghetto	GEONOUN
40467	461	744	ghetto	GEONOUN
40467	461	869	the morning	TIME
40467	461	1192	another day	DATE
40467	461	1684	only a day	DATE
40467	461	1748	three days after	DATE
40467	461	1833	Jewish	GEONOUN
40467	461	1948	stone	GEONOUN
40467	461	2058	stone	GEONOUN
40467	461	2085	stone	GEONOUN
40467	462	0	Different hours	TIME
40467	463	31	different days	DATE
40467	463	584	America	COUNTRY
40467	463	890	ghetto	GEONOUN
40467	464	112	ghetto	GEONOUN
40467	464	409	ghetto	GEONOUN
40467	464	807	a week after	DATE
40467	466	17	ghetto	GEONOUN
40467	466	35	ghetto	GEONOUN
40467	466	60	Lódz	PLACE
40467	466	69	Warsaw	CITY
40467	466	90	ghetto	GEONOUN
40467	466	107	Warsaw	CITY
40467	466	205	market	GEONOUN
40467	468	365	restaurant	GEONOUN
40467	470	244	ghetto	GEONOUN
40467	470	330	coffeehouse	GEONOUN
40467	470	461	ghetto	GEONOUN
40467	471	79	rooms	GEONOUN
40467	471	134	room	GEONOUN
40467	471	172	room	GEONOUN
40467	471	206	courtyard	GEONOUN
40467	471	238	garden	GEONOUN
40467	471	265	garden	GEONOUN
40467	471	286	trees	GEONOUN
40467	471	331	garden	GEONOUN
40467	471	363	summer	DATE
40467	471	374	ghetto	GEONOUN
40467	473	63	winter	DATE
40467	473	80	summer	DATE
40467	476	267	club	GEONOUN
40467	476	279	club	GEONOUN
40467	476	334	club	GEONOUN
40467	477	19	club	GEONOUN
40467	478	39	6:00	TIME
40467	478	116	curfew hours	TIME
40467	481	20	today	DATE
40467	481	67	tomorrow	DATE
40467	481	220	this one year	DATE
40467	481	237	ghetto	GEONOUN
40467	481	309	camp	GEONOUN
40467	481	397	ghetto	GEONOUN
40467	481	539	stone	GEONOUN
40467	486	160	the honest day	DATE
40467	487	25	Jewish	GEONOUN
40467	488	189	every day	DATE
40467	491	189	France	COUNTRY
40467	491	647	room	GEONOUN
40467	491	899	14 days	DATE
40467	491	923	10 days	DATE
40467	491	1150	Bialystok	PLACE
40467	491	1195	flat	GEONOUN
40467	491	1223	Lublin	CITY
40467	491	1437	Russia	COUNTRY
40467	491	1452	the First World War	EVENT
40467	491	1521	hospital	GEONOUN
40467	492	13	February 1942	DATE
40467	493	9	Lublin	CITY
40467	493	52	1942	DATE
40467	493	258	spot	GEONOUN
40467	494	3	his late 50s	DATE
40467	494	34	60	DATE
40467	494	236	a year	DATE
40467	494	330	hospital	GEONOUN
40467	494	342	ghetto	GEONOUN
40467	494	536	clinic	GEONOUN
40467	494	546	ghetto	GEONOUN
40467	494	594	Bialystok	PLACE
40467	494	607	ghetto	GEONOUN
40467	494	753	clinic	GEONOUN
40467	494	781	about three days	DATE
40467	495	80	Poland	COUNTRY
40467	495	107	town	GEONOUN
40467	495	255	Treblinka	PLACE
40467	496	83	ghetto	GEONOUN
40467	496	202	house	GEONOUN
40467	496	245	houses	GEONOUN
40467	496	347	ghetto	GEONOUN
40467	496	365	ghetto	GEONOUN
40467	496	584	pass	GEONOUN
40467	496	744	Tolborough	PLACE
40467	496	791	Britain	PLACE
40467	496	850	France	COUNTRY
40467	496	867	France	COUNTRY
40467	496	884	England	PLACE
40467	496	919	France	COUNTRY
40467	496	954	Tolborough	PLACE
40467	496	1050	ghetto	GEONOUN
40467	498	81	works	GEONOUN
40467	500	55	ghetto	GEONOUN
40467	500	358	house	GEONOUN
40467	502	143	school	GEONOUN
40467	502	163	university	GEONOUN
40467	503	33	university	GEONOUN
40467	503	53	about a year older	DATE
40467	505	54	house	GEONOUN
40467	509	102	ghetto	GEONOUN
40467	511	80	ghetto	GEONOUN
40467	511	195	ghetto	GEONOUN
40467	511	217	inner	GEONOUN
40467	512	223	factory	GEONOUN
40467	512	1016	this period of July, August	DATE
40467	512	1053	September	DATE
40467	512	1190	the new year	DATE
40467	512	1204	Rosh Hashanah	DATE
40467	512	1299	beginning of September	DATE
40467	513	0	'42	DATE
40467	513	103	About a-- a month	DATE
40467	513	299	ghetto	GEONOUN
40467	513	391	Warsaw	CITY
40467	513	475	ghetto	GEONOUN
40467	513	532	ghetto	GEONOUN
40467	513	743	street	GEONOUN
40467	514	211	state	GEONOUN
40467	514	374	room	GEONOUN
40467	515	310	Umschlagplatz	PLACE
40467	515	511	Umschlagplatz	PLACE
40467	516	39	about 10 days	DATE
40467	516	97	ghetto	GEONOUN
40467	516	211	school	GEONOUN
40467	516	260	Czerniaków	PLACE
40467	516	287	Warsaw	CITY
40467	516	327	block	GEONOUN
40467	516	336	flats	GEONOUN
40467	516	348	flat	GEONOUN
40467	519	15	about October '41	DATE
40467	519	69	July '42	DATE
40467	520	13	ghetto	GEONOUN
40467	521	63	walls	GEONOUN
40467	526	88	ghetto	GEONOUN
40467	526	291	Jewish	GEONOUN
40467	526	315	Lwów	PLACE
40467	526	357	country	GEONOUN
40467	527	16	ghetto	GEONOUN
40467	527	134	ghetto	GEONOUN
40467	529	100	town	GEONOUN
40467	529	126	Jewish	GEONOUN
40467	531	17	ghetto	GEONOUN
40467	531	68	ghetto	GEONOUN
40467	531	139	block	GEONOUN
40467	532	63	Umschlagplatz	PLACE
40467	532	97	sanitarium	GEONOUN
40467	532	200	courtyard	GEONOUN
40467	532	500	ghetto	GEONOUN
40467	532	542	ghetto	GEONOUN
40467	533	138	Umschlagplatz	PLACE
40467	535	155	Jewish	GEONOUN
40467	535	206	Jewish	GEONOUN
40467	535	315	train	GEONOUN
40467	535	390	Jewish	GEONOUN
40467	536	76	Jewish	GEONOUN
40467	536	169	Jewish	GEONOUN
40467	536	294	Jewish	GEONOUN
40467	536	324	3 SECONDS	DATE
40467	536	368	a month	DATE
40467	536	379	six weeks	DATE
40467	537	47	the first-- second day	DATE
40467	538	31	apartment	GEONOUN
40467	538	54	ghetto	GEONOUN
40467	543	91	rooms	GEONOUN
40467	544	28	month	DATE
40467	545	11	about end of July	DATE
40467	551	223	ghetto	GEONOUN
40467	551	543	Jewish	GEONOUN
40467	551	560	ghetto	GEONOUN
40467	552	34	lofts	GEONOUN
40467	552	323	lofts	GEONOUN
40467	552	333	corridors	GEONOUN
40467	555	6	a few weeks	DATE
40467	555	24	three weeks	DATE
40467	555	120	Jewish cemetery	GEONOUN
40467	555	127	cemetery	GEONOUN
40467	555	163	ghetto	GEONOUN
40467	555	196	ghetto	GEONOUN
40467	555	304	ghetto	GEONOUN
40467	557	224	this fortnight	DATE
40467	558	73	pass	GEONOUN
40467	563	329	sea	GEONOUN
40467	564	11	ghetto	GEONOUN
40467	574	76	Russia	COUNTRY
40467	574	112	Russia	COUNTRY
40467	576	98	Warsaw	CITY
40467	576	272	Warsaw	CITY
40467	576	279	ghetto	GEONOUN
40467	577	69	cafe	GEONOUN
40467	577	131	cafe	GEONOUN
40467	577	275	cafe	GEONOUN
40467	578	249	ghetto	GEONOUN
40467	579	0	Jewish theater	GEONOUN
40467	579	7	theater	GEONOUN
40467	579	50	ghetto	GEONOUN
40467	579	139	ghetto	GEONOUN
40467	582	0	About 10 days	DATE
40467	583	282	a day	DATE
40467	583	512	post	GEONOUN
40467	583	813	city	GEONOUN
40467	583	856	spot	GEONOUN
40467	583	1030	school	GEONOUN
40467	583	1159	apartment	GEONOUN
40467	583	1216	flat	GEONOUN
40467	584	31	Jewish	GEONOUN
40467	584	336	about a week after	DATE
40467	584	389	block	GEONOUN
40467	584	398	flats	GEONOUN
40467	584	536	house	GEONOUN
40467	584	645	hall	GEONOUN
40467	586	68	Russia	COUNTRY
40467	586	272	Warsaw	CITY
40467	587	8	Midday	TIME
40467	587	26	11:00	TIME
40467	587	33	12:00	TIME
40467	589	10	the autumn	DATE
40467	595	161	fell	GEONOUN
40467	596	455	ghetto	GEONOUN
40467	598	19	ghetto	GEONOUN
40467	598	160	factory	GEONOUN
40467	598	464	Jewish	GEONOUN
40467	598	482	Jewish	GEONOUN
40467	598	514	Jewish	GEONOUN
40467	598	597	Jewish	GEONOUN
40467	598	674	Jewish	GEONOUN
40467	599	7	November, '42	DATE
40467	599	45	October	DATE
40467	599	54	October	DATE
40467	599	67	November	DATE
40467	599	77	November	DATE
40467	603	44	ghetto	GEONOUN
40467	603	90	ghetto	GEONOUN
40467	606	211	chamber	GEONOUN
40467	607	29	about a month before	DATE
40467	617	38	ghetto	GEONOUN
40467	617	364	flats	GEONOUN
40467	617	414	block	GEONOUN
40467	617	423	flats	GEONOUN
40467	617	450	Warsaw	CITY
40467	617	538	Jewish	GEONOUN
40467	617	1009	a few months	DATE
40467	617	1122	school	GEONOUN
40467	617	1185	Jewish	GEONOUN
40467	617	1350	safe house	GEONOUN
40467	617	1594	one day in June	DATE
40467	617	2004	the next day	DATE
40467	617	2122	the next day	DATE
40467	617	2569	a few nights	DATE
40467	617	2731	Warsaw	CITY
40467	617	2919	Germany	COUNTRY
40467	617	2939	Germany	COUNTRY
40467	617	2994	farms	GEONOUN
40467	617	3093	Germany	COUNTRY
40467	617	3308	about three days	DATE
40467	617	3619	Germany	COUNTRY
40467	617	3702	Germany	COUNTRY
40467	617	3734	Warsaw	CITY
40467	617	3812	the three nights	DATE
40467	617	3911	three days later	DATE
40467	617	3941	railway	GEONOUN
40467	617	4016	Munich	CITY
40467	617	4031	farm	GEONOUN
40467	617	4081	station	GEONOUN
40467	617	4131	train	GEONOUN
40467	617	4167	Germany	COUNTRY
40467	617	4223	station	GEONOUN
40467	617	4401	train	GEONOUN
40467	617	4455	frontier	GEONOUN
40467	617	4472	frontier	GEONOUN
40467	617	4509	train	GEONOUN
40467	617	4680	platform	GEONOUN
40467	617	4796	country	GEONOUN
40467	617	5097	Germany	COUNTRY
40467	617	5375	platform	GEONOUN
40467	617	5389	train	GEONOUN
40467	617	5428	station	GEONOUN
40467	617	5446	Zawiercie	CITY
40467	617	5461	frontier town	GEONOUN
40467	617	5470	town	GEONOUN
40467	617	5485	about half an hour	TIME
40467	617	5609	prison	GEONOUN
40467	617	5857	room	GEONOUN
40467	617	6225	camp	GEONOUN
40467	617	6355	About two days later	DATE
40467	617	6487	Sosnowiec	CITY
40467	617	6511	town	GEONOUN
40467	617	6560	ghetto	GEONOUN
40467	617	6605	prison	GEONOUN
40467	617	6619	ghetto	GEONOUN
40467	617	6685	train	GEONOUN
40467	617	6708	Jewish	GEONOUN
40467	617	6758	ghetto	GEONOUN
40467	617	6768	Zawiercie	CITY
40467	617	6794	Jewish	GEONOUN
40467	617	6827	Sosnowiec	CITY
40467	617	6847	ghetto	GEONOUN
40467	617	6878	Sosnowiec	CITY
40467	617	6896	Srodula	PLACE
40467	617	6921	Jewish prison	GEONOUN
40467	617	6928	prison	GEONOUN
40467	617	6960	prison	GEONOUN
40467	617	6998	ghetto	GEONOUN
40467	617	7035	Jewish	GEONOUN
40467	617	7601	prison	GEONOUN
40467	617	7663	Jewish	GEONOUN
40467	617	7860	Sosnowiec	CITY
40467	617	8103	about a week	DATE
40467	617	8164	courtyard	GEONOUN
40467	617	8246	the next day	DATE
40467	617	8290	5 o'clock in the morning	TIME
40467	617	8569	pass	GEONOUN
40467	617	8828	the next 5 o'clock in the morning	TIME
40467	617	8863	About 2 o'clock	TIME
40467	617	8965	Sosnowiec	CITY
40467	617	8975	ghetto	GEONOUN
40467	617	8983	Srodula	PLACE
40467	617	9135	ghetto	GEONOUN
40467	617	9145	Srodula	PLACE
40467	617	9156	Auschwitz	CAMP
40467	617	9265	train	GEONOUN
40467	617	9284	about 3 o'clock	TIME
40467	617	9429	Sosnowiec	CITY
40467	617	9467	train	GEONOUN
40467	617	9778	platform	GEONOUN
40467	617	9877	about three hours	TIME
40467	617	9898	Germany	COUNTRY
40467	617	9923	Auschwitz	CAMP
40467	617	9938	Sosnowiec	CITY
40467	617	9956	Oberschlesien	PLACE
40467	617	9971	the Upper Silesia	PLACE
40467	617	10008	train	GEONOUN
40467	617	10088	camp	GEONOUN
40467	617	10320	platform	GEONOUN
40467	617	10666	train	GEONOUN
40467	617	10688	platform	GEONOUN
40467	617	10882	Auschwitz	CAMP
40467	617	11066	train	GEONOUN
40467	617	11131	about 10 hours later	TIME
40467	617	11155	12 hours later	TIME
40467	617	11175	platform	GEONOUN
40467	617	11191	railway station	GEONOUN
40467	617	11199	station	GEONOUN
40467	617	11210	Breslau	CAMP
40467	617	11222	Wroclaw	CAMP
40467	617	11307	platform	GEONOUN
40467	617	11323	railway station	GEONOUN
40467	617	11331	station	GEONOUN
40467	617	11467	Wroclaw	CAMP
40467	617	11476	Breslau	CAMP
40467	617	11598	train	GEONOUN
40467	617	11653	hour	TIME
40467	617	11677	town	GEONOUN
40467	617	11720	Guntherbrucke	PLACE
40467	617	11787	factory	GEONOUN
40467	617	11806	barracks	GEONOUN
40467	617	12267	barracks	GEONOUN
40467	617	12287	the next day	DATE
40467	617	12382	neck	GEONOUN
40467	617	12559	camp	GEONOUN
40467	617	12927	The next day	DATE
40467	617	12987	factory	GEONOUN
40467	617	13036	factory	GEONOUN
40467	617	13407	Guntherbrucke	PLACE
40467	617	13425	two months	DATE
40467	617	13573	two months	DATE
40467	617	13674	camp	GEONOUN
40467	617	13696	Klettendorf	PLACE
40467	617	13774	Klettendorf	PLACE
40467	617	13829	territory	GEONOUN
40467	617	13862	huts	GEONOUN
40467	617	13890	parts	GEONOUN
40467	617	13995	parts	GEONOUN
40467	617	14394	parts	GEONOUN
40467	617	14536	camp	GEONOUN
40467	617	14677	wood	GEONOUN
40467	617	14765	parts	GEONOUN
40467	617	14833	Jewish	GEONOUN
40467	617	14874	Nissen	PLACE
40467	617	14881	huts	GEONOUN
40467	617	15283	camp	GEONOUN
40467	617	15514	camp	GEONOUN
40467	617	15603	winter	DATE
40467	617	15957	July '44	DATE
40467	617	16030	camp	GEONOUN
40467	617	16118	camp	GEONOUN
40467	617	16130	Ludwigsdorf	PLACE
40467	617	16194	Breslau	CAMP
40467	617	16215	Wroclaw	CAMP
40467	617	16252	factory	GEONOUN
40467	617	16278	mountains	GEONOUN
40467	617	16297	camp	GEONOUN
40467	617	16345	factory	GEONOUN
40467	617	16451	camp	GEONOUN
40467	617	16480	grave	GEONOUN
40467	617	16708	two months	DATE
40467	617	16868	camp	GEONOUN
40467	617	16894	July '44	DATE
40467	617	17028	every morning	TIME
40467	617	17293	about two months	DATE
40467	617	17953	camp	GEONOUN
40467	617	18730	factory	GEONOUN
40467	617	18750	24 hours	TIME
40467	617	18799	night	TIME
40467	617	19121	January '45	DATE
40467	617	19263	February	DATE
40467	617	19328	Gorlitz	CAMP
40467	617	19348	camp	GEONOUN
40467	617	19464	camp	GEONOUN
40467	617	19481	Gross-Rosen	PLACE
40467	617	19528	camp	GEONOUN
40467	617	19562	crematorium	GEONOUN
40467	617	19591	Auschwitz	CAMP
40467	617	19664	camp	GEONOUN
40467	617	19798	Gross-Rosen	PLACE
40467	617	19810	crematorium	GEONOUN
40467	617	19930	February '45	DATE
40467	617	19951	Gorlitz	CAMP
40467	617	19967	town	GEONOUN
40467	617	20028	24 hours	TIME
40467	617	20096	Germany	COUNTRY
40467	617	20105	Leipzig	CITY
40467	617	20117	Dresden	CITY
40467	617	20220	Gorlitz	CAMP
40467	617	20240	camp	GEONOUN
40467	617	20305	camps about a year later	GEONOUN
40467	617	20311	about a year later	DATE
40467	617	20339	'44	DATE
40467	617	20358	state	GEONOUN
40467	617	20391	only about two months	DATE
40467	617	20631	Ludwigsdorf	PLACE
40467	617	20656	camp	GEONOUN
40467	617	20702	Ludwigsdorf	PLACE
40467	617	20742	March	DATE
40467	617	20749	a month later	DATE
40467	617	20795	Gorlitz	CAMP
40467	617	20811	May	DATE
