FileID	AnswerID	StartCharPos	Entity	Type
40685	0	5	afternoon	TIME
40685	4	14	Halle an der Saale	PLACE
40685	5	0	Germany	COUNTRY
40685	6	0	January 5th, 1926	DATE
40685	10	22	Germany	COUNTRY
40685	10	94	Poland	COUNTRY
40685	10	178	Mielec	CITY
40685	11	95	Poland	COUNTRY
40685	11	168	Poland	COUNTRY
40685	15	22	Mielec	CITY
40685	15	30	Poland	COUNTRY
40685	16	115	Holland	CITY
40685	16	133	Holland	CITY
40685	16	153	Germany	COUNTRY
40685	16	243	Germany	COUNTRY
40685	18	78	Jewish	GEONOUN
40685	18	399	the early days	DATE
40685	18	622	holidays	DATE
40685	18	884	cheder	PLACE
40685	18	928	Holland	CITY
40685	18	940	Germany	COUNTRY
40685	18	1098	Saturday	DATE
40685	18	1168	Germany	COUNTRY
40685	18	1229	Jewish	GEONOUN
40685	20	22	Leipzig	CITY
40685	20	69	hour	TIME
40685	20	87	Halle	CITY
40685	20	406	school	GEONOUN
40685	20	432	school	GEONOUN
40685	20	513	school	GEONOUN
40685	20	698	store	GEONOUN
40685	23	315	Germany	COUNTRY
40685	23	358	Poland	COUNTRY
40685	24	270	theater	GEONOUN
40685	24	316	those very early years	DATE
40685	27	0	--a few years	DATE
40685	28	218	Germany	COUNTRY
40685	28	402	the early '30s	DATE
40685	28	449	raise	GEONOUN
40685	28	629	Germany	COUNTRY
40685	28	1157	Poland	COUNTRY
40685	28	1219	the United States	COUNTRY
40685	28	1555	Holocaust	EVENT
40685	29	312	school	GEONOUN
40685	30	95	Jewish community	GEONOUN
40685	30	102	community	GEONOUN
40685	30	155	school	GEONOUN
40685	30	222	Saturday	DATE
40685	30	231	morning	TIME
40685	30	243	Friday	DATE
40685	30	250	evening	TIME
40685	30	619	the early '30s	DATE
40685	30	673	Jewish	GEONOUN
40685	30	729	school	GEONOUN
40685	30	752	Jewish	GEONOUN
40685	30	986	Jewish	GEONOUN
40685	30	1080	school	GEONOUN
40685	31	85	division	GEONOUN
40685	31	183	the high holidays	DATE
40685	31	295	Rosh Hashanah	DATE
40685	31	314	Yom Kippur	DATE
40685	31	421	synagogue	GEONOUN
40685	31	513	division	GEONOUN
40685	33	98	Pesach	EVENT
40685	33	229	houses	GEONOUN
40685	33	352	house	GEONOUN
40685	34	199	school	GEONOUN
40685	34	214	school	GEONOUN
40685	34	228	college	GEONOUN
40685	35	82	school	GEONOUN
40685	35	228	school	GEONOUN
40685	35	260	an hour	TIME
40685	35	296	room	GEONOUN
40685	35	460	house	GEONOUN
40685	35	473	school	GEONOUN
40685	35	672	1938	DATE
40685	35	715	fall	GEONOUN
40685	35	798	concentration camps	GEONOUN
40685	35	1101	1938	DATE
40685	35	1163	concentration camps	GEONOUN
40685	35	1256	October of 1938	DATE
40685	35	1296	a week earlier	DATE
40685	35	1569	station	GEONOUN
40685	35	1896	an hour	TIME
40685	35	1979	house	GEONOUN
40685	35	2121	October	DATE
40685	35	2165	station	GEONOUN
40685	35	2358	Jewish	GEONOUN
40685	35	2381	community	GEONOUN
40685	35	2610	nighttime	TIME
40685	35	2751	Poland	COUNTRY
40685	35	3009	land	GEONOUN
40685	35	3075	all night long	TIME
40685	35	3235	the morning	TIME
40685	35	3310	Poland	COUNTRY
40685	35	3383	camp	GEONOUN
40685	35	3469	Poland	COUNTRY
40685	35	3506	camp	GEONOUN
40685	35	3582	Mielec	CITY
40685	35	3860	store downstairs	GEONOUN
40685	35	3866	downstairs	GEONOUN
40685	35	3896	store	GEONOUN
40685	35	3933	rooms	GEONOUN
40685	35	4054	apartment	GEONOUN
40685	35	4071	a few months--	DATE
40685	38	104	town	GEONOUN
40685	38	136	balcony	GEONOUN
40685	38	151	apartment	GEONOUN
40685	39	390	the end of October	DATE
40685	39	414	a few weeks later	DATE
40685	39	451	the Crystal Night-- Kristallnacht	EVENT
40685	39	526	windows	GEONOUN
40685	40	118	a week	DATE
40685	41	6	12	DATE
40685	41	22	12	DATE
40685	41	32	12	DATE
40685	42	94	an hour	TIME
40685	42	414	apartment	GEONOUN
40685	42	593	Buchwald	PLACE
40685	42	900	apartment	GEONOUN
40685	42	964	months and months later	DATE
40685	42	1024	Poland	COUNTRY
40685	42	1178	apartment	GEONOUN
40685	43	203	Poland	COUNTRY
40685	43	322	the next day	DATE
40685	43	506	Buchenwald	CAMP
40685	43	673	Germany	COUNTRY
40685	43	697	the United States	COUNTRY
40685	43	719	South America	CONTINENT
40685	43	845	Germany	COUNTRY
40685	44	65	Bolivia	COUNTRY
40685	44	144	Bolivia	COUNTRY
40685	44	220	Argentina	COUNTRY
40685	44	334	Argentina	COUNTRY
40685	44	405	the '30s, '37	DATE
40685	44	421	38	DATE
40685	45	37	Germany	COUNTRY
40685	45	73	Poland	COUNTRY
40685	45	108	Argentina	COUNTRY
40685	45	122	Bolivia	COUNTRY
40685	45	173	Poland	COUNTRY
40685	45	229	a year	DATE
40685	45	311	all that year	DATE
40685	45	371	Germany	COUNTRY
40685	45	438	Poland	COUNTRY
40685	46	47	bank	GEONOUN
40685	46	128	bank	GEONOUN
40685	46	182	store	GEONOUN
40685	46	307	apartment	GEONOUN
40685	47	260	school	GEONOUN
40685	47	416	school every day	GEONOUN
40685	47	423	every day	DATE
40685	48	38	Jewish	GEONOUN
40685	48	504	Israel	COUNTRY
40685	48	528	Israel	COUNTRY
40685	48	536	Palestine	CITY
40685	48	1229	the '30s	DATE
40685	48	1281	Jewish	GEONOUN
40685	48	1296	Jewish	GEONOUN
40685	48	1408	Jewish	GEONOUN
40685	48	1524	over 45 years old	DATE
40685	49	601	Jewish	GEONOUN
40685	50	436	Jewish	GEONOUN
40685	50	466	concentration camps	GEONOUN
40685	50	492	Dachau	CITY
40685	50	503	Buchenwald	CAMP
40685	51	185	store	GEONOUN
40685	51	408	Poland	COUNTRY
40685	51	522	Poland	COUNTRY
40685	52	174	house	GEONOUN
40685	52	386	apartment	GEONOUN
40685	52	568	Poland	COUNTRY
40685	52	579	Mielec	CITY
40685	53	81	the evening	TIME
40685	53	124	all day	DATE
40685	53	160	train	GEONOUN
40685	53	174	all day	DATE
40685	53	249	Germany	COUNTRY
40685	53	365	the day	DATE
40685	55	194	train	GEONOUN
40685	57	290	Germany	COUNTRY
40685	57	330	Poland	COUNTRY
40685	57	449	a few months	DATE
40685	57	500	house	GEONOUN
40685	57	580	rooms	GEONOUN
40685	57	674	room	GEONOUN
40685	57	720	room	GEONOUN
40685	57	978	outhouse	GEONOUN
40685	57	1074	every day	DATE
40685	57	1323	Germany	COUNTRY
40685	57	1493	Poland	COUNTRY
40685	57	1569	school	GEONOUN
40685	57	1600	school	GEONOUN
40685	57	1880	a few years older	DATE
40685	57	2178	The first year	DATE
40685	57	2206	'38	DATE
40685	57	2211	October '38 to September '39	DATE
40685	57	2330	store	GEONOUN
40685	57	2550	Mielec	CITY
40685	57	2610	street	GEONOUN
40685	57	2656	street	GEONOUN
40685	57	2685	house	GEONOUN
40685	57	2949	Friday	DATE
40685	57	2956	night	TIME
40685	57	2975	the Shabbat	DATE
40685	57	3162	street	GEONOUN
40685	57	3274	hours	TIME
40685	57	3285	hours	TIME
40685	57	3373	Mielec	CITY
40685	57	3499	Jewish	GEONOUN
40685	57	3920	village	GEONOUN
40685	57	3980	town	GEONOUN
40685	57	4025	store	GEONOUN
40685	57	4445	Czechoslovakia	COUNTRY
40685	57	4595	village	GEONOUN
40685	57	4677	almost a year	DATE
40685	57	5602	Poland	COUNTRY
40685	58	387	Poland	COUNTRY
40685	58	594	Germany	COUNTRY
40685	61	198	Poland	COUNTRY
40685	62	122	the holidays	DATE
40685	62	378	Seders	EVENT
40685	62	385	the years before	DATE
40685	62	405	Germany	COUNTRY
40685	62	450	that year	DATE
40685	62	468	Poland	COUNTRY
40685	62	671	Shabbat	DATE
40685	62	745	Friday	DATE
40685	62	752	night	TIME
40685	62	817	Shabbat	DATE
40685	62	1028	Friday	DATE
40685	62	1111	24 hours	DATE
40685	62	1166	Saturday	DATE
40685	62	1175	morning	TIME
40685	63	52	years ago	DATE
40685	64	108	Jewish	GEONOUN
40685	64	247	Jewish	GEONOUN
40685	64	836	town	GEONOUN
40685	64	908	Jewish	GEONOUN
40685	64	1144	Palestine	CITY
40685	65	59	Poland	COUNTRY
40685	65	276	Friday	DATE
40685	65	283	night	TIME
40685	65	421	street	GEONOUN
40685	65	987	Germany	COUNTRY
40685	66	211	school	GEONOUN
40685	66	447	Austria	COUNTRY
40685	66	480	Czechoslovakia	COUNTRY
40685	67	62	Bolivia	COUNTRY
40685	67	96	Argentina	COUNTRY
40685	67	296	town	GEONOUN
40685	67	308	Kolomyia	CITY
40685	67	368	Mielec	CITY
40685	67	581	Poland	COUNTRY
40685	67	595	train	GEONOUN
40685	67	621	Frankfurt	PLACE
40685	67	729	Poland	COUNTRY
40685	67	792	Germany	COUNTRY
40685	67	821	England	PLACE
40685	67	849	England	PLACE
40685	67	869	a few years	DATE
40685	67	884	England	PLACE
40685	67	909	Israel	COUNTRY
40685	67	920	Palestine	CITY
40685	67	962	Israel	COUNTRY
40685	67	1103	Israel	COUNTRY
40685	67	1124	1971	DATE
40685	67	1300	Kolomyia	CITY
40685	67	1567	Siberia	PLACE
40685	67	1852	Germany	COUNTRY
40685	67	1927	Holland	CITY
40685	67	1975	Holland	CITY
40685	67	2036	camp	GEONOUN
40685	67	2044	Holland	CITY
40685	69	18	Kolomyia	CITY
40685	69	146	Holocaust	EVENT
40685	72	225	concentration camp	GEONOUN
40685	72	340	Frankfurt	PLACE
40685	72	636	concentration camp	GEONOUN
40685	72	771	1945	DATE
40685	72	1019	Frankfurt	PLACE
40685	72	1226	camp	GEONOUN
40685	73	60	1954	DATE
40685	73	298	Jewish	GEONOUN
40685	75	164	months	DATE
40685	75	185	September	DATE
40685	76	89	September	DATE
40685	76	258	eight days	DATE
40685	76	277	a week	DATE
40685	76	312	Poland	COUNTRY
40685	76	349	that week	DATE
40685	76	454	Mielec	CITY
40685	76	555	town	GEONOUN
40685	76	608	Cracow	PLACE
40685	76	616	Cracow	PLACE
40685	76	720	Erev Rosh Hashanah	DATE
40685	76	854	Jewish	GEONOUN
40685	76	917	slaughterhouse	GEONOUN
40685	76	1039	houses	GEONOUN
40685	76	1398	spot	GEONOUN
40685	76	1411	slaughterhouse	GEONOUN
40685	77	66	houses	GEONOUN
40685	77	552	store	GEONOUN
40685	77	753	a holiday	DATE
40685	78	67	town	GEONOUN
40685	78	217	street	GEONOUN
40685	78	255	labor camp	GEONOUN
40685	79	262	Auschwitz	CAMP
40685	84	94	houses	GEONOUN
40685	84	234	street	GEONOUN
40685	84	402	this particular day	DATE
40685	84	565	'39	DATE
40685	84	643	'42	DATE
40685	84	671	almost three years	DATE
40685	84	1045	Mielec	CITY
40685	84	1070	the year	DATE
40685	85	407	a few weeks--	DATE
40685	85	421	just a minute	TIME
40685	86	4	a few weeks	DATE
40685	86	137	hospital	GEONOUN
40685	86	546	those years	DATE
40685	86	609	all those years	DATE
40685	88	460	town	GEONOUN
40685	88	835	store	GEONOUN
40685	88	896	town	GEONOUN
40685	90	127	river	GEONOUN
40685	90	156	town	GEONOUN
40685	90	176	the summertime	DATE
40685	90	799	camp	GEONOUN
40685	91	132	downstairs	GEONOUN
40685	91	212	Mielec	CITY
40685	91	239	Poznan	PLACE
40685	91	718	concentration camp	GEONOUN
40685	92	176	school	GEONOUN
40685	95	762	the United States--	PLACE
40685	95	890	Germany	COUNTRY
40685	95	920	from '45 to '50	DATE
40685	95	1067	Germany	COUNTRY
40685	95	2439	this day	DATE
40685	95	2615	the other day--	DATE
40685	95	2699	Poughkeepsie	CITY
40685	95	2843	South Carolina	US-STATE
40685	95	2920	South Carolina	US-STATE
40685	95	2981	Holocaust	EVENT
40685	95	2994	high school	GEONOUN
40685	95	3130	South Carolina	US-STATE
40685	95	3163	city	GEONOUN
40685	99	356	1942	DATE
40685	99	431	the day	DATE
40685	99	448	the day	DATE
40685	100	908	house	GEONOUN
40685	101	261	house	GEONOUN
40685	102	67	Mielec	CITY
40685	102	78	March 9, 1942	DATE
40685	103	0	The day	DATE
40685	105	701	road	GEONOUN
40685	105	1313	grave	GEONOUN
40685	105	1393	grave	GEONOUN
40685	108	184	months	DATE
40685	108	293	months	DATE
40685	108	304	months	DATE
40685	110	247	camps	GEONOUN
40685	110	520	that morning	TIME
40685	110	720	two days--	DATE
40685	111	604	Sosnowiec--	PLACE
40685	111	623	town	GEONOUN
40685	111	823	outhouse	GEONOUN
40685	111	894	hut	GEONOUN
40685	111	901	shed	GEONOUN
40685	111	931	field	GEONOUN
40685	111	949	March	DATE
40685	111	1147	Jewish	GEONOUN
40685	111	1362	Dabrowice	PLACE
40685	111	1470	Debica	PLACE
40685	111	1477	ghetto	GEONOUN
40685	113	123	shed	GEONOUN
40685	113	131	hut	GEONOUN
40685	113	155	room	GEONOUN
40685	114	198	room	GEONOUN
40685	118	130	hours	TIME
40685	119	32	train	GEONOUN
40685	119	102	train	GEONOUN
40685	119	134	train	GEONOUN
40685	119	160	town	GEONOUN
40685	119	194	Mielec	CITY
40685	119	415	room	GEONOUN
40685	119	434	room	GEONOUN
40685	120	885	Poland	COUNTRY
40685	122	68	town	GEONOUN
40685	122	141	town	GEONOUN
40685	122	227	room	GEONOUN
40685	122	299	town	GEONOUN
40685	122	453	a couple of months	DATE
40685	122	500	Dabrowice	PLACE
40685	122	670	pass	GEONOUN
40685	122	702	Debica	PLACE
40685	122	715	Debica	PLACE
40685	123	33	ghetto	GEONOUN
40685	123	85	room	GEONOUN
40685	124	19	room	GEONOUN
40685	124	314	Debica	PLACE
40685	124	461	room	GEONOUN
40685	124	763	ghetto	GEONOUN
40685	124	803	the year of still '42	DATE
40685	124	830	1942	DATE
40685	124	1218	quite a few weeks	DATE
40685	124	1325	room	GEONOUN
40685	124	1574	a few months	DATE
40685	124	1771	Auschwitz	CAMP
40685	124	1782	Belzec	CAMP
40685	124	1808	camps	GEONOUN
40685	124	1995	attic	GEONOUN
40685	124	2006	house	GEONOUN
40685	124	2030	brick	GEONOUN
40685	124	2066	walled	GEONOUN
40685	124	2171	bricks	GEONOUN
40685	124	3541	another day	DATE
40685	128	353	ghetto	GEONOUN
40685	128	921	ghetto	GEONOUN
40685	128	1239	ghetto	GEONOUN
40685	128	1374	spot	GEONOUN
40685	128	1586	train	GEONOUN
40685	128	1607	Mielec	CITY
40685	128	1625	about an hour	TIME
40685	130	37	'42	DATE
40685	130	46	'29	DATE
40685	130	83	about 12	DATE
40685	130	127	12	DATE
40685	130	176	'29	DATE
40685	130	631	downstairs	GEONOUN
40685	130	654	house	GEONOUN
40685	130	755	chicken coop	GEONOUN
40685	130	772	years	DATE
40685	130	809	house	GEONOUN
40685	130	974	Mielec	CITY
40685	130	1226	chicken coop	GEONOUN
40685	131	415	about a week later	DATE
40685	131	868	labor camp	GEONOUN
40685	131	939	train	GEONOUN
40685	131	948	Mielec	CITY
40685	131	995	camp	GEONOUN
40685	133	109	fence	GEONOUN
40685	133	275	fence	GEONOUN
40685	135	545	a week	DATE
40685	135	1029	camp	GEONOUN
40685	135	1064	the morning	TIME
40685	135	1283	road	GEONOUN
40685	135	1378	evening	TIME
40685	135	1534	spot	GEONOUN
40685	135	1770	village	GEONOUN
40685	135	2051	States	PLACE
40685	135	2355	winter	DATE
40685	135	2419	winters	DATE
40685	135	2470	the morning	TIME
40685	135	2493	all day	DATE
40685	135	2548	evening	TIME
40685	135	2686	Jewish	GEONOUN
40685	135	2726	concentration camp	GEONOUN
40685	135	2929	quite a few months	DATE
40685	135	3127	camp	GEONOUN
40685	135	3242	'40	DATE
40685	135	3248	the end of '43	DATE
40685	135	3311	Plaszow	PLACE
40685	135	3362	Debice	PLACE
40685	135	3372	ghetto	GEONOUN
40685	135	3508	Plaszow	PLACE
40685	135	3687	Plaszow	PLACE
40685	135	3986	camps	GEONOUN
40685	135	4093	Auschwitz	CAMP
40685	135	4106	Bergen-Belsen	CAMP
40685	135	4136	Stutthof	CAMP
40685	135	4672	pool	GEONOUN
40685	135	4856	all day	DATE
40685	135	4881	building	GEONOUN
40685	135	4958	all day--	DATE
40685	135	5019	the few months	DATE
40685	135	5045	Plaszow	PLACE
40685	137	57	Mielec	CITY
40685	137	124	1938	DATE
40685	137	279	'38 to '39	DATE
40685	137	328	Germany	COUNTRY
40685	137	569	barracks	GEONOUN
40685	138	105	about who knows how many hours	DATE
40685	138	197	every morning	TIME
40685	138	225	every evening	TIME
40685	138	474	Plaszow	PLACE
40685	138	511	camp	GEONOUN
40685	138	635	hours	TIME
40685	138	709	6 o'clock	TIME
40685	138	974	morning	TIME
40685	139	78	labor camp	GEONOUN
40685	139	264	the morning	TIME
40685	139	309	road	GEONOUN
40685	139	511	Plaszow	PLACE
40685	139	640	Plaszow	PLACE
40685	139	673	Auschwitz	CAMP
40685	139	690	Mauthausen	PLACE
40685	139	728	camps	GEONOUN
40685	139	747	Flossenburg	CAMP
40685	139	1226	camp	GEONOUN
40685	144	803	Jewish	GEONOUN
40685	145	53	house	GEONOUN
40685	145	81	camp	GEONOUN
40685	145	172	villa	GEONOUN
40685	146	201	States	PLACE
40685	146	243	Bronx	PLACE
40685	146	284	a few years ago	DATE
40685	146	318	a few years ago	DATE
40685	146	587	1972	DATE
40685	149	78	Jewish	GEONOUN
40685	149	106	Jewish	GEONOUN
40685	149	190	Plaszow	PLACE
40685	149	646	the middle of the night	TIME
40685	150	224	hall	GEONOUN
40685	151	395	factory	GEONOUN
40685	151	436	Czechoslovakia	COUNTRY
40685	153	176	factory	GEONOUN
40685	153	384	factory	GEONOUN
40685	153	552	factory	GEONOUN
40685	153	567	Czechoslovakia	COUNTRY
40685	153	1181	pool	GEONOUN
40685	153	1330	pool	GEONOUN
40685	154	106	the Yad Vashem	PLACE
40685	154	243	Auschwitz	CAMP
40685	154	256	Birkenau	CAMP
40685	155	92	the last minute	TIME
40685	155	420	block	GEONOUN
40685	156	172	Brunnlitz	CAMP
40685	156	254	Gross-Rosen	PLACE
40685	156	316	Brunnlitz	CAMP
40685	156	370	Czechoslovakia	COUNTRY
40685	156	514	Mielec	CITY
40685	156	813	train	GEONOUN
40685	156	937	Auschwitz	CAMP
40685	156	983	Birkenau	CAMP
40685	156	1075	Auschwitz	CAMP
40685	156	1089	Birkenau	CAMP
40685	158	133	Czechoslovakia	COUNTRY
40685	162	46	room	GEONOUN
40685	162	98	room	GEONOUN
40685	162	1771	October	DATE
40685	162	1806	fall	GEONOUN
40685	162	1814	winter	DATE
40685	162	1974	barracks	GEONOUN
40685	162	1997	Birkenau	CAMP
40685	162	2046	Auschwitz	CAMP
40685	162	2231	mud	GEONOUN
40685	162	2628	quite a few weeks	DATE
40685	162	3423	some weeks	DATE
40685	162	3475	Birkenau	CAMP
40685	162	3536	All the day	DATE
40685	162	3910	chimneys	GEONOUN
40685	162	4146	a few weeks	DATE
40685	165	442	Birkenau	CAMP
40685	166	258	camp	GEONOUN
40685	166	817	barracks	GEONOUN
40685	168	113	Auschwitz	CAMP
40685	170	1112	the day	DATE
40685	170	1200	mud	GEONOUN
40685	171	11	Auschwitz	CAMP
40685	171	1267	Auschwitz	CAMP
40685	171	1320	Auschwitz	CAMP
40685	171	1443	Mielec	CITY
40685	171	1451	Flugzeugwerke	PLACE
40685	171	1475	labor camp	GEONOUN
40685	171	1562	concentration camp	GEONOUN
40685	171	1595	concentration camp	GEONOUN
40685	172	376	Auschwitz	CAMP
40685	172	389	Czechoslovakia	COUNTRY
40685	173	91	Birkenau	CAMP
40685	173	341	Brunnlitz	CAMP
40685	173	525	factory	GEONOUN
40685	173	685	factory	GEONOUN
40685	174	55	all day long	DATE
40685	174	108	parts	GEONOUN
40685	174	709	Plaszow	PLACE
40685	174	846	Czechoslovakia	COUNTRY
40685	174	1007	bay	GEONOUN
40685	180	107	factory	GEONOUN
40685	181	183	this day	DATE
40685	182	186	Jewish	GEONOUN
40685	183	56	Birkenau	CAMP
40685	183	637	zone	GEONOUN
40685	185	104	room	GEONOUN
40685	185	642	Plaszow	PLACE
40685	185	666	Birkenau	CAMP
40685	186	24	end of '44	DATE
40685	186	38	May, '95	DATE
40685	186	73	May the 8th	DATE
40685	186	103	a few days	DATE
40685	186	227	about a couple of days	DATE
40685	186	638	May 8	DATE
40685	187	468	factory	GEONOUN
40685	187	759	hole	GEONOUN
40685	187	1396	hills	GEONOUN
40685	187	1492	hills	GEONOUN
40685	187	1924	factory	GEONOUN
40685	187	2181	May 15	DATE
40685	187	2691	Poland	COUNTRY
40685	187	2778	Cracow	PLACE
40685	187	2834	Cracow	PLACE
40685	187	2969	apartment	GEONOUN
40685	187	3320	Mielec	CITY
40685	187	3504	train	GEONOUN
40685	187	3571	town	GEONOUN
40685	187	3688	Mielec	CITY
40685	187	3885	house	GEONOUN
40685	187	3947	Poznan	PLACE
40685	187	4206	Poznan	PLACE
40685	187	4302	Mielec	CITY
40685	187	4427	weeks	DATE
40685	187	4473	Poznan	PLACE
40685	187	5009	Jewish	GEONOUN
40685	188	571	Poland	COUNTRY
40685	188	874	zone	GEONOUN
40685	188	1040	Germany	COUNTRY
40685	188	1090	Czechoslovakia	COUNTRY
40685	188	1405	Prague	CITY
40685	188	1444	days	DATE
40685	188	1453	days	DATE
40685	188	1564	Pilzno	PLACE
40685	188	1612	Czechoslovakia	COUNTRY
40685	188	2072	camp	GEONOUN
40685	189	58	the minute	TIME
40685	189	513	Frankfurt	PLACE
40685	189	630	station	GEONOUN
40685	189	853	house	GEONOUN
40685	189	968	house	GEONOUN
40685	189	1082	house	GEONOUN
40685	189	1127	Jewish	GEONOUN
40685	189	1163	America	COUNTRY
40685	189	1719	Germany	COUNTRY
40685	189	1748	school	GEONOUN
40685	189	1776	Israel	COUNTRY
40685	189	1862	the United States	COUNTRY
40685	189	1924	1947	DATE
40685	189	1943	States	PLACE
40685	189	1963	1947	DATE
40685	189	2058	sanitarium	GEONOUN
40685	189	2073	nine months	DATE
40685	189	2214	every six months	DATE
40685	189	2318	Bavaria	PLACE
40685	189	2380	Flossenburg	CAMP
40685	189	2568	hospital	GEONOUN
40685	189	2662	town	GEONOUN
40685	189	2670	Bavaria	PLACE
40685	189	2822	town	GEONOUN
40685	190	242	States	PLACE
40685	190	252	'49	DATE
40685	190	271	1950	DATE
40685	190	395	New Orleans	CITY
40685	190	454	two weeks	DATE
40685	190	471	ocean	GEONOUN
40685	190	748	two weeks	DATE
40685	190	791	New Orleans	CITY
40685	191	19	LA	PLACE
40685	191	131	Azusa	CITY
40685	191	204	Boyle Heights	CITY
40685	191	253	Los Angeles	CITY
40685	191	365	New York	US-STATE
40685	191	413	New Orleans	CITY
40685	191	447	New Orleans	CITY
40685	191	546	community center	GEONOUN
40685	191	627	New Orleans	CITY
40685	191	656	the evening	TIME
40685	191	684	train	GEONOUN
40685	192	167	the first three months	DATE
40685	192	339	three months	DATE
40685	192	448	years	DATE
40685	192	460	years	DATE
40685	193	166	New Orleans	CITY
40685	193	191	station	GEONOUN
40685	193	213	train	GEONOUN
40685	193	280	fountain	GEONOUN
40685	193	313	fountain	GEONOUN
40685	193	787	train	GEONOUN
40685	193	812	train	GEONOUN
40685	193	864	1950	DATE
40685	195	49	three days	DATE
40685	195	64	two nights	DATE
40685	195	78	train	GEONOUN
40685	195	485	Boyle Heights	CITY
40685	196	36	three months	DATE
40685	196	159	Germany	COUNTRY
40685	196	272	the United States	COUNTRY
40685	196	544	Germany	COUNTRY
40685	196	1144	cellar	GEONOUN
40685	196	1396	States	PLACE
40685	196	1428	department store	GEONOUN
40685	196	1439	store	GEONOUN
40685	196	1517	department	GEONOUN
40685	196	1588	school	GEONOUN
40685	196	1612	school	GEONOUN
40685	196	1683	high school	GEONOUN
40685	196	1916	'51	DATE
40685	196	1979	one night	TIME
40685	196	2062	the City of Hope	PLACE
40685	196	2141	almost two years	DATE
40685	196	2176	the City of Hope	PLACE
40685	196	2234	Jewish	GEONOUN
40685	196	2316	apartment	GEONOUN
40685	196	2515	apartment	GEONOUN
40685	196	2554	college	GEONOUN
40685	197	0	June 4, 1954	DATE
40685	197	41	Las Vegas	CITY
40685	197	112	Germany	COUNTRY
40685	197	290	Las Vegas	CITY
40685	198	189	the summer	DATE
40685	198	203	New York	US-STATE
40685	198	252	10-year-old	DATE
40685	198	314	1955	DATE
40685	198	320	October 31st	DATE
40685	199	39	Halloween	DATE
40685	199	98	January the 5th	DATE
40685	199	118	1961	DATE
40685	201	89	many years	DATE
40685	201	226	years	DATE
40685	201	315	quite a few years ago	DATE
40685	202	294	school	GEONOUN
40685	202	344	Holocaust	EVENT
40685	202	385	Holocaust	EVENT
40685	204	37	many years ago	DATE
40685	204	220	house	GEONOUN
40685	213	61	almost 44 years	DATE
40685	214	138	1940	DATE
40685	214	147	Mielec	CITY
40685	214	155	Poland	COUNTRY
40685	214	489	about 1940	DATE
40685	214	503	Mielec	CITY
40685	214	511	Poland	COUNTRY
40685	214	552	store	GEONOUN
40685	214	561	Halle an der Saale	PLACE
40685	214	625	1970	DATE
40685	214	665	Halle	CITY
40685	214	691	store	GEONOUN
40685	214	761	store	GEONOUN
40685	214	786	house	GEONOUN
40685	214	831	Poland	COUNTRY
40685	214	841	1938	DATE
40685	214	916	1970	DATE
40685	214	939	Halle	CITY
40685	214	958	house	GEONOUN
40685	214	1008	room	GEONOUN
40685	214	1023	room	GEONOUN
40685	214	1043	Mielec	CITY
40685	214	1053	Poland	COUNTRY
40685	214	1081	'38	DATE
40685	214	1088	about '41	DATE
40685	214	1141	1980	DATE
40685	214	1168	Mielec	CITY
40685	214	1188	house	GEONOUN
40685	214	1241	Mielec	CITY
40685	214	1280	store	GEONOUN
40685	214	1295	apartment	GEONOUN
40685	214	1323	store	GEONOUN
40685	214	1377	1980	DATE
40685	214	1404	Poland	COUNTRY
40685	214	1448	World War II	EVENT
40685	214	1482	1945	DATE
40685	215	20	Frankfurt am Main	CITY
40685	215	41	Germany	COUNTRY
40685	215	300	1946	DATE
40685	216	3	Frankfurt am Main	CITY
40685	217	155	Bavaria	PLACE
40685	217	167	1947	DATE
40685	217	319	June 4, 1954	DATE
40685	218	3	Las Vegas	CITY
40685	218	69	Thanksgiving	DATE
40685	218	85	1996	DATE
40685	218	662	Hawthorne	CITY
40685	218	673	Thanksgiving 1996	DATE
40685	218	868	Thanksgiving 1996	DATE
40685	218	889	Hawthorne	CITY
40685	218	900	California	US-STATE
40685	218	1179	Birmingham	CITY
40685	218	1191	Alabama	US-STATE
40685	218	1228	1998	DATE
40685	218	1244	'90	DATE
40685	218	1426	Hawthorne	CITY
40685	218	1462	1991	DATE
40685	219	116	1997	DATE
40685	219	146	school	GEONOUN
40685	219	178	Hawthorne	CITY
40685	219	189	California	US-STATE
40685	219	248	Czechoslovakia	COUNTRY
40685	219	305	Brünnlitz	PLACE
40685	219	330	Poland	COUNTRY
40685	219	351	May 15, 1945	DATE
40685	219	474	Frankfurt	PLACE
40685	219	487	1946	DATE
40685	219	550	Frankfurt	PLACE
40685	219	563	1946	DATE
40685	219	577	Jewish	GEONOUN
40685	220	84	1914	DATE
40685	220	130	New York	US-STATE
40685	220	329	Mielec	CITY
