FileID	AnswerID	StartCharPos	Entity	Type
41647	0	5	morning	TIME
41647	3	14	Luboml	PLACE
41647	3	24	town	GEONOUN
41647	3	52	Poland	COUNTRY
41647	3	67	Chelm	PLACE
41647	3	77	Kovel	CITY
41647	3	88	town	GEONOUN
41647	3	100	the River Bug	PLACE
41647	3	133	May 24, 1925	DATE
41647	4	0	Today	DATE
41647	4	31	73 years old	DATE
41647	6	100	country	GEONOUN
41647	6	145	Russia	COUNTRY
41647	6	193	Luboml	PLACE
41647	6	220	street	GEONOUN
41647	6	234	hometown	GEONOUN
41647	6	1077	temple	GEONOUN
41647	6	1098	Luboml	PLACE
41647	6	1136	parts	GEONOUN
41647	6	1178	temples	GEONOUN
41647	7	59	Russia	COUNTRY
41647	7	93	town	GEONOUN
41647	7	101	Luboml	PLACE
41647	7	199	Russia	COUNTRY
41647	7	265	Luboml	PLACE
41647	9	48	Jewish	GEONOUN
41647	9	161	school	GEONOUN
41647	9	193	school	GEONOUN
41647	10	34	1895	DATE
41647	10	92	73 years old	DATE
41647	11	11	1968	DATE
41647	12	92	forests	GEONOUN
41647	12	120	trees	GEONOUN
41647	12	158	town	GEONOUN
41647	12	173	sawmill	GEONOUN
41647	12	196	Friday	DATE
41647	12	240	the weekend	DATE
41647	12	256	Shabbat	DATE
41647	12	294	Friday	DATE
41647	12	404	Saturday	DATE
41647	12	455	Shabbat	DATE
41647	12	484	synagogue	GEONOUN
41647	13	90	sawmill	GEONOUN
41647	13	188	barn	GEONOUN
41647	13	289	Sukkot	DATE
41647	13	490	carriage	GEONOUN
41647	14	37	trees	GEONOUN
41647	14	82	forest	GEONOUN
41647	14	109	forests	GEONOUN
41647	14	159	town	GEONOUN
41647	14	226	trees	GEONOUN
41647	15	142	town	GEONOUN
41647	15	186	building	GEONOUN
41647	15	206	building	GEONOUN
41647	15	217	bridge	GEONOUN
41647	15	278	1929	DATE
41647	15	298	depression year	GEONOUN
41647	15	309	year	DATE
41647	15	349	depression	GEONOUN
41647	16	170	house	GEONOUN
41647	16	205	Friday	DATE
41647	16	212	morning	TIME
41647	16	248	school	GEONOUN
41647	16	258	7:30	TIME
41647	16	264	8 o'clock	TIME
41647	16	517	town	GEONOUN
41647	16	923	house	GEONOUN
41647	16	1093	house	GEONOUN
41647	16	1111	house	GEONOUN
41647	17	16	wood	GEONOUN
41647	17	27	wood	GEONOUN
41647	17	123	the holidays	DATE
41647	17	139	weekends	DATE
41647	17	153	Shabbat	DATE
41647	18	150	a few years later	DATE
41647	18	203	1897	DATE
41647	18	211	8	DATE
41647	19	18	village	GEONOUN
41647	19	27	Nudysze	PLACE
41647	19	92	village	GEONOUN
41647	19	120	Nudysze	PLACE
41647	19	182	Luboml	PLACE
41647	19	307	ghetto	GEONOUN
41647	19	549	village	GEONOUN
41647	19	669	village	GEONOUN
41647	19	857	village	GEONOUN
41647	19	932	a few years	DATE
41647	19	1056	hometown	GEONOUN
41647	20	135	town	GEONOUN
41647	20	201	village	GEONOUN
41647	21	28	a couple of hours	TIME
41647	22	136	Warsaw	CITY
41647	22	286	Warsaw	CITY
41647	22	460	Luboml	PLACE
41647	23	473	ghetto	GEONOUN
41647	27	46	Argentina	COUNTRY
41647	27	82	a year old	DATE
41647	27	124	Argentina	COUNTRY
41647	27	312	Argentina	COUNTRY
41647	27	331	town	GEONOUN
41647	27	341	Buenos Aires	CITY
41647	27	429	a year	DATE
41647	27	443	Israel	COUNTRY
41647	27	570	the '70s	DATE
41647	27	580	late '70s	DATE
41647	27	770	boat	GEONOUN
41647	27	821	boat	GEONOUN
41647	27	1049	Argentina	COUNTRY
41647	30	47	1918	DATE
41647	30	98	1921	DATE
41647	30	139	1925	DATE
41647	31	3	house	GEONOUN
41647	31	242	windows	GEONOUN
41647	31	402	room	GEONOUN
41647	31	424	room	GEONOUN
41647	31	451	room	GEONOUN
41647	31	539	room	GEONOUN
41647	31	697	barn	GEONOUN
41647	32	52	wood	GEONOUN
41647	32	571	2 o'clock	TIME
41647	33	233	Shabbat	DATE
41647	33	295	Shabbat	DATE
41647	34	19	tile	GEONOUN
41647	34	31	tile	GEONOUN
41647	34	86	wood	GEONOUN
41647	34	174	early in the morning	TIME
41647	34	220	Shabbat	DATE
41647	34	301	Shabbat	DATE
41647	34	377	the next day	DATE
41647	34	418	Shabbat	DATE
41647	35	106	wood	GEONOUN
41647	35	122	wood	GEONOUN
41647	35	144	wood	GEONOUN
41647	35	373	wood	GEONOUN
41647	35	417	wood	GEONOUN
41647	36	110	Thursday	DATE
41647	36	193	the week	DATE
41647	36	570	town	GEONOUN
41647	38	44	town	GEONOUN
41647	38	238	Shabbat	DATE
41647	39	243	ghetto	GEONOUN
41647	39	310	the war years	DATE
41647	40	241	town	GEONOUN
41647	40	361	school	GEONOUN
41647	40	652	town	GEONOUN
41647	41	308	high school	GEONOUN
41647	41	323	Poland	COUNTRY
41647	41	528	country	GEONOUN
41647	41	655	high school	GEONOUN
41647	41	913	high school	GEONOUN
41647	41	1014	high school	GEONOUN
41647	42	17	6 and 1/2 or seven years old	DATE
41647	42	108	school	GEONOUN
41647	42	139	school	GEONOUN
41647	42	178	Jewish	GEONOUN
41647	42	222	Ramisia	PLACE
41647	42	261	Ramisia	PLACE
41647	42	307	school	GEONOUN
41647	42	422	school	GEONOUN
41647	42	447	Jewish	GEONOUN
41647	42	524	school	GEONOUN
41647	42	614	lock	GEONOUN
41647	42	756	Jewish	GEONOUN
41647	42	773	school	GEONOUN
41647	43	40	school	GEONOUN
41647	43	50	Saturday	DATE
41647	43	62	Sunday	DATE
41647	43	90	these days	DATE
41647	43	332	school	GEONOUN
41647	43	397	school	GEONOUN
41647	43	423	school	GEONOUN
41647	43	505	town	GEONOUN
41647	43	536	school	GEONOUN
41647	43	601	school	GEONOUN
41647	43	780	school	GEONOUN
41647	43	902	classroom	GEONOUN
41647	43	959	Palestine	CITY
41647	43	1043	school	GEONOUN
41647	43	1060	school	GEONOUN
41647	43	1070	Saturday	DATE
41647	43	1222	Shabbat	DATE
41647	44	13	school	GEONOUN
41647	44	83	about 11 years old	DATE
41647	44	172	1939	DATE
41647	44	232	high school	GEONOUN
41647	44	486	one year	DATE
41647	44	624	school	GEONOUN
41647	44	704	the 1st of September	DATE
41647	44	844	early morning	TIME
41647	44	880	4 o'clock in the morning	TIME
41647	45	283	Israel	COUNTRY
41647	45	354	Israel	COUNTRY
41647	45	463	Israel	COUNTRY
41647	46	239	school	GEONOUN
41647	46	453	Shabbat	DATE
41647	47	8	school	GEONOUN
41647	47	73	Olympics	EVENT
41647	47	117	Olympics	EVENT
41647	48	93	school	GEONOUN
41647	48	570	school	GEONOUN
41647	48	662	town	GEONOUN
41647	48	694	school	GEONOUN
41647	48	708	town	GEONOUN
41647	49	263	synagogue	GEONOUN
41647	49	276	Luboml	PLACE
41647	49	543	America	COUNTRY
41647	49	629	forest	GEONOUN
41647	49	688	forest	GEONOUN
41647	49	881	forest	GEONOUN
41647	49	1043	Saturday	DATE
41647	49	1120	Havdalah	EVENT
41647	49	1409	school	GEONOUN
41647	50	8	synagogue	GEONOUN
41647	50	67	synagogue	GEONOUN
41647	50	80	Luboml--	PLACE
41647	51	44	Friday	DATE
41647	51	51	night	TIME
41647	51	61	Shabbat	DATE
41647	51	136	every Saturday	DATE
41647	51	157	Rosh Ha-Shana	DATE
41647	51	175	Yom Kippur	DATE
41647	51	238	synagogue upstairs	GEONOUN
41647	51	248	upstairs	GEONOUN
41647	51	311	room	GEONOUN
41647	51	317	upstairs	GEONOUN
41647	51	340	downstairs	GEONOUN
41647	51	639	town	GEONOUN
41647	52	177	Shabbat	DATE
41647	53	42	Europe	CONTINENT
41647	53	58	bar	GEONOUN
41647	53	110	bar	GEONOUN
41647	53	183	bar	GEONOUN
41647	53	255	Thursday	DATE
41647	53	267	Monday	DATE
41647	54	10	synagogue	GEONOUN
41647	54	167	synagogue	GEONOUN
41647	55	33	synagogue	GEONOUN
41647	55	223	synagogue	GEONOUN
41647	55	350	Simhat Torah	EVENT
41647	55	568	room	GEONOUN
41647	56	53	town	GEONOUN
41647	56	95	synagogue	GEONOUN
41647	56	115	buildings	GEONOUN
41647	56	133	hometown	GEONOUN
41647	56	173	hill	GEONOUN
41647	56	209	Gorka Jagiellonska	PLACE
41647	56	258	hill	GEONOUN
41647	56	369	garage	GEONOUN
41647	56	381	garage	GEONOUN
41647	57	101	temple	GEONOUN
41647	58	50	town	GEONOUN
41647	58	78	'39	DATE
41647	58	143	'39	DATE
41647	58	158	a few days	DATE
41647	58	192	town	GEONOUN
41647	58	335	Germany	COUNTRY
41647	58	355	town	GEONOUN
41647	58	387	a few days	DATE
41647	58	479	town	GEONOUN
41647	58	491	town	GEONOUN
41647	58	522	the River Bug	PLACE
41647	58	611	Poland	COUNTRY
41647	58	621	'39	DATE
41647	58	708	territory	GEONOUN
41647	58	723	the River Bug	PLACE
41647	58	778	Germany	COUNTRY
41647	58	790	Russia	COUNTRY
41647	58	816	Poland	COUNTRY
41647	58	839	Germany	COUNTRY
41647	58	890	1939	DATE
41647	58	900	1941	DATE
41647	58	967	Russia	COUNTRY
41647	58	978	the two years	DATE
41647	58	1031	years	DATE
41647	58	1084	Siberia	PLACE
41647	58	1126	Siberia	PLACE
41647	58	1243	Siberia	PLACE
41647	58	1450	town	GEONOUN
41647	58	1476	Bug	PLACE
41647	58	1489	Poland	COUNTRY
41647	58	1529	town	GEONOUN
41647	58	1545	Wojslawice	PLACE
41647	58	1699	town	GEONOUN
41647	58	1830	town	GEONOUN
41647	58	2076	hometown	GEONOUN
41647	58	2086	Wojslawice	PLACE
41647	58	2251	railroad	GEONOUN
41647	58	2282	railroad	GEONOUN
41647	58	2392	Siberia	PLACE
41647	58	2526	Russia	COUNTRY
41647	58	2569	Russia	COUNTRY
41647	58	2617	Russia	COUNTRY
41647	58	2676	Israel	COUNTRY
41647	58	2866	1940	DATE
41647	58	2973	town	GEONOUN
41647	58	2997	railroad	GEONOUN
41647	58	3191	two years	DATE
41647	58	3531	wood	GEONOUN
41647	58	3668	school	GEONOUN
41647	58	4033	Russia	COUNTRY
41647	58	4055	forest	GEONOUN
41647	58	4219	Russia	COUNTRY
41647	58	4255	two years	DATE
41647	58	4278	1941	DATE
41647	58	4345	Kostroma	CITY
41647	58	4380	Moscow	CITY
41647	58	4491	library	GEONOUN
41647	58	4507	school	GEONOUN
41647	58	4805	1941	DATE
41647	58	4868	town	GEONOUN
41647	58	5416	town	GEONOUN
41647	58	5516	town	GEONOUN
41647	58	5627	Russia	COUNTRY
41647	58	5707	Russia	COUNTRY
41647	58	6106	town	GEONOUN
41647	58	6215	20	DATE
41647	58	6223	the 21st	DATE
41647	58	6739	Kovel	CITY
41647	58	6756	reach	GEONOUN
41647	58	6768	railroad	GEONOUN
41647	58	6801	Russia	COUNTRY
41647	58	6826	Kovel	CITY
41647	58	6855	railroad station	GEONOUN
41647	58	6892	train	GEONOUN
41647	58	6914	Kovel	CITY
41647	58	6956	train	GEONOUN
41647	58	7009	hometown	GEONOUN
41647	58	7043	house	GEONOUN
41647	58	7443	hometown	GEONOUN
41647	58	7527	hometown	GEONOUN
41647	58	7573	street	GEONOUN
41647	58	7986	street	GEONOUN
41647	58	8255	room	GEONOUN
41647	58	8488	street	GEONOUN
41647	58	8515	ghetto	GEONOUN
41647	58	8546	house	GEONOUN
41647	59	18	room	GEONOUN
41647	59	336	sawmill	GEONOUN
41647	59	398	a whole week long	DATE
41647	59	1096	town	GEONOUN
41647	59	1305	Germany	COUNTRY
41647	59	1663	brick factory	GEONOUN
41647	59	1669	factory	GEONOUN
41647	59	1695	town	GEONOUN
41647	59	1771	ground	GEONOUN
41647	59	1886	factory	GEONOUN
41647	59	1897	bricks	GEONOUN
41647	59	1996	hiding place	GEONOUN
41647	59	2024	hiding place	GEONOUN
41647	59	2296	hiding place	GEONOUN
41647	59	2313	night	TIME
41647	59	2620	ghetto	GEONOUN
41647	59	2679	village	GEONOUN
41647	59	2688	Nudysze	PLACE
41647	59	2740	room	GEONOUN
41647	59	3387	sawmill	GEONOUN
41647	59	3433	sawmill	GEONOUN
41647	59	3456	Jewish	GEONOUN
41647	59	3622	15 years old	DATE
41647	59	3693	town	GEONOUN
41647	59	3788	ghetto	GEONOUN
41647	59	3842	ghetto	GEONOUN
41647	59	3898	ghetto	GEONOUN
41647	59	3939	house	GEONOUN
41647	59	3992	house	GEONOUN
41647	59	4407	a full day	DATE
41647	59	4683	Friday	DATE
41647	59	4740	Shabbat	DATE
41647	59	4772	Shabbat	DATE
41647	59	5054	Jewish	GEONOUN
41647	59	5373	Jewish	GEONOUN
41647	59	5853	Wednesdays	DATE
41647	59	5909	Wednesdays	DATE
41647	59	5958	Wednesdays	DATE
41647	59	6051	town	GEONOUN
41647	59	6092	synagogue	GEONOUN
41647	59	6130	synagogue	GEONOUN
41647	59	6453	forest	GEONOUN
41647	59	6912	every single day	DATE
41647	59	7104	street	GEONOUN
41647	59	7164	road	GEONOUN
41647	59	7213	town	GEONOUN
41647	59	7225	mills	GEONOUN
41647	59	7922	that day	DATE
41647	59	8004	every single day	DATE
41647	59	8375	Judenrein	PLACE
41647	59	8465	town	GEONOUN
41647	59	8538	town	GEONOUN
41647	59	8716	town	GEONOUN
41647	59	8803	town	GEONOUN
41647	59	8902	Romania	COUNTRY
41647	59	8928	Russia	COUNTRY
41647	59	9587	forest	GEONOUN
41647	59	9600	Shatsk	PLACE
41647	59	9747	railroad	GEONOUN
41647	59	9976	ghetto	GEONOUN
41647	59	10033	Shana ?] Rabbah	DATE
41647	59	10122	hometown	GEONOUN
41647	59	10238	Nudysze	PLACE
41647	59	10407	five years old	DATE
41647	59	10542	street	GEONOUN
41647	59	10734	school	GEONOUN
41647	59	10756	hospital	GEONOUN
41647	59	10778	ghetto	GEONOUN
41647	59	10790	Jewish	GEONOUN
41647	59	10810	hospital	GEONOUN
41647	59	10868	school	GEONOUN
41647	59	10992	five years old	DATE
41647	59	11036	school	GEONOUN
41647	59	11222	hiding place	GEONOUN
41647	59	11565	hiding place	GEONOUN
41647	59	11776	hiding place	GEONOUN
41647	59	12045	two years	DATE
41647	59	12230	hiding place	GEONOUN
41647	59	12478	house	GEONOUN
41647	59	12706	hiding place	GEONOUN
41647	59	12882	a holiday	DATE
41647	59	12917	house	GEONOUN
41647	59	13232	two days	DATE
41647	59	13244	48 hours	TIME
41647	59	13562	48 hours	DATE
41647	59	13935	nighttime	TIME
41647	59	14314	street	GEONOUN
41647	59	14379	village	GEONOUN
41647	59	14403	village	GEONOUN
41647	59	14536	forest	GEONOUN
41647	59	14730	street	GEONOUN
41647	59	14836	street	GEONOUN
41647	59	14880	street	GEONOUN
41647	59	15816	street	GEONOUN
41647	59	15890	school	GEONOUN
41647	59	15961	ground	GEONOUN
41647	59	16422	48 hours	DATE
41647	59	16556	puddle	GEONOUN
41647	59	16720	house	GEONOUN
41647	59	17147	forest	GEONOUN
41647	59	17166	forest	GEONOUN
41647	59	17563	forest	GEONOUN
41647	59	17745	Warsaw	CITY
41647	59	17763	Warsaw	CITY
41647	59	17777	town	GEONOUN
41647	59	17866	ghetto	GEONOUN
41647	59	17876	night	TIME
41647	59	17917	Warsaw	CITY
41647	59	17931	Warsaw	CITY
41647	59	17969	fell	GEONOUN
41647	59	18148	attic	GEONOUN
41647	59	18220	America	COUNTRY
41647	59	18267	house	GEONOUN
41647	59	18392	attic	GEONOUN
41647	59	18864	forest	GEONOUN
41647	59	18897	forests	GEONOUN
41647	59	19050	Sunday	DATE
41647	59	19097	church	GEONOUN
41647	59	19157	fall	GEONOUN
41647	59	19209	village	GEONOUN
41647	59	19218	Nudysze	PLACE
41647	59	19597	yard	GEONOUN
41647	59	19792	house	GEONOUN
41647	59	20395	village	GEONOUN
41647	59	20447	the following day	DATE
41647	62	22	ghetto	GEONOUN
41647	62	118	building	GEONOUN
41647	62	129	railroad	GEONOUN
41647	62	157	extensions	GEONOUN
41647	62	176	railroad	GEONOUN
41647	62	211	railroad	GEONOUN
41647	62	842	forest	GEONOUN
41647	63	442	the weekend	DATE
41647	63	473	a whole week long	DATE
41647	63	497	the weekend	DATE
41647	63	569	town	GEONOUN
41647	63	708	gardens	GEONOUN
41647	63	724	the weekend on Sunday	DATE
41647	63	789	trees	GEONOUN
41647	63	968	Jewish	GEONOUN
41647	63	1106	Jewish	GEONOUN
41647	64	16	railroad	GEONOUN
41647	64	390	building	GEONOUN
41647	66	123	yard	GEONOUN
41647	66	343	area	GEONOUN
41647	66	741	nighttime	TIME
41647	66	811	evening	TIME
41647	66	994	five-year-old	DATE
41647	66	1199	forests	GEONOUN
41647	67	16	fall	GEONOUN
41647	67	27	fall	GEONOUN
41647	67	89	forest	GEONOUN
41647	67	656	prison	GEONOUN
41647	67	767	house	GEONOUN
41647	67	1128	Sunday	DATE
41647	67	1395	Sunday	DATE
41647	67	1795	forest	GEONOUN
41647	67	1827	hut	GEONOUN
41647	67	1832	Winter	DATE
41647	67	1859	1942	DATE
41647	67	1872	a very, very cold winter	DATE
41647	67	1913	winter	DATE
41647	67	2134	forest	GEONOUN
41647	67	2157	hut	GEONOUN
41647	67	2169	night	TIME
41647	67	2246	nighttime	TIME
41647	67	2557	passage	GEONOUN
41647	67	2595	hut	GEONOUN
41647	67	2681	ground	GEONOUN
41647	67	3315	hut	GEONOUN
41647	67	3347	hut	GEONOUN
41647	67	3580	the morning	TIME
41647	67	4169	three days	DATE
41647	67	4787	steps	GEONOUN
41647	67	5107	every single day	DATE
41647	67	5362	winter	DATE
41647	67	6352	the morning	TIME
41647	67	6464	village	GEONOUN
41647	67	6599	house	GEONOUN
41647	67	6699	night	TIME
41647	67	6820	house	GEONOUN
41647	67	7074	house	GEONOUN
41647	67	7134	attic	GEONOUN
41647	67	7230	winter	DATE
41647	67	7262	attic	GEONOUN
41647	67	7289	eight weeks	DATE
41647	67	7435	night	TIME
41647	67	7726	night	TIME
41647	67	7928	morning	TIME
41647	67	8017	eight weeks	DATE
41647	67	8061	spring	GEONOUN
41647	67	8084	spring	GEONOUN
41647	67	8107	Easter	DATE
41647	67	8261	barn	GEONOUN
41647	67	8588	house	GEONOUN
41647	67	8837	eight weeks	DATE
41647	67	9118	spot	GEONOUN
41647	67	10240	hospital	GEONOUN
41647	67	10783	the winter	DATE
41647	67	11340	railroad	GEONOUN
41647	67	11616	railroad	GEONOUN
41647	67	11772	nighttime	TIME
41647	67	11857	Jewish	GEONOUN
41647	67	11873	Vitebsk	CITY
41647	67	11979	nighttime	TIME
41647	67	11998	Jewish	GEONOUN
41647	68	62	Russia	COUNTRY
41647	68	106	Uzbekistan	COUNTRY
41647	68	140	Uzbekistan	COUNTRY
41647	68	495	camps	GEONOUN
41647	68	787	nighttime	TIME
41647	69	33	Luboml	PLACE
41647	69	65	Nudysze	PLACE
41647	69	77	Luboml	PLACE
41647	69	182	mission	GEONOUN
41647	69	331	Bug	PLACE
41647	69	399	mountains	GEONOUN
41647	69	412	Carpathia	PLACE
41647	69	732	the first two weeks	DATE
41647	69	753	The first two weeks--	DATE
41647	69	781	the first two weeks	DATE
41647	69	1344	two weeks	DATE
41647	70	125	country	GEONOUN
41647	70	496	camps	GEONOUN
41647	70	806	village	GEONOUN
41647	71	46	Jewish	GEONOUN
41647	71	86	evenings	TIME
41647	71	207	Jewish	GEONOUN
41647	71	249	parts	GEONOUN
41647	71	262	country	GEONOUN
41647	71	321	Russia	COUNTRY
41647	71	734	tents	GEONOUN
41647	71	743	night	TIME
41647	71	799	parts	GEONOUN
41647	71	808	Poland	COUNTRY
41647	71	919	Jewish	GEONOUN
41647	73	77	tents	GEONOUN
41647	73	147	the summer	DATE
41647	73	170	tents	GEONOUN
41647	73	184	the winter	DATE
41647	73	229	the winter	DATE
41647	73	384	forest	GEONOUN
41647	73	469	winter	DATE
41647	73	623	the winter	DATE
41647	73	654	tents	GEONOUN
41647	73	664	the winter	DATE
41647	73	725	houses	GEONOUN
41647	73	764	ground	GEONOUN
41647	73	789	hut	GEONOUN
41647	73	814	house	GEONOUN
41647	73	852	wood	GEONOUN
41647	73	964	all night long	TIME
41647	73	1343	house	GEONOUN
41647	73	1365	hospital	GEONOUN
41647	73	1399	winter	DATE
41647	73	1459	village	GEONOUN
41647	73	1499	house	GEONOUN
41647	73	1514	village	GEONOUN
41647	73	1534	roof	GEONOUN
41647	73	1622	hospital	GEONOUN
41647	73	1665	nurses	GEONOUN
41647	73	1883	October Revolution	EVENT
41647	73	1944	Moscow	CITY
41647	73	2000	field	GEONOUN
41647	73	2333	land	GEONOUN
41647	73	2400	forests	GEONOUN
41647	74	168	village	GEONOUN
41647	74	280	camp	GEONOUN
41647	75	820	village	GEONOUN
41647	75	983	ground	GEONOUN
41647	75	1092	spring	GEONOUN
41647	75	1377	night	TIME
41647	75	1442	pass	GEONOUN
41647	75	1889	pass	GEONOUN
41647	76	173	fall	GEONOUN
41647	77	53	hospital	GEONOUN
41647	77	115	hospital	GEONOUN
41647	77	488	mines	GEONOUN
41647	77	523	buildings	GEONOUN
41647	77	544	house	GEONOUN
41647	77	654	Fedorov	PLACE
41647	77	737	the winter	DATE
41647	77	904	camp	GEONOUN
41647	77	926	the middle of the winter	DATE
41647	77	1080	surround	GEONOUN
41647	77	1288	river Styr	GEONOUN
41647	77	1294	Styr	PLACE
41647	77	1318	river	GEONOUN
41647	77	1349	Russia	COUNTRY
41647	77	1562	river	GEONOUN
41647	77	1609	that day	DATE
41647	77	1645	camp	GEONOUN
41647	77	1712	building	GEONOUN
41647	77	1723	bridge	GEONOUN
41647	77	1958	trees	GEONOUN
41647	77	1975	bridge	GEONOUN
41647	77	2019	trees	GEONOUN
41647	77	2093	trees	GEONOUN
41647	77	2117	building	GEONOUN
41647	77	2496	winter	DATE
41647	77	2503	camp	GEONOUN
41647	77	2714	10 minutes	TIME
41647	77	2817	10 minutes	TIME
41647	77	2867	That day	DATE
41647	77	2977	camp	GEONOUN
41647	77	3348	camp	GEONOUN
41647	78	5	winter	DATE
41647	78	12	camp	GEONOUN
41647	78	48	forest	GEONOUN
41647	78	61	Pinsk	CITY
41647	78	138	Rafalivka	PLACE
41647	78	287	city	GEONOUN
41647	78	295	Kovel	CITY
41647	78	302	Kovel	CITY
41647	78	433	Kovel	CITY
41647	78	443	three months	DATE
41647	78	797	forest	GEONOUN
41647	78	822	the whole day long	DATE
41647	78	1059	10 days	DATE
41647	78	1111	camp	GEONOUN
41647	78	1193	10 days	DATE
41647	78	1897	evening	TIME
41647	78	1980	Vitebsk	CITY
41647	78	1992	Russia	COUNTRY
41647	78	2244	Vitebsk	CITY
41647	78	2802	forest	GEONOUN
41647	78	2873	camp	GEONOUN
41647	78	3129	Kovel	CITY
41647	78	3433	Jewish	GEONOUN
41647	78	3510	Jewish	GEONOUN
41647	78	4410	Jewish	GEONOUN
41647	78	5023	village	GEONOUN
41647	78	5464	Russia	COUNTRY
41647	78	5525	houses	GEONOUN
41647	78	5559	house	GEONOUN
41647	78	6103	village	GEONOUN
41647	78	7523	town	GEONOUN
41647	78	7532	Rafalivka	PLACE
41647	78	7818	town	GEONOUN
41647	78	7834	temple	GEONOUN
41647	79	428	Russia	COUNTRY
41647	79	529	camps	GEONOUN
41647	80	117	mines	GEONOUN
41647	80	212	a mine	GEONOUN
41647	82	281	two hours	TIME
41647	83	170	village	GEONOUN
41647	85	112	late 40s	DATE
41647	85	255	evenings	TIME
41647	85	353	the next day	DATE
41647	86	245	Russia	COUNTRY
41647	86	337	high school	GEONOUN
41647	88	216	town	GEONOUN
41647	88	222	Rafalówka	PLACE
41647	88	331	today	DATE
41647	88	649	every night	TIME
41647	88	681	town	GEONOUN
41647	88	885	town	GEONOUN
41647	88	942	Rafalówka	PLACE
41647	88	976	town	GEONOUN
41647	88	986	Luboml	PLACE
41647	88	1016	Rafalówka	PLACE
41647	88	1225	city	GEONOUN
41647	88	1233	Równe	PLACE
41647	88	1251	city	GEONOUN
41647	88	1262	post	GEONOUN
41647	88	1360	post office	GEONOUN
41647	88	1422	post office	GEONOUN
41647	88	1458	town	GEONOUN
41647	88	1511	hometown	GEONOUN
41647	88	1630	the night	TIME
41647	88	1677	attic	GEONOUN
41647	88	1748	The next morning	TIME
41647	88	2023	Luboml	PLACE
41647	88	2030	Jewish	GEONOUN
41647	89	55	1944	DATE
41647	89	61	spring	GEONOUN
41647	89	96	Kowel	PLACE
41647	89	113	Kowel	PLACE
41647	89	166	spring	GEONOUN
41647	89	179	spring	GEONOUN
41647	90	350	houses	GEONOUN
41647	90	388	the few days	DATE
41647	90	636	town	GEONOUN
41647	90	667	house	GEONOUN
41647	90	721	house	GEONOUN
41647	90	734	city	GEONOUN
41647	90	745	house	GEONOUN
41647	90	926	house	GEONOUN
41647	90	1064	house	GEONOUN
41647	90	1125	rooms	GEONOUN
41647	90	1162	store	GEONOUN
41647	90	1183	house	GEONOUN
41647	90	1210	rooms	GEONOUN
41647	90	1256	house	GEONOUN
41647	90	1275	rooms	GEONOUN
41647	90	1428	store	GEONOUN
41647	90	1577	post office	GEONOUN
41647	90	1621	post office	GEONOUN
41647	90	1722	post office	GEONOUN
41647	90	1942	hometown	GEONOUN
41647	90	2194	town	GEONOUN
41647	90	2272	Poland	COUNTRY
41647	90	2330	post office	GEONOUN
41647	90	2440	Poland	COUNTRY
41647	90	2524	Russia	COUNTRY
41647	90	2753	Poland	COUNTRY
41647	91	8	Russia	COUNTRY
41647	91	41	Russia	COUNTRY
41647	91	63	Bug	PLACE
41647	91	112	Poland	COUNTRY
41647	91	166	Germany	COUNTRY
41647	91	200	soil	GEONOUN
41647	91	212	Poland	COUNTRY
41647	91	279	Bug	PLACE
41647	91	288	Bug	PLACE
41647	91	344	Russia	COUNTRY
41647	91	401	Poland	COUNTRY
41647	91	417	Poland	COUNTRY
41647	91	461	Europe	CONTINENT
41647	91	511	Palestine	CITY
41647	91	561	the United States	COUNTRY
41647	91	594	Chelm	PLACE
41647	92	155	Chelm	PLACE
41647	92	203	train	GEONOUN
41647	92	262	Siberia	PLACE
41647	92	298	Chelm	PLACE
41647	92	402	Chelm	PLACE
41647	92	575	Russia	COUNTRY
41647	92	735	six years	DATE
41647	92	782	Chelm	PLACE
41647	92	971	day	DATE
41647	92	1573	19 years old	DATE
41647	92	1609	Chelm	PLACE
41647	92	1645	Poland	COUNTRY
41647	92	1700	Lódz	PLACE
41647	92	1715	Lódz	PLACE
41647	92	1736	Stettin	PLACE
41647	92	1748	Stettin	PLACE
41647	92	1850	store	GEONOUN
41647	92	1859	Stettin	PLACE
41647	94	48	village	GEONOUN
41647	94	65	Luboml	PLACE
41647	94	158	10 years older	DATE
41647	94	243	hometown	GEONOUN
41647	94	298	town	GEONOUN
41647	94	344	10	DATE
41647	94	355	20	DATE
41647	94	420	town	GEONOUN
41647	94	459	Argentina	COUNTRY
41647	95	163	high school	GEONOUN
41647	96	52	hometown	GEONOUN
41647	96	69	Chelm	PLACE
41647	97	230	attic apartment	GEONOUN
41647	97	236	apartment	GEONOUN
41647	97	350	attic apartment	GEONOUN
41647	97	356	apartment	GEONOUN
41647	97	405	street	GEONOUN
41647	97	434	room upstairs	GEONOUN
41647	97	439	upstairs	GEONOUN
41647	97	532	Stettin	PLACE
41647	97	550	port	GEONOUN
41647	97	772	Lódz	PLACE
41647	97	947	one night	TIME
41647	97	1130	Berlin	CITY
41647	98	70	restaurant	GEONOUN
41647	98	162	store	GEONOUN
41647	98	264	Berlin	CITY
41647	98	302	Berlin	CITY
41647	99	31	1945	DATE
41647	99	50	1945	DATE
41647	100	16	Berlin	CITY
41647	101	7	late summer of '45	DATE
41647	103	28	Berlin	CITY
41647	103	112	Berlin	CITY
41647	103	192	zone	GEONOUN
41647	103	237	zone	GEONOUN
41647	103	260	zone	GEONOUN
41647	103	362	Schlachtensee	PLACE
41647	103	452	camp	GEONOUN
41647	103	493	camp	GEONOUN
41647	103	625	zone	GEONOUN
41647	104	29	zone	GEONOUN
41647	104	59	Frankfurt am Main	CITY
41647	104	101	Munich	CITY
41647	104	137	Frankfurt am Main	CITY
41647	104	257	camps	GEONOUN
41647	105	18	camp	GEONOUN
41647	105	154	camp	GEONOUN
41647	105	226	housing	GEONOUN
41647	105	331	corner	GEONOUN
41647	105	532	hospital	GEONOUN
41647	105	647	Frankfurt am Main	CITY
41647	105	697	hospital	GEONOUN
41647	105	761	room	GEONOUN
41647	105	1051	five months	DATE
41647	105	1129	camp	GEONOUN
41647	105	1142	camp	GEONOUN
41647	105	1420	temple	GEONOUN
41647	105	1464	Friday	DATE
41647	105	1471	night	TIME
41647	105	1491	Shabbat	DATE
41647	106	20	camp	GEONOUN
41647	106	100	concentration camp	GEONOUN
41647	106	132	camp	GEONOUN
41647	106	150	village	GEONOUN
41647	106	394	camp	GEONOUN
41647	106	409	Zeilsheim	PLACE
41647	111	16	Jewish	GEONOUN
41647	111	90	Romania	COUNTRY
41647	111	99	Austria	COUNTRY
41647	111	108	Germany	COUNTRY
41647	111	140	Hungary	COUNTRY
41647	111	149	Czechoslovakia	COUNTRY
41647	111	165	Poland	COUNTRY
41647	113	212	bar	GEONOUN
41647	113	317	camp	GEONOUN
41647	114	9	Jewish	GEONOUN
41647	117	87	America	COUNTRY
41647	118	169	camps	GEONOUN
41647	119	41	room	GEONOUN
41647	119	172	building	GEONOUN
41647	119	186	every day	DATE
41647	119	291	post office	GEONOUN
41647	120	131	Argentina	COUNTRY
41647	120	328	States	PLACE
41647	121	333	five months	DATE
41647	121	442	February 11th of 1947	DATE
41647	124	99	zone	GEONOUN
41647	124	186	camp	GEONOUN
41647	124	342	camps	GEONOUN
41647	125	94	camp	GEONOUN
41647	125	113	camp	GEONOUN
41647	126	94	Europe	CONTINENT
41647	126	133	Europe	CONTINENT
41647	126	172	ground	GEONOUN
41647	126	278	area	GEONOUN
41647	126	468	Palestine	CITY
41647	129	164	store	GEONOUN
41647	130	119	camp	GEONOUN
41647	130	283	Marseille	CITY
41647	130	296	Palestine	CITY
41647	130	380	state	GEONOUN
41647	130	389	Israel	COUNTRY
41647	130	426	Palestine	CITY
41647	130	580	camp	GEONOUN
41647	130	650	Palestine	CITY
41647	130	861	Israel	COUNTRY
41647	130	972	the United States	COUNTRY
41647	130	1013	Israel	COUNTRY
41647	130	1024	Palestine	CITY
41647	130	1154	the United States	COUNTRY
41647	130	1185	Europe	CONTINENT
41647	130	1303	ship	GEONOUN
41647	130	1347	the States	PLACE
41647	130	1374	40-- 14 days	DATE
41647	130	1394	ocean	GEONOUN
41647	131	154	Europe	CONTINENT
41647	131	208	canal	GEONOUN
41647	131	222	February 11th	DATE
41647	131	253	February 19th	DATE
41647	131	276	States	PLACE
41647	133	0	1949	DATE
41647	133	84	apartment	GEONOUN
41647	133	97	Brooklyn	CITY
41647	133	107	Williamsburg	CITY
41647	133	285	apartment	GEONOUN
41647	133	332	Brooklyn	CITY
41647	133	361	three years	DATE
41647	133	440	estate	GEONOUN
41647	133	480	hotel	GEONOUN
41647	133	576	States	PLACE
41647	133	587	New York	US-STATE
41647	133	730	Israel	COUNTRY
41647	133	786	1951	DATE
41647	133	832	Queens	CITY
41647	133	979	California	US-STATE
41647	133	1016	1968	DATE
41647	133	1047	1974	DATE
41647	134	671	village	GEONOUN
41647	134	857	forest	GEONOUN
41647	135	195	school	GEONOUN
41647	135	234	Queens	CITY
41647	135	477	a single minute	TIME
41647	135	803	California	US-STATE
41647	135	849	New York	US-STATE
41647	135	882	many, many years	DATE
41647	135	940	37 years	DATE
41647	135	966	February 7th of this year	DATE
41647	135	1169	37 years	DATE
41647	135	1683	'89, 1989	DATE
41647	135	1709	a year	DATE
41647	136	48	Hadassah	PLACE
41647	136	116	25 years	DATE
41647	136	723	New York	US-STATE
41647	136	770	the 10th of June	DATE
41647	136	868	Jewish	GEONOUN
41647	136	894	New York	US-STATE
41647	136	1087	Yad Vashem	PLACE
41647	136	1119	museum	GEONOUN
41647	136	1129	Washington	US-STATE
41647	139	11	bar	GEONOUN
41647	140	12	Forest Hills	CITY
41647	140	29	Queens	CITY
41647	146	129	fall	GEONOUN
41647	147	117	synagogue	GEONOUN
41647	147	493	concentration camp	GEONOUN
41647	148	601	Passover	EVENT
41647	148	613	Hanukkah	DATE
41647	148	694	Holocaust	EVENT
41647	149	257	Warsaw	CITY
41647	149	326	about 17, 18 years old	DATE
41647	149	462	Holocaust	EVENT
41647	149	505	19-- the	DATE
41647	149	514	spring	GEONOUN
41647	149	623	Luboml	PLACE
41647	149	660	the year	DATE
41647	149	768	20s	DATE
41647	149	773	late 20s	DATE
41647	149	892	Russia	COUNTRY
41647	149	904	town	GEONOUN
41647	149	912	Kostroma	CITY
41647	149	948	Moscow	CITY
41647	149	960	the year	DATE
41647	149	973	1940	DATE
41647	149	1057	18	DATE
41647	149	1081	Luboml	PLACE
41647	149	1093	town	GEONOUN
41647	149	1099	The year	DATE
41647	149	1166	the early '30s	DATE
41647	149	1261	14	DATE
41647	149	1267	15	DATE
41647	149	1346	hometown	GEONOUN
41647	149	1356	Luboml	PLACE
41647	149	1478	school	GEONOUN
41647	149	1493	school	GEONOUN
41647	149	1524	Luboml	PLACE
41647	149	1813	Israel	COUNTRY
41647	149	1860	Luboml	PLACE
41647	149	2071	the early '30s	DATE
41647	150	379	Israel	COUNTRY
41647	150	445	1938	DATE
41647	150	453	Luboml	PLACE
41647	151	325	Luboml	PLACE
41647	151	347	Shabbat	DATE
41647	151	443	monument	GEONOUN
41647	151	519	camp	GEONOUN
41647	151	527	Zeilsheim	PLACE
41647	151	559	1946	DATE
41647	152	7	camp	GEONOUN
41647	152	19	Germany	COUNTRY
41647	152	32	Frankfurt am Main	CITY
41647	152	59	camp	GEONOUN
41647	152	75	Zeilsheim	PLACE
41647	152	119	1946	DATE
41647	152	149	monument	GEONOUN
41647	152	188	camp	GEONOUN
41647	152	196	Zeilsheim	PLACE
41647	152	220	Frankfurt am Main	CITY
41647	152	260	1946	DATE
41647	152	279	1947	DATE
41647	152	572	camp	GEONOUN
41647	152	580	Zeilsheim	PLACE
41647	152	604	Frankfort am Main	PLACE
41647	152	625	Germany	COUNTRY
41647	152	778	camp	GEONOUN
41647	152	834	States	PLACE
41647	152	964	1947	DATE
41647	152	1045	camp	GEONOUN
41647	152	1058	Zeilsheim	PLACE
41647	152	1091	the end of 1947	DATE
41647	152	1169	camps	GEONOUN
41647	152	1246	camp	GEONOUN
41647	152	1274	Zeilsheim	PLACE
41647	152	1294	camp	GEONOUN
41647	152	1358	camp	GEONOUN
41647	152	1458	Israel	COUNTRY
41647	152	1709	Israel	COUNTRY
41647	152	1720	Palestine	CITY
41647	152	1747	Israel	COUNTRY
41647	152	1776	Zeilsheim	PLACE
41647	152	1796	camp	GEONOUN
41647	152	1806	Frankfurt am Main	CITY
41647	152	1827	Germany	COUNTRY
41647	152	1923	camp	GEONOUN
41647	152	2141	house	GEONOUN
41647	152	2150	house	GEONOUN
41647	152	2185	camp	GEONOUN
41647	152	2191	Zeilsheim	PLACE
41647	152	2207	Frankfurt am Main	CITY
41647	152	2228	Germany	COUNTRY
41647	152	2414	no more than 13 years or so	DATE
41647	152	2668	Luboml	PLACE
41647	153	78	post office	GEONOUN
41647	153	108	1944	DATE
41647	153	153	RUSSIAN	PLACE
41647	153	238	post office	GEONOUN
41647	153	268	Równe	PLACE
41647	153	317	Ukraine	COUNTRY
41647	154	17	temple	GEONOUN
41647	154	27	Luboml	PLACE
41647	154	58	building	GEONOUN
41647	154	84	the early 1600	DATE
41647	154	161	town	GEONOUN
41647	154	183	town	GEONOUN
41647	154	191	Luboml	PLACE
41647	154	224	Chelm	PLACE
41647	154	234	Kovel	CITY
41647	154	270	Kovel	CITY
41647	154	293	the River Bug	PLACE
41647	154	429	temple	GEONOUN
41647	154	615	camp	GEONOUN
41647	154	621	Zeilsheim	PLACE
41647	154	645	Zeilsheim Assembly Center	PLACE
41647	154	824	town	GEONOUN
41647	154	830	Luboml	PLACE
41647	154	859	1946	DATE
41647	154	867	Zeilsheim	PLACE
41647	154	883	Frankfort am Main	PLACE
41647	154	904	Germany	COUNTRY
41647	155	32	memorial	GEONOUN
41647	155	432	town	GEONOUN
41647	155	634	the United States	COUNTRY
41647	155	738	town	GEONOUN
41647	155	746	Luboml	PLACE
41647	155	1285	bar	GEONOUN
41647	155	1549	camp	GEONOUN
41647	155	1557	1947	DATE
41647	155	1610	Passover	EVENT
41647	155	1694	Lakewood	CITY
41647	155	1713	hotel	GEONOUN
41647	155	1722	Lakewood	CITY
41647	155	1754	Passover holidays	DATE
41647	155	1777	the year	DATE
