FileID	AnswerID	StartCharPos	Entity	Type
41837	3	14	March 15, 1928	DATE
41837	4	14	Janów	PLACE
41837	4	21	Poland	COUNTRY
41837	6	0	70 years old	DATE
41837	8	36	Jewish	GEONOUN
41837	9	83	today	DATE
41837	13	93	school	GEONOUN
41837	16	114	community	GEONOUN
41837	18	85	market	GEONOUN
41837	20	5	Shabbat, Oneg Shabbat	DATE
41837	21	12	many years ago	DATE
41837	23	27	farms	GEONOUN
41837	23	110	town	GEONOUN
41837	24	4	town	GEONOUN
41837	24	66	town	GEONOUN
41837	25	19	school	GEONOUN
41837	25	110	school	GEONOUN
41837	26	3	classroom	GEONOUN
41837	26	38	classroom	GEONOUN
41837	26	181	Jewish	GEONOUN
41837	26	242	school	GEONOUN
41837	26	279	corridors	GEONOUN
41837	27	6	about seven years old	DATE
41837	32	49	17 years old	DATE
41837	35	11	school	GEONOUN
41837	35	37	school	GEONOUN
41837	35	97	seven years	DATE
41837	35	110	seven years	DATE
41837	35	122	school	GEONOUN
41837	36	43	1941	DATE
41837	36	107	a year	DATE
41837	36	128	ghetto	GEONOUN
41837	36	144	the summer	DATE
41837	36	172	the next year	DATE
41837	36	192	ghetto	GEONOUN
41837	36	233	ghetto	GEONOUN
41837	38	7	16 years old	DATE
41837	39	185	school	GEONOUN
41837	42	38	house	GEONOUN
41837	43	57	two years	DATE
41837	43	100	13	DATE
41837	43	124	two years	DATE
41837	44	8	1941	DATE
41837	52	71	houses	GEONOUN
41837	53	3	house	GEONOUN
41837	53	18	rooms	GEONOUN
41837	53	55	house	GEONOUN
41837	53	75	garden	GEONOUN
41837	53	94	orchard	GEONOUN
41837	53	131	ground	GEONOUN
41837	54	27	house	GEONOUN
41837	55	48	block	GEONOUN
41837	55	86	those days	DATE
41837	55	280	school	GEONOUN
41837	56	142	school	GEONOUN
41837	56	170	school	GEONOUN
41837	57	11	about five years old	DATE
41837	57	89	years	DATE
41837	58	12	school	GEONOUN
41837	59	0	About four hours	TIME
41837	59	18	three hours	TIME
41837	61	27	synagogue	GEONOUN
41837	62	0	Saturday	DATE
41837	64	25	28--	DATE
41837	64	50	1928	DATE
41837	64	67	seven	DATE
41837	64	81	'33	DATE
41837	64	86	year '32	DATE
41837	65	0	1935	DATE
41837	65	131	country	GEONOUN
41837	65	155	Europe	CONTINENT
41837	66	18	school	GEONOUN
41837	66	64	Jewish	GEONOUN
41837	66	145	Jewish	GEONOUN
41837	66	164	Jewish	GEONOUN
41837	73	119	plain	GEONOUN
41837	74	59	'41	DATE
41837	74	107	22nd, 22 of June	DATE
41837	74	125	something 1941	DATE
41837	76	154	town	GEONOUN
41837	77	206	Siberia	PLACE
41837	77	291	ground	GEONOUN
41837	77	425	the night	TIME
41837	79	18	one year	DATE
41837	79	145	school	GEONOUN
41837	80	84	'42	DATE
41837	82	15	house	GEONOUN
41837	82	203	town	GEONOUN
41837	82	251	market	GEONOUN
41837	82	326	divide	GEONOUN
41837	83	12	about week,	DATE
41837	83	24	two weeks later	DATE
41837	83	75	a year later	DATE
41837	84	87	two weeks later	DATE
41837	84	163	houses	GEONOUN
41837	86	7	houses	GEONOUN
41837	86	47	ghetto	GEONOUN
41837	87	216	house	GEONOUN
41837	90	101	street	GEONOUN
41837	90	136	street	GEONOUN
41837	92	17	'42	DATE
41837	92	85	the year	DATE
41837	93	48	house	GEONOUN
41837	94	70	house	GEONOUN
41837	95	121	ghetto	GEONOUN
41837	95	140	fall	GEONOUN
41837	99	54	house	GEONOUN
41837	99	130	house	GEONOUN
41837	100	16	house	GEONOUN
41837	100	58	house	GEONOUN
41837	102	121	house	GEONOUN
41837	102	273	room	GEONOUN
41837	103	80	town	GEONOUN
41837	103	286	house	GEONOUN
41837	104	51	house	GEONOUN
41837	105	4	house	GEONOUN
41837	105	137	apartment	GEONOUN
41837	105	159	apartment	GEONOUN
41837	106	228	apartment	GEONOUN
41837	107	22	the Fall	DATE
41837	108	8	1942	DATE
41837	109	14	house	GEONOUN
41837	109	96	house	GEONOUN
41837	109	121	houses	GEONOUN
41837	109	204	garage	GEONOUN
41837	109	218	basement	GEONOUN
41837	109	269	room	GEONOUN
41837	110	41	houses	GEONOUN
41837	110	58	houses	GEONOUN
41837	110	127	Janów	PLACE
41837	110	171	ghetto	GEONOUN
41837	110	261	ghetto	GEONOUN
41837	110	300	every day	DATE
41837	111	3	the morning	TIME
41837	112	179	ghetto	GEONOUN
41837	112	235	wood factory	GEONOUN
41837	112	240	factory	GEONOUN
41837	112	298	wood	GEONOUN
41837	112	307	building	GEONOUN
41837	112	446	ghetto	GEONOUN
41837	123	3	night	TIME
41837	128	46	street	GEONOUN
41837	128	82	any minute	TIME
41837	130	7	ghetto	GEONOUN
41837	130	28	a year	DATE
41837	130	120	1943	DATE
41837	130	141	'42	DATE
41837	130	171	ghetto	GEONOUN
41837	130	216	country	GEONOUN
41837	130	245	concentration camp	GEONOUN
41837	131	109	concentration camps	GEONOUN
41837	131	312	Poland	COUNTRY
41837	131	340	Poland	COUNTRY
41837	131	424	spot	GEONOUN
41837	133	4	ghetto	GEONOUN
41837	133	58	Pinsk	CITY
41837	133	78	Pinsk	CITY
41837	133	85	Janów	PLACE
41837	133	99	Pinsk	CITY
41837	133	141	town	GEONOUN
41837	133	151	city	GEONOUN
41837	133	201	Pinsk	CITY
41837	133	255	one night	TIME
41837	133	328	ghetto	GEONOUN
41837	133	395	building	GEONOUN
41837	133	439	house	GEONOUN
41837	133	537	basements	GEONOUN
41837	133	574	walls	GEONOUN
41837	133	602	entrance	GEONOUN
41837	133	648	spot	GEONOUN
41837	134	444	hiding place	GEONOUN
41837	135	61	room	GEONOUN
41837	135	85	room	GEONOUN
41837	136	297	a few hours	TIME
41837	136	427	houses	GEONOUN
41837	136	458	houses	GEONOUN
41837	136	629	city	GEONOUN
41837	136	685	houses	GEONOUN
41837	136	784	houses	GEONOUN
41837	136	1016	city	GEONOUN
41837	136	1036	city	GEONOUN
41837	140	86	a few hours later	TIME
41837	140	108	the morning	TIME
41837	141	16	fall	GEONOUN
41837	142	22	1942	DATE
41837	142	87	the 1941	DATE
41837	142	166	the year	DATE
41837	142	242	the year	DATE
41837	143	30	ghetto	GEONOUN
41837	143	149	Janów	PLACE
41837	144	30	monastery	GEONOUN
41837	147	76	night	TIME
41837	149	4	monastery	GEONOUN
41837	149	28	room	GEONOUN
41837	149	96	house	GEONOUN
41837	149	318	bushes	GEONOUN
41837	149	340	forest	GEONOUN
41837	149	360	bushes	GEONOUN
41837	150	36	three days	DATE
41837	150	989	A few days later	DATE
41837	150	1198	windows	GEONOUN
41837	150	1815	house	GEONOUN
41837	150	1882	bushes	GEONOUN
41837	150	2281	the moment--	TIME
41837	150	2548	city	GEONOUN
41837	150	2934	town	GEONOUN
41837	150	3189	a few days later	DATE
41837	150	3221	forest	GEONOUN
41837	150	3533	area	GEONOUN
41837	150	3582	ghetto	GEONOUN
41837	150	3665	town	GEONOUN
41837	150	3786	forest	GEONOUN
41837	151	8	forest	GEONOUN
41837	153	22	night	TIME
41837	153	37	crossing	GEONOUN
41837	153	66	fields	GEONOUN
41837	153	345	ground	GEONOUN
41837	154	46	plain	GEONOUN
41837	154	413	about two years	DATE
41837	154	430	two years	DATE
41837	154	601	Jewish	GEONOUN
41837	155	80	wood	GEONOUN
41837	155	138	night	TIME
41837	156	168	fields	GEONOUN
41837	156	198	the end of-- in September	DATE
41837	156	240	fields	GEONOUN
41837	158	316	territory	GEONOUN
41837	159	427	crossing	GEONOUN
41837	159	438	railroad	GEONOUN
41837	159	472	town	GEONOUN
41837	161	247	spot	GEONOUN
41837	161	322	spot	GEONOUN
41837	161	355	camp	GEONOUN
41837	162	382	two years	DATE
41837	163	21	end of-- in the winter--	DATE
41837	163	49	the winter	DATE
41837	164	0	The first winter	DATE
41837	164	18	The second winter	DATE
41837	164	77	two years	DATE
41837	164	88	Second winter	DATE
41837	169	92	camp	GEONOUN
41837	169	239	about 20,	DATE
41837	169	249	25-- up 25 years	DATE
41837	169	764	house	GEONOUN
41837	169	957	two years	DATE
41837	169	1178	railroad	GEONOUN
41837	169	1205	railroad	GEONOUN
41837	173	73	Poland	COUNTRY
41837	173	136	terrain	GEONOUN
41837	173	177	ground	GEONOUN
41837	173	224	wood	GEONOUN
41837	173	242	trees	GEONOUN
41837	173	572	morning	TIME
41837	173	584	night	TIME
41837	173	609	all day	DATE
41837	176	155	Równe	PLACE
41837	176	162	Równe	PLACE
41837	176	169	Ukraine	COUNTRY
41837	176	187	Ukraine	COUNTRY
41837	177	12	1944	DATE
41837	178	91	about two or-- days	DATE
41837	178	114	three days--	DATE
41837	178	185	Równe--	PLACE
41837	178	201	Rafalówka--	PLACE
41837	178	485	1944	DATE
41837	178	498	Ukraine	COUNTRY
41837	179	459	night	TIME
41837	179	537	every day	DATE
41837	179	564	all night	TIME
41837	179	615	Rafalówka	PLACE
41837	180	466	Rafalówka	PLACE
41837	180	538	Rafalówka	PLACE
41837	180	564	Ukraine	COUNTRY
41837	181	235	hospital	GEONOUN
41837	181	297	room	GEONOUN
41837	181	348	two weeks	DATE
41837	181	371	hospital	GEONOUN
41837	181	404	hospital	GEONOUN
41837	181	430	a windy day	DATE
41837	181	486	ground	GEONOUN
41837	182	28	apartments	GEONOUN
41837	182	141	town	GEONOUN
41837	182	245	house	GEONOUN
41837	183	68	school	GEONOUN
41837	183	422	Russia	COUNTRY
41837	184	149	school	GEONOUN
41837	186	12	1944	DATE
41837	187	190	Russia	COUNTRY
41837	187	206	Iron Curtain	PLACE
41837	187	291	Poland	COUNTRY
41837	187	311	Ukraine	COUNTRY
41837	187	458	Russia	COUNTRY
41837	187	573	Poland	COUNTRY
41837	187	584	Lodz	PLACE
41837	188	68	Italy	COUNTRY
41837	188	149	Germany	COUNTRY
41837	188	291	Poland	COUNTRY
41837	188	385	Lodz	PLACE
41837	189	3	Lodz	PLACE
41837	189	19	about six months	DATE
41837	189	45	Lodz	PLACE
41837	190	29	Bricha--	PLACE
41837	190	113	Poland	COUNTRY
41837	190	142	Poland	COUNTRY
41837	192	44	Lodz	PLACE
41837	192	89	about six months	DATE
41837	193	12	spring	GEONOUN
41837	193	53	spring	GEONOUN
41837	194	8	19-- 1940--	DATE
41837	194	62	'45	DATE
41837	194	80	1945	DATE
41837	194	102	1945--	DATE
41837	194	115	6 months	DATE
41837	194	141	Germany	COUNTRY
41837	195	5	Lodz	PLACE
41837	195	21	Germany	COUNTRY
41837	196	5	Lodz	PLACE
41837	196	335	Jewish	GEONOUN
41837	196	603	Bricha	PLACE
41837	196	706	Poland	COUNTRY
41837	196	716	Lodz--	PLACE
41837	197	19	Lodz	PLACE
41837	197	160	Lodz	PLACE
41837	197	278	Lodz	PLACE
41837	197	346	Germany	COUNTRY
41837	197	394	Germany	COUNTRY
41837	197	459	Poland	COUNTRY
41837	198	199	Germany	COUNTRY
41837	198	221	houses	GEONOUN
41837	198	296	Germany	COUNTRY
41837	198	342	Germany	COUNTRY
41837	198	388	zone	GEONOUN
41837	198	432	Bavaria	PLACE
41837	198	471	München	PLACE
41837	198	483	München Neu Freiman	PLACE
41837	198	522	complex	GEONOUN
41837	198	552	complexes	GEONOUN
41837	198	628	houses	GEONOUN
41837	201	216	Poland	COUNTRY
41837	201	677	Germany	COUNTRY
41837	201	689	1946	DATE
41837	202	17	complex	GEONOUN
41837	202	127	house	GEONOUN
41837	203	6	17	DATE
41837	204	8	1946	DATE
41837	204	83	six months	DATE
41837	205	82	school	GEONOUN
41837	205	196	München	PLACE
41837	205	211	Minhein	PLACE
41837	205	358	America	COUNTRY
41837	206	173	school	GEONOUN
41837	206	222	school	GEONOUN
41837	206	363	six months	DATE
41837	206	562	school	GEONOUN
41837	206	595	München	PLACE
41837	206	665	complex	GEONOUN
41837	206	812	fall	GEONOUN
41837	206	909	München--	PLACE
41837	206	922	München	PLACE
41837	208	214	four years	DATE
41837	208	233	Germany	COUNTRY
41837	208	247	'45 to '49	DATE
41837	208	302	Israel	COUNTRY
41837	208	320	the United States	COUNTRY
41837	208	445	Israel	COUNTRY
41837	208	477	the United States	COUNTRY
41837	209	29	four years	DATE
41837	210	232	three or four years	DATE
41837	210	431	Israel	COUNTRY
41837	210	461	Israel	COUNTRY
41837	210	680	the United States	COUNTRY
41837	210	815	the United States	COUNTRY
41837	210	873	Lodz	PLACE
41837	210	882	Lodz	PLACE
41837	210	901	city	GEONOUN
41837	210	911	Paterson	CITY
41837	210	921	New Jersey	US-STATE
41837	210	951	city	GEONOUN
41837	210	1138	Germany	COUNTRY
41837	210	1155	the United States	COUNTRY
41837	210	1177	Paterson	CITY
41837	210	1187	New Jersey	US-STATE
41837	210	1239	residence	GEONOUN
41837	210	1252	Passaic	CITY
41837	210	1261	New Jersey	US-STATE
41837	210	1288	Passaic	CITY
41837	210	1297	New Jersey	US-STATE
41837	211	32	boat	GEONOUN
41837	211	66	boat	GEONOUN
41837	211	87	boat	GEONOUN
41837	211	115	two weeks	DATE
41837	211	137	August 1949	DATE
41837	211	168	boat	GEONOUN
41837	211	222	boat	GEONOUN
41837	211	232	boat	GEONOUN
41837	211	363	2 and 1/2 years old	DATE
41837	211	720	boat	GEONOUN
41837	212	74	1951	DATE
41837	213	3	the United States	COUNTRY
41837	213	37	1952	DATE
41837	213	58	the same year	DATE
41837	213	103	Passaic	CITY
41837	213	355	Israel	COUNTRY
41837	213	383	room	GEONOUN
41837	213	548	Israel	COUNTRY
41837	213	688	the United States	COUNTRY
41837	214	16	apartment	GEONOUN
41837	214	34	flat	GEONOUN
41837	215	313	apartment	GEONOUN
41837	215	329	apartment	GEONOUN
41837	215	362	apartment	GEONOUN
41837	215	382	apartment	GEONOUN
41837	216	30	1953	DATE
41837	217	112	three months	DATE
41837	217	234	vein	GEONOUN
41837	217	615	Passaic	CITY
41837	217	787	vein	GEONOUN
41837	217	1002	New York	US-STATE
41837	217	1566	hole	GEONOUN
41837	217	1843	Boston	CITY
41837	217	1994	Jewish	GEONOUN
41837	217	2114	three months	DATE
41837	219	44	factory	GEONOUN
41837	219	99	5 o'clock	TIME
41837	219	188	factory	GEONOUN
41837	219	228	two years	DATE
41837	219	453	Passaic	CITY
41837	219	858	store	GEONOUN
41837	219	1137	'76	DATE
41837	219	1177	'76	DATE
41837	219	1265	high school	GEONOUN
41837	219	1301	high school	GEONOUN
41837	220	51	10 years'	DATE
41837	220	173	Two years	DATE
41837	220	379	store	GEONOUN
41837	220	400	store	GEONOUN
41837	220	522	city	GEONOUN
41837	220	584	1988	DATE
41837	220	621	house	GEONOUN
41837	220	670	1982	DATE
41837	220	683	62 years old--	DATE
41837	220	739	house	GEONOUN
41837	220	785	house	GEONOUN
41837	220	825	community	GEONOUN
41837	220	862	1988	DATE
41837	220	904	house	GEONOUN
41837	221	263	Israel	COUNTRY
41837	224	54	Israel	COUNTRY
41837	224	64	fall	GEONOUN
41837	224	156	'73	DATE
41837	224	282	Israel	COUNTRY
41837	224	311	Holocaust	EVENT
41837	224	332	Holocaust	EVENT
41837	225	28	Holocaust	EVENT
41837	225	150	Randolph	CITY
41837	227	234	Jewish	GEONOUN
41837	227	358	building	GEONOUN
41837	227	369	library	GEONOUN
41837	227	426	library	GEONOUN
41837	227	463	Holocaust	EVENT
41837	227	499	building	GEONOUN
41837	227	533	library	GEONOUN
41837	228	62	library	GEONOUN
41837	228	185	Jewish	GEONOUN
41837	228	193	Jewish	GEONOUN
41837	230	331	Israel	COUNTRY
41837	230	366	Israel	COUNTRY
41837	231	140	August 20, 1946	DATE
41837	232	12	Neu Freimann Bavaria	PLACE
41837	232	37	München	PLACE
41837	232	81	1948	DATE
41837	232	144	the United States	COUNTRY
41837	234	44	about 15 years ago	DATE
41837	234	175	Washington DC	PLACE
41837	234	193	1983	DATE
