FileID	AnswerID	StartCharPos	Entity	Type
42084	0	12	Los Angeles	CITY
42084	8	308	a couple days	DATE
42084	10	729	Auschwitz	CAMP
42084	10	790	a nice couple years later	DATE
42084	10	1092	Israel	COUNTRY
42084	10	1114	Israel	COUNTRY
42084	11	16	the morning--	TIME
42084	11	33	the morning	TIME
42084	11	69	morning	TIME
42084	11	321	like 12 o'clock	TIME
42084	11	819	the evening	TIME
42084	11	1167	morning	TIME
42084	12	3	Majdanek	PLACE
42084	13	169	Lublin	CITY
42084	13	196	Lublin	CITY
42084	13	230	fields	GEONOUN
42084	13	549	three days	DATE
42084	14	62	Majdanek	PLACE
42084	15	61	hours	TIME
42084	16	191	Majdanek	PLACE
42084	17	6	Jewish	GEONOUN
42084	17	21	Jewish	GEONOUN
42084	17	101	field	GEONOUN
42084	17	114	Field Five	PLACE
42084	17	167	The Field Three	PLACE
42084	17	209	field	GEONOUN
42084	17	257	ghetto	GEONOUN
42084	18	126	Majdanek	PLACE
42084	19	3	Majdanek	PLACE
42084	19	50	Greece	COUNTRY
42084	19	87	Greece	COUNTRY
42084	19	97	Majdanek	PLACE
42084	19	532	kettle	GEONOUN
42084	19	734	Holland	CITY
42084	22	114	Auschwitz	CAMP
42084	22	129	Majdanek	PLACE
42084	22	177	Majdanek	PLACE
42084	22	230	Greece	COUNTRY
42084	23	131	night	TIME
42084	23	234	Majdanek	PLACE
42084	23	262	camp	GEONOUN
42084	23	268	Majdanek	PLACE
42084	24	3	Majdanek	PLACE
42084	24	22	crematorium	GEONOUN
42084	24	106	camp	GEONOUN
42084	25	87	a couple of weeks later	DATE
42084	25	157	Majdanek	PLACE
42084	25	250	camps	GEONOUN
42084	25	344	crematorium	GEONOUN
42084	25	408	foyer	GEONOUN
42084	25	417	corridor	GEONOUN
42084	25	535	room	GEONOUN
42084	25	679	building	GEONOUN
42084	25	719	windows	GEONOUN
42084	25	1002	windows	GEONOUN
42084	25	1290	The last minute	TIME
42084	25	1337	a minute	TIME
42084	25	1349	two minutes	TIME
42084	25	1453	Auschwitz	CAMP
42084	25	1744	train station	GEONOUN
42084	25	1784	Majdanek	PLACE
42084	25	1799	Lublin	CITY
42084	25	1837	train	GEONOUN
42084	25	1990	a minute	TIME
42084	25	2138	Auschwitz	CAMP
42084	26	119	crematorium	GEONOUN
42084	26	174	Auschwitz	CAMP
42084	27	12	almost the night	TIME
42084	27	57	night	TIME
42084	27	103	next morning	TIME
42084	27	132	day	DATE
42084	27	164	Birkenau	CAMP
42084	30	122	a day later	DATE
42084	30	139	the same days	DATE
42084	30	225	crematorium	GEONOUN
42084	32	448	camp	GEONOUN
42084	33	0	Jewish	GEONOUN
42084	38	478	Barrack 15	PLACE
42084	38	492	Birkenau	CAMP
42084	38	551	wood	GEONOUN
42084	38	696	room	GEONOUN
42084	38	751	a few hours later	TIME
42084	38	1052	barracks	GEONOUN
42084	38	1482	Auschwitz	CAMP
42084	38	1761	sauna	GEONOUN
42084	38	1962	stadium	GEONOUN
42084	38	2165	hole	GEONOUN
42084	40	22	the morning--	TIME
42084	41	66	fields	GEONOUN
42084	41	88	Birkenau	CAMP
42084	41	148	building	GEONOUN
42084	42	26	sundown	TIME
42084	42	134	block	GEONOUN
42084	42	165	block	GEONOUN
42084	42	192	Warsaw	CITY
42084	42	777	Auschwitz	CAMP
42084	42	1142	block	GEONOUN
42084	42	1624	hospital	GEONOUN
42084	42	1646	Birkenau	CAMP
42084	42	1661	hospital	GEONOUN
42084	42	1957	Jewish	GEONOUN
42084	42	1974	Czechoslovakia--	PLACE
42084	42	2029	hospital	GEONOUN
42084	42	2421	hospital	GEONOUN
42084	42	2499	hospital	GEONOUN
42084	42	2627	bricks	GEONOUN
42084	42	2833	bricks	GEONOUN
42084	42	3271	hospital	GEONOUN
42084	42	3446	every day	DATE
42084	42	3595	a couple of weeks	DATE
42084	43	237	a few days	DATE
42084	43	264	hospital	GEONOUN
42084	43	640	one day	DATE
42084	43	785	block	GEONOUN
42084	43	796	hospital	GEONOUN
42084	43	995	Jewish	GEONOUN
42084	44	9	'43	DATE
42084	44	37	December	DATE
42084	44	398	concentration camp	GEONOUN
42084	44	421	Auschwitz	CAMP
42084	44	577	Jewish	GEONOUN
42084	44	860	divide	GEONOUN
42084	44	871	block	GEONOUN
42084	44	919	bench	GEONOUN
42084	44	930	bricks	GEONOUN
42084	44	1230	the end of '43	DATE
42084	46	55	a few years later	DATE
42084	46	88	Israel	COUNTRY
42084	46	135	Jewish	GEONOUN
42084	47	31	Birkenau	CAMP
42084	48	189	winter	DATE
42084	48	204	Birkenau	CAMP
42084	48	222	the first year	DATE
42084	49	355	fields	GEONOUN
42084	49	384	block	GEONOUN
42084	49	507	1944	DATE
42084	49	545	Hungary	COUNTRY
42084	49	591	Lódz	PLACE
42084	49	602	ghetto Lódz	GEONOUN
42084	49	609	Lódz	PLACE
42084	49	656	Brzezinka	PLACE
42084	49	932	a couple of days	DATE
42084	50	0	'44--	DATE
42084	50	15	the year '44	DATE
42084	51	6	the winter	DATE
42084	51	30	the winter	DATE
42084	53	92	Auschwitz	CAMP
42084	53	419	Kommandantur	PLACE
42084	55	162	Brzezinka	PLACE
42084	55	294	factory	GEONOUN
42084	55	856	every few weeks	DATE
42084	55	953	some day	DATE
42084	55	1025	crematorium	GEONOUN
42084	55	1088	sauna	GEONOUN
42084	55	1513	crematorium	GEONOUN
42084	55	1529	a minute	TIME
42084	55	1858	Shema Yisrael	PLACE
42084	55	1887	fell	GEONOUN
42084	55	1958	crematorium	GEONOUN
42084	55	2038	crematorium	GEONOUN
42084	59	37	crematorium	GEONOUN
42084	59	67	Fall	DATE
42084	59	89	October	DATE
42084	59	292	one night	TIME
42084	59	437	night	TIME
42084	59	840	a minute	TIME
42084	59	1819	a few minutes	TIME
42084	59	2342	two years	DATE
42084	60	118	'44	DATE
42084	60	377	mud	GEONOUN
42084	60	566	the very same day	DATE
42084	60	674	Auschwitz	CAMP
42084	60	697	Brzezinka	PLACE
42084	60	711	Birkenau	CAMP
42084	60	774	Auschwitz	CAMP
42084	60	871	Brzezinka	PLACE
42084	60	951	night	TIME
42084	60	1062	Auschwitz	CAMP
42084	60	1197	Brzezinka	PLACE
42084	60	1515	Brzezinka	PLACE
42084	60	1544	Auschwitz	CAMP
42084	60	1775	January 18	DATE
42084	60	1860	Auschwitz	CAMP
42084	60	1870	camp	GEONOUN
42084	61	0	1945-- 1945	DATE
42084	62	0	1945	DATE
42084	63	35	one month	DATE
42084	63	61	camp	GEONOUN
42084	66	71	Auschwitz	CAMP
42084	66	197	camp	GEONOUN
42084	66	736	night	TIME
42084	67	58	fell	GEONOUN
42084	67	269	camps	GEONOUN
42084	67	416	Jewish	GEONOUN
42084	67	1037	train station	GEONOUN
42084	67	1074	about maybe 10 days	DATE
42084	68	362	a couple of days	DATE
42084	68	644	train station	GEONOUN
42084	73	412	farm	GEONOUN
42084	74	28	train	GEONOUN
42084	74	88	Gross-Rosen	PLACE
42084	74	105	Gross-Rosen	PLACE
42084	74	186	camp	GEONOUN
42084	74	231	Ravensbrück	PLACE
42084	74	248	Ravensbrück	PLACE
42084	76	683	fell	GEONOUN
42084	76	744	a couple weeks--	DATE
42084	76	920	Bergen	CITY
42084	77	58	end of March	DATE
42084	79	333	two days	DATE
42084	79	508	ruins	GEONOUN
42084	79	968	camp	GEONOUN
42084	79	1213	Poland	COUNTRY
42084	79	1733	zone	GEONOUN
42084	79	1772	Poland	COUNTRY
42084	79	1810	Poland	COUNTRY
42084	79	2073	building	GEONOUN
42084	79	2297	Kraków--	PLACE
42084	79	2460	Poland	COUNTRY
42084	79	2571	Kraków	CITY
42084	79	2667	a minute	TIME
42084	79	2972	Poland	COUNTRY
42084	79	3093	university	GEONOUN
42084	79	3251	Poland	COUNTRY
42084	79	3602	Palestine	CITY
42084	79	3656	Bergen-Belsen	CAMP
42084	79	3678	Poland	COUNTRY
42084	79	3722	Poland	COUNTRY
42084	79	3732	Bergen-Belsen--	PLACE
42084	79	3788	post	GEONOUN
42084	79	4466	three years	DATE
42084	79	4638	Poland	COUNTRY
42084	79	4761	Poland	COUNTRY
42084	79	5011	corner	GEONOUN
42084	79	5249	Ravensbrück	PLACE
42084	79	5616	Yom Kippur	DATE
42084	79	6111	at least one year	DATE
42084	81	400	Palestine	CITY
42084	81	495	earth	GEONOUN
42084	81	598	country	GEONOUN
42084	81	629	Jewish state	GEONOUN
42084	81	636	state	GEONOUN
42084	82	0	December 18, 1945	DATE
42084	83	3	Bergen-Belsen	CAMP
42084	84	10	camp	GEONOUN
42084	85	37	town	GEONOUN
42084	85	461	town	GEONOUN
42084	85	494	camp	GEONOUN
42084	90	32	room	GEONOUN
42084	90	47	room	GEONOUN
42084	90	87	camp	GEONOUN
42084	90	331	Bergen-Belsen	CAMP
42084	92	21	Poland	COUNTRY
42084	95	3	Israel	COUNTRY
42084	95	27	Bergen-Belsen	CAMP
42084	95	116	Hamburg	CITY
42084	95	191	Bergen-Belsen	CAMP
42084	96	95	Israel	COUNTRY
42084	96	114	America	COUNTRY
42084	96	146	Marseilles	PLACE
42084	96	165	ship	GEONOUN
42084	99	56	country	GEONOUN
42084	99	315	the last few weeks	DATE
42084	100	3	Holon	PLACE
42084	100	24	Holon	PLACE
42084	100	274	housing	GEONOUN
42084	100	360	Haifa	CITY
42084	100	385	Tel Aviv	CITY
42084	100	411	Tel Aviv	CITY
42084	100	453	Tel Aviv	CITY
42084	100	470	hospital	GEONOUN
42084	100	482	Hadassah	PLACE
42084	100	551	Hadassah	PLACE
42084	100	606	Holon	PLACE
42084	100	638	Tel Aviv	CITY
42084	100	697	Tel Aviv	CITY
42084	100	741	room apartment	GEONOUN
42084	100	746	apartment	GEONOUN
42084	100	866	walls	GEONOUN
42084	101	851	stone	GEONOUN
42084	102	347	Shabbat	DATE
42084	102	727	the holidays	DATE
42084	102	790	less than a year old	DATE
42084	102	1017	house	GEONOUN
42084	102	1275	a few minutes	TIME
42084	103	940	almost seven years	DATE
42084	104	402	tree	GEONOUN
42084	104	412	river	GEONOUN
42084	105	56	bank	GEONOUN
42084	105	89	bank	GEONOUN
42084	105	256	country	GEONOUN
42084	105	282	England	PLACE
42084	105	361	country	GEONOUN
42084	105	467	town	GEONOUN
42084	105	512	buildings	GEONOUN
42084	105	542	houses	GEONOUN
42084	105	704	town	GEONOUN
42084	106	367	Warsaw	CITY
42084	106	399	Majdanek	PLACE
42084	106	415	Auschwitz	CAMP
42084	106	429	Bergen-Belsen	CAMP
42084	109	29	town	GEONOUN
42084	109	37	Bialystok	PLACE
42084	109	257	Russia	COUNTRY
42084	109	380	Bialystok	PLACE
42084	109	413	town	GEONOUN
42084	109	432	town	GEONOUN
42084	109	598	Siberia	PLACE
42084	109	656	town	GEONOUN
42084	109	662	Sarny	CITY
42084	109	781	Russia	COUNTRY
42084	109	805	1941	DATE
42084	109	811	July, 1941	DATE
42084	109	873	town	GEONOUN
42084	109	904	Ukraine	COUNTRY
42084	109	931	Poland	COUNTRY
42084	109	1189	Russia	COUNTRY
42084	109	1322	Ukraine	COUNTRY
42084	109	1337	Siberia	PLACE
42084	109	1421	town Sarny	GEONOUN
42084	109	1426	Sarny	CITY
42084	111	266	today	DATE
42084	112	383	crematorium	GEONOUN
42084	112	407	Majdanek	PLACE
42084	112	433	Majdanek	PLACE
42084	112	445	Auschwitz	CAMP
42084	112	1374	America	COUNTRY
42084	113	28	many, many years	DATE
42084	114	169	foot	GEONOUN
42084	114	207	earth	GEONOUN
42084	114	331	500 or 600 years	DATE
42084	114	393	Poland	COUNTRY
42084	114	495	Holocaust	EVENT
42084	114	548	Poland	COUNTRY
42084	114	578	Auschwitz	CAMP
42084	114	624	'89	DATE
42084	114	638	50 years	DATE
42084	114	723	Poland	COUNTRY
42084	114	747	the United States	COUNTRY
42084	114	781	Israel	COUNTRY
42084	114	907	grave	GEONOUN
42084	114	943	grave	GEONOUN
42084	114	1051	Poland	COUNTRY
42084	114	1126	Warsaw	CITY
42084	114	1136	'89	DATE
42084	114	1255	house	GEONOUN
42084	114	1467	Auschwitz	CAMP
42084	114	1830	Lódz	PLACE
42084	114	1900	Warsaw	CITY
42084	114	1923	cemetery	GEONOUN
42084	114	1965	grave	GEONOUN
42084	114	2036	cemetery	GEONOUN
42084	114	2140	trees	GEONOUN
42084	114	2318	grave	GEONOUN
42084	114	2345	grave	GEONOUN
42084	114	2483	Lódz	PLACE
42084	114	2496	cemetery	GEONOUN
42084	114	2549	town	GEONOUN
42084	114	2615	grave	GEONOUN
42084	114	2630	stone	GEONOUN
42084	114	2645	stone	GEONOUN
42084	114	2682	stone	GEONOUN
42084	114	2893	stone	GEONOUN
42084	114	2902	1958	DATE
42084	114	2968	cemetery	GEONOUN
42084	114	3110	stone	GEONOUN
42084	114	3165	stone	GEONOUN
42084	114	3217	'89	DATE
42084	114	3425	parts	GEONOUN
42084	114	3438	garden	GEONOUN
42084	114	3780	One day	DATE
42084	114	3926	palace	GEONOUN
42084	114	4059	Cracow	PLACE
42084	114	4077	town	GEONOUN
42084	114	4122	town	GEONOUN
42084	114	4182	Warsaw	CITY
42084	114	4190	Warsaw	CITY
42084	114	4210	ruins	GEONOUN
42084	114	4273	Poland	COUNTRY
42084	116	98	New York	US-STATE
42084	116	110	1958	DATE
42084	116	300	walls	GEONOUN
42084	116	433	Israel	COUNTRY
42084	116	452	the United States	COUNTRY
42084	116	685	Avenue	PLACE
42084	116	699	Bronx	PLACE
42084	116	708	New York	US-STATE
42084	117	44	state	GEONOUN
42084	117	53	Israel	COUNTRY
42084	117	241	Aliyah	DATE
42084	117	303	Mediterranean	PLACE
42084	117	321	weeks	DATE
42084	117	393	country	GEONOUN
42084	117	406	state	GEONOUN
42084	117	415	Israel	COUNTRY
42084	117	433	state	GEONOUN
42084	117	442	Israel	COUNTRY
42084	117	720	state	GEONOUN
42084	117	729	Israel	COUNTRY
42084	118	82	Majdanek	PLACE
42084	118	156	station	GEONOUN
42084	118	167	Jaffa	CITY
42084	118	332	Vilna	PLACE
42084	118	405	Majdanek	PLACE
42084	118	503	a couple of weeks later	DATE
42084	118	702	Germany	COUNTRY
42084	118	764	so many years	DATE
42084	118	950	Germany	COUNTRY
42084	118	1091	Tel Aviv	CITY
42084	118	1100	court	GEONOUN
42084	118	1123	court	GEONOUN
42084	118	1206	12 or 15 years ago	DATE
42084	118	1244	court	GEONOUN
42084	118	1547	camp	GEONOUN
42084	118	1555	Majdanek	PLACE
42084	118	1719	a couple hours	TIME
42084	121	85	the age of 80	DATE
42084	122	185	town	GEONOUN
42084	122	197	country	GEONOUN
42084	122	361	Israel	COUNTRY
42084	122	567	country	GEONOUN
42084	122	673	Holocaust	EVENT
42084	122	722	Holocaust	EVENT
42084	122	814	Holocaust	EVENT
42084	122	1931	Holocaust	EVENT
42084	122	2178	house	GEONOUN
42084	123	345	cataract	GEONOUN
42084	124	77	Holocaust	EVENT
42084	126	86	Argentina	COUNTRY
42084	126	154	two and 1/2 years	DATE
42084	126	189	The year of 1924	DATE
42084	127	26	Warsaw	CITY
42084	127	186	years later	DATE
42084	127	207	1960	DATE
42084	127	269	Buenos Aires	CITY
42084	127	315	Buenos Aires	CITY
42084	127	394	residence	GEONOUN
42084	127	699	room	GEONOUN
42084	127	868	room	GEONOUN
42084	127	939	four hours	TIME
42084	132	66	Warsaw	CITY
42084	132	77	1939	DATE
42084	132	171	Israel	COUNTRY
42084	132	205	university	GEONOUN
42084	133	1	39	DATE
42084	135	54	18 years old	DATE
42084	136	16	Warsaw	CITY
42084	136	100	Israel	COUNTRY
42084	138	3	'46	DATE
42084	139	3	Bergen-Belsen	CAMP
42084	142	1	45	DATE
42084	143	3	December '45	DATE
42084	143	20	Bergen-Belsen	CAMP
42084	145	24	beach	GEONOUN
42084	145	53	sea	GEONOUN
42084	145	62	river	GEONOUN
42084	146	15	Bergen--	PLACE
42084	146	27	Bergen-Belsen	CAMP
42084	146	72	town	GEONOUN
42084	146	80	Germany	COUNTRY
42084	148	144	hostel	GEONOUN
42084	149	3	Tel Aviv	CITY
42084	152	3	Los Angeles	CITY
42084	153	0	Last year	DATE
42084	154	0	'98	DATE
42084	155	10	bar	GEONOUN
42084	156	0	'84	DATE
42084	157	3	Los Angeles	CITY
42084	158	109	two years old	DATE
42084	159	0	1992	DATE
42084	160	3	North Hampton	PLACE
42084	160	18	Massachusetts	US-STATE
42084	161	96	carriage	GEONOUN
42084	163	0	Los Angeles	CITY
42084	164	0	'91	DATE
42084	167	29	50 years	DATE
42084	169	0	'95	DATE
42084	170	0	Holon	PLACE
42084	170	7	Israel	COUNTRY
42084	171	98	Tiberias	CITY
42084	171	143	hotel	GEONOUN
42084	171	217	room	GEONOUN
42084	173	29	capital	GEONOUN
42084	175	35	Franka	PLACE
42084	175	46	Frania	PLACE
42084	176	31	March 14, 1921	DATE
42084	178	0	Warsaw	CITY
42084	179	3	Warsaw	CITY
42084	183	46	Jewish	GEONOUN
42084	183	116	Poland	COUNTRY
42084	183	143	Poland	COUNTRY
42084	187	101	scene	GEONOUN
42084	187	202	Argentina	COUNTRY
42084	187	273	Saturday	DATE
42084	187	282	afternoon	TIME
42084	187	520	winter	DATE
42084	187	535	windows	GEONOUN
42084	187	734	broom	GEONOUN
42084	188	841	morning	TIME
42084	188	950	a couple hours	TIME
42084	189	139	raise	GEONOUN
42084	189	347	a couple years	DATE
42084	189	612	10 years	DATE
42084	189	721	raise	GEONOUN
42084	191	360	house	GEONOUN
42084	191	614	a Friday	TIME
42084	191	623	night	TIME
42084	192	12	five	DATE
42084	192	18	five and a half years	DATE
42084	193	100	house	GEONOUN
42084	193	305	grave	GEONOUN
42084	194	209	hospital	GEONOUN
42084	194	332	room	GEONOUN
42084	194	451	those years	DATE
42084	195	84	house	GEONOUN
42084	195	419	school	GEONOUN
42084	195	531	school	GEONOUN
42084	195	854	nine	DATE
42084	195	903	school	GEONOUN
42084	195	1065	about two or three years older	DATE
42084	196	161	Poland	COUNTRY
42084	196	195	school	GEONOUN
42084	196	634	the last years	DATE
42084	197	47	about nine years	DATE
42084	197	107	three years	DATE
42084	199	14	Guta	PLACE
42084	199	28	Guta	PLACE
42084	199	37	Leon	PLACE
42084	200	197	apartment	GEONOUN
42084	200	988	Sukkot	DATE
42084	200	1277	fell	GEONOUN
42084	200	1303	fell	GEONOUN
42084	200	1476	synagogue	GEONOUN
42084	200	1610	fell	GEONOUN
42084	200	1627	next day	DATE
42084	201	75	Shabbos	DATE
42084	201	86	Shabbos	DATE
42084	201	236	Friday	DATE
42084	201	275	Holidays	DATE
42084	201	321	Passover	EVENT
42084	201	612	two, three days	DATE
42084	201	660	corner	GEONOUN
42084	201	686	every holiday	DATE
42084	201	705	Yom Kippur	DATE
42084	202	83	synagogue	GEONOUN
42084	202	193	synagogue	GEONOUN
42084	202	292	Rosh Hashanah	DATE
42084	203	1123	the winter	DATE
42084	203	1450	some day	DATE
42084	203	1583	house	GEONOUN
42084	203	1717	house	GEONOUN
42084	204	0	Friday, Friday	DATE
42084	204	25	the morning	TIME
42084	204	302	Shabbos	DATE
42084	204	347	Friday	DATE
42084	204	354	morning	TIME
42084	204	464	house	GEONOUN
42084	204	522	house	GEONOUN
42084	204	555	rooms	GEONOUN
42084	204	620	houses	GEONOUN
42084	204	874	apron	GEONOUN
42084	204	1058	house	GEONOUN
42084	204	1081	setting	GEONOUN
42084	204	1259	one Friday night	TIME
42084	204	1319	school	GEONOUN
42084	204	1788	this Friday night	TIME
42084	204	2034	room	GEONOUN
42084	205	0	Sabbath	DATE
42084	205	160	Friday	DATE
42084	205	207	Saturday	DATE
42084	205	366	house	GEONOUN
42084	206	52	the regular days	DATE
42084	207	32	3 o'clock in the afternoon	TIME
42084	207	68	the later years	DATE
42084	207	102	high school	GEONOUN
42084	207	138	3 o'clock	TIME
42084	207	222	5:00, 4:30	TIME
42084	208	66	house	GEONOUN
42084	208	164	school	GEONOUN
42084	208	963	store	GEONOUN
42084	208	1279	shelf	GEONOUN
42084	208	1378	school	GEONOUN
42084	208	1938	apartment	GEONOUN
42084	208	1960	ghetto	GEONOUN
42084	208	1971	every day	DATE
42084	208	1982	every two, three days	DATE
42084	208	2072	apartment	GEONOUN
42084	208	2153	apartment	GEONOUN
42084	208	2250	ghetto	GEONOUN
42084	208	2370	apartment	GEONOUN
42084	208	3203	four-year-old	DATE
42084	208	3221	five-year-old	DATE
42084	210	473	house	GEONOUN
42084	211	21	the beginning of 1942	DATE
42084	213	137	store	GEONOUN
42084	213	166	store	GEONOUN
42084	214	0	1934	DATE
42084	214	22	Jewish	GEONOUN
42084	214	92	apartment	GEONOUN
42084	214	162	room	GEONOUN
42084	214	176	room	GEONOUN
42084	214	196	room	GEONOUN
42084	214	233	foyer	GEONOUN
42084	214	331	apartment	GEONOUN
42084	214	397	the evening	TIME
42084	214	417	Warsaw	CITY
42084	214	465	apartments	GEONOUN
42084	214	554	apartment	GEONOUN
42084	214	586	apartment	GEONOUN
42084	214	746	factory	GEONOUN
42084	214	858	the winter	DATE
42084	214	885	days	DATE
42084	214	894	nights	TIME
42084	214	1118	house	GEONOUN
42084	215	21	about 22 years	DATE
42084	215	63	that year	DATE
42084	215	74	1934	DATE
42084	215	309	apartment	GEONOUN
42084	216	224	hospital	GEONOUN
42084	216	366	about a year and a half	DATE
42084	217	7	about 18 years old	DATE
42084	217	69	month of May	DATE
42084	218	73	school	GEONOUN
42084	218	101	hospital	GEONOUN
42084	218	115	every day	DATE
42084	218	140	hours and hours	TIME
42084	218	193	nurses	GEONOUN
42084	218	242	only visiting hours	TIME
42084	219	0	About 15, 15 and a half	DATE
42084	219	47	room	GEONOUN
42084	219	106	town	GEONOUN
42084	219	199	store	GEONOUN
42084	219	508	room	GEONOUN
42084	219	550	Bydgoszcz	CITY
42084	219	570	town	GEONOUN
42084	219	576	Bydgoszcz	CITY
42084	219	866	room	GEONOUN
42084	220	69	Bydgoszcz	CITY
42084	222	258	house	GEONOUN
42084	223	92	town	GEONOUN
42084	223	117	town	GEONOUN
42084	223	123	Piaseczno	CITY
42084	223	782	a year and a half--	DATE
42084	224	113	synagogue	GEONOUN
42084	224	291	a Saturday morning	TIME
42084	224	342	the week	DATE
42084	225	148	Jewish	GEONOUN
42084	227	291	Warsaw	CITY
42084	227	376	apartment	GEONOUN
42084	227	410	basement	GEONOUN
42084	227	481	house	GEONOUN
42084	228	124	inn	GEONOUN
42084	228	207	Warsaw	CITY
42084	228	341	night	TIME
42084	228	373	inn	GEONOUN
42084	233	13	many years	DATE
42084	233	357	the holidays	DATE
42084	233	378	Passover	DATE
42084	233	399	Christmas	DATE
42084	233	513	town	GEONOUN
42084	233	519	Kurow	PLACE
42084	233	593	farms	GEONOUN
42084	233	624	Kurow	PLACE
42084	233	669	Passover	DATE
42084	233	689	Christmas	DATE
42084	233	894	store	GEONOUN
42084	233	1169	store	GEONOUN
42084	234	12	end of '32-- '33	DATE
42084	234	34	'34	DATE
42084	234	42	'34	DATE
42084	235	345	a few hours	TIME
42084	235	364	store	GEONOUN
42084	236	42	Jewish community	GEONOUN
42084	236	49	community	GEONOUN
42084	236	416	Jewish	GEONOUN
42084	236	648	basement apartment	GEONOUN
42084	236	657	apartment	GEONOUN
42084	236	791	basement apartment	GEONOUN
42084	236	800	apartment	GEONOUN
42084	236	1191	six months	DATE
42084	236	1207	the other six months	DATE
42084	236	1302	school	GEONOUN
42084	237	15	school	GEONOUN
42084	237	51	school	GEONOUN
42084	237	72	high school	GEONOUN
42084	238	5	school	GEONOUN
42084	239	12	high school	GEONOUN
42084	239	693	school	GEONOUN
42084	239	743	school	GEONOUN
42084	239	899	school	GEONOUN
42084	243	36	school	GEONOUN
42084	243	59	school	GEONOUN
42084	243	108	school	GEONOUN
42084	243	124	a few years	DATE
42084	243	152	Jewish	GEONOUN
42084	243	257	school	GEONOUN
42084	243	289	school	GEONOUN
42084	243	388	building	GEONOUN
42084	243	433	school	GEONOUN
42084	243	496	school	GEONOUN
42084	243	524	Warsaw	CITY
42084	243	568	Jewish	GEONOUN
42084	243	610	school	GEONOUN
42084	243	620	Shabbat	DATE
42084	243	650	Sunday	DATE
42084	243	701	school	GEONOUN
42084	243	1027	a few years	DATE
42084	243	1093	winter	DATE
42084	243	1226	school	GEONOUN
42084	243	1255	street	GEONOUN
42084	243	1292	56	DATE
42084	243	1304	school	GEONOUN
42084	243	1329	51	DATE
42084	243	1341	school	GEONOUN
42084	243	1371	building	GEONOUN
42084	243	1425	school	GEONOUN
42084	243	1484	backyard	GEONOUN
42084	243	1617	room	GEONOUN
42084	243	1683	school	GEONOUN
42084	243	1724	Shabbat	DATE
42084	243	1733	Sunday	DATE
42084	243	1786	house	GEONOUN
42084	243	1881	Shabbat	DATE
42084	243	1955	school	GEONOUN
42084	243	1970	many months	DATE
42084	243	2162	school	GEONOUN
42084	243	2336	school	GEONOUN
42084	243	2436	school	GEONOUN
42084	243	2576	school	GEONOUN
42084	243	2592	school	GEONOUN
42084	243	2676	the last semester of sixth grade	DATE
42084	243	2809	high school	GEONOUN
42084	243	2951	school	GEONOUN
42084	243	3128	high school	GEONOUN
42084	243	3160	entrance	GEONOUN
42084	243	3287	high school	GEONOUN
42084	243	3326	4, 5, 6,	DATE
42084	243	3353	high school	GEONOUN
42084	243	3382	the first year	DATE
42084	243	3418	the second year	DATE
42084	243	4044	Jewish	GEONOUN
42084	243	4097	Jewish	GEONOUN
42084	243	4284	the day--	DATE
42084	243	4431	Jewish	GEONOUN
42084	243	4461	the first semester	DATE
42084	243	4780	13 years old	DATE
42084	244	478	school	GEONOUN
42084	244	499	Jewish	GEONOUN
42084	244	610	Jewish	GEONOUN
42084	246	70	about 13 years old	DATE
42084	249	94	school	GEONOUN
42084	249	121	school	GEONOUN
42084	249	136	Passover	DATE
42084	251	127	Jewish	GEONOUN
42084	251	155	Jewish	GEONOUN
42084	251	365	1933	DATE
42084	251	442	Poland	COUNTRY
42084	252	217	school	GEONOUN
42084	252	463	Jewish school	GEONOUN
42084	252	470	school	GEONOUN
42084	253	95	store	GEONOUN
42084	253	112	the last Sunday before Monday	DATE
42084	253	185	store	GEONOUN
42084	253	211	house	GEONOUN
42084	254	283	Jewish	GEONOUN
42084	254	322	house	GEONOUN
42084	254	356	building	GEONOUN
42084	254	407	house	GEONOUN
42084	254	625	Jewish	GEONOUN
42084	254	668	Jewish	GEONOUN
42084	255	142	the whole day	DATE
42084	255	444	building	GEONOUN
42084	255	474	fell	GEONOUN
42084	257	44	school	GEONOUN
42084	257	194	school	GEONOUN
42084	257	306	the third semester	DATE
42084	257	1397	Poland	COUNTRY
42084	257	1868	school	GEONOUN
42084	257	1974	Poland	COUNTRY
42084	257	1988	country	GEONOUN
42084	257	1997	Poland	COUNTRY
42084	257	2124	country	GEONOUN
42084	257	2226	Poland	COUNTRY
42084	257	2244	March 19	DATE
42084	257	2353	May 3	DATE
42084	257	2363	the day	DATE
42084	257	2431	November 11	DATE
42084	257	2447	the Independence Day	DATE
42084	257	2490	these national holidays	DATE
42084	257	2795	the whole year	DATE
42084	257	2858	high school	GEONOUN
42084	257	3008	three-month	DATE
42084	258	193	school	GEONOUN
42084	258	233	school	GEONOUN
42084	258	261	school	GEONOUN
42084	258	290	school	GEONOUN
42084	258	372	high school	GEONOUN
42084	258	721	afternoon	TIME
42084	258	795	the morning hour--	TIME
42084	258	817	the regular hours	TIME
42084	258	857	about a year and a half	DATE
42084	258	908	school	GEONOUN
42084	260	153	1933	DATE
42084	261	45	Jewish	GEONOUN
42084	261	81	Jewish	GEONOUN
42084	261	136	Jewish	GEONOUN
42084	261	265	Jewish	GEONOUN
42084	261	335	1935	DATE
42084	267	358	station	GEONOUN
42084	267	378	12 o'clock	TIME
42084	267	523	'34	DATE
42084	268	86	Warsaw	CITY
42084	268	200	Jewish	GEONOUN
42084	268	619	Jewish	GEONOUN
42084	271	11	Nuremberg	CAMP
42084	273	3	the beginning of 1939	DATE
42084	273	63	the end of '38	DATE
42084	273	215	Argentina	COUNTRY
42084	273	273	the '20s	DATE
42084	274	19	World War I	EVENT
42084	274	81	Poland	COUNTRY
42084	274	331	America	COUNTRY
42084	274	1415	Argentina	COUNTRY
42084	274	1875	Argentina	COUNTRY
42084	274	2531	a day	DATE
42084	274	2594	days	DATE
42084	274	2611	days	DATE
42084	274	2751	school	GEONOUN
42084	274	2870	Argentina	COUNTRY
42084	274	3163	next day	DATE
42084	275	49	three months	DATE
42084	275	720	the World War I	EVENT
42084	275	1278	Poland	COUNTRY
42084	275	1485	Saturday	DATE
42084	275	1962	four weeks	DATE
42084	275	1994	Warsaw	CITY
42084	275	2006	all the four weeks	DATE
42084	276	34	the beginning of '34	DATE
42084	276	245	store	GEONOUN
42084	276	371	house	GEONOUN
42084	276	546	'34	DATE
42084	276	592	'35	DATE
42084	276	609	about 14 and a half years old	DATE
42084	276	748	Warsaw	CITY
42084	276	795	Jewish	GEONOUN
42084	276	1368	about in an hour later--	TIME
42084	277	139	Germany	COUNTRY
42084	277	170	Poland	COUNTRY
42084	277	199	pass	GEONOUN
42084	277	246	town	GEONOUN
42084	277	311	Poland	COUNTRY
42084	277	349	Poland	COUNTRY
42084	277	531	Jewish community	GEONOUN
42084	277	538	community	GEONOUN
42084	277	551	Warsaw	CITY
42084	277	659	1938	DATE
42084	278	126	Warsaw	CITY
42084	278	189	Warsaw	CITY
42084	280	14	'38	DATE
42084	280	28	school	GEONOUN
42084	280	45	school	GEONOUN
42084	280	96	school	GEONOUN
42084	280	121	school	GEONOUN
42084	280	216	school	GEONOUN
42084	280	263	Jewish	GEONOUN
42084	281	82	ghetto	GEONOUN
42084	281	630	school	GEONOUN
42084	281	933	A few days later	DATE
42084	281	974	Warsaw	CITY
42084	281	1060	four weeks	DATE
42084	281	1190	airport	GEONOUN
42084	282	63	a few days later	DATE
42084	282	412	house	GEONOUN
42084	282	484	town	GEONOUN
42084	282	530	Jewish	GEONOUN
42084	282	567	house	GEONOUN
42084	283	93	'90--	DATE
42084	283	102	'89	DATE
42084	283	109	Poland	COUNTRY
42084	283	172	70 years old	DATE
42084	283	217	city hall	GEONOUN
42084	285	8	9--	DATE
42084	285	20	1940	DATE
42084	285	30	1940	DATE
42084	285	44	the end of the year	DATE
42084	285	68	the winter	DATE
42084	285	226	walls	GEONOUN
42084	285	240	street	GEONOUN
42084	285	333	Jewish	GEONOUN
42084	285	373	tomorrow	DATE
42084	285	393	two days	DATE
42084	285	485	ghetto	GEONOUN
42084	285	540	apartments	GEONOUN
42084	285	558	Jewish	GEONOUN
42084	286	175	7:00 or 8:00 in the morning	TIME
42084	286	239	7:00 or 8 o'clock at the evening	TIME
42084	287	173	8:00	TIME
42084	287	254	8 o'clock	TIME
42084	287	267	7 o'clock	TIME
42084	287	735	Jewish	GEONOUN
42084	287	847	city hall	GEONOUN
42084	287	864	Jewish community	GEONOUN
42084	287	871	community	GEONOUN
42084	287	989	rooms	GEONOUN
42084	287	1007	room	GEONOUN
42084	287	1058	apartments	GEONOUN
42084	289	129	the beginning of 1942	DATE
42084	291	22	'42	DATE
42084	291	256	apartments	GEONOUN
42084	291	384	apartments	GEONOUN
42084	291	467	windows	GEONOUN
42084	291	732	1942	DATE
42084	293	109	'41	DATE
42084	294	46	Warsaw	CITY
42084	294	123	street	GEONOUN
42084	295	135	street	GEONOUN
42084	297	167	the beginning of '41	DATE
42084	297	194	the middle of '41	DATE
42084	297	847	street	GEONOUN
42084	298	496	building	GEONOUN
42084	298	893	Jewish	GEONOUN
42084	298	1104	Majdanek	PLACE
42084	299	249	apartment	GEONOUN
42084	301	11	ghetto	GEONOUN
42084	301	68	ghetto	GEONOUN
42084	301	84	Jewish	GEONOUN
42084	301	420	Jewish	GEONOUN
42084	301	746	house	GEONOUN
42084	303	710	the whole night	TIME
42084	303	874	the night	TIME
42084	303	890	pass	GEONOUN
42084	303	910	the whole night	TIME
42084	305	92	ghetto	GEONOUN
42084	305	341	ghetto	GEONOUN
42084	307	265	ghetto	GEONOUN
42084	307	515	ghetto	GEONOUN
42084	307	591	school	GEONOUN
42084	307	711	factory	GEONOUN
42084	307	1036	ghetto	GEONOUN
42084	308	251	building	GEONOUN
42084	308	489	building	GEONOUN
42084	308	718	house	GEONOUN
42084	308	876	Jewish	GEONOUN
42084	308	1009	building	GEONOUN
42084	309	19	house	GEONOUN
42084	309	45	ghetto	GEONOUN
42084	309	60	a nice couple of months	DATE
42084	309	167	house	GEONOUN
42084	309	381	August	DATE
42084	310	1	42	DATE
42084	311	15	Germany	COUNTRY
42084	311	61	Germany	COUNTRY
42084	311	308	Warsaw	CITY
42084	311	608	Tomorrow	DATE
42084	311	932	Belzec	CAMP
42084	311	943	Chelmno	PLACE
42084	313	31	rooms	GEONOUN
42084	313	45	room	GEONOUN
42084	313	140	Warsaw	CITY
42084	313	234	monthly	DATE
42084	313	401	room	GEONOUN
42084	313	437	room	GEONOUN
42084	313	489	town	GEONOUN
42084	313	519	Mlave	PLACE
42084	313	637	room	GEONOUN
42084	313	748	late at night	TIME
42084	313	803	late at night	TIME
42084	313	848	late at night	TIME
42084	313	1401	room	GEONOUN
42084	313	1660	the night	TIME
42084	314	20	Mlave	PLACE
42084	315	103	the morning	TIME
42084	315	328	the whole day	DATE
42084	315	347	house	GEONOUN
42084	315	402	house	GEONOUN
42084	316	32	apartment	GEONOUN
42084	316	153	Jewish	GEONOUN
42084	316	384	room	GEONOUN
42084	316	399	the night	TIME
42084	316	417	room	GEONOUN
42084	316	430	a couple nights	DATE
42084	316	646	Jewish	GEONOUN
42084	316	853	street	GEONOUN
42084	316	1008	street	GEONOUN
42084	316	1519	the whole day	DATE
42084	316	1606	the end of the day	TIME
42084	316	1778	ghetto	GEONOUN
42084	316	1830	ghetto	GEONOUN
42084	316	2135	ghetto	GEONOUN
42084	316	2201	collector	GEONOUN
42084	316	2225	Guta	PLACE
42084	316	2297	a whole year	DATE
42084	316	2925	ghetto	GEONOUN
42084	317	5	collector	GEONOUN
42084	317	33	collector	GEONOUN
42084	317	91	ghetto	GEONOUN
42084	319	202	Poland	COUNTRY
42084	319	819	Every morning	TIME
42084	319	1348	grave	GEONOUN
42084	319	1474	grave	GEONOUN
42084	319	1538	cemetery	GEONOUN
42084	319	1597	Israel	COUNTRY
42084	319	1617	a year before	DATE
42084	319	1820	grave	GEONOUN
42084	319	1945	grave	GEONOUN
42084	319	1965	grave	GEONOUN
42084	319	2122	grave	GEONOUN
42084	319	2276	grave	GEONOUN
42084	320	0	Monzash	PLACE
42084	321	93	six weeks	DATE
42084	321	147	'41	DATE
42084	321	213	July, '42	DATE
42084	321	1072	July 22	DATE
42084	321	1583	a day or	DATE
42084	321	1599	five days later	DATE
42084	321	1714	factory	GEONOUN
42084	321	2092	night	TIME
42084	322	62	the evenings	TIME
42084	322	229	building	GEONOUN
42084	322	273	room	GEONOUN
42084	322	1038	factory	GEONOUN
42084	322	1138	factory	GEONOUN
42084	322	1182	'40-- '42	DATE
42084	322	1193	the year '42	DATE
42084	322	1584	apartment	GEONOUN
42084	322	1896	corner	GEONOUN
42084	322	2016	an hour and a half	TIME
42084	322	2090	apartment	GEONOUN
42084	322	2173	ghetto	GEONOUN
42084	322	2224	house	GEONOUN
42084	322	2277	apartment	GEONOUN
42084	322	2334	corner	GEONOUN
42084	322	2731	an hour and a half	TIME
42084	322	2753	two hours	TIME
42084	323	36	theater	GEONOUN
42084	323	236	theater	GEONOUN
42084	323	373	theater	GEONOUN
42084	323	499	street	GEONOUN
42084	323	603	theater	GEONOUN
42084	323	639	street	GEONOUN
42084	324	79	July, '42	DATE
42084	324	496	fell	GEONOUN
42084	324	589	uprise	PLACE
42084	324	603	ghetto	GEONOUN
42084	326	231	building	GEONOUN
42084	326	420	21 years old	DATE
42084	326	1102	factory	GEONOUN
42084	326	1128	factory	GEONOUN
42084	326	1347	factory	GEONOUN
42084	326	1571	factory	GEONOUN
42084	326	1691	factory	GEONOUN
42084	326	2043	town	GEONOUN
42084	326	2120	city	GEONOUN
42084	326	2323	at least two years	DATE
42084	327	63	1942	DATE
42084	328	87	factory	GEONOUN
42084	328	107	factory	GEONOUN
42084	330	406	a couple of days	DATE
42084	330	594	road	GEONOUN
42084	330	1063	five, six-year-old	DATE
42084	330	1119	hours	TIME
42084	330	1438	room	GEONOUN
42084	330	1767	room	GEONOUN
42084	330	1832	the third day	DATE
42084	330	2045	that day	DATE
42084	330	2097	the last day	DATE
42084	330	2252	a few days	DATE
42084	330	2420	Treblinka	PLACE
42084	330	2651	September	DATE
42084	330	2662	October	DATE
42084	330	2671	November	DATE
42084	330	2681	December	DATE
42084	330	2694	January 18--	DATE
42084	330	2716	January 18	DATE
42084	330	2754	Warsaw	CITY
42084	330	2846	three days	DATE
42084	330	2862	three days	DATE
42084	330	3035	house	GEONOUN
42084	330	3138	apartment	GEONOUN
42084	330	3642	the 19 of April	DATE
42084	330	3719	ghetto	GEONOUN
42084	332	3	'43	DATE
42084	332	50	July	DATE
42084	332	67	eight years old	DATE
42084	336	185	waste	GEONOUN
42084	336	224	room	GEONOUN
42084	338	65	Israel	COUNTRY
42084	339	28	Passover	DATE
42084	339	167	Pesach	DATE
42084	339	298	two days later	DATE
42084	339	481	a day--	DATE
42084	339	489	a day before the 19	DATE
42084	339	670	today	DATE
42084	339	714	mission	GEONOUN
42084	339	763	the hour	TIME
42084	339	953	Next morning	TIME
42084	339	1017	ghetto	GEONOUN
42084	339	1442	the day	DATE
42084	339	1454	night	TIME
42084	339	1545	this time	TIME
42084	339	1649	The night	TIME
42084	339	1747	Pesach night	DATE
42084	339	1914	the minute	TIME
42084	339	2934	night	TIME
42084	339	3122	another day	DATE
42084	339	3564	another day--	DATE
42084	339	3595	the night--	TIME
42084	339	3612	early in the morning	TIME
42084	339	3702	night	TIME
42084	339	3950	the same day	DATE
42084	339	3970	this night	TIME
42084	339	4042	about 3 o'clock	TIME
42084	339	4203	entrance	GEONOUN
42084	339	4271	walls	GEONOUN
42084	339	4380	walls	GEONOUN
42084	339	4708	scene	GEONOUN
42084	339	5433	basement	GEONOUN
42084	339	5458	basement	GEONOUN
42084	339	5492	factory	GEONOUN
42084	339	5878	the day--	DATE
42084	339	5922	night	TIME
42084	339	6262	basement	GEONOUN
42084	339	6454	night	TIME
42084	339	7051	basement	GEONOUN
42084	339	7142	room	GEONOUN
42084	339	7166	room	GEONOUN
42084	339	7182	room	GEONOUN
42084	339	7838	chain	GEONOUN
42084	339	8494	the day	DATE
42084	339	8520	hiding place	GEONOUN
42084	341	128	building	GEONOUN
42084	341	140	building	GEONOUN
42084	341	492	1967	DATE
42084	341	520	the United States	COUNTRY
42084	341	584	the Six-Days War	EVENT
42084	344	61	district	GEONOUN
42084	344	83	district	GEONOUN
42084	344	337	1944	DATE
42084	345	142	train	GEONOUN
42084	345	284	school	GEONOUN
42084	345	300	school	GEONOUN
42084	345	730	a nice couple of hours	TIME
42084	347	420	narrow steps	GEONOUN
42084	347	427	steps	GEONOUN
42084	347	1236	foot	GEONOUN
42084	347	1335	locker	GEONOUN
42084	347	1430	hours	TIME
42084	347	1455	train	GEONOUN
42084	347	1505	train	GEONOUN
42084	347	2637	train	GEONOUN
42084	348	65	field	GEONOUN
42084	348	84	field	GEONOUN
42084	348	125	fields	GEONOUN
42084	348	249	my 20th birthday	DATE
42084	348	780	a 15 minutes	TIME
42084	350	475	train	GEONOUN
42084	351	32	train	GEONOUN
42084	352	98	Latvia	COUNTRY
42084	352	111	Latvia	COUNTRY
42084	353	90	station	GEONOUN
42084	353	330	track	GEONOUN
42084	353	371	Majdanek	PLACE
42084	354	5	the whole day	DATE
42084	354	59	station	GEONOUN
42084	354	101	entrance	GEONOUN
42084	354	113	Majdanek	PLACE
42084	354	1301	evening	TIME
42084	354	1316	early in the morning	TIME
42084	354	1357	evening	TIME
42084	354	1377	May	DATE
42084	354	1389	the 1st of May	DATE
42084	355	124	spring	GEONOUN
42084	355	271	flat	GEONOUN
42084	356	222	evening	TIME
42084	356	301	field	GEONOUN
42084	356	812	earth	GEONOUN
42084	356	833	field	GEONOUN
42084	356	1247	Warsaw	CITY
42084	356	1738	barracks	GEONOUN
42084	357	1033	tents	GEONOUN
42084	358	105	camp	GEONOUN
42084	358	345	Majdanek	PLACE
42084	358	362	camp	GEONOUN
42084	358	555	room	GEONOUN
42084	358	612	Majdanek	PLACE
42084	358	624	camp	GEONOUN
42084	358	648	barracks surround	GEONOUN
42084	358	657	surround	GEONOUN
42084	358	739	barracks	GEONOUN
42084	358	857	the whole night	TIME
42084	358	1844	earth	GEONOUN
42084	359	768	a day later	DATE
42084	359	935	a minute	TIME
42084	361	3	Majdanek	PLACE
42084	361	35	six weeks	DATE
42084	361	46	six weeks	DATE
42084	363	696	Poland	COUNTRY
42084	363	710	the month of May	DATE
42084	364	3	Majdanek	PLACE
42084	364	292	field	GEONOUN
42084	364	532	camp	GEONOUN
42084	365	480	this day	DATE
42084	365	799	premises	GEONOUN
42084	365	811	Majdanek	PLACE
42084	365	1566	fell	GEONOUN
