FileID	AnswerID	StartCharPos	Entity	Type
42363	2	14	the 11th of April 1927	DATE
42363	3	5	71 years old	DATE
42363	3	18	today	DATE
42363	4	14	Leipzig	CITY
42363	4	23	Germany	COUNTRY
42363	9	22	Munich	CITY
42363	9	30	Germany	COUNTRY
42363	11	37	Poland	COUNTRY
42363	17	112	Munich	CITY
42363	21	58	Munich	CITY
42363	21	95	Germany	COUNTRY
42363	22	12	Leipzig	CITY
42363	23	33	apartment	GEONOUN
42363	23	53	block	GEONOUN
42363	23	94	frontage	GEONOUN
42363	23	127	park	GEONOUN
42363	23	233	apartment	GEONOUN
42363	25	30	rooms	GEONOUN
42363	25	229	veranda	GEONOUN
42363	26	16	room	GEONOUN
42363	27	21	room	GEONOUN
42363	28	190	apartment	GEONOUN
42363	28	299	room	GEONOUN
42363	29	149	room	GEONOUN
42363	33	120	park	GEONOUN
42363	34	177	five years older	DATE
42363	36	49	house	GEONOUN
42363	36	74	pantry	GEONOUN
42363	36	151	Saturday	DATE
42363	36	203	a Friday	DATE
42363	36	250	Eastern Europe	PLACE
42363	37	40	the Sabbath	DATE
42363	39	7	early years	DATE
42363	41	36	last year	DATE
42363	41	69	hometown	GEONOUN
42363	41	81	Leipzig	CITY
42363	41	146	synagogue every day	GEONOUN
42363	41	156	every day	DATE
42363	41	212	Saturdays	DATE
42363	42	186	town	GEONOUN
42363	42	206	bridge	GEONOUN
42363	42	261	bridge club	GEONOUN
42363	42	268	club	GEONOUN
42363	42	284	Leipzig	CITY
42363	42	336	school	GEONOUN
42363	42	364	club	GEONOUN
42363	42	436	bridge	GEONOUN
42363	42	649	Leipzig	CITY
42363	42	825	cinema	GEONOUN
42363	42	846	theater	GEONOUN
42363	44	45	Poland	COUNTRY
42363	44	61	Leipzig	CITY
42363	44	136	Leipzig	CITY
42363	44	296	Germany	COUNTRY
42363	47	54	Leipzig	CITY
42363	47	131	quarter	DATE
42363	47	214	that particular quarter	DATE
42363	48	342	school	GEONOUN
42363	48	393	Kristallnacht	EVENT
42363	48	503	school	GEONOUN
42363	49	27	Jewish	GEONOUN
42363	49	70	last year	DATE
42363	49	187	building	GEONOUN
42363	49	235	downstairs	GEONOUN
42363	49	296	property	GEONOUN
42363	50	27	the age of seven	DATE
42363	50	120	seven years old	DATE
42363	50	180	council school	GEONOUN
42363	50	188	school	GEONOUN
42363	50	213	school	GEONOUN
42363	53	20	Jewish	GEONOUN
42363	53	60	Jewish	GEONOUN
42363	54	72	school	GEONOUN
42363	54	104	school	GEONOUN
42363	54	148	Jewish school	GEONOUN
42363	54	155	school	GEONOUN
42363	54	186	school	GEONOUN
42363	57	69	Jewish	GEONOUN
42363	57	140	Jewish	GEONOUN
42363	57	239	town	GEONOUN
42363	58	155	England	PLACE
42363	58	233	country	GEONOUN
42363	58	263	England	PLACE
42363	60	34	school	GEONOUN
42363	61	118	the lunch hour	TIME
42363	61	194	the afternoon	TIME
42363	62	168	school	GEONOUN
42363	62	262	school	GEONOUN
42363	62	344	Jewish	GEONOUN
42363	62	570	Israel	COUNTRY
42363	63	18	my second year	DATE
42363	63	34	eight	DATE
42363	63	41	eight years	DATE
42363	67	66	school	GEONOUN
42363	67	286	overnight	TIME
42363	78	73	Rosh Ha-Shana	DATE
42363	78	88	Yom Kippur	DATE
42363	78	100	Pesach	DATE
42363	79	499	Germany	COUNTRY
42363	85	294	theater	GEONOUN
42363	85	316	New Year's Eve	DATE
42363	85	357	mornings	TIME
42363	86	210	Jewish	GEONOUN
42363	86	241	Israel	COUNTRY
42363	91	57	Jewish	GEONOUN
42363	91	388	Jewish	GEONOUN
42363	92	83	cinema	GEONOUN
42363	92	197	Jewish	GEONOUN
42363	92	360	cinema	GEONOUN
42363	93	8	nine years old	DATE
42363	93	24	10 years old	DATE
42363	93	47	nine years old	DATE
42363	95	25	nine	DATE
42363	95	31	'	DATE
42363	95	32	35	DATE
42363	95	57	'	DATE
42363	95	58	36	DATE
42363	96	211	Palestine	CITY
42363	101	17	Jewish school	GEONOUN
42363	101	24	school	GEONOUN
42363	101	96	Jewish	GEONOUN
42363	101	271	Jewish	GEONOUN
42363	104	39	America	COUNTRY
42363	105	78	apartment	GEONOUN
42363	106	35	abode	GEONOUN
42363	107	156	reach	GEONOUN
42363	108	201	country	GEONOUN
42363	110	17	overnight	TIME
42363	110	52	frontier	GEONOUN
42363	110	64	Poland	COUNTRY
42363	112	646	Leipzig	CITY
42363	112	713	frontier	GEONOUN
42363	112	773	Leipzig	CITY
42363	112	819	England	PLACE
42363	112	830	America	COUNTRY
42363	113	87	night	TIME
42363	113	118	basement	GEONOUN
42363	113	134	apartment	GEONOUN
42363	114	47	Kristallnacht	EVENT
42363	114	62	night	TIME
42363	115	84	school	GEONOUN
42363	115	103	school	GEONOUN
42363	117	115	room downstairs	GEONOUN
42363	117	120	downstairs	GEONOUN
42363	117	287	Germany	COUNTRY
42363	119	383	points	GEONOUN
42363	119	736	school	GEONOUN
42363	120	3	Germany	COUNTRY
42363	122	16	the Otto-Schill-Strasse Synagogue	PLACE
42363	125	92	Germany	COUNTRY
42363	125	230	America	COUNTRY
42363	125	324	school	GEONOUN
42363	125	439	country	GEONOUN
42363	125	585	the United States	COUNTRY
42363	125	607	Canada	COUNTRY
42363	125	781	concentration camps	GEONOUN
42363	125	1055	train	GEONOUN
42363	125	1092	frontier	GEONOUN
42363	126	133	Kristallnacht	EVENT
42363	130	86	abode	GEONOUN
42363	130	98	country	GEONOUN
42363	130	247	ship	GEONOUN
42363	130	263	the 13th of May, 1939	DATE
42363	130	392	Hamburg	CITY
42363	130	559	Cuba	COUNTRY
42363	131	89	boarding house	GEONOUN
42363	131	107	Havana	CITY
42363	131	363	those days	DATE
42363	132	99	this day	DATE
42363	132	145	garage	GEONOUN
42363	134	105	Jewish	GEONOUN
42363	134	179	Havana	CITY
42363	134	263	Cuba	COUNTRY
42363	134	317	those days	DATE
42363	134	797	library	GEONOUN
42363	136	284	premises	GEONOUN
42363	137	189	Leipzig	CITY
42363	137	222	apartment house	GEONOUN
42363	137	276	apartments	GEONOUN
42363	137	845	Jewish	GEONOUN
42363	137	1115	South America	CONTINENT
42363	137	1184	Uganda	COUNTRY
42363	139	11	hospital	GEONOUN
42363	139	44	this day	DATE
42363	139	77	corner	GEONOUN
42363	139	164	Leipzig	CITY
42363	139	172	last year	DATE
42363	140	261	house	GEONOUN
42363	141	18	Munich	CITY
42363	141	288	concentration camp	GEONOUN
42363	151	38	concentration camp	GEONOUN
42363	151	80	Munich	CITY
42363	151	95	Dachau	CITY
42363	157	28	88	DATE
42363	157	32	89	DATE
42363	160	21	train	GEONOUN
42363	160	30	Leipzig	CITY
42363	160	58	hotel	GEONOUN
42363	160	84	two nights--	DATE
42363	160	228	boat	GEONOUN
42363	161	4	boat	GEONOUN
42363	161	23	Hamburg	CITY
42363	161	43	train	GEONOUN
42363	161	54	Leipzig	CITY
42363	161	65	Hamburg	CITY
42363	162	81	overnight	TIME
42363	162	121	five-hour hour	TIME
42363	164	24	hotel	GEONOUN
42363	165	121	boat	GEONOUN
42363	166	52	hotel	GEONOUN
42363	166	133	hotel	GEONOUN
42363	166	172	Hamburg	CITY
42363	166	213	station	GEONOUN
42363	166	339	ship	GEONOUN
42363	167	36	ship	GEONOUN
42363	167	50	Leipzig	CITY
42363	167	77	sea	GEONOUN
42363	167	129	sea	GEONOUN
42363	167	143	ship	GEONOUN
42363	167	155	sea	GEONOUN
42363	167	318	cabin	GEONOUN
42363	168	127	facilities	GEONOUN
42363	170	69	cabin	GEONOUN
42363	170	111	cabin	GEONOUN
42363	170	249	cabin	GEONOUN
42363	171	27	Israel	COUNTRY
42363	171	37	1938	DATE
42363	171	46	September 1938	DATE
42363	171	131	Kristallnacht	EVENT
42363	171	162	November	DATE
42363	172	47	Jewish	GEONOUN
42363	173	245	school	GEONOUN
42363	173	361	those days	DATE
42363	173	409	Palestine	CITY
42363	173	610	settlement	GEONOUN
42363	173	682	lakes	GEONOUN
42363	174	268	boat	GEONOUN
42363	176	6	12 years old	DATE
42363	176	77	privy	GEONOUN
42363	176	315	boat	GEONOUN
42363	177	33	the North Sea	PLACE
42363	178	64	one year	DATE
42363	179	158	pool	GEONOUN
42363	179	273	pool	GEONOUN
42363	181	87	boat	GEONOUN
42363	181	484	a few more days	DATE
42363	181	598	Azores	PLACE
42363	181	625	rough	GEONOUN
42363	181	671	halls	GEONOUN
42363	181	757	cabins	GEONOUN
42363	181	1185	board ship	GEONOUN
42363	181	1191	ship	GEONOUN
42363	182	64	sea	GEONOUN
42363	182	142	sea	GEONOUN
42363	182	454	Azores	PLACE
42363	183	328	board	GEONOUN
42363	183	368	every day	DATE
42363	184	34	Havana	CITY
42363	184	61	land	GEONOUN
42363	184	220	harbor	GEONOUN
42363	184	233	day	DATE
42363	184	341	day	DATE
42363	184	426	cabins	GEONOUN
42363	184	827	ship	GEONOUN
42363	184	932	Cuba	COUNTRY
42363	185	122	Havana	CITY
42363	185	164	Germany	COUNTRY
42363	185	365	harbor	GEONOUN
42363	185	400	land	GEONOUN
42363	185	433	board	GEONOUN
42363	187	109	nights	TIME
42363	188	293	concentration camps	GEONOUN
42363	188	570	Cuba	COUNTRY
42363	188	598	Europe	CONTINENT
42363	188	689	land	GEONOUN
42363	188	775	landing	GEONOUN
42363	191	181	landing	GEONOUN
42363	191	485	harbor	GEONOUN
42363	191	951	board ship	GEONOUN
42363	191	957	ship	GEONOUN
42363	191	1032	Hamburg	CITY
42363	191	1195	Cuba	COUNTRY
42363	191	1216	embassy	GEONOUN
42363	192	69	cabin	GEONOUN
42363	192	255	Cuba	COUNTRY
42363	194	215	country	GEONOUN
42363	194	257	USA	PLACE
42363	194	311	Cuba	COUNTRY
42363	194	385	US	PLACE
42363	194	502	United States	COUNTRY
42363	194	516	coast	GEONOUN
42363	194	523	Florida	US-STATE
42363	194	531	coast	GEONOUN
42363	196	225	boat	GEONOUN
42363	196	259	hospital	GEONOUN
42363	196	310	Cuba	COUNTRY
42363	196	346	Florida	US-STATE
42363	196	354	coast	GEONOUN
42363	196	399	land	GEONOUN
42363	196	416	night	TIME
42363	196	899	The United States	PLACE
42363	196	944	Canada	COUNTRY
42363	196	1076	night	TIME
42363	196	1089	US	PLACE
42363	196	1092	coast	GEONOUN
42363	196	1128	US	PLACE
42363	199	59	land	GEONOUN
42363	199	67	America	COUNTRY
42363	199	344	Hamburg	CITY
42363	199	674	Hamburg	CITY
42363	199	798	Hamburg	CITY
42363	201	154	concentration camp	GEONOUN
42363	201	202	earth	GEONOUN
42363	202	194	United States	COUNTRY
42363	202	417	Europe	CONTINENT
42363	202	632	day	DATE
42363	202	1136	land	GEONOUN
42363	202	1262	England	PLACE
42363	202	1303	continent	GEONOUN
42363	202	1320	Channel	PLACE
42363	202	1441	England	PLACE
42363	202	1648	Poland	COUNTRY
42363	202	1731	Britain	PLACE
42363	202	1740	Great Britain	PLACE
42363	202	1758	France	COUNTRY
42363	202	2072	the United States	COUNTRY
42363	202	2114	ship	GEONOUN
42363	202	2168	ship	GEONOUN
42363	202	2211	ship	GEONOUN
42363	202	2287	dormitory	GEONOUN
42363	202	2363	several days	DATE
42363	202	2424	Amsterdam	CITY
42363	202	2464	France	COUNTRY
42363	202	2508	Belgium	COUNTRY
42363	202	2580	England	PLACE
42363	202	2615	England	PLACE
42363	202	2701	England	PLACE
42363	203	19	Southampton	CITY
42363	203	35	ship	GEONOUN
42363	203	65	train	GEONOUN
42363	203	160	bar	GEONOUN
42363	203	193	train	GEONOUN
42363	203	202	London	CITY
42363	205	17	the 25th of June	DATE
42363	206	0	1939--	DATE
42363	206	11	the same year	DATE
42363	206	40	Hamburg	CITY
42363	206	61	May the 13th	DATE
42363	207	30	ship	GEONOUN
42363	207	49	harbors	GEONOUN
42363	208	38	Antwerp	PLACE
42363	209	26	coast	GEONOUN
42363	209	50	Boulogne	PLACE
42363	209	153	Channel	PLACE
42363	209	170	Southampton	CITY
42363	209	217	London	CITY
42363	210	46	England	PLACE
42363	210	112	continent	GEONOUN
42363	210	541	Bloomsbury	PLACE
42363	212	623	Bloomsbury	PLACE
42363	212	639	basement	GEONOUN
42363	213	57	hotel	GEONOUN
42363	213	84	boarding house	GEONOUN
42363	218	66	school	GEONOUN
42363	218	558	construction	GEONOUN
42363	219	173	Tufnell Park	PLACE
42363	219	233	rooms	GEONOUN
42363	219	274	attic room	GEONOUN
42363	219	280	room	GEONOUN
42363	219	325	a month or so	DATE
42363	219	350	school	GEONOUN
42363	219	387	school	GEONOUN
42363	219	420	school	GEONOUN
42363	219	467	school	GEONOUN
42363	219	498	school	GEONOUN
42363	219	591	train	GEONOUN
42363	219	620	country	GEONOUN
42363	219	642	just days	DATE
42363	219	744	country	GEONOUN
42363	219	969	village	GEONOUN
42363	219	980	Leicestershire	PLACE
42363	219	1003	Tilton	PLACE
42363	219	1098	village hall	GEONOUN
42363	219	1106	hall	GEONOUN
42363	219	2100	church	GEONOUN
42363	219	2128	village	GEONOUN
42363	219	2258	landing	GEONOUN
42363	219	2276	church	GEONOUN
42363	219	2464	the evening	TIME
42363	219	2839	12 years old	DATE
42363	219	3152	Jewish	GEONOUN
42363	219	3521	street	GEONOUN
42363	219	3558	village	GEONOUN
42363	219	3733	school	GEONOUN
42363	219	3743	Tilton	PLACE
42363	219	3926	village	GEONOUN
42363	219	4118	Every Christmas	DATE
42363	220	329	a freezing cold winter	DATE
42363	220	372	village hall	GEONOUN
42363	220	380	hall	GEONOUN
42363	220	592	boat	GEONOUN
42363	220	619	boat	GEONOUN
42363	222	9	village	GEONOUN
42363	222	28	Houghton	PLACE
42363	222	129	farmstead	GEONOUN
42363	222	168	yard	GEONOUN
42363	222	253	Coventry	CITY
42363	222	270	Coventry	CITY
42363	223	141	village	GEONOUN
42363	223	222	village	GEONOUN
42363	223	247	house	GEONOUN
42363	223	461	farm	GEONOUN
42363	223	538	house	GEONOUN
42363	224	234	house	GEONOUN
42363	224	256	house	GEONOUN
42363	224	277	school	GEONOUN
42363	224	298	the age of 14	DATE
42363	224	656	London	CITY
42363	224	694	London	CITY
42363	224	824	London	CITY
42363	225	136	school	GEONOUN
42363	225	235	theater	GEONOUN
42363	225	314	waste	GEONOUN
42363	228	27	Jewish	GEONOUN
42363	228	75	Leicestershire	PLACE
42363	228	98	village	GEONOUN
42363	228	343	farms	GEONOUN
42363	228	474	farm	GEONOUN
42363	228	702	country	GEONOUN
42363	228	785	country	GEONOUN
42363	228	811	Leicestershire	PLACE
42363	230	166	railway	GEONOUN
42363	230	206	those days	DATE
42363	230	342	Havana	CITY
42363	231	53	those days	DATE
42363	231	296	London	CITY
42363	231	353	London	CITY
42363	231	512	house	GEONOUN
42363	231	562	buildings	GEONOUN
42363	231	587	street	GEONOUN
42363	231	603	house	GEONOUN
42363	232	0	Leicestershire--	PLACE
42363	233	5	school	GEONOUN
42363	236	11	14	DATE
42363	236	55	school	GEONOUN
42363	237	5	the end of-- from September 1939	DATE
42363	237	74	'42	DATE
42363	237	101	London	CITY
42363	237	111	1942	DATE
42363	238	648	St. Paul's	PLACE
42363	238	679	the Garlick Hill Fur Trade Center	PLACE
42363	238	726	Leipzig	CITY
42363	238	780	the winter	DATE
42363	238	926	rooms	GEONOUN
42363	238	1113	factory	GEONOUN
42363	238	1256	factory	GEONOUN
42363	238	1267	the East End	PLACE
42363	238	1283	London	CITY
42363	238	1322	room	GEONOUN
42363	238	1416	downstairs	GEONOUN
42363	238	1454	all day long	DATE
42363	239	21	department	GEONOUN
42363	239	571	Luxembourg	COUNTRY
42363	239	693	factory	GEONOUN
42363	239	706	the day before	DATE
42363	239	1199	room	GEONOUN
42363	239	1336	days	DATE
42363	239	1392	3 SECONDS	DATE
42363	239	1430	the following days	DATE
42363	239	1483	the lunch hour	TIME
42363	239	1977	entrance	GEONOUN
42363	239	2320	lunchtime	TIME
42363	239	3014	Oxford Street	PLACE
42363	239	3033	Oxford Street	PLACE
42363	239	3050	London	CITY
42363	239	3766	Fleet Street	PLACE
42363	239	4229	London	CITY
42363	239	4275	London	CITY
42363	239	4462	theater	GEONOUN
42363	239	4536	farm	GEONOUN
42363	239	4544	Essex	CITY
42363	239	4553	Thaxted	PLACE
42363	240	19	about 16,	DATE
42363	240	29	17	DATE
42363	240	143	street	GEONOUN
42363	241	305	house	GEONOUN
42363	241	412	airfield	GEONOUN
42363	241	429	US	PLACE
42363	241	432	airfield	GEONOUN
42363	243	517	London	CITY
42363	244	126	Mayfair	PLACE
42363	244	207	basement	GEONOUN
42363	244	492	building	GEONOUN
42363	244	550	gold mines	GEONOUN
42363	244	564	South Africa	COUNTRY
42363	244	653	basement one day	GEONOUN
42363	244	662	one day	DATE
42363	244	938	building	GEONOUN
42363	244	1123	quite a few years	DATE
42363	244	1265	the West End	PLACE
42363	244	1616	St. Albans	PLACE
42363	244	1628	Hertfordshire	PLACE
42363	245	130	St. Paul's	PLACE
42363	245	230	factory	GEONOUN
42363	246	183	London	CITY
42363	246	294	buildings	GEONOUN
42363	248	70	apartment	GEONOUN
42363	248	99	London	CITY
42363	248	109	Maida Vale	PLACE
42363	248	192	the West End	PLACE
42363	248	247	Regent's Park	PLACE
42363	248	343	flat	GEONOUN
42363	248	375	downstairs	GEONOUN
42363	248	550	downstairs	GEONOUN
42363	248	602	ground	GEONOUN
42363	248	666	the middle of the night	TIME
42363	248	963	some years	DATE
42363	248	994	Israel	COUNTRY
42363	248	1074	Israel	COUNTRY
42363	248	1105	detached house	GEONOUN
42363	248	1162	farm	GEONOUN
42363	250	13	1949	DATE
42363	251	6	22	DATE
42363	251	52	Thaxted	PLACE
42363	251	63	Essex	CITY
42363	251	146	those days	DATE
42363	251	231	Saturday	DATE
42363	251	240	morning	TIME
42363	251	654	New Year's Eve	DATE
42363	251	1031	chain	GEONOUN
42363	251	1296	house	GEONOUN
42363	251	1517	many years	DATE
42363	255	223	pass	GEONOUN
42363	255	235	cinema	GEONOUN
42363	255	272	cinema	GEONOUN
42363	255	282	the West End	PLACE
42363	255	471	property	GEONOUN
42363	255	661	estate	GEONOUN
42363	256	0	The month of September, the 21st	DATE
42363	256	57	1949	DATE
42363	257	8	two years younger	DATE
42363	257	54	about 20	DATE
42363	257	115	just a few months	DATE
42363	258	3	February of this year	DATE
42363	258	49	less than three months ago	DATE
42363	258	192	hospital	GEONOUN
42363	258	235	a year	DATE
42363	258	262	exactly three weeks	DATE
42363	259	400	store	GEONOUN
42363	260	3	1990	DATE
42363	260	27	cottage	GEONOUN
42363	260	186	a midsummer's day	DATE
42363	260	208	June 1990	DATE
42363	261	97	Scotland	PLACE
42363	261	137	Inverness	CITY
42363	261	261	London	CITY
42363	261	322	England	PLACE
42363	261	335	train	GEONOUN
42363	261	359	ship	GEONOUN
42363	261	426	hospital	GEONOUN
42363	261	796	council	GEONOUN
42363	262	21	London	CITY
42363	262	95	Cornwall	CITY
42363	262	127	Cornwall	CITY
42363	262	157	country	GEONOUN
42363	263	299	points	GEONOUN
42363	267	90	country	GEONOUN
42363	267	104	Germany	COUNTRY
42363	267	1074	concentration camps	GEONOUN
42363	269	178	years	DATE
42363	272	792	environment	GEONOUN
42363	272	823	environment	GEONOUN
42363	272	923	houses	GEONOUN
42363	273	127	division	GEONOUN
42363	273	170	Israel	COUNTRY
42363	273	353	country	GEONOUN
42363	273	428	country	GEONOUN
42363	273	712	today	DATE
42363	273	757	Israel	COUNTRY
42363	273	775	Israel	COUNTRY
42363	273	790	Israel	COUNTRY
42363	273	853	Israel	COUNTRY
42363	273	912	Israel	COUNTRY
42363	273	1171	environment	GEONOUN
42363	273	1286	Israel	COUNTRY
42363	273	1334	Jewish state	GEONOUN
42363	273	1341	state	GEONOUN
42363	273	1681	the Middle East	PLACE
42363	274	322	Highlands	PLACE
42363	274	335	Scotland	PLACE
42363	274	434	Israel	COUNTRY
42363	275	26	Germany	COUNTRY
42363	275	34	last year	DATE
42363	275	364	Jewish	GEONOUN
42363	276	293	bank	GEONOUN
42363	276	342	bank	GEONOUN
42363	276	714	Germany	COUNTRY
42363	277	17	last year	DATE
42363	277	236	hall	GEONOUN
42363	277	322	hotel	GEONOUN
42363	277	509	East Germany	PLACE
42363	277	858	Leipzig	CITY
42363	277	1122	Germany	COUNTRY
42363	277	1221	Germany	COUNTRY
42363	279	25	school	GEONOUN
42363	279	111	school	GEONOUN
42363	279	401	property	GEONOUN
42363	279	452	property	GEONOUN
42363	279	587	property	GEONOUN
42363	280	124	Jewish	GEONOUN
42363	280	254	country	GEONOUN
42363	280	313	country	GEONOUN
42363	282	112	UK	PLACE
42363	282	142	Scotland	PLACE
42363	282	224	USA	PLACE
42363	282	290	the United States	COUNTRY
42363	286	42	Germany	COUNTRY
42363	286	99	country	GEONOUN
42363	286	195	Borneo	PLACE
42363	286	224	Africa	CONTINENT
42363	286	243	England	PLACE
42363	286	289	country	GEONOUN
42363	287	32	1949	DATE
42363	288	60	Poland	COUNTRY
42363	289	36	the '80s	DATE
42363	289	46	19-- 1880s	DATE
42363	296	29	1928	DATE
42363	296	38	'29	DATE
42363	297	3	Leipzig	CITY
42363	297	12	Germany	COUNTRY
42363	297	61	1930	DATE
42363	297	148	school	GEONOUN
42363	298	20	Leipzig	CITY
42363	300	20	ship	GEONOUN
42363	300	59	the North Sea	PLACE
42363	300	88	Havana	CITY
42363	300	98	1939	DATE
42363	300	273	1939	DATE
42363	300	294	board	GEONOUN
42363	301	48	country	GEONOUN
42363	301	59	Leicestershire	PLACE
42363	303	54	London	CITY
42363	305	39	Highgate	PLACE
42363	305	52	the year,	DATE
42363	305	62	1949	DATE
42363	306	49	Thaxted	PLACE
42363	306	58	Essex	CITY
42363	308	9	1944	DATE
42363	308	35	reception	GEONOUN
42363	308	48	Highgate	PLACE
42363	308	61	1949	DATE
42363	309	90	Cuba	COUNTRY
