FileID	AnswerID	StartCharPos	Entity	Type
42633	2	0	January 1926	DATE
42633	3	0	The 8th of January	DATE
42633	6	0	Poland	COUNTRY
42633	7	15	house	GEONOUN
42633	7	45	approximately four years old	DATE
42633	7	212	hospital	GEONOUN
42633	7	389	hospital	GEONOUN
42633	8	14	1929	DATE
42633	8	22	1930	DATE
42633	8	59	1930	DATE
42633	8	146	Jewish	GEONOUN
42633	8	353	the exact year	DATE
42633	8	423	six	DATE
42633	8	430	seven	DATE
42633	8	790	the '30s	DATE
42633	9	48	1932	DATE
42633	10	168	Israel	COUNTRY
42633	10	409	Megillah	PLACE
42633	10	421	Purim	DATE
42633	10	531	ghetto	GEONOUN
42633	12	44	house	GEONOUN
42633	12	189	Poland	COUNTRY
42633	12	241	the week	DATE
42633	12	331	Chumash	EVENT
42633	13	40	Kalisz	CITY
42633	14	128	1935	DATE
42633	14	152	1935	DATE
42633	14	544	1998	DATE
42633	14	573	'30s	DATE
42633	16	462	city	GEONOUN
42633	16	500	about 1938	DATE
42633	16	512	late 1938	DATE
42633	17	42	wood	GEONOUN
42633	18	75	Thursday	DATE
42633	18	140	Thursday	DATE
42633	18	149	night	TIME
42633	18	295	Thursday night	TIME
42633	20	107	school	GEONOUN
42633	21	407	the week	DATE
42633	21	856	city	GEONOUN
42633	21	897	every week	DATE
42633	23	176	Israel	COUNTRY
42633	23	254	Holocaust	EVENT
42633	23	338	Holocaust	EVENT
42633	23	359	1935	DATE
42633	25	13	6 o'clock	TIME
42633	25	76	Shacharit	EVENT
42633	25	247	today	DATE
42633	25	340	lunchtime	TIME
42633	25	657	12	DATE
42633	25	663	13	DATE
42633	25	964	field	GEONOUN
42633	27	144	falls	GEONOUN
42633	31	148	Pabianice	CITY
42633	31	161	Kalisz	CITY
42633	32	96	four years old	DATE
42633	33	0	1 and 1/2 years	DATE
42633	33	17	1 and 3/4 years--	DATE
42633	33	50	1924	DATE
42633	34	148	today	DATE
42633	34	295	wood	GEONOUN
42633	38	195	market	GEONOUN
42633	38	336	a Saturday	TIME
42633	38	347	afternoon	TIME
42633	39	450	Yom Kippur	DATE
42633	39	613	Jewish	GEONOUN
42633	39	802	Yom Kippur	DATE
42633	39	982	Yom Kippur	DATE
42633	39	1191	Yom Kippur	DATE
42633	39	1243	late at night	TIME
42633	40	81	an hour	TIME
42633	40	153	Kalisz	CITY
42633	40	207	quite a few weeks	DATE
42633	42	37	Jewish area	GEONOUN
42633	42	44	area	GEONOUN
42633	42	117	house	GEONOUN
42633	42	135	flat	GEONOUN
42633	43	40	cinema	GEONOUN
42633	43	57	Kalisz	CITY
42633	43	312	state	GEONOUN
42633	43	321	Poland	COUNTRY
42633	44	12	1935	DATE
42633	44	57	nine	DATE
42633	45	40	Purim	DATE
42633	45	239	cemetery	GEONOUN
42633	45	298	train	GEONOUN
42633	45	331	cemetery	GEONOUN
42633	45	374	train	GEONOUN
42633	45	395	Auschwitz	CAMP
42633	47	35	Melbourne	CITY
42633	47	54	train	GEONOUN
42633	47	82	house	GEONOUN
42633	47	97	Jewish	GEONOUN
42633	47	138	Burke Road	PLACE
42633	47	150	Camberwell	CITY
42633	47	173	tram	GEONOUN
42633	47	193	Camberwell	CITY
42633	47	350	Paris	CITY
42633	47	406	Buchenwald	CAMP
42633	47	694	house	GEONOUN
42633	48	2	house	GEONOUN
42633	48	341	room	GEONOUN
42633	48	439	room	GEONOUN
42633	48	494	tree	GEONOUN
42633	48	612	room	GEONOUN
42633	48	755	Years	DATE
42633	50	48	a few months	DATE
42633	52	307	Carlton	CITY
42633	52	362	Sydney	CITY
42633	52	394	Hunters Hill	PLACE
42633	52	475	city	GEONOUN
42633	52	508	city	GEONOUN
42633	52	535	Years later	DATE
42633	52	559	Sydney	CITY
42633	52	727	Hunters Hill	PLACE
42633	52	744	Carlton	CITY
42633	52	771	park	GEONOUN
42633	53	58	France	COUNTRY
42633	54	132	the next hour	TIME
42633	54	322	building	GEONOUN
42633	54	357	tunnel	GEONOUN
42633	54	392	street	GEONOUN
42633	55	194	32 hours--	TIME
42633	55	205	32 years	DATE
42633	56	27	cannery	GEONOUN
42633	56	88	departments	GEONOUN
42633	56	130	a few years	DATE
42633	56	156	a few years	DATE
42633	56	183	Two years	DATE
42633	56	223	mill	GEONOUN
42633	56	229	Two years	DATE
42633	56	262	mill	GEONOUN
42633	56	270	Sydney	CITY
42633	56	303	Sydney	CITY
42633	56	315	the last 10 years	DATE
42633	57	18	the 11th of October, 1955	DATE
42633	59	183	summer camp	GEONOUN
42633	59	206	1953-- 1954	DATE
42633	59	378	camp	GEONOUN
42633	59	424	Warburton	PLACE
42633	59	537	lunchtime	TIME
42633	59	555	city	GEONOUN
42633	59	848	camp	GEONOUN
42633	59	1021	camp	GEONOUN
42633	61	70	university	GEONOUN
42633	62	17	Canberra	CITY
42633	62	63	Jewish	GEONOUN
42633	62	166	Israel	COUNTRY
42633	63	69	Jewish	GEONOUN
42633	63	231	bar	GEONOUN
42633	63	311	university	GEONOUN
42633	63	431	a year	DATE
42633	63	441	Israel	COUNTRY
42633	63	462	England	PLACE
42633	63	612	today	DATE
42633	63	693	department	GEONOUN
42633	63	707	Canberra	CITY
42633	64	7	Israel	COUNTRY
42633	64	50	Israel	COUNTRY
42633	64	179	country	GEONOUN
42633	64	192	Australia	COUNTRY
42633	64	348	year 2000	DATE
42633	64	473	New York	US-STATE
42633	64	524	Canada	COUNTRY
42633	64	531	next week	DATE
42633	64	555	Israel	COUNTRY
42633	65	165	45 years	DATE
42633	65	208	Israel	COUNTRY
42633	65	271	many, many years	DATE
42633	66	24	Kibbutz Yas'ur	PLACE
42633	66	149	room	GEONOUN
42633	66	308	room	GEONOUN
42633	66	346	pass	GEONOUN
42633	67	106	Iraq	COUNTRY
42633	67	114	Syria	COUNTRY
42633	68	35	yesterday	DATE
42633	69	436	New York	US-STATE
42633	70	104	Birkenau	CAMP
42633	72	141	Canberra	CITY
42633	73	208	market	GEONOUN
42633	73	306	Holocaust	EVENT
42633	74	30	night	TIME
42633	74	56	night	TIME
42633	77	30	Holocaust	EVENT
42633	77	88	days	DATE
42633	77	202	Jewish	GEONOUN
42633	77	449	waste	GEONOUN
42633	79	360	Holocaust	EVENT
42633	80	4	Jewish	GEONOUN
42633	80	224	ages	DATE
42633	80	257	Jewish	GEONOUN
42633	80	354	Jewish	GEONOUN
42633	80	489	Jewish	GEONOUN
42633	80	549	Jewish	GEONOUN
42633	80	679	Jewish	GEONOUN
42633	80	819	Jewish	GEONOUN
42633	80	961	Auschwitz	CAMP
42633	80	1096	Bosnia	PLACE
42633	80	1135	Kosovo	COUNTRY
42633	80	1166	Biafra	PLACE
42633	80	1207	the Caulfield Park	PLACE
42633	80	1286	Jewish	GEONOUN
42633	80	1316	Holocaust	EVENT
42633	80	1462	Poland	COUNTRY
42633	80	1502	the 10 days	DATE
42633	80	1521	Rosh Hashanah	DATE
42633	80	1536	Yom Kippur	DATE
42633	80	1639	Poland	COUNTRY
42633	80	1650	Czechoslovakia	COUNTRY
42633	80	1672	Romania	COUNTRY
42633	80	1714	Florida	US-STATE
42633	80	1729	New York	US-STATE
42633	81	259	Jewish	GEONOUN
42633	81	456	Jewish	GEONOUN
42633	81	756	Jewish	GEONOUN
42633	81	862	Holocaust	EVENT
42633	81	947	Jewish	GEONOUN
42633	81	1125	Australia	COUNTRY
42633	83	364	today	DATE
42633	83	381	Canada	COUNTRY
42633	84	8	a day	DATE
42633	84	23	about the 13th of April	DATE
42633	84	72	block	GEONOUN
42633	84	91	barracks	GEONOUN
42633	85	10	Buchenwald	CAMP
42633	85	154	France	COUNTRY
42633	85	250	Canada	COUNTRY
42633	85	258	America	COUNTRY
42633	85	274	Israel	COUNTRY
42633	88	92	Buchenwald	CAMP
42633	88	277	camp	GEONOUN
42633	89	21	a few days after	DATE
42633	89	235	camp	GEONOUN
42633	89	551	camp	GEONOUN
42633	89	590	crematorium	GEONOUN
42633	89	651	Auschwitz	CAMP
42633	89	733	crematorium	GEONOUN
42633	93	36	crematorium	GEONOUN
42633	93	195	a day or two	DATE
42633	93	222	crematorium	GEONOUN
42633	93	460	camp	GEONOUN
42633	93	468	Buchenwald	CAMP
42633	94	16	Buchenwald	CAMP
42633	94	98	court	GEONOUN
42633	98	43	Buchenwald	CAMP
42633	98	69	France	COUNTRY
42633	98	119	New York	US-STATE
42633	100	63	the Korean War	EVENT
42633	103	92	France	COUNTRY
42633	103	244	the 8th of February, 1920	DATE
42633	104	17	Poland	COUNTRY
42633	105	33	Paris	CITY
42633	105	128	camps	GEONOUN
42633	105	290	camps	GEONOUN
42633	105	379	camp	GEONOUN
42633	106	81	camp	GEONOUN
42633	109	14	France	COUNTRY
42633	109	121	Buchenwald	CAMP
42633	109	143	camp	GEONOUN
42633	111	35	Israel	COUNTRY
42633	111	143	ghetto	GEONOUN
42633	112	3	ghetto	GEONOUN
42633	112	13	Lodz	PLACE
42633	112	138	the 9th of the 10th 1924	DATE
42633	112	241	Marysin Okopowa	PLACE
42633	112	288	the 17th of May, 1943	DATE
42633	112	476	the 8th of January, 1926	DATE
42633	114	35	Tel Aviv	CITY
42633	114	53	Lodz	PLACE
42633	114	150	ghetto	GEONOUN
42633	114	160	Lodz	PLACE
42633	114	288	1943	DATE
42633	114	320	the 17th of the 5th	DATE
42633	114	418	grave	GEONOUN
42633	114	489	Australia	COUNTRY
42633	114	897	Melbourne	CITY
42633	118	82	Paris	CITY
42633	118	108	Melbourne	CITY
42633	118	121	1996	DATE
42633	119	8	Buchenwald	CAMP
42633	120	158	last year	DATE
42633	121	58	next Sunday	DATE
42633	121	182	about a year ago	DATE
42633	121	200	Next Sunday	DATE
42633	122	28	yearly	DATE
42633	122	69	every year	DATE
42633	122	117	Buchenwald	EVENT
42633	122	211	Sherbrooke Forest	PLACE
42633	122	421	house	GEONOUN
42633	122	482	Chateau de [?	PLACE
42633	122	599	Buchenwald	EVENT
42633	123	12	1946	DATE
42633	123	18	a year	DATE
42633	125	29	Marseille	CITY
42633	125	52	Australia	COUNTRY
42633	125	85	Marseille	CITY
42633	125	116	one month	DATE
42633	125	206	Canebiére	PLACE
42633	125	241	main street	GEONOUN
42633	125	256	Marseille	CITY
42633	126	63	1954	DATE
42633	127	13	Melbourne	CITY
42633	128	79	Melbourne	CITY
42633	128	98	the 11th of October, 1955	DATE
42633	130	205	1992	DATE
42633	132	144	a few months old	DATE
42633	132	190	about three	DATE
42633	133	67	Israel	COUNTRY
42633	133	77	Melbourne	CITY
42633	134	0	Bar mitzvah	EVENT
42633	134	15	Poland	COUNTRY
42633	134	132	America	COUNTRY
42633	134	288	the holidays	DATE
42633	134	342	house	GEONOUN
42633	140	86	house	GEONOUN
42633	140	189	cellars	GEONOUN
42633	141	254	Australia	COUNTRY
42633	141	357	Kalisz	CITY
42633	141	385	street	GEONOUN
42633	141	410	Kalisz	CITY
42633	141	432	Kalisz	CITY
42633	143	11	Kalisz	CITY
42633	143	51	Poland	COUNTRY
42633	143	142	800 years	DATE
42633	143	188	Kalisz	CITY
42633	145	142	Purim	PLACE
42633	148	28	Around '35-- 1935	DATE
42633	148	108	Jewish	GEONOUN
42633	148	249	Poland	COUNTRY
42633	148	308	1933	DATE
42633	148	344	Poland	COUNTRY
42633	149	123	stone	GEONOUN
42633	151	82	area	GEONOUN
42633	152	452	Kalisz	CITY
42633	152	691	Kalisz	CITY
42633	152	715	the 2nd of September, 1939	DATE
42633	152	743	the day	DATE
42633	152	793	Friday	DATE
42633	152	816	Saturday	DATE
42633	152	825	night	TIME
42633	153	31	Shabbos	EVENT
42633	155	104	town	GEONOUN
42633	156	103	hole	GEONOUN
42633	156	149	hole	GEONOUN
42633	156	204	overnight	TIME
42633	156	218	the morning	TIME
42633	156	251	city	GEONOUN
42633	156	484	city	GEONOUN
42633	156	638	Lódz	PLACE
42633	158	369	Pabianice	CITY
42633	159	166	that night	TIME
42633	160	0	That night	TIME
42633	160	41	town	GEONOUN
42633	160	109	that night	TIME
42633	161	43	the morning	TIME
42633	161	188	Lódz	PLACE
42633	161	289	Lódz	PLACE
42633	161	337	church hall	GEONOUN
42633	161	344	hall	GEONOUN
42633	161	359	hall	GEONOUN
42633	161	490	that night	TIME
42633	161	616	courtyard	GEONOUN
42633	161	932	Kalisz	CITY
42633	161	1011	Lódz	PLACE
42633	161	1150	Lódz	PLACE
42633	162	57	Kalisz	CITY
42633	162	168	city	GEONOUN
42633	162	252	Lódz	PLACE
42633	162	290	city	GEONOUN
42633	163	108	Kalisz	CITY
42633	163	572	Lódz	PLACE
42633	163	673	Kalisz	CITY
42633	163	809	Lódz	PLACE
42633	164	361	Poland	COUNTRY
42633	164	656	Jewish	GEONOUN
42633	165	20	Lódz	PLACE
42633	167	12	Lódz	PLACE
42633	167	57	Lodz	PLACE
42633	168	10	13	DATE
42633	169	20	13	DATE
42633	170	13	14	DATE
42633	172	71	Kalisz	CITY
42633	173	52	Kalisz	CITY
42633	173	139	Russia	COUNTRY
42633	173	215	Russia	COUNTRY
42633	175	51	Lódz	PLACE
42633	175	91	tram	GEONOUN
42633	175	210	Kalisz	CITY
42633	175	218	Kalisz	CITY
42633	176	25	close to a week	DATE
42633	176	52	Lódz	PLACE
42633	176	105	Lódz	PLACE
42633	176	110	the day before the German army	DATE
42633	176	169	Lódz	PLACE
42633	176	192	church	GEONOUN
42633	176	244	church	GEONOUN
42633	176	283	church	GEONOUN
42633	176	367	Jewish	GEONOUN
42633	176	483	Jewish community	GEONOUN
42633	176	490	community	GEONOUN
42633	176	530	Lódz--	PLACE
42633	176	559	Lódz	PLACE
42633	176	595	Jewish community	GEONOUN
42633	176	602	community	GEONOUN
42633	176	795	fence	GEONOUN
42633	176	872	Jewish community	GEONOUN
42633	176	879	community	GEONOUN
42633	176	903	shambles	GEONOUN
42633	176	1042	room	GEONOUN
42633	176	1050	room	GEONOUN
42633	176	1199	Kalisz	CITY
42633	176	1235	Kalisz	CITY
42633	176	1415	street	GEONOUN
42633	176	1447	Jewish	GEONOUN
42633	176	1579	house	GEONOUN
42633	176	1672	a holiday	DATE
42633	176	1718	Kalisz	CITY
42633	176	1877	room	GEONOUN
42633	176	1994	room	GEONOUN
42633	176	2094	road	GEONOUN
42633	176	2344	ghetto	GEONOUN
42633	176	2433	ghetto	GEONOUN
42633	176	2446	1940	DATE
42633	176	2456	19-- April 1940	DATE
42633	177	132	Jewish community	GEONOUN
42633	177	139	community	GEONOUN
42633	177	207	Jewish	GEONOUN
42633	180	8	Jewish	GEONOUN
42633	180	59	market	GEONOUN
42633	181	20	a day before	DATE
42633	181	91	house	GEONOUN
42633	181	107	Jewish community	GEONOUN
42633	181	114	community	GEONOUN
42633	181	354	post	GEONOUN
42633	181	739	Poland	COUNTRY
42633	181	789	Russia	COUNTRY
42633	181	825	house	GEONOUN
42633	181	1202	Bialystok	PLACE
42633	181	1273	Russia	COUNTRY
42633	181	1386	station	GEONOUN
42633	181	1459	train	GEONOUN
42633	181	1506	the hours	TIME
42633	181	1521	hours	DATE
42633	181	1532	hours	DATE
42633	181	1576	late at night	TIME
42633	181	1698	about 6:00 or 8:00	TIME
42633	183	17	March of 1940	DATE
42633	183	75	ghetto	GEONOUN
42633	183	368	street	GEONOUN
42633	183	382	ghetto	GEONOUN
42633	183	572	Lódz	PLACE
42633	186	189	Jewish cemetery	GEONOUN
42633	186	196	cemetery	GEONOUN
42633	186	340	post	GEONOUN
42633	186	539	ghetto	GEONOUN
42633	186	551	house	GEONOUN
42633	186	590	ghetto	GEONOUN
42633	186	702	indoor	GEONOUN
42633	192	120	1940	DATE
42633	192	126	'41	DATE
42633	192	262	ghetto	GEONOUN
42633	192	344	ghetto	GEONOUN
42633	192	369	library	GEONOUN
42633	192	398	library	GEONOUN
42633	192	440	field	GEONOUN
42633	192	482	Marishin	PLACE
42633	192	512	cemetery	GEONOUN
42633	192	555	ghetto	GEONOUN
42633	192	582	ghetto	GEONOUN
42633	192	644	field	GEONOUN
42633	192	667	library	GEONOUN
42633	192	699	room	GEONOUN
42633	192	795	room	GEONOUN
42633	192	1528	ghetto	GEONOUN
42633	194	91	ghetto	GEONOUN
42633	194	330	walls	GEONOUN
42633	195	16	the morning after-- after	TIME
42633	200	28	ghetto	GEONOUN
42633	200	220	Jewish area	GEONOUN
42633	200	227	area	GEONOUN
42633	201	161	Jewish	GEONOUN
42633	201	324	ghetto	GEONOUN
42633	201	405	Jewish	GEONOUN
42633	201	477	department	GEONOUN
42633	201	534	Jewish	GEONOUN
42633	201	1034	Chelmno	PLACE
42633	201	1105	Jewish	GEONOUN
42633	201	1278	ghetto	GEONOUN
42633	202	5	1942	DATE
42633	202	14	1942	DATE
42633	202	27	September of 1942	DATE
42633	202	68	Jewish	GEONOUN
42633	203	110	factory	GEONOUN
42633	203	669	Yad Vashem	PLACE
42633	203	721	ghetto	GEONOUN
42633	204	111	a whole day long	DATE
42633	210	97	eight hours	TIME
42633	210	147	10 hours	TIME
42633	215	21	1941	DATE
42633	215	87	ghetto	GEONOUN
42633	215	97	the Sperre 1942	EVENT
42633	216	101	that day	DATE
42633	217	390	ghetto	GEONOUN
42633	219	46	house	GEONOUN
42633	220	60	today	DATE
42633	220	210	pass	GEONOUN
42633	220	596	chamber	GEONOUN
42633	220	884	every day	DATE
42633	220	1100	Jewish	GEONOUN
42633	220	1117	Europe	CONTINENT
42633	220	1643	ghetto	GEONOUN
42633	222	8	Marishin	PLACE
42633	222	44	ghetto	GEONOUN
42633	222	241	pass	GEONOUN
42633	223	3	1942	DATE
42633	223	369	Jewish	GEONOUN
42633	225	12	that day	DATE
42633	226	88	Jewish	GEONOUN
42633	228	255	fence	GEONOUN
42633	228	465	fence	GEONOUN
42633	228	478	cemetery	GEONOUN
42633	228	495	Jewish cemetery	GEONOUN
42633	228	502	cemetery	GEONOUN
42633	228	575	Jewish	GEONOUN
42633	229	325	fence	GEONOUN
42633	229	339	bushes	GEONOUN
42633	230	92	fields	GEONOUN
42633	230	108	ghetto	GEONOUN
42633	230	135	ground	GEONOUN
42633	230	185	winter	DATE
42633	230	216	earth	GEONOUN
42633	230	277	earth	GEONOUN
42633	230	352	a few days	DATE
42633	230	418	Sperre	EVENT
42633	231	27	cemetery	GEONOUN
42633	231	80	fence	GEONOUN
42633	231	260	bushes	GEONOUN
42633	233	164	house	GEONOUN
42633	234	0	About four days	DATE
42633	234	17	Three nights	DATE
42633	235	35	every day	DATE
42633	235	101	Gehsperre	PLACE
42633	235	250	house	GEONOUN
42633	235	325	room	GEONOUN
42633	235	447	room	GEONOUN
42633	235	496	room	GEONOUN
42633	238	55	3 SECONDS	DATE
42633	238	89	about nine years old	DATE
42633	238	111	nine	DATE
42633	238	119	10	DATE
42633	239	7	1942	DATE
42633	239	35	1943	DATE
42633	239	67	ghetto	GEONOUN
42633	241	37	ghetto	GEONOUN
42633	241	342	ghetto	GEONOUN
42633	241	619	hospital	GEONOUN
42633	241	640	hospital	GEONOUN
42633	241	931	hospital	GEONOUN
42633	241	974	the visiting hours	TIME
42633	241	1109	hospital	GEONOUN
42633	241	1312	Australia	COUNTRY
42633	242	183	a few days	DATE
42633	242	216	a week	DATE
42633	242	568	a few days	DATE
42633	242	771	Poland	COUNTRY
42633	242	905	university	GEONOUN
42633	242	946	field	GEONOUN
42633	242	1039	Jewish	GEONOUN
42633	242	1058	Holocaust	EVENT
42633	242	1169	waste	GEONOUN
42633	242	1413	today	DATE
42633	243	20	ghetto	GEONOUN
42633	243	233	ghetto	GEONOUN
42633	243	262	ghetto	GEONOUN
42633	243	286	Israel	COUNTRY
42633	243	411	Poland	COUNTRY
42633	243	499	earth	GEONOUN
42633	243	556	Jewish	GEONOUN
42633	244	250	Jewish	GEONOUN
42633	244	568	bridge	GEONOUN
42633	244	590	ghetto	GEONOUN
42633	244	642	ghetto	GEONOUN
42633	244	662	ghetto	GEONOUN
42633	244	682	main street	GEONOUN
42633	244	714	ghetto	GEONOUN
42633	244	774	bridge	GEONOUN
42633	244	789	a nice day	DATE
42633	244	803	May	DATE
42633	244	1009	today	DATE
42633	244	1042	today	DATE
42633	246	134	ghetto	GEONOUN
42633	246	196	the first few weeks	DATE
42633	246	348	a year	DATE
42633	246	455	every year	DATE
42633	248	68	ghetto	GEONOUN
42633	248	190	ghetto	GEONOUN
42633	248	279	ghetto	GEONOUN
42633	248	409	divide	GEONOUN
42633	248	506	eight days	DATE
42633	248	702	a day	DATE
42633	248	732	five days	DATE
42633	248	859	street	GEONOUN
42633	248	1046	camp	GEONOUN
42633	248	1120	ghetto	GEONOUN
42633	248	1139	camp	GEONOUN
42633	248	1263	ghetto	GEONOUN
42633	248	1412	divide	GEONOUN
42633	249	24	ghetto	GEONOUN
42633	249	273	Melbourne	CITY
42633	249	340	ghetto	GEONOUN
42633	249	365	house	GEONOUN
42633	249	374	house	GEONOUN
42633	249	394	house	GEONOUN
42633	249	412	house	GEONOUN
42633	249	426	Melbourne	CITY
42633	249	442	houses	GEONOUN
42633	249	454	tenement houses	GEONOUN
42633	249	463	houses	GEONOUN
42633	249	752	fields	GEONOUN
42633	250	995	winter	DATE
42633	250	1123	room	GEONOUN
42633	250	1141	pass	GEONOUN
42633	250	1150	room	GEONOUN
42633	251	124	Pesach	EVENT
42633	251	503	eight days	DATE
42633	251	801	Pesach	DATE
42633	252	3	ghetto	GEONOUN
42633	252	461	Buchenwald	CAMP
42633	252	575	today	DATE
42633	253	244	late in the evening	TIME
42633	253	386	rooms	GEONOUN
42633	253	537	rooms	GEONOUN
42633	255	74	factory	GEONOUN
42633	255	175	timber mill	GEONOUN
42633	255	182	mill	GEONOUN
42633	255	213	trees	GEONOUN
42633	256	86	wood	GEONOUN
42633	256	140	a 10 days--	DATE
42633	256	152	10 hours	TIME
42633	256	170	night	TIME
42633	258	100	factory	GEONOUN
42633	258	127	ghetto	GEONOUN
42633	258	191	factory	GEONOUN
42633	258	359	Jewish	GEONOUN
42633	259	176	factory	GEONOUN
42633	262	22	factory	GEONOUN
42633	262	190	wood	GEONOUN
42633	262	366	library	GEONOUN
42633	262	467	room	GEONOUN
42633	263	399	1939	DATE
42633	263	409	1945	DATE
42633	264	67	camp	GEONOUN
42633	264	221	Russia	COUNTRY
42633	265	87	ghetto	GEONOUN
42633	265	111	spot	GEONOUN
42633	265	170	cultural evenings	TIME
42633	265	213	ghetto	GEONOUN
42633	265	233	theater	GEONOUN
42633	265	382	ghetto	GEONOUN
42633	265	392	Warsaw	CITY
42633	265	449	ghetto	GEONOUN
42633	265	572	ghetto	GEONOUN
42633	265	589	Auschwitz	CAMP
42633	265	672	a month	DATE
42633	265	765	today	DATE
42633	265	985	ghetto	GEONOUN
42633	265	1100	the 19th century	DATE
42633	265	1345	the 19th century	DATE
42633	265	1413	night	TIME
42633	266	5	1942	DATE
42633	266	94	a few months	DATE
42633	266	152	night	TIME
42633	266	199	10 hours	TIME
42633	266	327	ghetto	GEONOUN
42633	267	128	1943	DATE
42633	267	142	1944	DATE
42633	267	162	1944	DATE
42633	267	325	Jewish	GEONOUN
42633	267	883	ghetto	GEONOUN
42633	267	961	attic	GEONOUN
42633	267	1117	one night	TIME
42633	267	1299	the middle of the night	TIME
42633	267	1358	Jewish	GEONOUN
42633	268	44	Izrael	PLACE
42633	268	212	prison	GEONOUN
42633	268	270	the next day	DATE
42633	268	732	1939	DATE
42633	268	927	1939	DATE
42633	268	980	just a few hours	TIME
42633	268	1185	ghetto	GEONOUN
42633	268	1306	factory	GEONOUN
42633	268	1754	street	GEONOUN
42633	268	1872	two weeks	DATE
42633	268	2176	Jewish	GEONOUN
42633	268	2195	Poland	COUNTRY
42633	268	2249	Buchenwald--	PLACE
42633	268	2516	the middle of the night	TIME
42633	268	2577	ghetto	GEONOUN
42633	269	84	that night	TIME
42633	271	19	attic	GEONOUN
42633	271	124	attic	GEONOUN
42633	271	159	factory	GEONOUN
42633	271	285	factory	GEONOUN
42633	274	37	ghetto	GEONOUN
42633	274	51	piece of ground	GEONOUN
42633	274	131	piece of land	GEONOUN
42633	274	246	ghetto	GEONOUN
42633	275	19	factory	GEONOUN
42633	277	333	ghetto	GEONOUN
42633	277	455	ghetto	GEONOUN
42633	277	692	Germany	COUNTRY
42633	277	772	Germany	COUNTRY
42633	277	822	department	GEONOUN
42633	277	892	Auschwitz	CAMP
42633	277	933	Auschwitz	CAMP
42633	279	40	Jewish	GEONOUN
42633	280	213	Shabbos	DATE
42633	281	205	eating days	DATE
42633	281	247	days	DATE
42633	281	253	Every day	DATE
42633	281	386	day	DATE
42633	281	502	ghetto	GEONOUN
42633	281	589	Sunday	DATE
42633	281	617	Monday	DATE
42633	281	649	Tuesday	DATE
42633	281	793	a week	DATE
42633	281	834	three, four years	DATE
42633	282	134	Australia	COUNTRY
42633	283	401	Mailech	PLACE
42633	285	150	room	GEONOUN
42633	289	15	1944	DATE
42633	289	73	Warsaw	CITY
42633	289	105	Praga	PLACE
42633	289	179	ghetto	GEONOUN
42633	289	505	ghetto	GEONOUN
42633	289	756	ghetto	GEONOUN
42633	289	823	rooms	GEONOUN
42633	289	922	outlet	GEONOUN
42633	289	972	pass	GEONOUN
42633	289	990	room	GEONOUN
42633	289	1203	room	GEONOUN
42633	289	1302	about three days	DATE
42633	289	1447	two, three weeks	DATE
42633	291	157	reach	GEONOUN
42633	291	305	lock	GEONOUN
42633	291	452	room	GEONOUN
42633	291	496	lock	GEONOUN
42633	291	563	room	GEONOUN
42633	291	869	ghetto	GEONOUN
42633	291	900	the day after-- the-- the day--	DATE
42633	291	1105	ghetto	GEONOUN
42633	291	1121	three or four weeks	DATE
42633	291	1382	The next morning	TIME
42633	292	59	ghetto	GEONOUN
42633	292	79	ghetto	GEONOUN
42633	292	148	train	GEONOUN
42633	293	3	August 1944	DATE
42633	294	3	this particular day	DATE
42633	294	227	foot	GEONOUN
42633	294	740	train	GEONOUN
42633	294	749	Auschwitz	CAMP
42633	294	778	train	GEONOUN
42633	297	32	train	GEONOUN
42633	297	110	ghetto	GEONOUN
42633	297	229	Auschwitz	CAMP
42633	297	239	a few days later	DATE
42633	298	114	facilities	GEONOUN
42633	298	176	days	DATE
42633	298	754	Auschwitz	CAMP
42633	300	40	at least three days--	DATE
42633	300	62	two nights	DATE
42633	300	77	three days	DATE
42633	311	46	spot	GEONOUN
42633	314	442	Yom Kippur	DATE
42633	314	613	18 years old	DATE
42633	315	18	1944	DATE
42633	315	35	14	DATE
42633	315	46	18	DATE
42633	315	72	18	DATE
42633	315	786	ditch	GEONOUN
42633	315	1156	ditch	GEONOUN
42633	315	1361	Melbourne	CITY
42633	315	1380	Jewish	GEONOUN
42633	315	1518	Jewish	GEONOUN
42633	315	2010	Melbourne	CITY
42633	315	2370	ground	GEONOUN
42633	315	2430	ground	GEONOUN
42633	315	2536	train	GEONOUN
42633	315	2557	Auschwitz	CAMP
42633	315	2896	days	DATE
42633	315	3262	Earth	PLACE
42633	315	3282	Auschwitz	CAMP
42633	316	486	18	DATE
42633	316	1030	Israel	COUNTRY
42633	323	76	ditch	GEONOUN
42633	324	135	hole	GEONOUN
42633	327	135	pool	GEONOUN
42633	327	285	field	GEONOUN
42633	332	211	a cool night	TIME
42633	332	251	later August	DATE
42633	334	80	spot	GEONOUN
42633	334	226	corner	GEONOUN
42633	335	91	ditch	GEONOUN
42633	335	287	corner	GEONOUN
42633	336	70	factory	GEONOUN
42633	336	81	ghetto	GEONOUN
42633	336	122	Sonderkommando	PLACE
42633	336	166	Lódz	PLACE
42633	337	74	ghetto	GEONOUN
42633	337	93	a year or two years before	DATE
42633	337	386	Auschwitz	CAMP
42633	338	38	block	GEONOUN
42633	338	207	the worst night	TIME
42633	338	228	the [? night	TIME
42633	338	259	Holocaust	EVENT
42633	338	295	the worst night	TIME
42633	338	335	hall	GEONOUN
42633	338	574	earth	GEONOUN
42633	339	222	hours	TIME
42633	340	260	the night	TIME
42633	341	170	grave	GEONOUN
42633	343	54	block	GEONOUN
42633	343	92	the morning	TIME
42633	343	197	Birkenau	CAMP
42633	344	44	that morning	TIME
42633	344	162	night	TIME
42633	344	230	a few hours	TIME
42633	345	361	ghetto	GEONOUN
42633	345	397	train	GEONOUN
42633	345	447	chamber	GEONOUN
42633	348	91	Jewish	GEONOUN
42633	348	108	Europe	CONTINENT
42633	348	174	Jewish	GEONOUN
42633	348	191	Europe	CONTINENT
42633	349	28	a week	DATE
42633	349	292	camp	GEONOUN
42633	349	558	fence	GEONOUN
42633	349	591	the day	DATE
42633	349	631	the night	TIME
42633	349	653	the day	DATE
42633	349	741	fence	GEONOUN
42633	349	785	fence	GEONOUN
42633	350	542	Appellplatz	PLACE
42633	350	678	Appellplatz	PLACE
42633	350	714	Appellplatz	PLACE
42633	350	1631	hole	GEONOUN
42633	350	1794	block	GEONOUN
42633	350	1847	about three minutes	TIME
42633	350	2088	Auschwitz	CAMP
42633	350	2122	camps	GEONOUN
42633	350	2159	camp	GEONOUN
42633	350	2207	village	GEONOUN
42633	350	2306	Budy	CAMP
42633	350	2387	camps	GEONOUN
42633	351	12	about three weeks	DATE
42633	352	55	Auschwitz	CAMP
42633	352	69	Auschwitz	CAMP
42633	355	77	Melbourne	CITY
42633	356	179	Birkenau	CAMP
42633	359	263	department	GEONOUN
42633	359	332	camp	GEONOUN
42633	362	285	camps	GEONOUN
42633	362	307	Babitz	PLACE
42633	362	326	Birkenau	CAMP
42633	363	0	Birkenau	CAMP
42633	363	30	camp	GEONOUN
42633	363	39	Auschwitz	CAMP
42633	363	101	camp	GEONOUN
42633	363	165	prison	GEONOUN
42633	363	202	camp	GEONOUN
42633	363	211	Birkenau	CAMP
42633	363	221	Auschwitz	CAMP
42633	363	294	Auschwitz	CAMP
42633	363	358	Auschwitz	CAMP
42633	363	516	brothel	GEONOUN
42633	364	3	Auschwitz	CAMP
42633	367	7	brothel	GEONOUN
42633	367	25	windows	GEONOUN
42633	368	206	Birkenau	CAMP
42633	370	31	brick building	GEONOUN
42633	370	37	building	GEONOUN
42633	371	27	brick building	GEONOUN
42633	371	33	building	GEONOUN
42633	375	152	ghetto	GEONOUN
42633	375	162	Lódz	PLACE
42633	376	11	Auschwitz	CAMP
42633	376	113	camp	GEONOUN
42633	379	149	camp	GEONOUN
42633	380	3	Budy	CAMP
42633	382	83	Birkenau-Auschwitz	CAMP
42633	382	118	Budy	CAMP
42633	382	201	The next day	DATE
42633	382	467	block	GEONOUN
42633	382	750	hole	GEONOUN
42633	382	1039	hiding place	GEONOUN
42633	382	1070	hiding place	GEONOUN
42633	382	1487	plain	GEONOUN
42633	384	39	camp	GEONOUN
42633	384	75	block	GEONOUN
42633	384	93	Birkenau	CAMP
42633	384	130	Buchenwald	CAMP
42633	384	355	week	DATE
42633	384	678	about three weeks old--	DATE
42633	384	812	every day	DATE
42633	384	855	fields	GEONOUN
42633	385	46	hospital	GEONOUN
42633	385	63	Australia	COUNTRY
42633	385	377	Budy	CAMP
42633	385	610	Poland	COUNTRY
42633	385	1054	18	DATE
42633	385	1058	19	DATE
42633	385	2063	fork	GEONOUN
42633	386	262	stable	GEONOUN
42633	386	721	Belgium	COUNTRY
42633	386	758	Belgium	COUNTRY
42633	386	838	suite	GEONOUN
42633	386	885	suite	GEONOUN
42633	386	922	Sweden	COUNTRY
42633	386	967	suite	GEONOUN
42633	386	1062	suite	GEONOUN
42633	386	1126	Sweden	COUNTRY
42633	386	1163	suite	GEONOUN
42633	386	1177	Auschwitz	CAMP
42633	386	1411	parts	GEONOUN
42633	387	178	an hour	TIME
42633	387	241	Jerusalem	CITY
42633	387	287	flat	GEONOUN
42633	387	410	Israel	COUNTRY
42633	387	493	camp	GEONOUN
42633	387	588	Kibbutz Afikim	PLACE
42633	387	698	Budy	CAMP
42633	389	85	Rosh Hashanah	EVENT
42633	389	124	Israel	COUNTRY
42633	390	227	Kibbutz Afikim	PLACE
42633	390	410	Kibbutz Afikim	PLACE
42633	390	493	so many years later	DATE
42633	393	56	1944	DATE
42633	393	178	the 1940s	DATE
42633	393	238	Jewish	GEONOUN
42633	397	275	ghetto	GEONOUN
42633	397	285	Lódz	PLACE
42633	398	542	Auschwitz	CAMP
42633	400	48	hours and hours	TIME
42633	400	91	barracks	GEONOUN
42633	403	63	the end of 1944	DATE
42633	404	55	New Year 1945	EVENT
42633	404	163	the day	DATE
42633	404	262	midnight	TIME
42633	404	311	the New Year	DATE
42633	404	325	New Year's Eve	EVENT
42633	404	609	New Year	EVENT
42633	406	51	winter	DATE
42633	406	102	the summer	DATE
42633	406	264	winter	DATE
42633	406	425	fork	GEONOUN
42633	406	802	gap	GEONOUN
42633	406	1028	camp	GEONOUN
42633	406	1268	one morning	TIME
42633	406	1352	that day	DATE
42633	406	1861	Germany	COUNTRY
42633	406	1998	Germany	COUNTRY
42633	407	3	Budy	CAMP
42633	407	73	camps	GEONOUN
42633	407	116	camps	GEONOUN
42633	407	312	hours	TIME
42633	407	323	hours	DATE
42633	407	334	hours	TIME
42633	407	738	ditch	GEONOUN
42633	407	838	school	GEONOUN
42633	407	915	school	GEONOUN
42633	407	977	the night	TIME
42633	410	7	winter	DATE
42633	410	22	January	DATE
42633	410	38	January	DATE
42633	410	49	1945	DATE
42633	410	90	winter	DATE
42633	410	215	station	GEONOUN
42633	410	470	fell	GEONOUN
42633	410	725	the morning	TIME
42633	410	790	the whole night	TIME
42633	410	867	the whole night	TIME
42633	411	30	a few days	DATE
42633	412	121	station	GEONOUN
42633	412	132	Germany	COUNTRY
42633	412	621	station	GEONOUN
42633	413	769	Jewish	GEONOUN
42633	413	818	Jewish	GEONOUN
42633	413	1545	spot	GEONOUN
42633	414	36	train	GEONOUN
42633	414	61	Buchenwald	CAMP
42633	414	129	the 1st of January	DATE
42633	414	183	Buchenwald	CAMP
42633	414	194	around the 14th or the 15th of January	DATE
42633	414	247	two weeks	DATE
42633	414	276	train	GEONOUN
42633	414	298	approximately two weeks	DATE
42633	415	19	Buchenwald	CAMP
42633	415	134	train	GEONOUN
42633	415	212	Birkenau	CAMP
42633	415	225	Buchenwald	CAMP
42633	415	371	chamber	GEONOUN
42633	415	382	Buchenwald	CAMP
42633	416	123	camp	GEONOUN
42633	416	163	1945	DATE
42633	416	172	Buchenwald	CAMP
42633	416	248	camp	GEONOUN
42633	416	335	camp	GEONOUN
42633	416	351	camp	GEONOUN
42633	416	495	tunnel	GEONOUN
42633	416	582	chamber	GEONOUN
42633	416	785	block	GEONOUN
42633	416	840	block	GEONOUN
42633	416	1157	The whole night	TIME
42633	416	1374	maybe a week or two	DATE
42633	416	1574	20	DATE
42633	416	1607	block	GEONOUN
42633	417	54	the 11th of April 1945	DATE
42633	418	0	February	DATE
42633	418	10	March	DATE
42633	418	25	three months	DATE
42633	419	68	Weimar	CITY
42633	419	76	Weimar	CITY
42633	419	99	town	GEONOUN
42633	419	182	Weimar	CITY
42633	419	211	houses	GEONOUN
42633	419	229	bricks	GEONOUN
42633	419	239	bricks	GEONOUN
42633	419	251	wood	GEONOUN
42633	419	259	wood	GEONOUN
42633	419	351	houses	GEONOUN
42633	420	37	Buchenwald	CAMP
42633	420	232	camp	GEONOUN
42633	420	402	Israel	COUNTRY
42633	420	409	almost 50 years later	DATE
42633	420	599	Buchenwald	CAMP
42633	420	765	Buchenwald	CAMP
42633	421	195	nurses	GEONOUN
42633	421	237	hospital	GEONOUN
42633	421	458	Buchenwald--	PLACE
42633	421	582	camp	GEONOUN
42633	421	761	the 11th of April	DATE
42633	421	800	the 9th of May	DATE
42633	421	816	a day	DATE
42633	421	894	April	DATE
42633	421	901	May	DATE
42633	421	906	that month	DATE
42633	423	22	Buchenwald	CAMP
42633	423	74	every morning	TIME
42633	424	236	cellar	GEONOUN
42633	425	272	fell	GEONOUN
42633	425	285	fell	GEONOUN
42633	425	379	forest	GEONOUN
42633	425	393	Weimar	CITY
42633	425	413	city	GEONOUN
42633	429	5	about maybe a week	DATE
42633	430	217	Jewish	GEONOUN
42633	431	9	Buchenwald	CAMP
42633	431	266	Jewish	GEONOUN
42633	434	128	republic	GEONOUN
42633	434	224	block	GEONOUN
42633	437	204	block	GEONOUN
42633	437	315	France	COUNTRY
42633	437	668	block	GEONOUN
42633	437	684	Europe	CONTINENT
42633	437	724	Jewish	GEONOUN
42633	438	0	A week	DATE
42633	438	16	a week	DATE
42633	438	206	the 9th of April	DATE
42633	438	381	hole	GEONOUN
42633	438	418	roof	GEONOUN
42633	438	533	roof	GEONOUN
42633	438	632	overnight	TIME
42633	438	905	the middle of the day	DATE
42633	438	930	the 10th of April	DATE
42633	438	988	block	GEONOUN
42633	438	1276	fell	GEONOUN
42633	438	1468	block	GEONOUN
42633	438	1521	ground	GEONOUN
42633	438	1574	a few hours	TIME
42633	438	1591	night	TIME
42633	438	1597	fell	GEONOUN
42633	438	1618	fell	GEONOUN
42633	438	1686	block	GEONOUN
42633	438	1771	block	GEONOUN
42633	438	1903	night	TIME
42633	438	1909	fell	GEONOUN
42633	439	0	The 11th of April	DATE
42633	439	22	the morning	TIME
42633	439	35	a beautiful	DATE
42633	439	47	spring	GEONOUN
42633	439	121	camp	GEONOUN
42633	439	173	that day	DATE
42633	439	408	road	GEONOUN
42633	439	618	the 11th of April	DATE
42633	439	667	2 o'clock	TIME
42633	440	10	an hour or two hours	TIME
42633	440	78	camp	GEONOUN
42633	440	208	camp	GEONOUN
42633	440	324	Buchenwald--	PLACE
42633	440	340	Wald	PLACE
42633	440	360	forest	GEONOUN
42633	440	394	forest	GEONOUN
42633	440	406	2 o'clock	TIME
42633	440	493	block	GEONOUN
42633	440	601	Every year	DATE
42633	440	658	Jerusalem	CITY
42633	440	681	Jerusalem	CITY
42633	441	19	Appellplatz	PLACE
42633	443	0	That night	TIME
42633	443	93	Weimar	CITY
42633	443	104	Erfurt	CITY
42633	443	142	town	GEONOUN
42633	443	460	about three or four days	DATE
42633	443	784	Buchenwald	CAMP
42633	444	55	the first few days	DATE
42633	444	97	Buchenwald	CAMP
42633	444	140	village	GEONOUN
42633	444	320	village	GEONOUN
42633	445	4	the first few days	DATE
42633	446	184	crematorium	GEONOUN
42633	446	366	camp	GEONOUN
42633	447	18	barracks	GEONOUN
42633	447	73	the end of May, 1945	DATE
42633	447	113	France	COUNTRY
42633	447	151	Switzerland	COUNTRY
42633	447	446	Jewish	GEONOUN
42633	447	477	crematorium	GEONOUN
42633	447	504	Jewish	GEONOUN
42633	447	581	France	COUNTRY
42633	447	612	France	COUNTRY
42633	448	118	France	COUNTRY
42633	448	140	Switzerland	COUNTRY
42633	448	192	train	GEONOUN
42633	448	238	quite a few days	DATE
42633	449	156	Buchenwald	CAMP
42633	449	425	Buchenwald	CAMP
42633	449	589	France	COUNTRY
42633	449	599	train	GEONOUN
42633	449	815	a few months	DATE
42633	450	98	fence	GEONOUN
42633	450	119	Paris	CITY
42633	450	268	prison	GEONOUN
42633	450	303	hotel	GEONOUN
42633	450	312	Paris	CITY
42633	450	380	Ecouis	PLACE
42633	452	11	Normandy	PLACE
42633	452	60	Paris	CITY
42633	452	70	Le Havre	CITY
42633	452	108	road	GEONOUN
42633	452	118	Paris	CITY
42633	452	127	Le Havre	CITY
42633	452	234	Paris	CITY
42633	452	244	Le Havre	CITY
42633	454	25	France	COUNTRY
42633	454	33	the first week	DATE
42633	454	110	four days	DATE
42633	454	141	Palestine	CITY
42633	454	164	Palestine	CITY
42633	454	177	the first-- maybe the first week	DATE
42633	454	423	Paris	CITY
42633	455	380	Paris	CITY
42633	455	408	Jewish	GEONOUN
42633	455	436	the first week	DATE
42633	456	0	A year	DATE
42633	457	3	Ecouis	PLACE
42633	457	19	a few months	DATE
42633	457	414	school	GEONOUN
42633	457	469	Auschwitz	CAMP
42633	457	740	Belgium	COUNTRY
42633	457	987	East Melbourne	PLACE
42633	457	1002	synagogue	GEONOUN
42633	457	1016	many years	DATE
42633	458	3	Paris	CITY
42633	458	30	Ecouis	PLACE
42633	458	144	chateau	GEONOUN
42633	458	496	street	GEONOUN
42633	458	562	Israel	COUNTRY
42633	458	652	Australia	COUNTRY
42633	458	674	Australia	COUNTRY
42633	458	709	prison	GEONOUN
42633	458	860	street	GEONOUN
42633	459	3	Paris	CITY
42633	459	53	hotel	GEONOUN
42633	459	74	hotel	GEONOUN
42633	459	83	Australia	COUNTRY
42633	459	101	room	GEONOUN
42633	459	183	Australia	COUNTRY
42633	459	279	Europe	CONTINENT
42633	459	324	Europe	CONTINENT
42633	459	344	Canada	COUNTRY
42633	459	509	Jewish	GEONOUN
42633	459	675	Canada	COUNTRY
42633	459	717	flat	GEONOUN
42633	459	846	Australia	COUNTRY
42633	460	35	Europe	CONTINENT
42633	461	12	Europe	CONTINENT
42633	461	208	Canada	COUNTRY
42633	461	246	Australia	COUNTRY
42633	461	416	house	GEONOUN
42633	461	483	Australia	COUNTRY
42633	462	17	house	GEONOUN
42633	462	53	Buchenwald	CAMP
42633	464	335	Australia	COUNTRY
42633	464	442	room	GEONOUN
42633	464	455	factory	GEONOUN
42633	465	0	Three years,	DATE
42633	465	13	just over three years	DATE
42633	465	41	1948	DATE
42633	466	66	Australia	COUNTRY
42633	466	163	Australia	COUNTRY
42633	466	214	Australia	COUNTRY
42633	466	320	France	COUNTRY
42633	466	334	Australia	COUNTRY
42633	466	358	France	COUNTRY
42633	466	514	a day	DATE
42633	466	636	another day	DATE
42633	466	737	France	COUNTRY
42633	466	805	Australia	COUNTRY
42633	466	871	ship	GEONOUN
42633	466	904	ship	GEONOUN
42633	466	1094	Sydney	CITY
42633	466	1188	ship	GEONOUN
42633	466	1201	Sydney	CITY
42633	466	1221	Sydney	CITY
42633	466	1245	Sydney	CITY
42633	466	1256	about a week or two	DATE
42633	466	1358	tram	GEONOUN
42633	466	1373	ferry	GEONOUN
42633	466	1388	tram	GEONOUN
42633	466	1405	ferry	GEONOUN
42633	466	1437	country	GEONOUN
42633	466	1471	ship	GEONOUN
42633	466	1536	Sydney	CITY
42633	466	1564	Melbourne	CITY
42633	466	1617	Jewish	GEONOUN
42633	466	1653	Hunter's Hill	PLACE
42633	466	1680	the North Shore	PLACE
42633	466	1797	train	GEONOUN
42633	466	1823	two weeks	DATE
42633	466	1844	Melbourne	CITY
42633	467	3	boat	GEONOUN
42633	467	18	ship	GEONOUN
42633	470	8	three months	DATE
42633	470	27	Marseilles	PLACE
42633	470	41	Sydney	CITY
42633	470	53	three months	DATE
42633	471	25	ship	GEONOUN
42633	471	76	10 days	DATE
42633	471	87	Tahiti	PLACE
42633	471	118	over a week	DATE
42633	471	133	New Caledonia	COUNTRY
42633	471	174	Panama	COUNTRY
42633	471	198	the Panama Canal	PLACE
42633	472	0	Martinique	COUNTRY
42633	472	44	Panama	COUNTRY
42633	472	52	Tahiti	PLACE
42633	472	60	New Caledonia	COUNTRY
42633	472	79	Sydney	CITY
42633	473	145	country	GEONOUN
42633	473	224	ship	GEONOUN
42633	473	323	ship	GEONOUN
42633	473	480	the last minute	TIME
42633	473	594	Australia	COUNTRY
42633	473	678	wharf	GEONOUN
42633	473	699	bar	GEONOUN
42633	474	105	ship	GEONOUN
42633	475	144	every evening	TIME
42633	477	8	Australia	COUNTRY
42633	477	75	Australia	COUNTRY
42633	477	90	the minute	TIME
42633	477	187	ship	GEONOUN
42633	477	259	Poland	COUNTRY
42633	477	567	country	GEONOUN
42633	477	631	college	GEONOUN
42633	477	802	club	GEONOUN
