FileID	AnswerID	StartCharPos	Entity	Type
42801	2	8	Poland	COUNTRY
42801	3	14	the 10th of August, 1931	DATE
42801	4	5	66	DATE
42801	4	17	67	DATE
42801	4	23	August	DATE
42801	5	14	Ostrowiec--	PLACE
42801	5	26	Ostrowiec Swietokrzyski--	PLACE
42801	5	68	Kielce	CITY
42801	5	75	province	GEONOUN
42801	5	104	Poland	COUNTRY
42801	8	48	1893	DATE
42801	15	43	two-year	DATE
42801	15	123	three-year	DATE
42801	16	90	three years	DATE
42801	16	123	two years	DATE
42801	18	70	1942	DATE
42801	19	50	12 years	DATE
42801	19	119	three-year	DATE
42801	19	162	12 to 13 years	DATE
42801	21	77	last week	DATE
42801	21	202	street	GEONOUN
42801	21	231	about four years old	DATE
42801	21	263	four or five years old	DATE
42801	24	127	1936	DATE
42801	24	151	about five--	DATE
42801	24	172	'37	DATE
42801	24	197	'36	DATE
42801	24	208	about five years old	DATE
42801	24	475	Poland	COUNTRY
42801	24	536	town	GEONOUN
42801	24	544	Ostrowiec	PLACE
42801	24	844	the middle '30s	DATE
42801	27	79	Ostrowiec	PLACE
42801	30	87	town	GEONOUN
42801	30	116	a Friday	DATE
42801	30	131	a Saturday	DATE
42801	31	191	those days	DATE
42801	31	282	coach	GEONOUN
42801	31	350	coaches	GEONOUN
42801	31	382	those days	DATE
42801	31	428	coach	GEONOUN
42801	31	492	town	GEONOUN
42801	31	530	station	GEONOUN
42801	32	387	town	GEONOUN
42801	32	413	Ostrowiec	PLACE
42801	33	39	town	GEONOUN
42801	33	51	Zawichost	PLACE
42801	33	85	Vistula	PLACE
42801	33	116	Ostrowiec	PLACE
42801	33	127	Zawichost	PLACE
42801	35	53	coach	GEONOUN
42801	35	216	Zawichost	PLACE
42801	40	15	town	GEONOUN
42801	40	35	town	GEONOUN
42801	40	73	town	GEONOUN
42801	40	137	Jewish	GEONOUN
42801	40	196	Jewish	GEONOUN
42801	40	262	town	GEONOUN
42801	40	416	town	GEONOUN
42801	40	689	town	GEONOUN
42801	40	767	town	GEONOUN
42801	40	858	area	GEONOUN
42801	42	153	bank	GEONOUN
42801	43	115	the '30s--	DATE
42801	43	126	middle to late '	DATE
42801	43	166	factory	GEONOUN
42801	43	193	Polna	PLACE
42801	43	199	road	GEONOUN
42801	43	218	town	GEONOUN
42801	43	269	town	GEONOUN
42801	43	290	five years ago	DATE
42801	43	326	Poland	COUNTRY
42801	43	476	upstairs	GEONOUN
42801	43	500	bungalow	GEONOUN
42801	43	545	ceilings	GEONOUN
42801	43	567	bungalow	GEONOUN
42801	43	591	ground	GEONOUN
42801	43	613	rooms	GEONOUN
42801	45	16	Friday night Shabbat	DATE
42801	47	414	Jewish	GEONOUN
42801	47	451	Central or Eastern Europe	PLACE
42801	47	480	those days	DATE
42801	48	333	school	GEONOUN
42801	49	165	Jewish	GEONOUN
42801	50	528	Jewish	GEONOUN
42801	50	663	Jewish	GEONOUN
42801	51	94	the middle '30s	DATE
42801	51	126	1942	DATE
42801	51	193	October 1942	DATE
42801	51	217	11	DATE
42801	53	96	road	GEONOUN
42801	53	114	street	GEONOUN
42801	54	271	town	GEONOUN
42801	54	325	Jewish school	GEONOUN
42801	54	332	school	GEONOUN
42801	54	358	school	GEONOUN
42801	54	408	town	GEONOUN
42801	55	222	street	GEONOUN
42801	56	101	school	GEONOUN
42801	57	248	school	GEONOUN
42801	57	295	school	GEONOUN
42801	57	330	town	GEONOUN
42801	57	390	city	GEONOUN
42801	57	409	Jewish area	GEONOUN
42801	57	416	area	GEONOUN
42801	57	428	market square	GEONOUN
42801	57	645	passages	GEONOUN
42801	58	6	school	GEONOUN
42801	58	16	Poland	COUNTRY
42801	58	75	the age of seven	DATE
42801	58	106	school	GEONOUN
42801	58	135	September 1938	DATE
42801	58	183	school	GEONOUN
42801	58	203	one-year--	DATE
42801	58	214	one year	DATE
42801	58	226	school	GEONOUN
42801	58	240	1939	DATE
42801	58	247	the summer of 1939	DATE
42801	58	315	house	GEONOUN
42801	58	331	factory	GEONOUN
42801	58	344	school	GEONOUN
42801	58	374	school	GEONOUN
42801	58	439	school	GEONOUN
42801	59	119	school	GEONOUN
42801	60	19	Jewish	GEONOUN
42801	60	76	two years older--	DATE
42801	60	132	Jewish	GEONOUN
42801	60	168	school	GEONOUN
42801	60	182	city	GEONOUN
42801	60	240	Jewish	GEONOUN
42801	61	136	Jewish	GEONOUN
42801	61	179	Jewish	GEONOUN
42801	61	246	school	GEONOUN
42801	63	456	Poland	COUNTRY
42801	63	491	Ukraine	COUNTRY
42801	63	518	Poland	COUNTRY
42801	63	559	Poland	COUNTRY
42801	63	601	the First World War	EVENT
42801	63	703	court	GEONOUN
42801	63	838	the United States	COUNTRY
42801	63	910	court	GEONOUN
42801	66	252	Jewish	GEONOUN
42801	66	373	club	GEONOUN
42801	66	463	club	GEONOUN
42801	66	475	Thames	PLACE
42801	66	485	Hammersmith	PLACE
42801	66	555	Weekends in the summer	DATE
42801	66	602	the week	DATE
42801	66	622	train	GEONOUN
42801	66	636	the day	DATE
42801	66	896	London	CITY
42801	66	928	Leeds	CITY
42801	66	942	Newcastle	CITY
42801	66	1028	London	CITY
42801	69	88	five	DATE
42801	69	94	six	DATE
42801	69	99	seven	DATE
42801	69	106	eight years old	DATE
42801	69	214	States	PLACE
42801	69	227	Canada	COUNTRY
42801	69	237	Australia	COUNTRY
42801	69	285	Israel	COUNTRY
42801	69	342	only this last couple of years	DATE
42801	69	393	London	CITY
42801	69	451	the West Country	PLACE
42801	69	563	a minute	TIME
42801	71	35	architect	GEONOUN
42801	72	33	London	CITY
42801	72	101	the '60s	DATE
42801	72	152	Israel	COUNTRY
42801	72	184	every second year	DATE
42801	72	305	the summer	DATE
42801	72	348	1963	DATE
42801	72	403	coach	GEONOUN
42801	72	417	Israel	COUNTRY
42801	72	427	Eilat	CITY
42801	72	568	Belgium	COUNTRY
42801	72	602	France	COUNTRY
42801	72	630	Belgium	COUNTRY
42801	72	642	Brussels	CITY
42801	72	670	the holiday	DATE
42801	72	700	Brussels	CITY
42801	72	728	London	CITY
42801	72	798	Brussels	CITY
42801	72	848	London	CITY
42801	72	939	a year later	DATE
42801	72	956	1964	DATE
42801	73	21	flat	GEONOUN
42801	73	60	Compayne Gardens	PLACE
42801	73	151	room	GEONOUN
42801	73	183	room	GEONOUN
42801	73	233	Compayne Gardens	PLACE
42801	73	320	maisonette	GEONOUN
42801	73	334	Stanmore	PLACE
42801	73	371	the end of 1964	DATE
42801	73	400	Stanmore	PLACE
42801	74	6	32	DATE
42801	79	99	Jewish	GEONOUN
42801	79	172	Jewish	GEONOUN
42801	79	332	Jewish	GEONOUN
42801	79	456	Jewish	GEONOUN
42801	79	487	Jewish	GEONOUN
42801	79	668	Israel	COUNTRY
42801	79	731	Jewish	GEONOUN
42801	80	20	12 years	DATE
42801	80	75	20	DATE
42801	80	85	32	DATE
42801	82	72	20	DATE
42801	82	83	22	DATE
42801	82	99	10	DATE
42801	84	40	two years	DATE
42801	86	101	26	DATE
42801	88	95	Scotland	PLACE
42801	88	105	Wales	PLACE
42801	88	112	Cornwall	CITY
42801	89	9	25 years ago	DATE
42801	90	9	25, 26 years ago	DATE
42801	92	12	Nottingham	CITY
42801	92	48	Nottingham	CITY
42801	92	78	Nottingham	CITY
42801	92	193	London	CITY
42801	92	237	about seven years ago	DATE
42801	92	276	London	CITY
42801	93	17	London	CITY
42801	93	58	26	DATE
42801	93	74	Nottingham	CITY
42801	94	53	factory	GEONOUN
42801	94	113	factory	GEONOUN
42801	94	128	Nottingham	CITY
42801	94	163	Nottingham	CITY
42801	94	211	Nottingham	CITY
42801	94	249	London	CITY
42801	94	280	Newcastle	CITY
42801	94	294	Cardiff	CITY
42801	94	306	Swansea	CITY
42801	101	41	Perth	CITY
42801	101	51	Australia	COUNTRY
42801	101	309	Cambridge	CITY
42801	101	356	the young age of 25	DATE
42801	102	115	India	COUNTRY
42801	102	239	England	PLACE
42801	102	322	India	COUNTRY
42801	102	428	Australia	COUNTRY
42801	102	527	England	PLACE
42801	102	583	England	PLACE
42801	102	634	Australia	COUNTRY
42801	102	665	Scotland	PLACE
42801	102	779	field	GEONOUN
42801	103	41	spare parts	GEONOUN
42801	103	47	parts	GEONOUN
42801	103	268	Perth	CITY
42801	105	15	estate	GEONOUN
42801	105	46	properties	GEONOUN
42801	105	66	property	GEONOUN
42801	106	23	15 month	DATE
42801	106	35	the 4th-- the 4th of April	DATE
42801	109	71	London	CITY
42801	109	95	Ireland	COUNTRY
42801	109	132	Ireland	COUNTRY
42801	109	194	Australia	COUNTRY
42801	109	220	Australia	COUNTRY
42801	109	244	Australia	COUNTRY
42801	109	374	four-year	DATE
42801	109	522	26	DATE
42801	109	625	New York	US-STATE
42801	110	20	university	GEONOUN
42801	112	269	school	GEONOUN
42801	112	298	Cambridge	CITY
42801	112	485	school	GEONOUN
42801	113	126	synagogue	GEONOUN
42801	113	239	Jewish	GEONOUN
42801	113	296	Jewish	GEONOUN
42801	113	315	Jewish	GEONOUN
42801	114	78	1972	DATE
42801	114	109	about 10 or 11 years ago	DATE
42801	114	179	a couple of years older	DATE
42801	114	257	many, many, many years	DATE
42801	115	215	the age of 58	DATE
42801	115	329	30 years or more	DATE
42801	116	76	1972	DATE
42801	116	154	many years	DATE
42801	117	133	five seconds	TIME
42801	118	143	camps	GEONOUN
42801	119	75	Poland	COUNTRY
42801	119	248	Holocaust	EVENT
42801	119	319	room	GEONOUN
42801	119	331	library	GEONOUN
42801	119	446	Holocaust	EVENT
42801	120	50	about six or seven years ago	DATE
42801	120	127	Poland	COUNTRY
42801	120	150	steps	GEONOUN
42801	120	160	steps	GEONOUN
42801	120	196	Poland	COUNTRY
42801	120	715	Poland	COUNTRY
42801	122	64	1943	DATE
42801	122	86	Vichy	CITY
42801	122	93	France	COUNTRY
42801	122	287	Vichy	CITY
42801	122	294	France	COUNTRY
42801	123	97	Israel	COUNTRY
42801	123	121	school	GEONOUN
42801	123	264	school	GEONOUN
42801	123	274	Brussels	CITY
42801	123	491	'63	DATE
42801	123	528	'63	DATE
42801	125	58	Poland	COUNTRY
42801	125	109	the First World War	EVENT
42801	125	150	Vienna	CITY
42801	125	188	Poland	COUNTRY
42801	130	111	England	PLACE
42801	130	143	club	GEONOUN
42801	137	30	factory	GEONOUN
42801	137	161	Germany	COUNTRY
42801	140	44	upstairs	GEONOUN
42801	141	86	steps	GEONOUN
42801	141	568	steps	GEONOUN
42801	141	688	fall	GEONOUN
42801	141	887	camp	GEONOUN
42801	141	947	camps	GEONOUN
42801	144	73	a few years ago	DATE
42801	144	304	Ostrowiec	PLACE
42801	146	8	recent years	DATE
42801	146	39	Holocaust	EVENT
42801	146	158	town	GEONOUN
42801	147	308	Hollywood	CITY
42801	148	192	Holocaust	EVENT
42801	152	36	Rynek	PLACE
42801	152	47	market square	GEONOUN
42801	152	68	market	GEONOUN
42801	152	94	Ostrowiec	PLACE
42801	152	242	the First World War	EVENT
42801	153	129	a few months	DATE
42801	154	154	a few years later	DATE
42801	154	176	1937	DATE
42801	154	270	'37	DATE
42801	154	293	six years old	DATE
42801	154	457	two years older	DATE
42801	154	504	about eight	DATE
42801	154	544	10	DATE
42801	154	701	six years older	DATE
42801	154	749	about 12	DATE
42801	154	841	about four years older	DATE
42801	154	1024	about eight or nine years	DATE
42801	154	1087	about 16	DATE
42801	154	1130	Ostrowiec	PLACE
42801	154	1199	October 1945	DATE
42801	154	1365	Ostrowiec	PLACE
42801	154	1395	a year later	DATE
42801	154	1409	the following July	DATE
42801	154	1437	Kielce	CITY
42801	154	1465	July 1946	DATE
42801	154	1632	Lódz	PLACE
42801	154	1638	Poland	COUNTRY
42801	154	1648	1946	DATE
42801	154	1738	Poland	COUNTRY
42801	154	1750	five or six years ago	DATE
42801	154	1894	brick factory	GEONOUN
42801	154	1900	factory	GEONOUN
42801	154	1977	ship	GEONOUN
42801	154	2030	Tower Bridge	PLACE
42801	154	2100	Holocaust	EVENT
42801	154	2123	the 29th of March, 1946	DATE
42801	154	2152	bridge	GEONOUN
42801	154	2273	Brussels	CITY
42801	154	2285	1964	DATE
42801	154	2334	synagogue	GEONOUN
42801	154	2390	about 13 years ago	DATE
42801	154	2429	bar	GEONOUN
42801	154	2602	about a year old--	DATE
42801	154	2621	seven months old	DATE
42801	155	10	almost 15 months	DATE
42801	155	36	about seven, eight months ago	DATE
42801	155	128	school	GEONOUN
42801	155	162	Lublin	CITY
42801	155	213	the 30th of June, 1945	DATE
42801	156	130	Jewish	GEONOUN
42801	156	259	brickworks	GEONOUN
42801	157	3	1948	DATE
42801	157	28	May 1948	DATE
42801	157	116	the Polish-- Polish Consulate	PLACE
42801	157	149	London	CITY
42801	157	159	the 25th of May, 1948	DATE
42801	160	343	factory	GEONOUN
42801	160	513	those days	DATE
42801	160	634	factory	GEONOUN
42801	160	651	Vistula	PLACE
42801	160	715	the Vistula River	PLACE
42801	160	734	Zawichost	PLACE
42801	160	754	Vistula	PLACE
42801	160	893	Zawichost	PLACE
42801	160	922	Ostrowiec	PLACE
42801	160	1002	South America	CONTINENT
42801	160	1073	those days	DATE
42801	160	1089	South America	CONTINENT
42801	160	1133	South America	CONTINENT
42801	160	1259	some years later	DATE
42801	160	1399	Kielce	CITY
42801	160	1431	timber yard	GEONOUN
42801	160	1438	yard	GEONOUN
42801	160	1502	those days	DATE
42801	160	1622	Kielce	CITY
42801	160	2165	room	GEONOUN
42801	160	2234	Zawichost	PLACE
42801	160	2459	room	GEONOUN
42801	160	2710	about two or just over two years	DATE
42801	160	2778	four years	DATE
42801	160	2826	four years older	DATE
42801	160	3030	about four or just over four years	DATE
42801	162	29	town	GEONOUN
42801	162	48	Kielce	CITY
42801	162	134	bar	GEONOUN
42801	162	188	Kielce	CITY
42801	162	215	train	GEONOUN
42801	162	255	coach	GEONOUN
42801	164	20	train	GEONOUN
42801	164	47	two hours	TIME
42801	165	17	house	GEONOUN
42801	165	51	house	GEONOUN
42801	165	87	timber yard	GEONOUN
42801	165	94	yard	GEONOUN
42801	165	103	timber factory	GEONOUN
42801	165	110	factory	GEONOUN
42801	166	3	orchard	GEONOUN
42801	166	25	orchard	GEONOUN
42801	166	43	orchard	GEONOUN
42801	167	853	narrow	GEONOUN
42801	167	938	Poland	COUNTRY
42801	168	319	countryside	GEONOUN
42801	168	353	countryside	GEONOUN
42801	168	388	cornfield	GEONOUN
42801	168	543	indoors	GEONOUN
42801	170	49	bar	GEONOUN
42801	170	95	bar	GEONOUN
42801	171	66	four years older	DATE
42801	171	117	13	DATE
42801	171	139	nine	DATE
42801	171	251	two years older	DATE
42801	171	350	bar	GEONOUN
42801	173	34	country	GEONOUN
42801	173	289	ballroom	GEONOUN
42801	173	587	country	GEONOUN
42801	174	49	seaside	GEONOUN
42801	174	165	Germany	COUNTRY
42801	174	188	the summer	DATE
42801	174	207	the summer holidays	DATE
42801	174	246	Kielce	CITY
42801	174	257	Zawichost	PLACE
42801	174	274	Lódz	PLACE
42801	174	451	the holidays	DATE
42801	175	122	Poland	COUNTRY
42801	175	132	winter	DATE
42801	175	385	morning	TIME
42801	175	402	5:00 or 6:00 in the morning	TIME
42801	175	438	pitch	GEONOUN
42801	175	458	those days	DATE
42801	175	472	Poland	COUNTRY
42801	175	518	room	GEONOUN
42801	175	526	room	GEONOUN
42801	175	743	rooms	GEONOUN
42801	176	102	today	DATE
42801	176	395	cottage	GEONOUN
42801	176	545	market	GEONOUN
42801	176	743	market	GEONOUN
42801	176	781	town	GEONOUN
42801	179	13	synagogue	GEONOUN
42801	179	171	Jewish	GEONOUN
42801	179	308	country	GEONOUN
42801	179	572	house	GEONOUN
42801	179	855	Jewish	GEONOUN
42801	180	115	institution	GEONOUN
42801	180	155	town	GEONOUN
42801	182	195	Jewish	GEONOUN
42801	183	142	town	GEONOUN
42801	183	284	pass	GEONOUN
42801	183	296	Jewish	GEONOUN
42801	183	406	foot	GEONOUN
42801	183	499	foot	GEONOUN
42801	183	644	street	GEONOUN
42801	183	677	Jewish cemetery	GEONOUN
42801	183	684	cemetery	GEONOUN
42801	183	722	town	GEONOUN
42801	183	1103	those days	DATE
42801	183	1123	houses	GEONOUN
42801	183	1362	'39, '39	DATE
42801	183	1378	seven or eight years old	DATE
42801	183	2099	Easter	DATE
42801	183	2397	area	GEONOUN
42801	191	606	factory	GEONOUN
42801	193	180	Poland	COUNTRY
42801	193	252	Poland	COUNTRY
42801	193	426	Poland	COUNTRY
42801	193	524	Poland	COUNTRY
42801	193	665	Poland	COUNTRY
42801	195	49	America	COUNTRY
42801	195	163	Germany	COUNTRY
42801	195	241	the First World War	EVENT
42801	195	321	Germany	COUNTRY
42801	195	348	Germany	COUNTRY
42801	195	469	nearly every year	DATE
42801	195	578	Germany	COUNTRY
42801	195	769	Germany	COUNTRY
42801	195	879	Germany	COUNTRY
42801	197	295	factory	GEONOUN
42801	197	310	city	GEONOUN
42801	197	339	street	GEONOUN
42801	197	432	24 hours	TIME
42801	197	514	several days	DATE
42801	197	568	a Saturday	DATE
42801	197	806	overnight	TIME
42801	197	865	synagogue	GEONOUN
42801	197	955	Friday	DATE
42801	197	962	night	TIME
42801	197	1350	Friday	DATE
42801	197	1357	night	TIME
42801	197	1382	Saturday	DATE
42801	197	1431	Sabbath	DATE
42801	197	1755	neck	GEONOUN
42801	197	2398	town	GEONOUN
42801	197	2411	market square	GEONOUN
42801	197	2665	Poland	COUNTRY
42801	197	2694	town	GEONOUN
42801	197	3123	one day	DATE
42801	197	3152	one night	TIME
42801	197	3475	Saturday	DATE
42801	197	3565	pub	GEONOUN
42801	197	3638	Jewish	GEONOUN
42801	197	3719	those days	DATE
42801	197	3834	one night	TIME
42801	197	3942	Saturday	DATE
42801	197	3951	night	TIME
42801	197	3986	late at night	TIME
42801	197	4014	the whole evening	TIME
42801	197	4080	alehouse	GEONOUN
42801	197	4096	the day	DATE
42801	197	4233	those days--	DATE
42801	197	4278	summer	DATE
42801	198	233	Germany	COUNTRY
42801	198	267	Poland	COUNTRY
42801	198	291	corridor	GEONOUN
42801	198	446	Germany	COUNTRY
42801	200	166	Jewish	GEONOUN
42801	200	183	Germany	COUNTRY
42801	200	210	Kristallnacht	EVENT
42801	200	272	Germany	COUNTRY
42801	200	324	reach	GEONOUN
42801	200	335	country	GEONOUN
42801	200	367	Hull	PLACE
42801	200	465	Jewish	GEONOUN
42801	200	638	concentration camps	GEONOUN
42801	200	708	Germany	COUNTRY
42801	201	17	Ostrowiec	PLACE
42801	201	47	a few days	DATE
42801	201	88	less than a week	DATE
42801	201	132	area	GEONOUN
42801	201	191	area	GEONOUN
42801	201	442	factory	GEONOUN
42801	201	495	camp	GEONOUN
42801	201	544	factory building	GEONOUN
42801	201	552	building	GEONOUN
42801	201	626	barracks	GEONOUN
42801	201	656	barracks	GEONOUN
42801	201	673	brick	GEONOUN
42801	202	58	the First World War	EVENT
42801	202	93	school	GEONOUN
42801	202	314	camp	GEONOUN
42801	202	390	some hours later--	TIME
42801	202	444	area	GEONOUN
42801	202	494	hours	TIME
42801	202	1115	camps	GEONOUN
42801	202	1377	tents	GEONOUN
42801	204	209	a few weeks	DATE
42801	204	277	tents	GEONOUN
42801	204	358	town	GEONOUN
42801	205	75	town	GEONOUN
42801	205	113	nearly every day	DATE
42801	205	166	town	GEONOUN
42801	205	238	street	GEONOUN
42801	205	278	days	DATE
42801	205	319	town	GEONOUN
42801	205	352	town	GEONOUN
42801	205	639	street	GEONOUN
42801	205	849	weeks	DATE
42801	205	909	street	GEONOUN
42801	205	1099	a minute	TIME
42801	205	1200	city	GEONOUN
42801	206	27	school	GEONOUN
42801	206	56	school	GEONOUN
42801	206	115	early September	DATE
42801	206	152	school	GEONOUN
42801	206	194	school	GEONOUN
42801	206	225	one year	DATE
42801	206	237	school	GEONOUN
42801	206	245	the previous year	DATE
42801	206	285	school	GEONOUN
42801	206	332	school	GEONOUN
42801	206	385	building	GEONOUN
42801	206	551	school	GEONOUN
42801	207	106	town	GEONOUN
42801	207	163	street	GEONOUN
42801	207	201	town	GEONOUN
42801	207	237	street	GEONOUN
42801	207	832	street	GEONOUN
42801	208	114	town	GEONOUN
42801	208	134	Jewish	GEONOUN
42801	208	226	barracks	GEONOUN
42801	208	236	some years earlier	DATE
42801	208	263	town	GEONOUN
42801	208	291	premises	GEONOUN
42801	208	443	countryside	GEONOUN
42801	208	484	Jewish	GEONOUN
42801	208	509	Jewish	GEONOUN
42801	209	111	town	GEONOUN
42801	211	43	ghetto	GEONOUN
42801	211	125	these days--	DATE
42801	211	141	the autumn of-- summer	DATE
42801	211	165	autumn of 1940	DATE
42801	211	185	ghetto	GEONOUN
42801	211	228	city	GEONOUN
42801	211	300	area	GEONOUN
42801	211	366	town	GEONOUN
42801	211	455	ghetto	GEONOUN
42801	212	149	Jewish council	GEONOUN
42801	212	156	council	GEONOUN
42801	212	313	a certain date	DATE
42801	212	374	some weeks earlier--	DATE
42801	212	523	Ostrowiec	PLACE
42801	212	609	Ostrowiec	PLACE
42801	212	670	area	GEONOUN
42801	212	710	ghetto	GEONOUN
42801	214	616	ghetto	GEONOUN
42801	214	680	street	GEONOUN
42801	214	781	house	GEONOUN
42801	214	1063	room	GEONOUN
42801	214	1077	house	GEONOUN
42801	214	1179	room	GEONOUN
42801	214	1207	room	GEONOUN
42801	214	1295	Kielce	CITY
42801	214	1411	ghetto	GEONOUN
42801	215	223	room	GEONOUN
42801	216	152	surroundings	GEONOUN
42801	217	150	school	GEONOUN
42801	217	635	Poznán	PLACE
42801	217	645	Posen	PLACE
42801	218	118	Posen	PLACE
42801	218	169	Jewish	GEONOUN
42801	218	323	that first year	DATE
42801	218	404	town	GEONOUN
42801	219	290	the age of 10	DATE
42801	219	314	10	DATE
42801	219	499	area	GEONOUN
42801	219	605	Jewish	GEONOUN
42801	219	658	town	GEONOUN
42801	219	807	ghetto	GEONOUN
42801	219	874	area	GEONOUN
42801	220	21	ghetto	GEONOUN
42801	220	183	Jewish	GEONOUN
42801	220	209	town	GEONOUN
42801	222	70	Jewish	GEONOUN
42801	225	94	ghetto	GEONOUN
42801	225	195	days	DATE
42801	225	286	street	GEONOUN
42801	225	364	ghetto	GEONOUN
42801	225	465	'41	DATE
42801	225	561	parts	GEONOUN
42801	225	577	brick walls	GEONOUN
42801	225	583	walls	GEONOUN
42801	225	605	houses	GEONOUN
42801	225	630	houses	GEONOUN
42801	225	656	ghetto	GEONOUN
42801	225	673	brick	GEONOUN
42801	225	694	parts	GEONOUN
42801	225	725	fence	GEONOUN
42801	225	1243	Jewish	GEONOUN
42801	228	3	1941	DATE
42801	228	20	10 years old	DATE
42801	229	538	community	GEONOUN
42801	231	45	the 11th of October, 1942	DATE
42801	232	196	1941	DATE
42801	232	341	Jewish	GEONOUN
42801	232	745	below the age of 15 or so	DATE
42801	232	774	16	DATE
42801	233	233	Warsaw	CITY
42801	233	253	some months	DATE
42801	233	287	ghetto	GEONOUN
42801	233	306	Warsaw	CITY
42801	233	330	only 18	DATE
42801	233	370	Warsaw	CITY
42801	233	406	the end of '41	DATE
42801	233	424	early in '42	DATE
42801	233	450	Warsaw	CITY
42801	233	508	safe house	GEONOUN
42801	233	680	ghetto	GEONOUN
42801	233	705	Warsaw	CITY
42801	233	806	Warsaw	CITY
42801	235	155	Warsaw	CITY
42801	236	68	Warsaw	CITY
42801	236	190	shelter	GEONOUN
42801	237	9	those early days	DATE
42801	237	63	ghetto	GEONOUN
42801	237	278	night	TIME
42801	237	340	night	TIME
42801	237	368	the next day	DATE
42801	237	396	Warsaw	CITY
42801	239	31	a few weeks	DATE
42801	239	259	1942	DATE
42801	239	265	Germany	COUNTRY
42801	239	293	Russia	COUNTRY
42801	239	327	Russia	COUNTRY
42801	239	404	country	GEONOUN
42801	239	907	the 11th--	DATE
42801	239	927	the 11th of October 1942	DATE
42801	239	1057	town	GEONOUN
42801	239	1081	Ostrowiec	PLACE
42801	239	1188	Lublin	CITY
42801	239	1242	a few months earlier	DATE
42801	239	1280	July of that year	DATE
42801	239	1313	'42	DATE
42801	239	1397	town	GEONOUN
42801	239	1507	Lublin	CITY
42801	239	1553	Ostrowiec	PLACE
42801	239	2022	area	GEONOUN
42801	239	2030	area	GEONOUN
42801	239	2051	Ostrowiec	PLACE
42801	239	2126	October '42	DATE
42801	240	56	brickworks	GEONOUN
42801	240	74	brickworks	GEONOUN
42801	240	111	bricks	GEONOUN
42801	240	178	complex	GEONOUN
42801	241	24	the early morning	TIME
42801	241	43	each morning	TIME
42801	241	167	night	TIME
42801	241	217	ghetto	GEONOUN
42801	241	248	ghetto	GEONOUN
42801	241	432	Judenrate	PLACE
42801	242	34	the 11th of October	DATE
42801	242	501	hiding place	GEONOUN
42801	242	609	house	GEONOUN
42801	242	669	house	GEONOUN
42801	242	721	timber yard	GEONOUN
42801	242	728	yard	GEONOUN
42801	242	740	ghetto	GEONOUN
42801	242	777	house	GEONOUN
42801	242	947	cage	GEONOUN
42801	242	1060	ghetto	GEONOUN
42801	242	1074	'41	DATE
42801	242	1091	'42	DATE
42801	242	1170	cage	GEONOUN
42801	242	1283	building	GEONOUN
42801	242	1307	hideout	GEONOUN
42801	242	1570	many weeks	DATE
42801	242	1588	October '42	DATE
42801	242	1624	night	TIME
42801	242	1668	timber yard	GEONOUN
42801	242	1675	yard	GEONOUN
42801	242	1705	fence	GEONOUN
42801	242	1747	road	GEONOUN
42801	242	1837	house	GEONOUN
42801	242	1875	hole	GEONOUN
42801	242	2050	house	GEONOUN
42801	242	2123	corner	GEONOUN
42801	242	2138	hole	GEONOUN
42801	242	2150	ground	GEONOUN
42801	242	2200	roof	GEONOUN
42801	242	2272	shack	GEONOUN
42801	242	2285	timber yard	GEONOUN
42801	242	2292	yard	GEONOUN
42801	242	2328	roof	GEONOUN
42801	242	2416	timber	GEONOUN
42801	242	2450	the night--	TIME
42801	242	2465	the night before the 11th of	TIME
42801	243	144	Warsaw	CITY
42801	243	811	the next morning	TIME
42801	243	831	the 11th of October	DATE
42801	243	910	street	GEONOUN
42801	243	1026	the middle of October	DATE
42801	243	1057	the middle of October	DATE
42801	243	1082	Poland	COUNTRY
42801	243	1111	that year	DATE
42801	243	1448	waste	GEONOUN
42801	243	1461	corner	GEONOUN
42801	243	1549	a couple of weeks	DATE
42801	243	1809	the next few days	DATE
42801	243	2070	about three days	DATE
42801	243	2319	nearly a week	DATE
42801	243	2440	town	GEONOUN
42801	243	2459	Judenrein	PLACE
42801	243	2896	one day	DATE
42801	243	2905	one early morning	TIME
42801	243	2930	about a week	DATE
42801	243	2956	hole	GEONOUN
42801	243	3223	timber	GEONOUN
42801	243	3273	roof	GEONOUN
42801	243	3425	a week	DATE
42801	244	24	quite a few hours	TIME
42801	246	932	timber yard	GEONOUN
42801	246	939	yard	GEONOUN
42801	246	1013	factory	GEONOUN
42801	246	1032	basement	GEONOUN
42801	246	1055	factory	GEONOUN
42801	246	1095	windows	GEONOUN
42801	246	1521	town	GEONOUN
42801	246	1529	town	GEONOUN
42801	246	1745	a mine	GEONOUN
42801	246	2054	ghetto	GEONOUN
42801	246	2119	ghetto	GEONOUN
42801	246	2241	town	GEONOUN
42801	246	2877	about 80 years old	DATE
42801	246	3003	the morning	TIME
42801	246	3033	aktion	EVENT
42801	246	3144	hill	GEONOUN
42801	246	3161	cemetery	GEONOUN
42801	246	3183	Jewish cemetery	GEONOUN
42801	246	3190	cemetery	GEONOUN
42801	246	3259	grave	GEONOUN
42801	246	3447	town	GEONOUN
42801	246	3683	town	GEONOUN
42801	246	3764	a few months or so	DATE
42801	246	4135	ghetto	GEONOUN
42801	246	4155	ghetto	GEONOUN
42801	246	4286	grave	GEONOUN
42801	246	4443	a few days after	DATE
42801	246	5015	October '42	DATE
42801	246	5033	February of '43	DATE
42801	246	5064	ghetto	GEONOUN
42801	246	5105	ghetto	GEONOUN
42801	246	5142	houses	GEONOUN
42801	246	5153	cellars	GEONOUN
42801	246	5165	lofts	GEONOUN
42801	246	5267	the evening	TIME
42801	246	5372	ghetto	GEONOUN
42801	246	5464	cellars	GEONOUN
42801	246	5623	February	DATE
42801	246	5687	mount	GEONOUN
42801	246	5721	ghetto	GEONOUN
42801	246	5848	country	GEONOUN
42801	246	5956	ghetto	GEONOUN
42801	246	6178	brickworks	GEONOUN
42801	246	6209	narrow	GEONOUN
42801	246	6229	railway	GEONOUN
42801	246	6382	at least a few-- a few weeks	DATE
42801	246	6419	a few weeks	DATE
42801	246	6432	a few days	DATE
42801	246	6703	any day	DATE
42801	246	6718	the agreed night--	TIME
42801	246	6740	the appointed night	TIME
42801	246	6774	hole	GEONOUN
42801	246	6789	fence	GEONOUN
42801	246	6802	ghetto	GEONOUN
42801	246	6860	night	TIME
42801	246	6908	house	GEONOUN
42801	246	7380	ghetto	GEONOUN
42801	246	7412	ghetto	GEONOUN
42801	246	7699	ghetto	GEONOUN
42801	246	7812	house	GEONOUN
42801	246	7836	house	GEONOUN
42801	246	7854	house	GEONOUN
42801	246	7886	ghetto	GEONOUN
42801	246	7926	ghetto	GEONOUN
42801	246	7971	ghetto	GEONOUN
42801	246	8044	house	GEONOUN
42801	246	8069	house	GEONOUN
42801	246	8282	house	GEONOUN
42801	246	8315	spare	GEONOUN
42801	246	8351	lock	GEONOUN
42801	246	8419	two or three days	DATE
42801	246	8487	the night	TIME
42801	246	8619	two or three years	DATE
42801	246	8779	the 10th--	DATE
42801	246	8805	the 10th of February	DATE
42801	246	8940	house	GEONOUN
42801	246	9025	houses	GEONOUN
42801	246	9055	ghetto	GEONOUN
42801	246	9096	ghetto	GEONOUN
42801	246	9315	house	GEONOUN
42801	246	9324	night	TIME
42801	246	9333	the middle of the night	TIME
42801	246	9603	ghetto	GEONOUN
42801	246	9713	lofts	GEONOUN
42801	246	9794	March	DATE
42801	246	9806	only a month later	DATE
42801	246	9832	The end of March--	DATE
42801	246	9851	almost two months later	DATE
42801	246	9876	The end of March 1943	DATE
42801	246	9958	ghetto	GEONOUN
42801	246	10047	ghetto	GEONOUN
42801	246	10084	barracks	GEONOUN
42801	246	10101	town	GEONOUN
42801	246	10265	ghetto	GEONOUN
42801	246	10346	hiding place	GEONOUN
42801	246	10417	works	GEONOUN
42801	246	10456	brickworks	GEONOUN
42801	246	10551	complex	GEONOUN
42801	246	10611	ghetto	GEONOUN
42801	246	10668	area	GEONOUN
42801	246	10761	area	GEONOUN
42801	246	10775	brickworks	GEONOUN
42801	246	10873	a few days before	DATE
42801	246	10894	the end of March	DATE
42801	246	10931	Jeger	PLACE
42801	246	10957	ghetto	GEONOUN
42801	246	10972	the 1st of April	DATE
42801	246	10994	ghetto	GEONOUN
42801	246	11073	camp	GEONOUN
42801	246	11100	camp	GEONOUN
42801	246	11113	town	GEONOUN
42801	246	11256	swamp	GEONOUN
42801	246	11319	swamp	GEONOUN
42801	246	11347	dry land	GEONOUN
42801	246	11578	end of March	DATE
42801	246	11592	early April	DATE
42801	246	11607	Poland	COUNTRY
42801	246	11695	brickworks area	GEONOUN
42801	246	11706	area	GEONOUN
42801	246	11743	buildings	GEONOUN
42801	248	89	'43	DATE
42801	248	111	12	DATE
42801	248	140	March	DATE
42801	248	165	12	DATE
42801	248	176	August	DATE
42801	248	193	11	DATE
42801	248	197	11	DATE
42801	249	303	Today	DATE
42801	251	56	ghetto	GEONOUN
42801	251	87	ghetto	GEONOUN
42801	251	220	camp	GEONOUN
42801	251	230	one day	DATE
42801	251	354	brickworks	GEONOUN
42801	252	583	camp	GEONOUN
42801	252	699	Warsaw	CITY
42801	255	158	houses	GEONOUN
42801	255	182	complex	GEONOUN
42801	255	195	buildings	GEONOUN
42801	255	217	buildings	GEONOUN
42801	255	253	night	TIME
42801	255	272	early morning	TIME
42801	255	448	barn	GEONOUN
42801	255	565	barn	GEONOUN
42801	255	575	barn	GEONOUN
42801	255	614	fell	GEONOUN
42801	255	647	a few hours later	TIME
42801	255	666	the next morning	TIME
42801	255	1007	ghetto	GEONOUN
42801	255	1049	ghetto	GEONOUN
42801	255	1080	barn	GEONOUN
42801	255	1112	a couple of weeks	DATE
42801	255	1218	barn	GEONOUN
42801	255	1278	about 10 days	DATE
42801	255	1345	a week	DATE
42801	255	1355	two weeks	DATE
42801	255	1386	months	DATE
42801	255	1413	10 days	DATE
42801	255	1426	one early morning	TIME
42801	255	1632	barn	GEONOUN
42801	255	1792	corner	GEONOUN
42801	255	1806	barn	GEONOUN
42801	255	2183	village	GEONOUN
42801	255	2199	village	GEONOUN
42801	255	2263	bushes	GEONOUN
42801	255	2276	the night	TIME
42801	255	2317	brickworks area	GEONOUN
42801	255	2328	area	GEONOUN
42801	255	2558	town	GEONOUN
42801	255	2581	forest	GEONOUN
42801	255	2682	town	GEONOUN
42801	255	2714	town	GEONOUN
42801	255	2753	ghetto	GEONOUN
42801	256	178	town	GEONOUN
42801	256	225	ghetto	GEONOUN
42801	256	256	Konin	CITY
42801	256	273	Vienna	CITY
42801	256	414	town	GEONOUN
42801	256	545	narrow	GEONOUN
42801	256	643	brickworks	GEONOUN
42801	256	707	area	GEONOUN
42801	256	831	Izak	PLACE
42801	256	1036	four or five years	DATE
42801	256	1071	four years	DATE
42801	256	1210	that day	DATE
42801	256	1252	May Day	DATE
42801	256	1294	a special day	DATE
42801	256	1316	a lovely sunny day	DATE
42801	256	1363	bushes	GEONOUN
42801	256	2135	fence	GEONOUN
42801	256	2339	scar	GEONOUN
42801	256	2407	fell	GEONOUN
42801	256	2462	fell	GEONOUN
42801	256	2651	Jewish	GEONOUN
42801	256	2795	Jewish	GEONOUN
42801	256	2918	Jewish	GEONOUN
42801	256	3140	camp	GEONOUN
42801	256	3389	camp	GEONOUN
42801	256	3403	Jewish	GEONOUN
42801	256	3467	brickworks	GEONOUN
42801	256	3614	brick factory	GEONOUN
42801	256	3620	factory	GEONOUN
42801	257	220	properties	GEONOUN
42801	257	367	brickworks	GEONOUN
42801	257	522	camp	GEONOUN
42801	258	119	Belsen	PLACE
42801	258	129	Auschwitz	CAMP
42801	258	202	labor camp	GEONOUN
42801	258	608	camp	GEONOUN
42801	259	7	camp	GEONOUN
42801	259	119	Jewish	GEONOUN
42801	259	159	camp	GEONOUN
42801	259	255	Jewish	GEONOUN
42801	259	284	ghetto	GEONOUN
42801	259	358	town	GEONOUN
42801	259	430	town	GEONOUN
42801	261	67	camp	GEONOUN
42801	261	564	camp	GEONOUN
42801	262	177	Appellplatz	PLACE
42801	266	9	camp	GEONOUN
42801	266	36	Jeger	PLACE
42801	266	85	rough	GEONOUN
42801	266	161	camp	GEONOUN
42801	266	183	Jeger	PLACE
42801	266	195	the summer of 1943	DATE
42801	266	215	late summer of '43	DATE
42801	266	260	hiding place	GEONOUN
42801	266	383	foot	GEONOUN
42801	266	396	ground	GEONOUN
42801	266	440	camps	GEONOUN
42801	266	492	hollow	GEONOUN
42801	266	519	Ostrowiec	PLACE
42801	266	569	foot	GEONOUN
42801	266	593	ground	GEONOUN
42801	266	633	hollow	GEONOUN
42801	266	724	soil	GEONOUN
42801	266	844	camp	GEONOUN
42801	266	967	Jeger	PLACE
42801	266	994	camp	GEONOUN
42801	266	1134	camp	GEONOUN
42801	266	1252	camp	GEONOUN
42801	266	1517	camp	GEONOUN
42801	266	1711	camp	GEONOUN
42801	266	1807	ghetto	GEONOUN
42801	266	1859	Jeger	PLACE
42801	266	1872	brickworks	GEONOUN
42801	266	2108	the night	TIME
42801	266	2241	early in the morning	TIME
42801	266	2265	reveille	PLACE
42801	266	2422	board	GEONOUN
42801	266	2506	board	GEONOUN
42801	266	2542	early in the morning	TIME
42801	266	2749	the day	DATE
42801	266	2836	room	GEONOUN
42801	266	3466	the end of that year	DATE
42801	266	3502	late summer--	DATE
42801	266	3522	the winter,	DATE
42801	266	3534	the end of that year	DATE
42801	266	3603	Warsaw	CITY
42801	267	247	town	GEONOUN
42801	267	278	camps	GEONOUN
42801	267	290	Skarzysko-Kamienna	PLACE
42801	267	365	camps	GEONOUN
42801	267	864	Holland	CITY
42801	267	878	Holland	CITY
42801	270	140	camps	GEONOUN
42801	270	943	Ostrowiec	PLACE
42801	271	357	1943	DATE
42801	271	458	Warsaw	CITY
42801	271	508	1943	DATE
42801	271	538	pass	GEONOUN
42801	271	559	Warsaw	CITY
42801	271	588	two years	DATE
42801	271	642	ghetto	GEONOUN
42801	273	28	'43	DATE
42801	273	42	12	DATE
42801	273	52	14	DATE
42801	274	340	any minute	TIME
42801	275	375	ghetto	GEONOUN
42801	275	401	ghetto	GEONOUN
42801	275	1002	the end of '43	DATE
42801	275	1083	Poland	COUNTRY
42801	275	1107	Treblinka	PLACE
42801	275	1121	Auschwitz	CAMP
42801	275	1238	camp	GEONOUN
42801	275	1253	camp	GEONOUN
42801	275	1277	Auschwitz	CAMP
42801	275	1356	the end of '43	DATE
42801	275	1401	early August '44	DATE
42801	275	1422	a good six months later	DATE
42801	275	1494	camp	GEONOUN
42801	275	1548	the end of '43	DATE
42801	277	37	'	DATE
42801	277	38	43	DATE
42801	277	120	Russia	COUNTRY
42801	277	130	Stalingrad	PLACE
42801	277	455	Europe	CONTINENT
42801	277	487	mainland	GEONOUN
42801	277	508	'43	DATE
42801	278	76	Ostrowiec	PLACE
42801	278	100	Treblinka	PLACE
42801	281	3	Warsaw	CITY
42801	282	100	Warsaw	CITY
42801	282	466	brickworks	GEONOUN
42801	282	610	railway	GEONOUN
42801	282	651	Warsaw	CITY
42801	282	746	one morning	TIME
42801	282	759	early morning	TIME
42801	282	822	5 or 6 o'clock in the morning	TIME
42801	282	853	Reveille	PLACE
42801	282	869	5:00	TIME
42801	282	1061	camp	GEONOUN
42801	282	1302	yards	GEONOUN
42801	282	1363	factory	GEONOUN
42801	282	1372	sugar refinery	GEONOUN
42801	282	1577	Warsaw	CITY
42801	282	1620	Jewish	GEONOUN
42801	282	1716	Warsaw	CITY
42801	283	121	a few hours	TIME
42801	283	148	pass	GEONOUN
42801	283	172	3 SECONDS	TIME
42801	283	448	camp	GEONOUN
42801	283	772	Ostrowiec	PLACE
42801	283	827	ghetto	GEONOUN
42801	283	870	camp	GEONOUN
42801	283	895	home ground	GEONOUN
42801	283	1182	camp	GEONOUN
42801	283	1449	station	GEONOUN
42801	283	1490	houses	GEONOUN
42801	283	1509	cottages	GEONOUN
42801	283	1634	railway station	GEONOUN
42801	283	1642	station	GEONOUN
42801	283	1665	area	GEONOUN
42801	283	1941	Jewish	GEONOUN
42801	283	1996	station	GEONOUN
42801	283	2918	train	GEONOUN
42801	283	2957	carriage	GEONOUN
42801	283	3017	carriage	GEONOUN
42801	283	3124	station	GEONOUN
42801	283	3200	train	GEONOUN
42801	283	3236	Warsaw	CITY
42801	283	3522	train	GEONOUN
42801	283	3542	room	GEONOUN
42801	283	3581	corridor	GEONOUN
42801	283	3652	corridor	GEONOUN
42801	283	3724	corridor	GEONOUN
42801	283	3832	carriage	GEONOUN
42801	283	3866	room	GEONOUN
42801	283	4113	station	GEONOUN
42801	283	5135	station	GEONOUN
42801	283	5161	bushes	GEONOUN
42801	283	5236	steps	GEONOUN
42801	283	5317	Jewish	GEONOUN
42801	283	5535	corridors	GEONOUN
42801	283	5988	train	GEONOUN
42801	283	6084	the end ?] of '43	DATE
42801	283	6158	Germany	COUNTRY
42801	283	6234	train	GEONOUN
42801	283	6297	corner	GEONOUN
42801	283	6430	train	GEONOUN
42801	283	6464	train	GEONOUN
42801	283	6484	station	GEONOUN
42801	283	6578	platform	GEONOUN
42801	283	6643	Germany	COUNTRY
42801	283	6772	train	GEONOUN
42801	283	6888	train	GEONOUN
42801	283	6959	Warsaw	CITY
42801	283	7215	Ostrowiec	PLACE
42801	283	7325	Jewish	GEONOUN
42801	284	170	Christmastime	DATE
42801	284	192	that period	DATE
42801	284	241	room	GEONOUN
42801	284	402	a couple of days	DATE
42801	284	447	Ostrowiec	PLACE
42801	284	470	camp	GEONOUN
42801	284	486	Jeger	PLACE
42801	284	509	a couple of days later	DATE
42801	287	46	Germany	COUNTRY
42801	287	118	Germany	COUNTRY
42801	287	273	Jewish	GEONOUN
42801	287	301	Germany	COUNTRY
42801	287	340	Poland	COUNTRY
42801	287	454	street	GEONOUN
42801	287	464	Warsaw	CITY
42801	287	490	Germany	COUNTRY
42801	287	667	Ostrowiec	PLACE
42801	287	792	room	GEONOUN
42801	287	838	a couple of days later	DATE
42801	287	1116	station	GEONOUN
42801	287	1454	the whole night	TIME
42801	287	1505	the next day	DATE
42801	287	1519	That night	TIME
42801	287	1671	the next day	DATE
42801	287	2027	state	GEONOUN
42801	287	2211	train	GEONOUN
42801	287	2245	railway station	GEONOUN
42801	287	2253	station	GEONOUN
42801	287	2437	Anin	PLACE
42801	288	32	Praga	PLACE
42801	288	39	Praga	PLACE
42801	288	60	Warsaw	CITY
42801	288	82	bank	GEONOUN
42801	288	94	Vistula	PLACE
42801	288	107	Praga	PLACE
42801	288	289	Poland	COUNTRY
42801	288	365	street	GEONOUN
42801	288	391	street	GEONOUN
42801	288	462	street	GEONOUN
42801	288	558	the next few months	DATE
42801	289	15	Jewish	GEONOUN
42801	289	621	Poland	COUNTRY
42801	289	976	those days	DATE
42801	289	1145	the next few months	DATE
42801	289	1177	Christmastime '43	DATE
42801	289	1201	August the 1st, 1944	DATE
42801	289	1298	room	GEONOUN
42801	289	1505	block	GEONOUN
42801	289	1514	flats	GEONOUN
42801	289	1584	flat	GEONOUN
42801	289	1632	landing	GEONOUN
42801	289	1912	flat	GEONOUN
42801	289	2192	night	TIME
42801	289	2702	room	GEONOUN
42801	289	2766	room	GEONOUN
42801	289	2830	rooms	GEONOUN
42801	289	2910	every few days	DATE
42801	290	71	30s	DATE
42801	290	92	30s	DATE
42801	291	83	ghetto	GEONOUN
42801	291	375	market	GEONOUN
42801	292	39	Warsaw	CITY
42801	292	584	those days	DATE
42801	293	99	camp	GEONOUN
42801	293	132	camp	GEONOUN
42801	293	168	Warsaw	CITY
42801	293	260	Warsaw	CITY
42801	293	298	Warsaw	CITY
42801	293	305	a few months later	DATE
42801	293	338	the end of '43	DATE
42801	294	0	--April	DATE
42801	295	0	A few--	DATE
42801	295	8	April, May	DATE
42801	295	20	a few months earlier	DATE
42801	295	56	Warsaw	CITY
42801	295	178	the day	DATE
42801	295	262	Easter	DATE
42801	295	288	ghetto walls	GEONOUN
42801	295	295	walls	GEONOUN
42801	295	474	Jewish	GEONOUN
42801	295	542	Jewish	GEONOUN
42801	295	960	ghetto	GEONOUN
42801	295	1092	ghetto	GEONOUN
42801	295	1114	Warsaw	CITY
42801	295	1137	a few months earlier	DATE
42801	295	1355	May of '44	DATE
42801	295	1396	spring	GEONOUN
42801	295	1406	summer	DATE
42801	295	1515	night	TIME
42801	295	1558	May-- May	DATE
42801	295	1579	early June '44	DATE
42801	295	1710	roof	GEONOUN
42801	295	1840	early morning	TIME
42801	295	1860	early that morning	TIME
42801	295	1952	house	GEONOUN
42801	295	1961	house	GEONOUN
42801	295	2319	the night before	TIME
42801	295	2337	early that morning	TIME
42801	295	2385	house	GEONOUN
42801	295	2419	bushes	GEONOUN
42801	295	3113	downstairs	GEONOUN
42801	295	3171	room	GEONOUN
42801	295	3193	rooms	GEONOUN
42801	295	3272	room	GEONOUN
42801	295	3299	ceiling	GEONOUN
42801	295	3334	ceiling	GEONOUN
42801	295	3605	chain	GEONOUN
42801	295	3624	neck	GEONOUN
42801	295	3713	room	GEONOUN
42801	295	4089	field	GEONOUN
42801	295	4315	Jewish	GEONOUN
42801	295	4986	Jewish	GEONOUN
42801	295	5500	room	GEONOUN
42801	295	5650	narrow	GEONOUN
42801	296	22	Sunday	DATE
42801	296	73	every second or third Sunday	DATE
42801	296	626	cafe	GEONOUN
42801	296	648	cafe	GEONOUN
42801	296	660	Warsaw	CITY
42801	296	667	cafe	GEONOUN
42801	296	878	Jewish	GEONOUN
42801	296	1276	Jewish	GEONOUN
42801	296	1434	house	GEONOUN
42801	296	1453	house	GEONOUN
42801	296	1578	roof	GEONOUN
42801	296	1667	Jewish	GEONOUN
42801	296	1755	one day	DATE
42801	296	1798	flat	GEONOUN
42801	296	1820	house	GEONOUN
42801	296	2061	house	GEONOUN
42801	296	2198	foot	GEONOUN
42801	296	2849	works	GEONOUN
42801	296	2956	Jewish	GEONOUN
42801	296	3549	hall	GEONOUN
42801	296	4063	house	GEONOUN
42801	296	4710	Jewish	GEONOUN
42801	296	4740	Jewish	GEONOUN
42801	296	5515	Warsaw	CITY
42801	296	5675	a week later	DATE
42801	298	64	Anin	PLACE
42801	298	120	Warsaw	CITY
42801	298	131	the West Bank	PLACE
42801	298	173	Warsaw	CITY
42801	298	266	Warsaw	CITY
42801	298	633	room	GEONOUN
42801	298	658	house	GEONOUN
42801	298	667	Warsaw	CITY
42801	298	708	flats	GEONOUN
42801	298	715	block	GEONOUN
42801	298	724	flats	GEONOUN
42801	298	819	house	GEONOUN
42801	298	1467	some days	DATE
42801	298	1872	pass	GEONOUN
42801	298	2058	One night	TIME
42801	298	2304	that night	TIME
42801	299	136	courtyard	GEONOUN
42801	299	377	Jewish	GEONOUN
42801	299	592	Jewish	GEONOUN
42801	299	761	Szucha	PLACE
42801	299	852	Szucha Avenue	PLACE
42801	299	990	Szucha Avenue	PLACE
42801	299	1023	street	GEONOUN
42801	299	1099	Szucha Avenue	PLACE
42801	299	1249	Jewish	GEONOUN
42801	299	1454	Jewish	GEONOUN
42801	299	1647	Jewish	GEONOUN
42801	302	252	Jewish	GEONOUN
42801	302	360	road	GEONOUN
42801	302	503	a few months earlier	DATE
42801	302	545	aleja Szucha	PLACE
42801	302	638	the day, that day	DATE
42801	302	783	the 1st of August, 1944	DATE
42801	302	811	the early morning of 1st of August,	TIME
42801	302	901	range	GEONOUN
42801	302	987	the 1st of August	DATE
42801	302	1006	early morning	TIME
42801	302	1055	a Monday	DATE
42801	302	1092	Warsaw	CITY
42801	302	1254	Warsaw	CITY
42801	302	1330	train	GEONOUN
42801	302	1387	Warsaw	CITY
42801	302	1402	a very happy day	DATE
42801	302	1445	afternoon	TIME
42801	302	1481	fell	GEONOUN
42801	302	1489	Warsaw	CITY
42801	302	1515	Warsaw	CITY
42801	302	1615	later that afternoon	TIME
42801	302	1647	fell	GEONOUN
42801	302	1661	city	GEONOUN
42801	302	1740	shelter	GEONOUN
42801	302	2318	house	GEONOUN
42801	302	2809	late that afternoon	TIME
42801	302	2872	street	GEONOUN
42801	302	3129	balcony	GEONOUN
42801	303	32	Jewish	GEONOUN
42801	303	198	Warsaw	CITY
42801	303	422	Poland	COUNTRY
42801	303	535	the next few days	DATE
42801	303	589	district	GEONOUN
42801	303	605	Wola	CITY
42801	303	613	Poland	COUNTRY
42801	303	657	Warsaw	CITY
42801	303	689	only a few days	DATE
42801	303	708	reach	GEONOUN
42801	303	718	area	GEONOUN
42801	303	851	Warsaw	CITY
42801	303	891	Warsaw	CITY
42801	303	969	Anin	PLACE
42801	303	1000	a day or two	DATE
42801	303	1055	Vistula	PLACE
42801	303	1119	that day	DATE
42801	303	1183	another six months	DATE
42801	303	1225	the next few days	DATE
42801	303	1247	weeks	DATE
42801	303	1289	Warsaw	CITY
42801	303	1388	buildings	GEONOUN
42801	303	1402	buildings	GEONOUN
42801	303	1497	some days	DATE
42801	304	83	Warsaw	CITY
42801	304	389	Warsaw	CITY
42801	304	494	narrow	GEONOUN
42801	304	512	Warsaw	CITY
42801	304	543	Warsaw	CITY
42801	304	588	countryside	GEONOUN
42801	304	661	summer	DATE
42801	304	668	chalet	GEONOUN
42801	304	678	summer house	GEONOUN
42801	304	699	country	GEONOUN
42801	304	721	Warsaw	CITY
42801	304	747	Wrona	PLACE
42801	304	798	the summer	DATE
42801	304	887	the summer holidays	DATE
42801	304	923	chalet	GEONOUN
42801	304	937	lake	GEONOUN
42801	304	1002	Warsaw	CITY
42801	304	1372	farm	GEONOUN
42801	304	1440	Wrona	PLACE
42801	304	1472	foot	GEONOUN
42801	304	1530	chalet	GEONOUN
42801	304	1742	chalets	GEONOUN
42801	304	1780	colony	GEONOUN
42801	304	1867	colony	GEONOUN
42801	304	2191	a few hours	TIME
42801	304	2515	chalet	GEONOUN
42801	304	2534	house	GEONOUN
42801	304	2683	August	DATE
42801	304	2711	a hot day	DATE
42801	304	2722	hot August day	DATE
42801	304	3337	Jewish	GEONOUN
42801	304	3478	Jewish	GEONOUN
42801	304	3677	Jewish	GEONOUN
42801	304	3720	Jewish	GEONOUN
42801	304	3876	Warsaw	CITY
42801	304	4027	Jewish	GEONOUN
42801	304	4226	Warsaw	CITY
42801	304	4523	Warsaw	CITY
42801	304	4973	colony	GEONOUN
42801	304	5025	fields	GEONOUN
42801	304	5093	town	GEONOUN
42801	304	5111	Warsaw	CITY
42801	304	5134	Wlochy	PLACE
42801	304	5142	Warsaw	CITY
42801	304	5178	ground	GEONOUN
42801	304	5252	capital	GEONOUN
42801	304	5431	Wlochy	PLACE
42801	304	5518	the night	TIME
42801	304	5592	shack	GEONOUN
42801	304	5614	edge	GEONOUN
42801	304	5627	bank	GEONOUN
42801	304	5637	lake	GEONOUN
42801	304	5645	Wlochy	PLACE
42801	304	5743	Warsaw	CITY
42801	304	5816	countryside	GEONOUN
42801	304	5836	Warsaw	CITY
42801	304	5893	Germany	COUNTRY
42801	304	6163	Warsaw	CITY
42801	304	6654	the night	TIME
42801	304	6699	camp	GEONOUN
42801	304	7068	Warsaw	CITY
42801	304	7075	area	GEONOUN
42801	304	7107	school	GEONOUN
42801	304	7226	Wlochy	PLACE
42801	304	7476	a few weeks	DATE
42801	304	7674	Jewish	GEONOUN
42801	304	8036	Vistula	PLACE
42801	304	8063	Warsaw	CITY
42801	304	8087	any day	DATE
42801	304	8142	a few months	DATE
42801	304	8180	about September,	DATE
42801	304	8197	end of September 1944	DATE
42801	304	8608	shack	GEONOUN
42801	304	8623	railway station	GEONOUN
42801	304	8631	station	GEONOUN
42801	304	8817	hometown	GEONOUN
42801	304	8829	Ostrowiec	PLACE
42801	304	8856	Warsaw	CITY
42801	304	8936	Ostrowiec	PLACE
42801	304	9081	area	GEONOUN
42801	304	9164	camp	GEONOUN
42801	304	9200	Warsaw	CITY
42801	304	9467	camp	GEONOUN
42801	304	9503	camp	GEONOUN
42801	304	9654	camp	GEONOUN
42801	304	9686	hut	GEONOUN
42801	304	9816	the day	DATE
42801	304	9847	Jewish	GEONOUN
42801	304	9918	Jewish	GEONOUN
42801	304	10256	Germany	COUNTRY
42801	304	10299	hut	GEONOUN
42801	304	10322	lock	GEONOUN
42801	304	10342	the day	DATE
42801	304	10408	fields	GEONOUN
42801	304	10456	September	DATE
42801	304	10474	October	DATE
42801	304	10487	ground	GEONOUN
42801	304	10573	street	GEONOUN
42801	304	10783	Jewish	GEONOUN
42801	304	10863	Jewish	GEONOUN
42801	304	10897	Jewish	GEONOUN
42801	304	10929	Jewish	GEONOUN
42801	304	11472	the next few months	DATE
42801	305	6	January the 17th 1945	DATE
42801	307	28	Warsaw	CITY
42801	307	35	the previous August,	DATE
42801	307	56	August 1944	DATE
42801	307	103	area	GEONOUN
42801	307	111	Wola	CITY
42801	307	124	Wola	CITY
42801	307	129	district	GEONOUN
42801	307	141	Warsaw	CITY
42801	307	392	area	GEONOUN
42801	307	447	ground	GEONOUN
42801	307	844	Warsaw	CITY
42801	307	969	seven years older	DATE
42801	307	1002	13	DATE
42801	307	1188	Poland	COUNTRY
42801	307	1198	Poland	COUNTRY
42801	307	1444	Poland	COUNTRY
42801	307	1539	Warsaw	CITY
42801	307	1566	Warsaw	CITY
42801	307	1780	England	PLACE
42801	307	1826	daily	DATE
42801	307	1853	Warsaw	CITY
42801	307	1882	fell	GEONOUN
42801	307	2276	night	TIME
42801	307	2799	Wlochy	PLACE
42801	307	3007	Warsaw	CITY
42801	307	3038	Warsaw	CITY
42801	307	3156	Warsaw	CITY
42801	307	3210	Warsaw	CITY
42801	307	3250	houses	GEONOUN
42801	307	3261	cellars	GEONOUN
42801	307	3460	houses	GEONOUN
42801	307	3726	the Polish winter	DATE
42801	307	3837	Wlochy	PLACE
42801	307	4033	range	GEONOUN
42801	307	4101	the previous summer	DATE
42801	307	4146	Warsaw	CITY
42801	307	4286	Vistula	PLACE
42801	307	4302	the 16th of January	DATE
42801	307	4347	range	GEONOUN
42801	307	4359	That night	TIME
42801	307	4408	cottage	GEONOUN
42801	307	4494	cottage	GEONOUN
42801	307	4516	a whole night	TIME
42801	307	4921	The next morning	TIME
42801	307	5069	the night	TIME
42801	307	5143	countryside	GEONOUN
42801	307	5167	road	GEONOUN
42801	307	5291	road	GEONOUN
42801	307	5581	Vistula	PLACE
42801	307	5598	Warsaw	CITY
42801	307	5631	Warsaw	CITY
42801	307	5653	Ostrowiec	PLACE
42801	307	5678	Warsaw	CITY
42801	307	5730	Warsaw	CITY
42801	307	5868	road	GEONOUN
42801	307	5903	road	GEONOUN
42801	307	5927	fields	GEONOUN
42801	307	6020	ground	GEONOUN
42801	307	6035	a misty day, January the 17th	DATE
42801	307	6305	ditch	GEONOUN
42801	307	6381	wood	GEONOUN
42801	307	6407	wood	GEONOUN
42801	307	6976	Wlochy	PLACE
42801	307	6998	town	GEONOUN
42801	307	7006	Wlochy	PLACE
42801	307	7126	Wlochy	PLACE
42801	307	7141	Poland	COUNTRY
42801	308	38	Wlochy	PLACE
42801	308	142	5 and 1/2 years	DATE
42801	308	286	only six months earlier	DATE
42801	308	322	Anin	PLACE
42801	308	340	Warsaw	CITY
42801	308	382	six months	DATE
42801	308	437	mount	GEONOUN
42801	308	505	Wlochy	PLACE
42801	308	594	Jewish	GEONOUN
42801	308	671	Lublin	CITY
42801	308	817	Lublin	CITY
42801	308	832	Lublin	CITY
42801	308	856	Jewish	GEONOUN
42801	308	872	Jewish	GEONOUN
42801	308	888	Jewish	GEONOUN
42801	308	958	Poland	COUNTRY
42801	308	1017	May	DATE
42801	308	1022	May the 7th	DATE
42801	308	1037	the 8th	DATE
42801	308	1067	the 8th	DATE
42801	308	1150	the 8th	DATE
42801	308	1208	the 7th	DATE
42801	308	1330	Ostrowiec	PLACE
42801	308	1348	hometown	GEONOUN
42801	308	1513	camp	GEONOUN
42801	308	1521	Ostrowiec	PLACE
42801	308	1627	Germany	COUNTRY
42801	309	17	Lublin	CITY
42801	309	72	Ostrowiec	PLACE
42801	309	108	March	DATE
42801	309	136	January the 17th	DATE
42801	309	167	Lublin	CITY
42801	309	190	Ostrowiec	PLACE
42801	309	226	January	DATE
42801	309	242	Auschwitz	CAMP
42801	309	306	March of that year	DATE
42801	309	326	March '45	DATE
42801	309	402	Poland	COUNTRY
42801	309	420	Germany	COUNTRY
42801	309	441	Germany	COUNTRY
42801	309	471	Ostrowiec	PLACE
42801	309	534	the day	DATE
42801	309	600	Jewish	GEONOUN
42801	309	701	house	GEONOUN
42801	309	739	house	GEONOUN
42801	309	778	house	GEONOUN
42801	309	905	March 1945	DATE
42801	309	957	Lublin	CITY
42801	309	1221	Germany	COUNTRY
42801	309	1239	Europe	CONTINENT
42801	310	28	June 1945	DATE
42801	310	241	Ostrowiec	PLACE
42801	310	254	Auschwitz	CAMP
42801	310	267	the 4th of August, 1944	DATE
42801	310	346	Auschwitz	CAMP
42801	310	392	Auschwitz	CAMP
42801	310	497	Belsen	PLACE
42801	310	558	Ravensbrück	PLACE
42801	310	591	camp	GEONOUN
42801	310	599	Germany	COUNTRY
42801	310	877	Mauthausen	PLACE
42801	310	892	Gusen	CAMP
42801	310	951	Austria	COUNTRY
42801	310	960	Gusen	CAMP
42801	310	972	Austria	COUNTRY
42801	310	985	Germany	COUNTRY
42801	310	1026	Italy	COUNTRY
42801	310	1040	'45	DATE
42801	310	1073	Palestine	CITY
42801	310	1102	Jewish	GEONOUN
42801	311	25	Ostrowiec	PLACE
42801	311	220	Czechoslovakia	COUNTRY
42801	311	241	Austria	COUNTRY
42801	311	272	Czechoslovakia	COUNTRY
42801	311	293	Czechoslovakia	COUNTRY
42801	311	311	Italy	COUNTRY
42801	311	327	Italy	COUNTRY
42801	311	350	Palestine	CITY
42801	311	363	1945	DATE
42801	312	12	Ostrowiec	PLACE
42801	312	28	March 1946	DATE
42801	312	60	June '45	DATE
42801	312	79	March '46	DATE
42801	313	53	school	GEONOUN
42801	313	117	Jewish	GEONOUN
42801	313	190	Poland	COUNTRY
42801	314	24	house	GEONOUN
42801	314	59	Jewish	GEONOUN
42801	314	107	houses	GEONOUN
42801	315	7	town	GEONOUN
42801	315	100	town	GEONOUN
42801	315	174	Rynek	PLACE
42801	315	188	market square	GEONOUN
42801	315	230	street	GEONOUN
42801	315	244	the High Pavement	PLACE
42801	315	263	the [NON-ENGLISH	PLACE
42801	315	300	the High Pavement	PLACE
42801	315	336	houses	GEONOUN
42801	315	370	Poland	COUNTRY
42801	315	408	Poland	COUNTRY
42801	315	452	Poland	COUNTRY
42801	315	498	March of the following year	DATE
42801	315	572	England	PLACE
42801	315	630	below the age of 15--	DATE
42801	315	707	London	CITY
42801	315	727	London	CITY
42801	315	738	boat	GEONOUN
42801	315	754	boat	GEONOUN
42801	315	786	Tower Bridge	PLACE
42801	315	811	Tower Bridge	PLACE
42801	315	827	March the 29th, 1946	DATE
42801	316	28	hostel	GEONOUN
42801	316	52	hostel	GEONOUN
42801	316	69	Woodberry Down	PLACE
42801	316	97	North London	PLACE
42801	316	115	Manor House	PLACE
42801	316	127	station	GEONOUN
42801	316	136	Manor House	PLACE
42801	316	160	station	GEONOUN
42801	316	173	house	GEONOUN
42801	316	215	country mansion	GEONOUN
42801	316	223	mansion	GEONOUN
42801	316	254	council flats	GEONOUN
42801	316	262	flats	GEONOUN
42801	316	287	reservoir	GEONOUN
42801	316	313	Seven Sisters Road	PLACE
42801	316	341	Woodberry Down	PLACE
42801	316	380	hostel	GEONOUN
42801	316	541	the Port of Hull	PLACE
42801	316	561	England	PLACE
42801	316	609	Leeds	CITY
42801	316	631	Hull	PLACE
42801	316	712	America	COUNTRY
42801	316	802	United States	COUNTRY
42801	316	832	Leeds	CITY
42801	317	76	school	GEONOUN
42801	317	86	Gateshead	CITY
42801	317	210	school	GEONOUN
42801	317	248	London	CITY
42801	317	259	the age of 16	DATE
42801	318	86	Woodberry Down	PLACE
42801	318	101	hostel	GEONOUN
42801	318	184	Leeds	CITY
42801	318	211	school	GEONOUN
42801	318	221	Cowper Street	PLACE
42801	318	288	school	GEONOUN
42801	318	340	March '46--	DATE
42801	318	362	March	DATE
42801	318	414	the summer	DATE
42801	318	443	15	DATE
42801	318	461	school	GEONOUN
42801	318	481	11	DATE
42801	318	578	Leeds	CITY
42801	319	28	England	PLACE
42801	319	63	Palestine	CITY
42801	319	108	Canada	COUNTRY
42801	319	120	America	COUNTRY
42801	319	157	Australia	COUNTRY
42801	319	255	Palestine	CITY
42801	319	409	country	GEONOUN
42801	319	420	Palestine	CITY
42801	320	42	England	PLACE
42801	320	104	Poland	COUNTRY
42801	320	206	below the age of 15	DATE
42801	320	308	Palestine	CITY
42801	321	73	1948	DATE
42801	321	119	state	GEONOUN
42801	321	260	country	GEONOUN
42801	321	370	three years	DATE
42801	322	174	Palestine	CITY
42801	322	293	Palestine	CITY
42801	322	348	England	PLACE
42801	322	506	boat	GEONOUN
42801	322	655	Warsaw	CITY
42801	322	723	camps	GEONOUN
42801	322	950	early 1946	DATE
42801	322	981	Israel	COUNTRY
42801	322	1016	1953	DATE
42801	322	1032	seven or eight years later--	DATE
42801	323	72	garage	GEONOUN
42801	324	421	a few years	DATE
42801	325	27	1962	DATE
