FileID	AnswerID	StartCharPos	Entity	Type
43400	3	7	the World War II	EVENT
43400	6	14	1920, '21, May 21, 1920	DATE
43400	6	42	Presov	PLACE
43400	6	64	Eastern Slovakia	PLACE
43400	7	4	78	DATE
43400	9	6	Presov	PLACE
43400	9	13	today	DATE
43400	9	47	town	GEONOUN
43400	9	55	Slovakia	COUNTRY
43400	9	122	Presov	PLACE
43400	9	141	town	GEONOUN
43400	11	70	1910	DATE
43400	12	60	World War I.	EVENT
43400	12	91	1912	DATE
43400	12	117	1914	DATE
43400	12	144	1910	DATE
43400	12	167	store	GEONOUN
43400	12	176	Presov	PLACE
43400	12	209	World War I	EVENT
43400	12	271	a year later	DATE
43400	12	414	raise	GEONOUN
43400	12	493	1918	DATE
43400	12	523	the night	TIME
43400	12	574	Main Street	PLACE
43400	12	637	store	GEONOUN
43400	12	859	A few years later	DATE
43400	12	890	house	GEONOUN
43400	12	899	Main Street	PLACE
43400	12	915	1927	DATE
43400	12	976	store	GEONOUN
43400	12	1030	store	GEONOUN
43400	12	1099	store	GEONOUN
43400	13	3	Presov	PLACE
43400	14	17	Main Street	PLACE
43400	15	19	200-year-old	DATE
43400	15	32	house	GEONOUN
43400	15	52	houses	GEONOUN
43400	15	62	Main Street	PLACE
43400	15	167	house	GEONOUN
43400	15	189	apartments	GEONOUN
43400	16	106	America	COUNTRY
43400	16	417	'37	DATE
43400	16	422	'36, '37	DATE
43400	16	531	town	GEONOUN
43400	16	594	high school	GEONOUN
43400	16	791	'37, '38	DATE
43400	18	14	the age of six	DATE
43400	18	72	school	GEONOUN
43400	18	97	four years	DATE
43400	18	112	the age of 10	DATE
43400	18	190	eight-year-old--	DATE
43400	18	210	eight-year	DATE
43400	18	248	high school	GEONOUN
43400	18	280	300-years-old	DATE
43400	18	294	institution	GEONOUN
43400	18	324	Jewish	GEONOUN
43400	18	418	Czechoslovak Republic	PLACE
43400	18	541	school	GEONOUN
43400	18	633	Jewish	GEONOUN
43400	18	656	Jewish	GEONOUN
43400	18	758	school Monday	GEONOUN
43400	18	765	Monday	DATE
43400	18	780	Saturday	DATE
43400	18	823	Saturday	DATE
43400	18	878	The Saturdays	DATE
43400	18	1009	Jewish	GEONOUN
43400	18	1121	house	GEONOUN
43400	18	1155	house	GEONOUN
43400	18	1226	Jewish	GEONOUN
43400	18	1245	Jewish	GEONOUN
43400	20	74	town	GEONOUN
43400	20	354	Jewish	GEONOUN
43400	20	370	the age of 14 or 15	DATE
43400	20	513	town	GEONOUN
43400	20	598	Jewish	GEONOUN
43400	20	633	club	GEONOUN
43400	20	642	Saturday	DATE
43400	20	651	nights	TIME
43400	20	670	Friday	DATE
43400	20	714	Jewish	GEONOUN
43400	20	735	club	GEONOUN
43400	20	810	evening	TIME
43400	20	862	pool	GEONOUN
43400	20	871	winter	DATE
43400	20	902	country	GEONOUN
43400	20	970	summer	DATE
43400	20	1017	forest	GEONOUN
43400	20	1179	school	GEONOUN
43400	20	1296	school	GEONOUN
43400	20	1398	Jewish	GEONOUN
43400	20	1783	Germany	COUNTRY
43400	20	1846	Czechoslovakia	COUNTRY
43400	20	1875	country	GEONOUN
43400	21	67	town	GEONOUN
43400	21	73	Some Friday	DATE
43400	21	88	Saturday	DATE
43400	21	189	house	GEONOUN
43400	21	423	about seven or eight	DATE
43400	21	482	town	GEONOUN
43400	22	150	community	GEONOUN
43400	22	300	Jewish	GEONOUN
43400	22	378	school	GEONOUN
43400	22	404	Jewish	GEONOUN
43400	22	464	every afternoon	TIME
43400	22	629	school	GEONOUN
43400	22	745	the '36	DATE
43400	22	754	'37	DATE
43400	22	817	'38	DATE
43400	22	840	February	DATE
43400	22	875	Austria	COUNTRY
43400	22	935	Presov	PLACE
43400	23	28	concentration camps	GEONOUN
43400	23	213	Czechoslovakia	COUNTRY
43400	23	281	the summer of 1938	DATE
43400	23	351	England	PLACE
43400	23	429	Sudetenland	PLACE
43400	23	482	parts	GEONOUN
43400	23	566	September 1, 1938	DATE
43400	23	592	October	DATE
43400	23	601	Munich Pact	EVENT
43400	24	131	Sudetenland	PLACE
43400	24	255	Jewish	GEONOUN
43400	24	274	Slovakia	COUNTRY
43400	24	297	Karlsbad	PLACE
43400	24	337	Sudetenland	PLACE
43400	24	367	town	GEONOUN
43400	24	390	apartment	GEONOUN
43400	24	407	house	GEONOUN
43400	24	465	high school	GEONOUN
43400	24	480	June 1938	DATE
43400	24	521	university	GEONOUN
43400	24	550	university	GEONOUN
43400	24	643	October	DATE
43400	24	658	the Munich Pact	EVENT
43400	24	721	the Czech Republic	PLACE
43400	24	763	Czechoslovakia	COUNTRY
43400	24	873	Slovakia	COUNTRY
43400	24	959	the 20 years	DATE
43400	24	975	the Czechoslovak Republic	PLACE
43400	24	1274	the Munich Pact	EVENT
43400	24	1383	Slovakia	COUNTRY
43400	24	1452	Prague	CITY
43400	24	1476	university	GEONOUN
43400	24	1498	university	GEONOUN
43400	24	1553	Bratislava	CITY
43400	24	1583	Bratislava	CITY
43400	25	130	Europe	CONTINENT
43400	25	163	Europe	CONTINENT
43400	26	139	ground	GEONOUN
43400	26	184	60s	DATE
43400	27	105	country	GEONOUN
43400	27	313	Uruguay	COUNTRY
43400	27	362	Uruguay	COUNTRY
43400	27	598	Uruguay	COUNTRY
43400	27	666	concentration camp	GEONOUN
43400	27	1078	a few months	DATE
43400	28	103	market	GEONOUN
43400	28	157	farm	GEONOUN
43400	28	192	a few months	DATE
43400	28	302	store	GEONOUN
43400	28	366	March 15, 1939	DATE
43400	28	417	land	GEONOUN
43400	28	427	Slovakia	COUNTRY
43400	28	579	Slovakia	COUNTRY
43400	28	604	state	GEONOUN
43400	28	653	the first day	DATE
43400	29	95	town	GEONOUN
43400	29	104	Main Street	PLACE
43400	29	129	block	GEONOUN
43400	29	171	5:00 and 9:00 PM	TIME
43400	29	287	block between 5:00 and 9:00	GEONOUN
43400	29	293	between 5:00 and 9:00	TIME
43400	29	359	street	GEONOUN
43400	29	430	A year later	DATE
43400	29	631	estate	GEONOUN
43400	29	672	house	GEONOUN
43400	29	786	'39	DATE
43400	29	791	'40	DATE
43400	29	847	store	GEONOUN
43400	29	975	store	GEONOUN
43400	29	1265	street	GEONOUN
43400	29	1365	1914	DATE
43400	34	134	1939	DATE
43400	34	278	World War I	EVENT
43400	34	388	Czechoslovakia	COUNTRY
43400	34	433	Czechoslovakia	COUNTRY
43400	34	470	state	GEONOUN
43400	34	520	country	GEONOUN
43400	34	581	June or July, 1939	DATE
43400	34	644	Germany	COUNTRY
43400	37	19	1939	DATE
43400	37	71	Jerusalem	CITY
43400	37	88	Palestine	CITY
43400	37	112	Jewish	GEONOUN
43400	37	221	Palestine	CITY
43400	37	289	Jewish	GEONOUN
43400	37	352	Palestine	CITY
43400	37	397	market	GEONOUN
43400	37	458	Jewish	GEONOUN
43400	37	811	today	DATE
43400	37	1164	school	GEONOUN
43400	37	1216	Palestine	CITY
43400	37	1302	Palestine	CITY
43400	37	1378	Bratislava--	PLACE
43400	37	1398	boat	GEONOUN
43400	37	1410	Danube	PLACE
43400	37	1427	Danube	PLACE
43400	37	1435	the Black Sea	PLACE
43400	37	1462	Dardanelles	PLACE
43400	37	1478	Palestine	CITY
43400	37	1656	Madagascar	COUNTRY
43400	37	1816	1940	DATE
43400	37	1873	house	GEONOUN
43400	37	2083	works	GEONOUN
43400	37	2165	19--	DATE
43400	37	2538	March 1, 1941	DATE
43400	37	2600	camp	GEONOUN
43400	37	2762	camp	GEONOUN
43400	37	3099	the Saturday morning	TIME
43400	37	3145	synagogue	GEONOUN
43400	37	3190	the evening	TIME
43400	37	3452	two months	DATE
43400	37	3602	World War--	EVENT
43400	37	3647	June	DATE
43400	37	3661	Poland	COUNTRY
43400	37	3871	Jewish	GEONOUN
43400	37	4166	August 1941	DATE
43400	37	4203	village	GEONOUN
43400	37	4572	apartment	GEONOUN
43400	37	4655	three days	DATE
43400	37	4697	apartment	GEONOUN
43400	37	4732	town	GEONOUN
43400	37	4781	apartment	GEONOUN
43400	37	4877	consulate	GEONOUN
43400	37	4931	apartment	GEONOUN
43400	37	5215	barracks October 1, 1941	GEONOUN
43400	37	5224	October 1, 1941	DATE
43400	37	5358	March 1941	DATE
43400	37	5381	Slovakia	COUNTRY
43400	37	5465	September 1941	DATE
43400	37	5495	Slovakia	COUNTRY
43400	37	5936	this day	DATE
43400	37	6011	the Eastern Front	PLACE
43400	37	6030	A day later	DATE
43400	37	6375	day	DATE
43400	37	6400	1941	DATE
43400	37	6414	November	DATE
43400	37	6500	November 1941	DATE
43400	37	6551	canal	GEONOUN
43400	37	6572	Bratislava	CITY
43400	37	6707	Jewish	GEONOUN
43400	37	7049	Slovakia	COUNTRY
43400	37	7075	World War II	EVENT
43400	37	7171	Slovakia	COUNTRY
43400	37	7189	Switzerland	COUNTRY
43400	37	7214	World War II	EVENT
43400	37	7274	November 1941	DATE
43400	37	7341	today	DATE
43400	37	7390	military hospital	GEONOUN
43400	37	7418	Bratislava	CITY
43400	37	7438	hospital	GEONOUN
43400	37	7565	Christmas	DATE
43400	37	7597	republic	GEONOUN
43400	37	7671	room	GEONOUN
43400	37	7701	high school	GEONOUN
43400	37	7821	Presov	PLACE
43400	37	7924	hospital	GEONOUN
43400	37	7971	spa	GEONOUN
43400	37	7991	mountains	GEONOUN
43400	37	8071	spa	GEONOUN
43400	37	8096	eight weeks	DATE
43400	37	8164	January 1942	DATE
43400	37	8315	Germany	COUNTRY
43400	37	8450	Jewish	GEONOUN
43400	37	8478	Jewish council	GEONOUN
43400	37	8485	council	GEONOUN
43400	37	8661	council	GEONOUN
43400	37	9056	World War II	EVENT
43400	37	9106	branch	GEONOUN
43400	37	9206	Palestine	CITY
43400	37	10017	February	DATE
43400	37	10303	first day of Passover--	DATE
43400	37	10334	a Saturday	DATE
43400	37	10410	store	GEONOUN
43400	37	10454	block	GEONOUN
43400	37	10522	early in the morning	TIME
43400	37	10604	five minutes	TIME
43400	37	10644	house	GEONOUN
43400	37	10651	A half an hour later	TIME
43400	37	10816	the day	DATE
43400	37	10864	16 to 26	DATE
43400	37	10916	yard	GEONOUN
43400	37	10925	the afternoon	TIME
43400	37	10980	main street	GEONOUN
43400	37	10999	railroad station	GEONOUN
43400	37	11182	Auschwitz	CAMP
43400	37	11216	three years	DATE
43400	37	11231	Auschwitz	CAMP
43400	37	11474	railroad station	GEONOUN
43400	37	11517	fell	GEONOUN
43400	37	11603	house	GEONOUN
43400	37	11837	concentration camp	GEONOUN
43400	37	11859	Slovakia	COUNTRY
43400	37	11884	Auschwitz	CAMP
43400	37	12043	town	GEONOUN
43400	37	12160	house	GEONOUN
43400	37	12378	town	GEONOUN
43400	37	12422	city hall	GEONOUN
43400	37	12437	the same day--	DATE
43400	37	12474	the night	TIME
43400	37	12642	house	GEONOUN
43400	37	12698	camp	GEONOUN
43400	37	12733	camp	GEONOUN
43400	37	12762	camp	GEONOUN
43400	37	12961	the Far East	PLACE
43400	37	13005	Far East	PLACE
43400	37	13033	Poland	COUNTRY
43400	37	13126	1940	DATE
43400	37	13181	Tatra Mountains	PLACE
43400	37	13440	Slovakia	COUNTRY
43400	37	13452	Hungary	COUNTRY
43400	37	13650	May 1942	DATE
43400	37	13943	Hungary	COUNTRY
43400	37	13970	Hungary	COUNTRY
43400	37	14016	Hungary	COUNTRY
43400	37	14113	Hungary	COUNTRY
43400	37	14189	a few years earlier	DATE
43400	37	14716	train	GEONOUN
43400	37	14748	hometown	GEONOUN
43400	37	14798	apartment	GEONOUN
43400	37	14909	synagogue	GEONOUN
43400	37	14929	synagogue compound	GEONOUN
43400	37	14939	compound	GEONOUN
43400	38	179	Poland	COUNTRY
43400	38	317	compound	GEONOUN
43400	38	351	Presov--	PLACE
43400	38	448	Deblin	PLACE
43400	38	473	ghetto	GEONOUN
43400	38	486	ghetto	GEONOUN
43400	38	595	Jewish	GEONOUN
43400	38	1165	Presov	PLACE
43400	38	1226	Presov	PLACE
43400	38	1487	airport	GEONOUN
43400	38	1554	ghetto	GEONOUN
43400	39	27	ghetto	GEONOUN
43400	39	37	Poland	COUNTRY
43400	39	235	Yom Kippur	DATE
43400	39	304	Yom Kippur	DATE
43400	39	319	the last day of Sukkot	DATE
43400	39	389	ghetto	GEONOUN
43400	39	448	camp	GEONOUN
43400	39	510	airport	GEONOUN
43400	39	689	overnight	TIME
43400	39	938	that day	DATE
43400	40	0	Deblin--	PLACE
43400	40	25	Deblin	PLACE
43400	40	61	Poland	COUNTRY
43400	40	90	Lublin	CITY
43400	41	172	airport	GEONOUN
43400	41	181	A year later	DATE
43400	41	345	Presov	PLACE
43400	41	450	ghetto	GEONOUN
43400	41	498	Slovakia	COUNTRY
43400	41	689	Presov	PLACE
43400	41	771	'42	DATE
43400	41	820	'42	DATE
43400	41	876	Presov	PLACE
43400	41	943	Presov	PLACE
43400	41	1117	September, October 1942	DATE
43400	41	1166	Presov	PLACE
43400	41	1291	camp	GEONOUN
43400	41	1299	'42	DATE
43400	41	1416	ministry	GEONOUN
43400	41	1562	the Czechoslovak Republic	PLACE
43400	41	2067	country	GEONOUN
43400	41	2116	Slovakia	COUNTRY
43400	41	2132	October 1942	DATE
43400	41	2550	Poland	COUNTRY
43400	41	2759	Auschwitz	CAMP
43400	41	2777	Auschwitz	CAMP
43400	41	3014	Poland	COUNTRY
43400	41	3071	Slovakia	COUNTRY
43400	41	3167	20 years earlier	DATE
43400	41	3289	camp	GEONOUN
43400	41	3427	Auschwitz	CAMP
43400	41	3505	Auschwitz	CAMP
43400	41	3578	summer of 1942	DATE
43400	41	3633	Jewish	GEONOUN
43400	41	3962	Slovakia	COUNTRY
43400	41	4130	Vatican	COUNTRY
43400	41	4258	October	DATE
43400	41	4296	Poland	COUNTRY
43400	41	4443	November	DATE
43400	41	4456	December	DATE
43400	41	4488	March 1943	DATE
43400	41	4578	March	DATE
43400	41	4588	April	DATE
43400	41	4728	Slovakia	COUNTRY
43400	41	4796	Hungary	COUNTRY
43400	41	4924	1942	DATE
43400	41	5109	Hungary	COUNTRY
43400	41	5161	camp	GEONOUN
43400	41	5175	June 1943	DATE
43400	41	5317	camps	GEONOUN
43400	41	5632	building	GEONOUN
43400	41	5646	tunnel	GEONOUN
43400	41	5752	the earlier days	DATE
43400	41	5996	every morning	TIME
43400	41	6110	pass	GEONOUN
43400	41	6291	Presov	PLACE
43400	41	6421	Jewish	GEONOUN
43400	41	6450	Presov	PLACE
43400	41	6521	Hungary	COUNTRY
43400	41	6530	Hungary	COUNTRY
43400	41	6633	Jewish	GEONOUN
43400	41	6794	Budapest	CITY
43400	41	6813	Jewish	GEONOUN
43400	41	6834	Budapest	CITY
43400	41	6858	Jewish	GEONOUN
43400	41	6879	Switzerland	COUNTRY
43400	41	6988	Switzerland	COUNTRY
43400	41	7005	Jewish	GEONOUN
43400	41	7062	Slovakia	COUNTRY
43400	41	7086	'43	DATE
43400	41	7168	railroad station	GEONOUN
43400	41	7198	tunnel	GEONOUN
43400	41	7227	mountains	GEONOUN
43400	41	7254	mountains	GEONOUN
43400	41	7733	forest	GEONOUN
43400	41	7757	Poland	COUNTRY
43400	41	7891	Early '44	DATE
43400	41	7931	Slovakia	COUNTRY
43400	41	7951	railroad track	GEONOUN
43400	41	7960	track	GEONOUN
43400	41	7985	town	GEONOUN
43400	41	7993	Banská Stiavnica	PLACE
43400	41	8035	end of October-- end-- no-- end of August 1944	DATE
43400	41	8163	republic	GEONOUN
43400	41	8553	a few days	DATE
43400	41	8615	Slovakia	COUNTRY
43400	41	8630	the first day	DATE
43400	41	8856	A few hours later	TIME
43400	41	9168	barracks	GEONOUN
43400	41	9239	10 minutes	TIME
43400	41	9354	the same night	TIME
43400	41	9408	Slovakia	COUNTRY
43400	41	9468	entrance	GEONOUN
43400	41	9486	Hungary	COUNTRY
43400	41	9499	Slovakia	COUNTRY
43400	41	9813	store	GEONOUN
43400	41	9843	store	GEONOUN
43400	41	9866	town	GEONOUN
43400	41	9925	store	GEONOUN
43400	41	10076	store	GEONOUN
43400	41	10135	a week	DATE
43400	41	10192	Slovakia	COUNTRY
43400	41	10207	A day	DATE
43400	41	10601	airfield	GEONOUN
43400	41	10709	Soviet Union	PLACE
43400	41	10824	Russia	COUNTRY
43400	41	10933	Russia	COUNTRY
43400	41	10979	two months	DATE
43400	41	10991	End of October	DATE
43400	41	11080	airfield	GEONOUN
43400	41	11117	mountains	GEONOUN
43400	41	11199	mountains	GEONOUN
43400	41	11548	town	GEONOUN
43400	41	11649	mountains	GEONOUN
43400	41	11801	Tatras	PLACE
43400	41	12363	about six, eight months--	DATE
43400	41	12389	six, eight weeks later	DATE
43400	41	12537	night	TIME
43400	41	12663	tree	GEONOUN
43400	41	13020	hours and hours	TIME
43400	41	13124	a day-- a few days	DATE
43400	41	13174	daytime	TIME
43400	41	13251	a few days	DATE
43400	41	13325	village	GEONOUN
43400	41	13480	path	GEONOUN
43400	41	13502	forest	GEONOUN
43400	41	13618	school	GEONOUN
43400	41	13790	Presov	PLACE
43400	41	14360	Sered	PLACE
43400	41	14379	concentration camp	GEONOUN
43400	41	14422	camp	GEONOUN
43400	41	14447	Germany	COUNTRY
43400	41	14507	Presov	PLACE
43400	41	14562	school	GEONOUN
43400	41	14581	town	GEONOUN
43400	41	14794	concentration camp	GEONOUN
43400	41	14910	Germany	COUNTRY
43400	41	14940	November 1944	DATE
43400	41	15012	two weeks in	DATE
43400	41	15030	one day	DATE
43400	41	15236	a few minutes	TIME
43400	41	15459	Slovakia	COUNTRY
43400	41	15591	a few minutes later	TIME
43400	41	15909	a few days later	DATE
43400	41	15957	town	GEONOUN
43400	41	15969	Erfurt	CITY
43400	44	20	Erfurt	CITY
43400	44	87	restaurant	GEONOUN
43400	44	733	camp	GEONOUN
43400	44	910	Slovakia	COUNTRY
43400	44	1114	spring	GEONOUN
43400	44	1147	mountains	GEONOUN
43400	44	1166	fall	GEONOUN
43400	44	1201	mountains	GEONOUN
43400	44	1296	Erfurt	CITY
43400	44	1407	Every morning	TIME
43400	44	1527	buildings	GEONOUN
43400	44	1554	roofer	GEONOUN
43400	44	1577	Erfurt	CITY
43400	44	1688	windows	GEONOUN
43400	44	1707	not available	GEONOUN
43400	44	1996	Erfurt	CITY
43400	44	2066	the first day	DATE
43400	44	2241	the morning	TIME
43400	44	2368	three or four days	DATE
43400	44	2859	The night	TIME
43400	44	2951	daytime	TIME
43400	44	3067	field	GEONOUN
43400	44	3215	Germany	COUNTRY
43400	44	3444	middle-aged--	DATE
43400	44	3487	about 40,	DATE
43400	44	3497	45	DATE
43400	44	4034	basement	GEONOUN
43400	44	4155	Germany	COUNTRY
43400	44	4187	1944	DATE
43400	44	4219	one day	DATE
43400	44	4235	a Sunday	DATE
43400	44	4271	village	GEONOUN
43400	44	4330	house	GEONOUN
43400	44	4432	field	GEONOUN
43400	44	4492	buildings	GEONOUN
43400	44	4563	concentration camp	GEONOUN
43400	44	4644	Buchenwald	CAMP
43400	44	4726	concentration camp	GEONOUN
43400	44	4877	Christmas 1944	DATE
43400	44	5141	the Battle of the Bulge	EVENT
43400	44	5177	Erfurt	CITY
43400	44	5199	March '45	DATE
43400	44	5216	the one day--	DATE
43400	44	5262	concentration camps	GEONOUN
43400	44	5311	street	GEONOUN
43400	44	5546	a few days later	DATE
43400	44	5598	Erfurt	CITY
43400	44	5638	A few days	DATE
43400	44	5665	one day	DATE
43400	44	5846	Czechoslovakia	COUNTRY
43400	44	5913	16-year-old	DATE
43400	44	6058	a few days	DATE
43400	44	6115	night	TIME
43400	44	6135	village	GEONOUN
43400	44	6181	houses	GEONOUN
43400	44	6429	The last day	DATE
43400	44	6484	the next day	DATE
43400	44	6540	Plauen	CITY
43400	44	6757	Plzen	PLACE
43400	44	6767	Czechoslovakia	COUNTRY
43400	44	6845	Plzen	PLACE
43400	44	6879	train	GEONOUN
43400	44	6897	Prague	CITY
43400	44	6914	Prague	CITY
43400	44	6924	Bratislava	CITY
43400	44	6943	Bratislava	CITY
43400	44	7016	street	GEONOUN
43400	44	7056	labor camp	GEONOUN
43400	44	7378	hometown	GEONOUN
43400	44	7391	Presov	PLACE
43400	44	7415	bridges	GEONOUN
43400	44	7452	three days	DATE
43400	44	7466	train	GEONOUN
43400	44	7476	coach	GEONOUN
43400	44	7486	foot	GEONOUN
43400	44	7502	Presov	PLACE
43400	44	7525	Presov	PLACE
43400	44	7538	railroad station	GEONOUN
43400	44	7568	main street	GEONOUN
43400	44	7599	street	GEONOUN
43400	44	7836	reception	GEONOUN
43400	44	7849	Presov	PLACE
43400	44	7939	house	GEONOUN
43400	44	8009	a half an hour	TIME
43400	44	8102	house	GEONOUN
43400	44	8158	house	GEONOUN
43400	44	8217	apartment	GEONOUN
43400	44	8231	apartment	GEONOUN
43400	44	8271	apartment	GEONOUN
43400	44	8323	house	GEONOUN
43400	44	8339	house	GEONOUN
43400	44	8348	main street	GEONOUN
43400	44	8413	the last day	DATE
43400	44	8468	store	GEONOUN
43400	44	8479	store	GEONOUN
43400	44	8548	store	GEONOUN
43400	44	8575	store	GEONOUN
43400	44	8665	store	GEONOUN
43400	44	8793	city hall	GEONOUN
43400	44	8912	store	GEONOUN
43400	44	8971	store	GEONOUN
43400	44	9101	A few days later	DATE
43400	44	9379	city hall	GEONOUN
43400	44	9490	city	GEONOUN
43400	44	9644	store	GEONOUN
43400	44	9679	building	GEONOUN
43400	44	9764	store	GEONOUN
43400	44	9861	store	GEONOUN
43400	44	9964	a few days	DATE
43400	44	10005	town	GEONOUN
43400	44	10032	store	GEONOUN
43400	44	10074	three days	DATE
43400	44	10102	store	GEONOUN
43400	44	10196	store	GEONOUN
43400	44	10365	town	GEONOUN
43400	44	10399	country	GEONOUN
43400	44	10548	Presov	PLACE
43400	44	10642	university	GEONOUN
43400	44	10656	Prague	CITY
43400	44	10683	Prague	CITY
43400	44	10728	room	GEONOUN
43400	44	10738	dormitory	GEONOUN
43400	44	10840	Prague	CITY
43400	44	10913	country	GEONOUN
43400	44	11043	three years	DATE
43400	44	11059	1948	DATE
43400	44	11068	June	DATE
43400	44	11141	May 15	DATE
43400	44	11149	Israel	COUNTRY
43400	44	11377	Holocaust	EVENT
43400	44	11437	Czechoslovakia	COUNTRY
43400	44	11488	Israel	COUNTRY
43400	44	11527	the Middle East	PLACE
43400	44	11687	Israel	COUNTRY
43400	44	11767	Jewish	GEONOUN
43400	44	11785	Czechoslovakia	COUNTRY
43400	44	11881	compound	GEONOUN
43400	44	12193	Jewish	GEONOUN
43400	44	12299	two months	DATE
43400	44	12425	end of December	DATE
43400	44	12449	Czechoslovakia	COUNTRY
43400	44	12492	Israel	COUNTRY
43400	44	12561	May 1948	DATE
43400	44	12670	Israel	COUNTRY
43400	44	12677	January 1, 1949	DATE
43400	44	12762	ship	GEONOUN
43400	44	12800	Czechoslovakia	COUNTRY
43400	44	12886	boat	GEONOUN
43400	44	12959	ship	GEONOUN
43400	44	13005	ship	GEONOUN
43400	44	13118	ship	GEONOUN
43400	44	13126	Turkey	COUNTRY
43400	44	13136	Syria	COUNTRY
43400	44	13164	night	TIME
43400	44	13187	Haifa	CITY
43400	44	13193	port	GEONOUN
43400	44	13212	port	GEONOUN
43400	44	13233	camp	GEONOUN
43400	44	13317	six months	DATE
43400	44	13347	June 1948	DATE
43400	44	13412	Jerusalem	CITY
43400	44	13499	sometime in July	TIME
43400	44	13520	1948	DATE
43400	44	13554	Tel Aviv	CITY
43400	44	13654	Tel Aviv	CITY
43400	44	13696	apartment	GEONOUN
43400	44	13787	apartment	GEONOUN
43400	44	13812	village	GEONOUN
43400	44	13828	village	GEONOUN
43400	44	13861	Tel Aviv	CITY
43400	44	13960	Israel	COUNTRY
43400	45	68	Haifa	CITY
43400	45	143	apartment	GEONOUN
43400	45	168	Haifa	CITY
43400	45	236	below 26	DATE
43400	45	453	room	GEONOUN
43400	45	502	room apartment	GEONOUN
43400	45	507	apartment	GEONOUN
43400	45	550	Haifa	CITY
43400	45	632	apartment	GEONOUN
43400	45	656	apartment	GEONOUN
43400	45	693	Israel	COUNTRY
43400	45	772	Israel	COUNTRY
43400	45	784	1967	DATE
43400	45	805	America	COUNTRY
43400	45	833	two years	DATE
43400	45	922	America	COUNTRY
43400	46	19	Presov	PLACE
43400	46	36	1984	DATE
43400	46	104	Czechoslovakia	COUNTRY
43400	46	131	six months	DATE
43400	46	260	a half a day	DATE
43400	46	285	Presov	PLACE
43400	46	307	synagogue	GEONOUN
43400	46	325	a Saturday	DATE
43400	46	451	synagogue	GEONOUN
43400	46	612	a year ago	DATE
43400	46	674	building	GEONOUN
43400	46	696	synagogue	GEONOUN
43400	46	709	Presov	PLACE
43400	46	738	building	GEONOUN
43400	46	963	America	COUNTRY
43400	46	972	Australia	COUNTRY
43400	46	983	Israel	COUNTRY
43400	46	995	Czechoslovakia	COUNTRY
43400	46	1134	synagogue	GEONOUN
43400	46	1175	Israel	COUNTRY
43400	46	1293	Presov	PLACE
43400	47	116	Holocaust	EVENT
43400	47	177	Switzerland	COUNTRY
43400	47	218	1942	DATE
43400	47	224	the day	DATE
43400	47	328	timber	GEONOUN
43400	47	404	wood	GEONOUN
43400	47	413	Slovakia	COUNTRY
43400	47	438	Switzerland	COUNTRY
43400	47	459	Germany	COUNTRY
43400	47	468	Austria	COUNTRY
43400	47	671	Switzerland	COUNTRY
43400	47	815	Austria	COUNTRY
43400	47	1087	camp	GEONOUN
43400	47	1193	hole	GEONOUN
43400	47	1316	ship	GEONOUN
43400	47	1324	Switzerland	COUNTRY
43400	47	1344	the last minute	TIME
43400	47	1473	Sudetenland	PLACE
43400	47	1515	Sudetenland	PLACE
43400	47	1568	Theresienstadt	CAMP
43400	47	1589	Theresienstadt	CAMP
43400	47	1627	Auschwitz	CAMP
43400	47	1649	Auschwitz	CAMP
43400	47	1745	village	GEONOUN
43400	48	8	Auschwitz	CAMP
43400	48	71	Slovakia	COUNTRY
43400	48	305	Auschwitz	CAMP
43400	48	466	one day	DATE
43400	48	492	camp	GEONOUN
43400	48	584	compound	GEONOUN
43400	48	599	Auschwitz	CAMP
43400	48	769	Auschwitz	CAMP
43400	48	863	Auschwitz	CAMP
43400	48	908	that night	TIME
43400	48	981	Auschwitz	CAMP
43400	49	223	Slovakia	COUNTRY
43400	49	317	Holocaust	EVENT
43400	50	166	19--	DATE
43400	50	174	the Christmas 1944	DATE
43400	50	212	village	GEONOUN
43400	50	244	village	GEONOUN
43400	50	407	20 or how	DATE
43400	50	458	house	GEONOUN
43400	50	486	room	GEONOUN
43400	50	509	six months	DATE
43400	50	707	today	DATE
43400	51	382	a hour before	TIME
43400	51	435	road	GEONOUN
43400	51	561	Europe	CONTINENT
43400	51	682	Europe	CONTINENT
43400	51	824	Germany	COUNTRY
43400	51	864	capital	GEONOUN
43400	51	1167	the day	DATE
43400	51	1180	Bosnia	PLACE
43400	54	533	Hungary	COUNTRY
43400	54	542	two years later	DATE
43400	54	604	three months	DATE
43400	54	641	Hungary	COUNTRY
43400	55	238	ghetto	GEONOUN
43400	55	264	court	GEONOUN
43400	56	188	Israel	COUNTRY
43400	56	292	Israel	COUNTRY
43400	59	47	1964	DATE
43400	59	55	Israel	COUNTRY
43400	60	31	Slovakia	COUNTRY
43400	60	102	1928	DATE
43400	60	108	1930	DATE
43400	61	16	Presov	PLACE
43400	61	34	winter	DATE
43400	61	119	10, 11, maybe 9 years	DATE
43400	61	246	1931	DATE
43400	61	398	about 16, 18	DATE
43400	61	674	store	GEONOUN
43400	61	729	store	GEONOUN
43400	61	767	Israel--	PLACE
43400	61	821	February or	DATE
43400	61	833	March 1949	DATE
43400	61	946	Czechoslovakia	COUNTRY
43400	61	971	Israel	COUNTRY
43400	61	1034	bar	GEONOUN
43400	61	1057	1933	DATE
43400	62	94	1939	DATE
43400	62	115	Poland	COUNTRY
43400	62	145	1942	DATE
43400	62	199	labor camp	GEONOUN
43400	62	224	1941	DATE
43400	63	12	Slovakia	COUNTRY
43400	63	27	Bratislava--	PLACE
43400	63	62	Bratislava	CITY
43400	63	135	January 1952	DATE
43400	64	3	Haifa	CITY
43400	64	92	about a year ago	DATE
43400	64	118	1990	DATE
43400	65	3	Disneyland	PLACE
43400	65	28	Florida	US-STATE
