FileID	AnswerID	StartCharPos	Entity	Type
43411	0	40	Lenin	PLACE
43411	0	50	Poland	COUNTRY
43411	0	62	town	GEONOUN
43411	0	144	Jewish	GEONOUN
43411	0	172	Jewish	GEONOUN
43411	0	251	town	GEONOUN
43411	1	37	school	GEONOUN
43411	1	63	Jewish	GEONOUN
43411	1	135	school	GEONOUN
43411	1	164	Poland	COUNTRY
43411	1	368	town	GEONOUN
43411	1	390	town	GEONOUN
43411	3	14	Lenin	PLACE
43411	3	23	1919	DATE
43411	3	29	end of the year	DATE
43411	3	152	Jewish	GEONOUN
43411	3	204	school	GEONOUN
43411	3	227	house	GEONOUN
43411	3	256	school	GEONOUN
43411	3	334	1939	DATE
43411	4	90	1939	DATE
43411	4	151	school	GEONOUN
43411	4	203	1939	DATE
43411	5	4	Jewish	GEONOUN
43411	5	29	Jewish	GEONOUN
43411	5	37	Jewish	GEONOUN
43411	5	73	school	GEONOUN
43411	5	175	synagogue	GEONOUN
43411	5	267	Israel	COUNTRY
43411	5	280	Israel	COUNTRY
43411	5	331	country	GEONOUN
43411	6	50	next year	DATE
43411	6	63	Jerusalem	CITY
43411	6	118	Jerusalem	CITY
43411	6	132	Israel	COUNTRY
43411	7	119	Israel	COUNTRY
43411	7	167	Jewish	GEONOUN
43411	7	181	Jewish	GEONOUN
43411	7	240	Israel	COUNTRY
43411	8	128	synagogue	GEONOUN
43411	8	172	synagogue	GEONOUN
43411	8	300	town	GEONOUN
43411	8	544	town	GEONOUN
43411	8	729	house	GEONOUN
43411	8	751	wood	GEONOUN
43411	8	785	wood	GEONOUN
43411	8	867	backyard	GEONOUN
43411	8	888	wood	GEONOUN
43411	8	1035	Siberia	PLACE
43411	8	1102	wood	GEONOUN
43411	8	1444	every day	DATE
43411	8	1455	Every night	TIME
43411	8	1497	Jewish	GEONOUN
43411	8	1621	ground	GEONOUN
43411	8	1833	town	GEONOUN
43411	8	1864	town	GEONOUN
43411	8	1881	bank	GEONOUN
43411	8	1891	bank	GEONOUN
43411	9	12	Jewish community	GEONOUN
43411	9	19	community	GEONOUN
43411	11	100	years ago	DATE
43411	11	143	store	GEONOUN
43411	11	263	room	GEONOUN
43411	11	544	store	GEONOUN
43411	11	748	Siberia	PLACE
43411	11	815	Jewish	GEONOUN
43411	12	172	Jewish	GEONOUN
43411	12	288	town	GEONOUN
43411	12	478	restaurant	GEONOUN
43411	14	12	town	GEONOUN
43411	14	316	town	GEONOUN
43411	14	404	every morning	TIME
43411	14	460	house	GEONOUN
43411	14	597	house	GEONOUN
43411	14	610	backyard	GEONOUN
43411	14	632	house	GEONOUN
43411	14	641	town	GEONOUN
43411	14	754	the wintertime	DATE
43411	14	795	cellar	GEONOUN
43411	14	877	the whole summer	DATE
43411	14	992	Shabbat	DATE
43411	14	1461	cellar	GEONOUN
43411	14	1476	basement	GEONOUN
43411	14	1813	apartment	GEONOUN
43411	14	1920	porch	GEONOUN
43411	14	1932	a whole day	DATE
43411	14	2438	hole	GEONOUN
43411	14	2481	fall	GEONOUN
43411	15	59	town	GEONOUN
43411	15	235	Poland	COUNTRY
43411	15	279	Poland	COUNTRY
43411	17	293	town	GEONOUN
43411	17	513	developer	GEONOUN
43411	17	688	developer	GEONOUN
43411	17	735	room	GEONOUN
43411	17	769	hours	TIME
43411	18	17	Poland	COUNTRY
43411	18	39	Lubartow	PLACE
43411	18	53	Lublin	CITY
43411	18	188	a couple months	DATE
43411	18	235	town	GEONOUN
43411	18	244	Lenin	PLACE
43411	18	584	Jewish	GEONOUN
43411	18	654	Jewish	GEONOUN
43411	18	662	Jewish	GEONOUN
43411	18	711	a week	DATE
43411	18	824	factory	GEONOUN
43411	18	1056	Jewish	GEONOUN
43411	18	1154	Jewish	GEONOUN
43411	18	1260	Poland	COUNTRY
43411	19	134	Poland	COUNTRY
43411	20	248	town	GEONOUN
43411	20	639	house	GEONOUN
43411	20	1092	house winter	GEONOUN
43411	20	1098	winter	DATE
43411	20	1109	summer	DATE
43411	20	1398	12	DATE
43411	20	1402	A year later	DATE
43411	20	1438	bar	GEONOUN
43411	20	1478	1942	DATE
43411	20	1527	town	GEONOUN
43411	24	8	1939	DATE
43411	24	14	Poland	COUNTRY
43411	24	51	Poland	COUNTRY
43411	24	104	Poland	COUNTRY
43411	24	117	Germany	COUNTRY
43411	24	146	Jewish	GEONOUN
43411	24	273	town	GEONOUN
43411	24	293	town	GEONOUN
43411	24	306	bridge	GEONOUN
43411	24	345	bridge	GEONOUN
43411	24	377	bridge	GEONOUN
43411	24	429	Poland	COUNTRY
43411	24	530	river	GEONOUN
43411	24	537	River Sluch	PLACE
43411	24	623	town	GEONOUN
43411	24	643	bridge	GEONOUN
43411	24	681	Jewish	GEONOUN
43411	24	708	town	GEONOUN
43411	24	849	room	GEONOUN
43411	24	950	house	GEONOUN
43411	24	1120	school	GEONOUN
43411	24	1331	Poland	COUNTRY
43411	24	1434	concentration camps	GEONOUN
43411	24	1669	territory	GEONOUN
43411	24	1821	Germany	COUNTRY
43411	24	1848	Siberia	PLACE
43411	24	1952	Siberia	PLACE
43411	24	2047	Germany	COUNTRY
43411	24	2080	concentration camps	GEONOUN
43411	24	2112	Siberia	PLACE
43411	24	2188	concentration camps	GEONOUN
43411	24	2495	Siberia	PLACE
43411	24	2682	town	GEONOUN
43411	24	3103	Siberia	PLACE
43411	24	3529	Siberia	PLACE
43411	24	3634	Siberia	PLACE
43411	27	483	Shabbat	DATE
43411	27	579	Russia	COUNTRY
43411	27	748	1941	DATE
43411	27	788	Russia	COUNTRY
43411	28	27	house	GEONOUN
43411	28	159	night	TIME
43411	28	188	house	GEONOUN
43411	28	344	street	GEONOUN
43411	28	386	Polesie	PLACE
43411	28	397	White Russia	PLACE
43411	28	414	Polesie	PLACE
43411	28	458	trees	GEONOUN
43411	28	477	forests	GEONOUN
43411	29	23	room	GEONOUN
43411	29	71	room	GEONOUN
43411	29	117	house	GEONOUN
43411	29	304	ghetto	GEONOUN
43411	29	352	station	GEONOUN
43411	29	367	house	GEONOUN
43411	29	508	town	GEONOUN
43411	31	106	a Friday night	DATE
43411	31	294	Friday night	TIME
43411	31	345	synagogue	GEONOUN
43411	31	388	Shabbat	DATE
43411	31	518	Shabbat	DATE
43411	31	557	a few years before	DATE
43411	31	677	Poland	COUNTRY
43411	31	1002	a Friday	DATE
43411	31	1011	night	TIME
43411	31	1158	Today	DATE
43411	31	1174	Shabbat	DATE
43411	31	1209	Shabbat	DATE
43411	31	1223	my holiday	DATE
43411	31	1456	Shabbat	DATE
43411	31	1551	Shabbat	DATE
43411	31	2309	Shabbat	DATE
43411	31	2318	Shabbat	DATE
43411	31	2534	Jewish	GEONOUN
43411	31	2571	1939	DATE
43411	31	2614	Shabbat	DATE
43411	31	2643	Shabbat	DATE
43411	31	2792	house	GEONOUN
43411	31	3006	So many years	DATE
43411	31	3188	the Shabbat day	DATE
43411	31	3348	synagogue	GEONOUN
43411	32	6	bar	GEONOUN
43411	32	114	synagogue	GEONOUN
43411	33	46	town	GEONOUN
43411	33	74	town	GEONOUN
43411	33	224	town	GEONOUN
43411	33	409	town	GEONOUN
43411	33	456	Jewish	GEONOUN
43411	33	505	Jewish	GEONOUN
43411	35	25	40 years	DATE
43411	35	72	town	GEONOUN
43411	35	153	Jewish	GEONOUN
43411	35	381	Jewish	GEONOUN
43411	35	453	house	GEONOUN
43411	35	510	wintertime	DATE
43411	35	542	house	GEONOUN
43411	35	826	Jewish	GEONOUN
43411	36	0	Passover	EVENT
43411	37	15	Passover	DATE
43411	37	109	Jewish	GEONOUN
43411	37	147	the eight days of Passover	DATE
43411	37	420	Jewish	GEONOUN
43411	37	553	Passover	EVENT
43411	37	641	exactly one year	DATE
43411	37	663	Passover	EVENT
43411	37	744	Jewish	GEONOUN
43411	37	997	eight days	DATE
43411	37	1276	basin	GEONOUN
43411	37	1508	basin	GEONOUN
43411	37	1744	Passover	DATE
43411	37	1775	the eight days	DATE
43411	37	1889	Passover	DATE
43411	38	117	house	GEONOUN
43411	38	178	house	GEONOUN
43411	38	229	1941	DATE
43411	38	277	Germany	COUNTRY
43411	38	312	two days	DATE
43411	38	370	town	GEONOUN
43411	38	395	town	GEONOUN
43411	38	408	bridge	GEONOUN
43411	38	497	town	GEONOUN
43411	38	637	town	GEONOUN
43411	38	695	Jewish	GEONOUN
43411	38	1300	ghetto	GEONOUN
43411	38	1333	ghetto	GEONOUN
43411	38	1402	a couple of weeks	DATE
43411	38	1691	six months old	DATE
43411	38	1749	backyard	GEONOUN
43411	38	1943	parts	GEONOUN
43411	38	2000	two days	DATE
43411	38	2010	days later	DATE
43411	38	2067	night	TIME
43411	38	2149	the middle of the night	TIME
43411	38	2479	the next day--	DATE
43411	38	2576	the morning	TIME
43411	38	2719	crossing	GEONOUN
43411	38	2732	bridge	GEONOUN
43411	38	2785	the next morning	TIME
43411	38	2939	the night before	TIME
43411	40	824	a few weeks	DATE
43411	40	881	a couple months	DATE
43411	40	916	town	GEONOUN
43411	40	936	ghetto	GEONOUN
43411	40	970	14 to 45	DATE
43411	40	1020	45	DATE
43411	40	1026	46	DATE
43411	40	1102	camp	GEONOUN
43411	40	1128	town	GEONOUN
43411	40	1184	town	GEONOUN
43411	40	1411	ghetto	GEONOUN
43411	40	1436	ghetto	GEONOUN
43411	40	1459	ghetto	GEONOUN
43411	41	51	Jewish	GEONOUN
43411	41	70	town	GEONOUN
43411	41	123	Jewish	GEONOUN
43411	41	172	Jewish	GEONOUN
43411	41	288	ghetto	GEONOUN
43411	41	335	ghetto	GEONOUN
43411	41	347	house	GEONOUN
43411	41	368	ghetto	GEONOUN
43411	41	396	house	GEONOUN
43411	41	411	ghetto	GEONOUN
43411	42	4	ghetto	GEONOUN
43411	42	67	river	GEONOUN
43411	42	91	ghetto	GEONOUN
43411	42	125	river	GEONOUN
43411	42	183	Russia	COUNTRY
43411	42	194	Poland	COUNTRY
43411	42	227	lake	GEONOUN
43411	43	38	house	GEONOUN
43411	43	66	house	GEONOUN
43411	43	77	rooms	GEONOUN
43411	43	118	house	GEONOUN
43411	43	131	ghetto	GEONOUN
43411	43	165	house	GEONOUN
43411	43	182	Jewish	GEONOUN
43411	43	570	house	GEONOUN
43411	43	588	room	GEONOUN
43411	43	659	backyard	GEONOUN
43411	43	708	the last night	TIME
43411	43	724	Every night	TIME
43411	43	1013	ghetto	GEONOUN
43411	43	1047	bridge	GEONOUN
43411	43	1094	river	GEONOUN
43411	43	1131	town	GEONOUN
43411	43	1153	lake	GEONOUN
43411	43	1183	town	GEONOUN
43411	43	1212	ghetto	GEONOUN
43411	43	1257	bridge	GEONOUN
43411	43	1361	bridge	GEONOUN
43411	43	1377	lake	GEONOUN
43411	43	1545	Jewish	GEONOUN
43411	43	1659	town	GEONOUN
43411	43	1976	a few days	DATE
43411	43	2076	lake	GEONOUN
43411	45	251	ghetto	GEONOUN
43411	45	325	house	GEONOUN
43411	45	483	Jewish	GEONOUN
43411	45	514	ghetto	GEONOUN
43411	45	533	ghetto	GEONOUN
43411	45	554	Jewish	GEONOUN
43411	45	707	Russia	COUNTRY
43411	45	739	town	GEONOUN
43411	45	810	1939	DATE
43411	45	1141	lake	GEONOUN
43411	45	1157	street	GEONOUN
43411	45	1182	street	GEONOUN
43411	45	1198	house	GEONOUN
43411	45	1252	lake	GEONOUN
43411	45	1298	lake	GEONOUN
43411	45	1330	lake	GEONOUN
43411	45	1492	quicksand	GEONOUN
43411	45	1999	house	GEONOUN
43411	45	2204	attic	GEONOUN
43411	45	2300	tomorrow	DATE
43411	45	2338	ghetto	GEONOUN
43411	45	2476	attic	GEONOUN
43411	45	2490	the next day	DATE
43411	45	2718	house	GEONOUN
43411	45	2843	14 to 40 or 45	DATE
43411	45	2901	factory	GEONOUN
43411	45	2954	every week	DATE
43411	45	2980	a whole week	DATE
43411	45	3240	the whole week	DATE
43411	45	3303	house	GEONOUN
43411	45	3329	ghetto	GEONOUN
43411	45	3440	house	GEONOUN
43411	45	3616	corner	GEONOUN
43411	45	4015	ghetto	GEONOUN
43411	45	4029	house	GEONOUN
43411	45	4150	town	GEONOUN
43411	45	4189	Jewish	GEONOUN
43411	45	4320	Germany	COUNTRY
43411	45	4390	Jewish	GEONOUN
43411	45	4725	lake	GEONOUN
43411	45	4748	boat	GEONOUN
43411	45	5070	ghetto	GEONOUN
43411	47	162	swell	GEONOUN
43411	49	57	ghetto	GEONOUN
43411	49	147	cemetery	GEONOUN
43411	50	16	Jewish	GEONOUN
43411	50	53	synagogue	GEONOUN
43411	50	80	ghetto	GEONOUN
43411	50	157	houses	GEONOUN
43411	50	217	town	GEONOUN
43411	50	245	synagogue	GEONOUN
43411	50	322	every morning	TIME
43411	50	415	synagogue	GEONOUN
43411	50	503	ghetto	GEONOUN
43411	52	20	ghetto	GEONOUN
43411	52	743	ghetto	GEONOUN
43411	52	941	A few weeks later	DATE
43411	52	1136	Lithuania	COUNTRY
43411	52	1230	town	GEONOUN
43411	52	1352	the night before	DATE
43411	52	1370	the day before	DATE
43411	52	1415	the day--	DATE
43411	52	1441	the day	DATE
43411	52	1450	The day	DATE
43411	52	1518	ghetto	GEONOUN
43411	52	2399	this next morning	TIME
43411	52	2665	house	GEONOUN
43411	52	3187	all night	TIME
43411	52	3222	the morning	TIME
43411	52	3237	fell	GEONOUN
43411	52	3433	two years old	DATE
43411	52	3466	four years old	DATE
43411	53	1110	A few weeks before	DATE
43411	53	1277	house	GEONOUN
43411	53	1570	Jewish	GEONOUN
43411	53	1966	Jewish	GEONOUN
43411	53	2459	Poland	COUNTRY
43411	53	2549	school	GEONOUN
43411	53	2832	an hour later	TIME
43411	53	3657	the last few minutes	TIME
43411	53	3928	synagogue	GEONOUN
43411	53	3947	synagogue	GEONOUN
43411	53	3970	ghetto	GEONOUN
43411	53	4110	synagogue	GEONOUN
43411	53	4157	synagogue	GEONOUN
43411	53	5027	attic	GEONOUN
43411	53	5084	synagogue	GEONOUN
43411	53	5230	foot	GEONOUN
43411	53	5245	site	GEONOUN
43411	54	29	pass	GEONOUN
43411	54	192	pass	GEONOUN
43411	54	206	playground	GEONOUN
43411	54	386	days	DATE
43411	54	402	grounds	GEONOUN
43411	54	517	one month	DATE
43411	54	534	two months	DATE
43411	54	743	later in the evening	TIME
43411	54	815	ghetto	GEONOUN
43411	54	831	house	GEONOUN
43411	54	948	room	GEONOUN
43411	54	974	room	GEONOUN
43411	54	1006	hall	GEONOUN
43411	54	1026	The next morning--	TIME
43411	54	1054	a Friday	DATE
43411	54	1064	The next morning	TIME
43411	54	1085	Saturday	DATE
43411	54	1109	ghetto	GEONOUN
43411	54	1193	ghetto	GEONOUN
43411	54	1820	houses	GEONOUN
43411	54	2243	a Sunday	DATE
43411	54	2255	Sunday	DATE
43411	54	2263	Saturday	DATE
43411	54	2309	Sunday	DATE
43411	54	2316	morning	TIME
43411	54	2448	bridge	GEONOUN
43411	54	2464	lake	GEONOUN
43411	54	2542	church	GEONOUN
43411	54	2552	Sundays	DATE
43411	54	2592	bridge	GEONOUN
43411	54	2671	town	GEONOUN
43411	54	2686	church	GEONOUN
43411	54	2757	bridge	GEONOUN
43411	54	2789	bridge	GEONOUN
43411	55	124	a couple weeks	DATE
43411	55	162	two weeks	DATE
43411	55	212	town	GEONOUN
43411	55	448	Jewish	GEONOUN
43411	55	1013	Russia	COUNTRY
43411	55	1201	train	GEONOUN
43411	55	1292	house	GEONOUN
43411	55	1321	corner	GEONOUN
43411	55	1374	corner	GEONOUN
43411	55	1577	every day	DATE
43411	55	1656	the night	TIME
43411	56	74	Russia	COUNTRY
43411	56	388	branch	GEONOUN
43411	56	1246	Jewish	GEONOUN
43411	56	1288	Jewish	GEONOUN
43411	56	1523	almost three-- two and a half years	DATE
43411	56	1580	territory	GEONOUN
43411	56	1610	house	GEONOUN
43411	57	119	40 years	DATE
43411	57	169	Russia	COUNTRY
43411	57	182	the United States	COUNTRY
43411	57	210	Canada	COUNTRY
43411	57	361	40 years	DATE
43411	58	144	prison camps	GEONOUN
43411	58	151	camps	GEONOUN
43411	58	303	bridges	GEONOUN
43411	58	644	Germany	COUNTRY
43411	58	696	Germany	COUNTRY
43411	58	889	house	GEONOUN
43411	59	49	house	GEONOUN
43411	59	175	town	GEONOUN
43411	59	222	town	GEONOUN
43411	59	280	houses	GEONOUN
43411	59	328	station	GEONOUN
43411	59	361	town	GEONOUN
43411	59	462	house	GEONOUN
43411	59	532	the whole night	TIME
43411	59	557	night	TIME
43411	59	588	night	TIME
43411	59	697	road	GEONOUN
43411	59	809	surround	GEONOUN
43411	59	822	town	GEONOUN
43411	59	835	surround	GEONOUN
43411	59	848	buildings	GEONOUN
43411	59	1016	house	GEONOUN
43411	59	1094	house	GEONOUN
43411	59	1345	station	GEONOUN
43411	59	1396	house	GEONOUN
43411	59	1904	house	GEONOUN
43411	59	1973	house	GEONOUN
43411	59	2172	A couple months later	DATE
43411	59	2203	Jewish	GEONOUN
43411	59	2259	town	GEONOUN
43411	59	2282	ground	GEONOUN
43411	59	2294	town	GEONOUN
43411	59	2408	Jewish	GEONOUN
43411	59	2445	Israel	COUNTRY
43411	59	2482	town	GEONOUN
43411	59	2560	town	GEONOUN
43411	59	2642	houses	GEONOUN
43411	59	2783	town	GEONOUN
43411	59	2830	Jewish	GEONOUN
43411	59	2978	Jewish	GEONOUN
43411	59	3046	Jewish	GEONOUN
43411	59	3188	town	GEONOUN
43411	60	23	town	GEONOUN
43411	60	271	barracks	GEONOUN
43411	60	434	Jewish	GEONOUN
43411	61	206	days	DATE
43411	61	302	town	GEONOUN
43411	62	486	house	GEONOUN
43411	62	533	house	GEONOUN
43411	62	559	house	GEONOUN
43411	62	680	house	GEONOUN
43411	62	710	house	GEONOUN
43411	62	1344	house	GEONOUN
43411	62	1572	ground	GEONOUN
43411	62	1594	developer	GEONOUN
43411	62	1685	winter	DATE
43411	62	1695	summer	DATE
43411	62	2789	ground	GEONOUN
43411	62	3844	a couple of days	DATE
43411	62	3985	one night	TIME
43411	62	4192	a few weeks ago	DATE
43411	62	4665	fell	GEONOUN
43411	62	4704	fell	GEONOUN
43411	62	4721	fall	GEONOUN
43411	62	4737	the morning	TIME
43411	62	4989	all day	DATE
43411	62	5237	mission	GEONOUN
43411	62	5256	winter	DATE
43411	62	5396	houses	GEONOUN
43411	62	5495	houses	GEONOUN
43411	62	5802	houses	GEONOUN
43411	62	5886	night	TIME
43411	62	5926	houses	GEONOUN
43411	62	6021	shack	GEONOUN
43411	62	6142	shack	GEONOUN
43411	62	6158	roof	GEONOUN
43411	62	6175	roof	GEONOUN
43411	62	6189	walls	GEONOUN
43411	62	6426	corner	GEONOUN
43411	62	6453	corner	GEONOUN
43411	63	191	corner	GEONOUN
43411	63	267	corner	GEONOUN
43411	63	327	shack	GEONOUN
43411	63	338	walls	GEONOUN
43411	63	379	walls	GEONOUN
43411	63	1271	fall	GEONOUN
43411	63	1409	parts	GEONOUN
43411	63	1668	fall	GEONOUN
43411	63	1713	post	GEONOUN
43411	63	1723	post	GEONOUN
43411	63	1877	post	GEONOUN
43411	63	2011	a couple days after	DATE
43411	63	2095	mud	GEONOUN
43411	63	2273	today	DATE
43411	63	2286	50 years	DATE
43411	63	2339	town	GEONOUN
43411	63	2517	town	GEONOUN
43411	63	2587	Jewish	GEONOUN
43411	63	2600	eight years old	DATE
43411	63	2888	Jewish	GEONOUN
43411	63	2970	Jewish	GEONOUN
43411	63	3211	8-year-old	DATE
43411	63	3814	eight years old	DATE
43411	63	3855	summer	DATE
43411	63	4446	a beautiful day	DATE
43411	63	4816	territory	GEONOUN
43411	63	4829	pass	GEONOUN
43411	63	5357	boat	GEONOUN
43411	63	5372	boat	GEONOUN
43411	63	5398	boat	GEONOUN
43411	63	5428	boat	GEONOUN
43411	63	5457	boat	GEONOUN
43411	63	5478	night	TIME
43411	63	5502	Whole night	TIME
43411	63	5559	all night	TIME
43411	63	5642	boat	GEONOUN
43411	63	5684	bushes	GEONOUN
43411	63	6006	boat all night	GEONOUN
43411	63	6011	all night	TIME
43411	63	6022	the 10 hours--	TIME
43411	63	6037	10 hours	TIME
43411	63	6118	boat	GEONOUN
43411	63	6215	the whole night	TIME
43411	63	6287	night	TIME
43411	63	6513	ground	GEONOUN
43411	63	6558	a mine	GEONOUN
43411	63	6570	the mine	GEONOUN
43411	63	7025	path	GEONOUN
43411	63	7468	hours	TIME
43411	64	298	Jewish	GEONOUN
43411	64	317	Jewish	GEONOUN
43411	64	419	early in	DATE
43411	64	428	1942	DATE
43411	64	703	Jewish	GEONOUN
43411	64	907	Jewish	GEONOUN
43411	64	925	Jewish	GEONOUN
43411	64	967	concentration camps	GEONOUN
43411	64	1126	Jewish	GEONOUN
43411	64	1785	a mine	GEONOUN
43411	64	1891	two years	DATE
43411	64	1991	two years	DATE
43411	64	2012	one hour	TIME
43411	64	3203	eight	DATE
43411	64	3216	16	DATE
43411	64	3234	18	DATE
43411	64	3974	eight-year-old	DATE
43411	64	4244	Moscow	CITY
43411	64	4272	Israel	COUNTRY
43411	64	4309	Leningrad	PLACE
43411	64	4724	Moscow	CITY
43411	65	202	the day	DATE
43411	65	234	town	GEONOUN
43411	65	304	camp	GEONOUN
43411	65	313	NON-ENGLISH	PLACE
43411	65	327	the same day	DATE
43411	65	630	Israel	COUNTRY
43411	65	1195	nurses	GEONOUN
43411	65	2097	the middle of the night	TIME
43411	65	2133	early at dawn	TIME
43411	66	507	town	GEONOUN
43411	66	520	village	GEONOUN
43411	66	1471	Jewish	GEONOUN
43411	66	1685	Jewish	GEONOUN
43411	67	127	1944	DATE
43411	67	150	1945	DATE
43411	67	486	country	GEONOUN
43411	67	556	Jewish	GEONOUN
43411	67	594	Moscow	CITY
43411	67	802	Yom Kippur	DATE
43411	67	1039	the night before	TIME
43411	67	1060	the day before	DATE
43411	67	1147	town	GEONOUN
43411	67	1386	Yom Kippur	DATE
43411	67	1511	Yom Kippur	DATE
43411	67	1617	a whole day	DATE
43411	67	1650	shack	GEONOUN
43411	67	1687	all day	DATE
43411	67	1700	Yom Kippur	DATE
43411	67	2053	a whole day	DATE
43411	67	2142	Yom Kippur	DATE
43411	67	2305	his holiday	DATE
43411	69	16	New York	US-STATE
43411	70	12	Toronto	CITY
43411	71	345	Russia	COUNTRY
43411	71	361	about three months	DATE
43411	71	646	foot	GEONOUN
43411	71	670	foot	GEONOUN
43411	71	785	Pinsk	CITY
43411	71	874	the same day	DATE
43411	71	896	Poland	COUNTRY
43411	71	943	Landsberg	CAMP
43411	71	993	camp	GEONOUN
43411	71	1094	New York	US-STATE
43411	73	341	Minsk	CITY
43411	73	366	Pinsk	CITY
43411	73	415	Minsk	CITY
43411	73	506	Minsk	CITY
43411	73	548	government building	GEONOUN
43411	73	610	Minsk	CITY
43411	73	795	house	GEONOUN
43411	73	834	upstairs	GEONOUN
43411	73	1039	town	GEONOUN
43411	73	1404	fall	GEONOUN
43411	74	3	1944	DATE
43411	74	9	December 1944	DATE
43411	75	39	Minsk	CITY
43411	75	62	house	GEONOUN
43411	75	93	Pinsk	CITY
43411	75	265	Pinsk	CITY
43411	75	396	apartment	GEONOUN
43411	75	534	department	GEONOUN
43411	75	551	room	GEONOUN
43411	75	652	house	GEONOUN
43411	75	675	villa	GEONOUN
43411	75	802	room	GEONOUN
43411	75	847	room	GEONOUN
43411	75	872	house	GEONOUN
43411	75	889	Jewish house	GEONOUN
43411	75	896	house	GEONOUN
43411	75	938	Jewish	GEONOUN
43411	75	975	Jewish	GEONOUN
43411	75	1001	Jewish	GEONOUN
43411	75	1034	Jewish	GEONOUN
43411	75	1123	Jewish	GEONOUN
43411	75	1148	Jewish	GEONOUN
43411	75	1181	Friday	DATE
43411	75	1273	room	GEONOUN
43411	75	1299	room	GEONOUN
43411	75	1328	room	GEONOUN
43411	75	1480	roof	GEONOUN
43411	75	1753	A couple hours	TIME
43411	75	1859	room	GEONOUN
43411	75	1947	room	GEONOUN
43411	75	2015	Jewish	GEONOUN
43411	75	2081	room	GEONOUN
43411	75	2384	room	GEONOUN
43411	75	2426	department	GEONOUN
43411	75	2665	years	DATE
43411	75	3190	villa	GEONOUN
43411	75	3216	houses	GEONOUN
43411	75	3230	houses	GEONOUN
43411	75	3290	cemetery	GEONOUN
43411	75	3319	Pinsk	CITY
43411	75	3337	Jewish	GEONOUN
43411	75	3591	province	GEONOUN
43411	75	3798	Siberia	PLACE
43411	75	3889	Siberia	PLACE
43411	75	3913	Russia	COUNTRY
43411	75	3969	Siberia	PLACE
43411	75	4442	ghetto	GEONOUN
43411	75	4691	ghetto	GEONOUN
43411	75	4728	divide	GEONOUN
43411	75	5048	Russia	COUNTRY
43411	75	5068	Israel	COUNTRY
43411	75	5087	Russia	COUNTRY
43411	75	5106	Poland	COUNTRY
43411	75	5117	Poland	COUNTRY
43411	75	5154	Jewish	GEONOUN
43411	75	5219	Israel	COUNTRY
43411	75	5236	Poland	COUNTRY
43411	75	5254	Czechoslovakia	COUNTRY
43411	75	5275	Czechoslovakia	COUNTRY
43411	75	5293	Austria	COUNTRY
43411	75	5307	Austria	COUNTRY
43411	75	5318	Germany	COUNTRY
43411	75	5387	Germany	COUNTRY
43411	75	5399	Landsberg	CAMP
43411	75	5434	two years	DATE
43411	75	5447	Landsberg	CAMP
43411	75	5983	building	GEONOUN
43411	75	6031	camp	GEONOUN
43411	75	6063	camp	GEONOUN
43411	75	6104	hours	TIME
43411	75	6117	basement	GEONOUN
43411	75	6244	Israel	COUNTRY
43411	75	6299	Israel	COUNTRY
43411	75	6348	Israel	COUNTRY
43411	75	6591	Israel	COUNTRY
43411	75	6759	Jewish	GEONOUN
43411	75	6892	Germany	COUNTRY
43411	75	6903	1946	DATE
43411	75	7071	East Germany	PLACE
43411	75	7088	West Germany	PLACE
43411	75	7219	Germany	COUNTRY
43411	75	7315	Africa	CONTINENT
43411	75	7326	Asia	CONTINENT
43411	75	7335	Argentina	COUNTRY
43411	75	7349	Australia	COUNTRY
43411	75	7367	America	COUNTRY
43411	75	7379	Canada	COUNTRY
43411	75	7411	Canada	COUNTRY
43411	75	7447	Canada	COUNTRY
43411	75	7499	Canada	COUNTRY
43411	75	7537	Canada	COUNTRY
43411	77	15	developer	GEONOUN
43411	79	279	developer	GEONOUN
43411	80	23	store	GEONOUN
43411	81	282	Jewish	GEONOUN
43411	81	373	Warsaw	CITY
43411	81	419	months	DATE
43411	81	437	Poland	COUNTRY
43411	81	491	two days	DATE
43411	81	586	Poland	COUNTRY
43411	81	613	Poland	COUNTRY
43411	81	640	Poland	COUNTRY
43411	81	651	two days	DATE
43411	82	16	Canada	COUNTRY
43411	82	97	Canada	COUNTRY
43411	82	547	bricks	GEONOUN
43411	82	671	Germany	COUNTRY
43411	82	688	two years old	DATE
43411	82	731	nursery	GEONOUN
43411	82	777	three	DATE
43411	82	798	two and a half	DATE
43411	82	1157	factory	GEONOUN
43411	82	1170	years	DATE
43411	82	1275	Canada	COUNTRY
43411	82	1310	room	GEONOUN
43411	82	1318	Toronto	CITY
43411	82	1529	store downstairs	GEONOUN
43411	82	1535	downstairs	GEONOUN
43411	82	1565	upstairs	GEONOUN
43411	82	1593	room upstairs	GEONOUN
43411	82	1598	upstairs	GEONOUN
43411	82	1624	store	GEONOUN
43411	82	2000	house	GEONOUN
43411	82	2041	house	GEONOUN
43411	82	2138	house	GEONOUN
43411	82	2342	country	GEONOUN
43411	83	177	Jewish	GEONOUN
43411	84	68	Jewish	GEONOUN
43411	84	194	Jewish	GEONOUN
43411	84	399	country	GEONOUN
43411	84	511	Jewish	GEONOUN
43411	84	557	Jewish	GEONOUN
43411	84	876	18 years old	DATE
43411	84	1087	12	DATE
43411	84	1705	land	GEONOUN
43411	84	1718	earth	GEONOUN
43411	85	239	Jewish	GEONOUN
43411	85	335	Jewish	GEONOUN
43411	85	436	Jewish	GEONOUN
43411	85	473	synagogue	GEONOUN
43411	85	554	Ontario	CITY
43411	85	562	branch	GEONOUN
43411	85	604	Toronto	CITY
43411	85	706	Ontario	CITY
43411	85	714	branch	GEONOUN
43411	85	913	the holidays	DATE
43411	85	1207	Jewish	GEONOUN
43411	85	1343	Jewish	GEONOUN
43411	85	1439	Shabbat	DATE
43411	85	1467	Shabbat	DATE
43411	85	1488	Jewish	GEONOUN
43411	85	1537	Jewish	GEONOUN
43411	86	101	Jewish	GEONOUN
43411	86	168	Jewish	GEONOUN
43411	86	256	Jewish	GEONOUN
43411	86	356	the Second World War	EVENT
43411	86	382	concentration camps	GEONOUN
43411	86	447	Jewish	GEONOUN
43411	87	70	Washington	US-STATE
43411	87	96	50 years	DATE
43411	87	121	Pinsk	CITY
43411	88	325	20 or 40 years	DATE
43411	89	435	12	DATE
43411	90	89	the year	DATE
43411	92	160	trench	GEONOUN
43411	92	354	two years old	DATE
43411	92	392	four years old	DATE
43411	93	471	train	GEONOUN
43411	93	1208	12	DATE
43411	93	1287	Vilna	PLACE
43411	95	66	Vilna	PLACE
43411	95	297	1939	DATE
43411	95	523	week	DATE
43411	95	563	August 14, 1942	DATE
43411	95	600	Jewish	GEONOUN
43411	95	626	town	GEONOUN
43411	95	729	town	GEONOUN
43411	95	941	town	GEONOUN
43411	95	947	Lenin	PLACE
43411	95	1004	house	GEONOUN
43411	95	1048	house	GEONOUN
43411	95	1104	chimneys	GEONOUN
43411	95	1231	town	GEONOUN
43411	95	1246	house	GEONOUN
43411	95	1265	town	GEONOUN
43411	95	1275	town	GEONOUN
43411	96	0	'43-- 1943	DATE
43411	96	51	1943	DATE
43411	96	268	Moscow	CITY
43411	96	315	1943	DATE
43411	96	413	house	GEONOUN
43411	96	561	ground	GEONOUN
43411	96	1216	works	GEONOUN
43411	96	1350	the end of 1942	DATE
43411	96	1395	plain	GEONOUN
43411	96	1860	plain	GEONOUN
43411	96	2061	1944	DATE
43411	96	2228	Jewish	GEONOUN
43411	96	2285	Jewish	GEONOUN
43411	96	2421	Jewish	GEONOUN
43411	96	2486	Jewish	GEONOUN
43411	96	2807	boat	GEONOUN
43411	96	2844	mission	GEONOUN
43411	96	2872	all night	TIME
43411	96	2887	boat	GEONOUN
43411	96	3181	boat	GEONOUN
43411	96	3285	a mine	GEONOUN
43411	96	3431	Jewish	GEONOUN
43411	96	3469	Jewish	GEONOUN
43411	96	3541	grave	GEONOUN
43411	96	3710	ground	GEONOUN
43411	98	9	the end of 1943	DATE
43411	98	316	1946	DATE
43411	98	375	camp	GEONOUN
43411	98	383	Germany	COUNTRY
43411	98	395	Landsberg	CAMP
43411	98	453	Israel	COUNTRY
43411	98	492	Israel	COUNTRY
43411	98	620	Israel	COUNTRY
43411	98	654	Toronto	CITY
43411	98	666	Dufferin Street	PLACE
43411	98	706	house	GEONOUN
43411	98	732	backyard	GEONOUN
43411	98	897	Canada	COUNTRY
43411	98	930	19-- end of 1944	DATE
43411	98	1152	years later	DATE
43411	98	1174	Toronto	CITY
43411	98	1209	mountains	GEONOUN
43411	98	1223	the Rocky Mountains	PLACE
43411	98	1340	Canada	COUNTRY
43411	100	646	1939	DATE
