FileID	AnswerID	StartCharPos	Entity	Type
43707	1	0	January 25, 1933	DATE
43707	2	3	Poland	COUNTRY
43707	2	23	Poland	COUNTRY
43707	2	33	town	GEONOUN
43707	2	45	Cracow	PLACE
43707	4	0	Malia	PLACE
43707	6	14	65	DATE
43707	7	34	1880	DATE
43707	7	109	1886	DATE
43707	7	270	the '20s	DATE
43707	7	286	town	GEONOUN
43707	7	294	Auschwitz	CAMP
43707	7	440	pass	GEONOUN
43707	7	544	carriage	GEONOUN
43707	7	629	the age of maybe 2, 2 and 1/2	DATE
43707	7	933	Cracow	PLACE
43707	7	1311	town	GEONOUN
43707	7	1327	Kazimierz	PLACE
43707	7	1360	town	GEONOUN
43707	7	1400	Poland	COUNTRY
43707	7	1438	Germany	COUNTRY
43707	7	1502	Poland	COUNTRY
43707	7	1540	town	GEONOUN
43707	7	1634	Jewish	GEONOUN
43707	7	1711	Cracow	PLACE
43707	7	1838	environment	GEONOUN
43707	7	2121	apartment	GEONOUN
43707	7	2157	rooms	GEONOUN
43707	7	2173	foyer	GEONOUN
43707	7	2316	Poland	COUNTRY
43707	7	2529	Poland	COUNTRY
43707	7	2542	1986	DATE
43707	7	2666	house	GEONOUN
43707	7	2727	1986	DATE
43707	7	2773	several months ago	DATE
43707	7	2807	Poland	COUNTRY
43707	7	3174	two minutes	TIME
43707	7	3339	Sabbath	DATE
43707	7	3417	house	GEONOUN
43707	7	3623	the United States	COUNTRY
43707	7	3683	every Sabbath	DATE
43707	7	3865	Jewish	GEONOUN
43707	7	3889	the young age of six	DATE
43707	7	4319	building	GEONOUN
43707	7	4350	every single Friday	DATE
43707	7	4543	Saturday	DATE
43707	7	4577	Sundays	DATE
43707	7	4614	house	GEONOUN
43707	7	4704	Poland	COUNTRY
43707	7	4747	Jewish	GEONOUN
43707	7	4843	house	GEONOUN
43707	7	5255	cemetery	GEONOUN
43707	7	5472	104 years old	DATE
43707	7	5519	104 years old	DATE
43707	7	5598	the following day	DATE
43707	7	5761	Poland	COUNTRY
43707	7	5820	Rabka	PLACE
43707	7	6369	1939	DATE
43707	7	6396	early September	DATE
43707	7	6425	September 13	DATE
43707	7	6521	Cracow	PLACE
43707	8	37	cheder	PLACE
43707	8	99	Saturday	DATE
43707	8	108	morning	TIME
43707	8	222	Friday	DATE
43707	8	229	night	TIME
43707	8	422	the day before	DATE
43707	8	650	house	GEONOUN
43707	8	1011	university	GEONOUN
43707	8	1247	platform	GEONOUN
43707	8	1276	Poland	COUNTRY
43707	8	1430	Poland	COUNTRY
43707	10	251	Holocaust	EVENT
43707	10	308	Poland	COUNTRY
43707	10	417	Germany	COUNTRY
43707	10	547	Berlin	CITY
43707	10	762	that same evening	TIME
43707	10	789	Berlin	CITY
43707	10	951	Berlin	CITY
43707	10	1046	town	GEONOUN
43707	10	1068	Poland	COUNTRY
43707	10	1087	the United States	COUNTRY
43707	10	1192	the United States	COUNTRY
43707	10	1355	Poland	COUNTRY
43707	10	1380	Austria	COUNTRY
43707	10	1457	those days	DATE
43707	11	109	Sunday	DATE
43707	11	116	morning	TIME
43707	11	237	church	GEONOUN
43707	11	259	church	GEONOUN
43707	11	300	park	GEONOUN
43707	11	565	Poland	COUNTRY
43707	11	738	Poland	COUNTRY
43707	12	68	every Sabbath	DATE
43707	12	161	Friday	DATE
43707	12	168	night	TIME
43707	12	301	Sabbath	DATE
43707	12	344	Passover	DATE
43707	12	465	five hours	TIME
43707	12	809	four hours	TIME
43707	13	65	Poland	COUNTRY
43707	13	81	apartment building	GEONOUN
43707	13	124	station	GEONOUN
43707	13	408	park	GEONOUN
43707	13	474	house	GEONOUN
43707	13	483	Poland	COUNTRY
43707	13	506	basement	GEONOUN
43707	13	527	rocks hundreds and hundreds of years ago	GEONOUN
43707	13	533	hundreds and hundreds of years ago	DATE
43707	13	696	street	GEONOUN
43707	13	762	basement	GEONOUN
43707	13	956	Poland	COUNTRY
43707	13	986	basement	GEONOUN
43707	13	1224	the next five years	DATE
43707	13	1289	rough	GEONOUN
43707	13	1374	Poland	COUNTRY
43707	14	14	6 and 1/2 years old	DATE
43707	14	66	January	DATE
43707	14	84	September	DATE
43707	14	188	windows	GEONOUN
43707	14	534	the United States	COUNTRY
43707	14	576	camps	GEONOUN
43707	14	946	the [NON-ENGLISH]	PLACE
43707	14	964	temple	GEONOUN
43707	14	1103	the 17th or 16th century	DATE
43707	14	1220	that day	DATE
43707	14	1381	temple	GEONOUN
43707	14	1623	house	GEONOUN
43707	14	1707	September	DATE
43707	14	1761	Poland	COUNTRY
43707	14	1772	September	DATE
43707	14	1827	evenings	TIME
43707	14	2308	Cracow	PLACE
43707	14	2448	Jewish	GEONOUN
43707	14	2539	town	GEONOUN
43707	14	2698	the winter of 1940	DATE
43707	14	2776	river	GEONOUN
43707	14	2796	river	GEONOUN
43707	14	2825	river	GEONOUN
43707	14	2863	field	GEONOUN
43707	14	2909	a terrible winter	DATE
43707	14	3032	8 o'clock in the evening	TIME
43707	14	3125	the morning	TIME
43707	14	3255	house	GEONOUN
43707	14	3428	1941	DATE
43707	14	3480	spring	GEONOUN
43707	14	3531	river	GEONOUN
43707	14	3575	house	GEONOUN
43707	14	3735	area	GEONOUN
43707	15	576	Jewish cemetery	GEONOUN
43707	15	583	cemetery	GEONOUN
43707	15	753	1941	DATE
43707	15	900	Podgorze Ghetto	PLACE
43707	15	961	ghetto	GEONOUN
43707	15	1178	ghetto	GEONOUN
43707	15	1199	ghetto	GEONOUN
43707	15	1235	town	GEONOUN
43707	15	1243	Poland	COUNTRY
43707	15	1255	Podgorze	PLACE
43707	15	1320	buildings	GEONOUN
43707	15	1342	buildings	GEONOUN
43707	15	1429	town	GEONOUN
43707	15	1464	town	GEONOUN
43707	17	84	Jewish	GEONOUN
43707	18	243	tomorrow	DATE
43707	18	253	tomorrow	DATE
43707	18	526	the next day	DATE
43707	18	750	ghetto	GEONOUN
43707	19	363	ghetto	GEONOUN
43707	19	688	Poland	COUNTRY
43707	19	743	ghetto	GEONOUN
43707	19	765	ghetto	GEONOUN
43707	20	9	a typical day	DATE
43707	20	237	rooms	GEONOUN
43707	20	897	today	DATE
43707	20	988	temples	GEONOUN
43707	20	1018	apartments	GEONOUN
43707	20	1146	ghetto	GEONOUN
43707	20	1230	Cracow	PLACE
43707	20	1247	ghetto	GEONOUN
43707	20	1833	tunnel	GEONOUN
43707	20	2058	tunnel	GEONOUN
43707	20	2085	tunnel	GEONOUN
43707	20	2495	ghetto	GEONOUN
43707	20	2756	ghetto	GEONOUN
43707	21	341	ghetto	GEONOUN
43707	21	493	ghetto	GEONOUN
43707	21	540	ghetto	GEONOUN
43707	21	654	town	GEONOUN
43707	21	687	Jewish	GEONOUN
43707	21	765	architecture	GEONOUN
43707	21	785	ghetto	GEONOUN
43707	21	1034	ghetto	GEONOUN
43707	23	17	tunnel	GEONOUN
43707	24	13	tunnel	GEONOUN
43707	25	13	tunnel	GEONOUN
43707	25	206	apartment	GEONOUN
43707	26	33	eight years	DATE
43707	27	276	camp	GEONOUN
43707	28	40	tunnel	GEONOUN
43707	29	33	tunnel	GEONOUN
43707	29	91	tunnel	GEONOUN
43707	29	294	tunnel	GEONOUN
43707	29	328	tunnel	GEONOUN
43707	30	44	tunnel	GEONOUN
43707	32	23	ghetto	GEONOUN
43707	32	98	apartment	GEONOUN
43707	32	130	area	GEONOUN
43707	32	150	area	GEONOUN
43707	32	313	about six weeks	DATE
43707	32	470	ghetto	GEONOUN
43707	32	653	ghetto	GEONOUN
43707	32	712	ghetto	GEONOUN
43707	33	21	pass	GEONOUN
43707	33	39	ghetto	GEONOUN
43707	33	159	ghetto	GEONOUN
43707	33	248	ghetto	GEONOUN
43707	34	17	ghetto	GEONOUN
43707	34	54	ghetto	GEONOUN
43707	34	87	ghetto	GEONOUN
43707	34	141	ghetto	GEONOUN
43707	36	188	these days	DATE
43707	37	153	ghetto	GEONOUN
43707	37	178	store	GEONOUN
43707	37	614	Poland	COUNTRY
43707	37	673	1941	DATE
43707	37	683	a Berlin Conference	EVENT
43707	37	848	Poland	COUNTRY
43707	37	890	Poland	COUNTRY
43707	37	957	ghetto	GEONOUN
43707	37	1267	ghetto	GEONOUN
43707	37	1277	Plaszow	PLACE
43707	37	1350	labor camp	GEONOUN
43707	37	1362	Plaszow	PLACE
43707	37	1375	labor camp Plaszow	GEONOUN
43707	37	1386	Plaszow	PLACE
43707	37	1444	Jewish cemetery	GEONOUN
43707	37	1451	cemetery	GEONOUN
43707	37	1721	Jewish	GEONOUN
43707	37	1771	Jewish	GEONOUN
43707	37	1999	ghetto	GEONOUN
43707	37	2070	labor camp	GEONOUN
43707	37	2135	camp	GEONOUN
43707	38	84	ghetto	GEONOUN
43707	38	124	ghetto	GEONOUN
43707	38	145	camp	GEONOUN
43707	38	207	camp Jewish	GEONOUN
43707	38	212	Jewish	GEONOUN
43707	40	197	reserve	GEONOUN
43707	40	320	the morning	TIME
43707	40	358	night	TIME
43707	40	408	labor camp	GEONOUN
43707	40	483	night	TIME
43707	40	522	barracks	GEONOUN
43707	40	1168	ghetto	GEONOUN
43707	40	1183	camp	GEONOUN
43707	40	1237	Jewish	GEONOUN
43707	40	1680	four or five hours	TIME
43707	41	170	15	DATE
43707	41	174	16	DATE
43707	41	194	neck	GEONOUN
43707	41	326	camp	GEONOUN
43707	41	445	house	GEONOUN
43707	41	484	camp	GEONOUN
43707	41	1182	Jewish	GEONOUN
43707	41	1227	camp	GEONOUN
43707	41	1684	Jewish	GEONOUN
43707	41	1755	building	GEONOUN
43707	41	2264	camp	GEONOUN
43707	41	2272	1940	DATE
43707	41	2291	'42	DATE
43707	41	2299	1942	DATE
43707	41	2339	camp	GEONOUN
43707	41	2353	concentration camp	GEONOUN
43707	41	2428	camp	GEONOUN
43707	41	2553	camp	GEONOUN
43707	42	84	Plaszow	PLACE
43707	42	272	board	GEONOUN
43707	43	29	about 8 and 1/2, nine years old	DATE
43707	43	170	today	DATE
43707	43	409	night	TIME
43707	43	669	hill	GEONOUN
43707	43	710	camp	GEONOUN
43707	43	742	camp	GEONOUN
43707	43	781	the Hügel Gorka--	PLACE
43707	43	812	Prick Hill	PLACE
43707	43	1392	all day	DATE
43707	43	1571	Plaszow	PLACE
43707	44	280	building	GEONOUN
43707	45	66	one year old	DATE
43707	45	80	six months old	DATE
43707	45	126	ghetto	GEONOUN
43707	45	137	about a year later	DATE
43707	45	157	a year and a half later	DATE
43707	45	198	18 months old	DATE
43707	47	754	Plaszow	PLACE
43707	47	863	the same day	DATE
43707	47	1011	camp	GEONOUN
43707	47	1266	department	GEONOUN
43707	47	1737	camp	GEONOUN
43707	47	1878	Goeth	PLACE
43707	47	1950	less than two months ago	DATE
43707	48	108	camp	GEONOUN
43707	48	157	hill	GEONOUN
43707	48	392	pass	GEONOUN
43707	48	473	overnight	TIME
43707	50	238	camp	GEONOUN
43707	50	288	camp	GEONOUN
43707	50	548	today	DATE
43707	52	51	Plaszow	PLACE
43707	52	121	Appellplatz	PLACE
43707	52	346	Plaszow	PLACE
43707	53	102	pass	GEONOUN
43707	54	87	camp	GEONOUN
43707	54	550	Poland	COUNTRY
43707	54	593	Jewish	GEONOUN
43707	54	669	Poland	COUNTRY
43707	55	262	ghetto	GEONOUN
43707	55	274	Plaszow	PLACE
43707	55	697	Germany	COUNTRY
43707	56	108	Emalia	PLACE
43707	56	115	factory	GEONOUN
43707	56	268	camp	GEONOUN
43707	56	555	Jewish	GEONOUN
43707	56	1074	foot	GEONOUN
43707	56	1279	today	DATE
43707	56	1569	Plaszow	PLACE
43707	57	11	three years	DATE
43707	57	48	today	DATE
43707	58	447	the end of 1945	DATE
43707	59	0	Exactly five.	TIME
43707	64	269	about two days	DATE
43707	65	195	Israel	COUNTRY
43707	65	202	today	DATE
43707	65	221	Givatayim	CITY
43707	65	421	Aktion	PLACE
43707	65	607	Jewish	GEONOUN
43707	66	38	almost two days	DATE
43707	67	64	two days	DATE
43707	69	221	pass	GEONOUN
43707	69	278	barracks	GEONOUN
43707	69	412	upstairs	GEONOUN
43707	69	499	a couple of hours	TIME
43707	69	761	camp	GEONOUN
43707	69	926	about two and 1/2 days	DATE
43707	69	952	three days	DATE
43707	69	1173	station	GEONOUN
43707	70	28	September	DATE
43707	70	39	October	DATE
43707	70	48	September, I think, 1944	DATE
43707	70	96	town	GEONOUN
43707	70	308	town	GEONOUN
43707	70	357	windows	GEONOUN
43707	70	421	camp	GEONOUN
43707	70	616	nighttime	TIME
43707	70	714	chain	GEONOUN
43707	70	759	ground	GEONOUN
43707	70	857	night	TIME
43707	70	970	fall	GEONOUN
43707	71	217	Czechoslovakia	COUNTRY
43707	71	251	about a week	DATE
43707	72	4	about a week	DATE
43707	72	22	camp	GEONOUN
43707	72	73	crematorium	GEONOUN
43707	72	125	Gross Rosen	CAMP
43707	72	151	camp	GEONOUN
43707	72	239	19-- in	DATE
43707	72	247	the '30s	DATE
43707	72	290	camp	GEONOUN
43707	72	835	about a week later	DATE
43707	73	281	camp	GEONOUN
43707	74	85	camps	GEONOUN
43707	75	42	that very tender age of 10 or so	DATE
43707	76	49	Auschwitz	CAMP
43707	76	94	Auschwitz	CAMP
43707	76	109	Birkenau	CAMP
43707	76	165	that evening	TIME
43707	76	242	overnight	TIME
43707	76	257	the following day	DATE
43707	76	306	Birkenau	CAMP
43707	76	318	Brzezinka	PLACE
43707	76	374	camp	GEONOUN
43707	76	678	weeks	DATE
43707	76	688	weeks	DATE
43707	76	698	weeks	DATE
43707	76	901	crematorium	GEONOUN
43707	76	960	crematorium	GEONOUN
43707	78	86	Birkenau	CAMP
43707	78	98	Auschwitz	CAMP
43707	78	254	Auschwitz	CAMP
43707	78	389	chimneys	GEONOUN
43707	78	480	Birkenau	CAMP
43707	78	595	barracks	GEONOUN
43707	78	821	Auschwitz	CAMP
43707	78	901	Zigeunerlager	PLACE
43707	78	988	three weeks later	DATE
43707	78	1191	Birkenau	CAMP
43707	78	1238	Earth	PLACE
43707	78	1286	chimneys	GEONOUN
43707	78	1329	every single day	DATE
43707	78	1359	overnight	TIME
43707	78	1455	every single night	TIME
43707	78	1482	Birkenau	CAMP
43707	78	1597	October	DATE
43707	78	1606	November	DATE
43707	78	1618	Poland	COUNTRY
43707	78	1662	the '44	DATE
43707	78	1674	a very cold winter	DATE
43707	78	1752	the morning	TIME
43707	78	1785	three, four hours	TIME
43707	78	2145	overnight	TIME
43707	78	2163	night	TIME
43707	78	2258	railroad station	GEONOUN
43707	78	2616	the middle of the night	TIME
43707	78	2720	Birkenau	CAMP
43707	79	330	camp	GEONOUN
43707	79	484	all day long	DATE
43707	79	737	the next day	DATE
43707	79	870	camp	GEONOUN
43707	79	922	camps	GEONOUN
43707	80	16	Birkenau	CAMP
43707	80	30	camp	GEONOUN
43707	80	194	Brúnnlitz	PLACE
43707	80	299	points	GEONOUN
43707	80	327	points	GEONOUN
43707	80	449	ship	GEONOUN
43707	80	460	Birkenau	CAMP
43707	80	474	Brúnnlitz	PLACE
43707	80	573	camp	GEONOUN
43707	83	319	camp	GEONOUN
43707	83	356	camp	GEONOUN
43707	83	464	Ausch--	PLACE
43707	83	475	Birkenau	CAMP
43707	83	706	Brünnlitz	PLACE
43707	83	782	Birkenau	CAMP
43707	83	1246	camp	GEONOUN
43707	83	1283	camp	GEONOUN
43707	83	1838	today	DATE
43707	83	2179	barracks	GEONOUN
43707	84	20	1944	DATE
43707	84	56	11 years old	DATE
43707	84	80	8 and 1/2	DATE
43707	84	346	the day	DATE
43707	84	669	crematorium	GEONOUN
43707	85	488	Birkenau	CAMP
43707	85	578	barracks	GEONOUN
43707	85	936	barracks	GEONOUN
43707	85	1187	daily	DATE
43707	85	1250	crematorium	GEONOUN
43707	85	1393	dump	GEONOUN
43707	85	1586	camp	GEONOUN
43707	87	201	about 2 to 2 and 1/2 months	DATE
43707	87	232	3 months	DATE
43707	87	599	Auschwitz	CAMP
43707	87	751	waste	GEONOUN
43707	88	407	Auschwitz	CAMP
43707	89	244	barracks	GEONOUN
43707	89	341	barracks	GEONOUN
43707	89	435	reach	GEONOUN
43707	89	448	shelf	GEONOUN
43707	89	472	fell	GEONOUN
43707	89	528	Birkenau	CAMP
43707	89	607	a terrible winter	DATE
43707	89	672	Auschwitz	CAMP
43707	89	686	Birkenau	CAMP
43707	89	720	station	GEONOUN
43707	89	910	Brünnlitz	PLACE
43707	89	1192	Auschwitz	CAMP
43707	89	1236	Auschwitz	CAMP
43707	89	1292	four days,	DATE
43707	89	1303	five days	DATE
43707	89	1363	Auschwitz	CAMP
43707	89	1403	Auschwitz	CAMP
43707	89	1445	concentration camps	GEONOUN
43707	89	1561	about two, three days later	DATE
43707	89	1599	two days later--	DATE
43707	89	1726	Auschwitz	CAMP
43707	89	1959	Auschwitz	CAMP
43707	89	2334	three days	DATE
43707	89	2433	45 minutes	TIME
43707	89	2463	Cracow	PLACE
43707	89	2831	house	GEONOUN
43707	89	2844	the next morning	TIME
43707	89	2984	town	GEONOUN
43707	89	3019	Jewish	GEONOUN
43707	89	3049	Jewish	GEONOUN
43707	89	3105	street	GEONOUN
43707	89	3167	roof	GEONOUN
43707	89	3242	camp	GEONOUN
43707	89	3323	Auschwitz	CAMP
43707	89	3372	crematory	GEONOUN
43707	89	3445	Jewish	GEONOUN
43707	89	3535	Czechoslovakia	COUNTRY
43707	89	3771	Jewish	GEONOUN
43707	89	3812	camp	GEONOUN
43707	89	3854	town	GEONOUN
43707	89	3913	camp	GEONOUN
43707	89	3925	Jewish	GEONOUN
43707	89	3976	Russia	COUNTRY
43707	89	4227	Russia	COUNTRY
43707	89	4341	Jewish	GEONOUN
43707	89	4360	Jewish	GEONOUN
43707	89	4552	town	GEONOUN
43707	89	4561	Rabka	PLACE
43707	89	4572	every Friday	DATE
43707	89	4627	every two weeks	DATE
43707	89	4708	Shabbos	DATE
43707	89	4759	Jewish	GEONOUN
43707	89	4828	river	GEONOUN
43707	89	5113	the night	TIME
43707	89	5256	that night	TIME
43707	89	5289	night	TIME
43707	89	5326	Cracow	PLACE
43707	89	5680	town	GEONOUN
43707	89	5702	Cracow	PLACE
43707	89	5710	a couple of weeks later--	DATE
43707	89	5742	three weeks	DATE
43707	89	5755	four weeks later--	DATE
43707	89	6017	Poland	COUNTRY
43707	89	6101	cemetery	GEONOUN
43707	89	6146	cemetery	GEONOUN
43707	89	6159	three weeks	DATE
43707	89	6180	grave	GEONOUN
43707	89	6331	Rabka	PLACE
43707	89	6542	Cracow	PLACE
43707	89	6623	Cracow	PLACE
43707	89	6661	cemetery	GEONOUN
43707	89	6817	Czechoslovakia	COUNTRY
43707	89	6844	train	GEONOUN
43707	89	6933	Jewish	GEONOUN
43707	89	7029	Czechoslovakia	COUNTRY
43707	89	7051	Prague	CITY
43707	89	7400	Israel	COUNTRY
43707	89	7491	Czechoslovakia	COUNTRY
43707	89	7587	Munich	CITY
43707	89	7748	Czechoslovakia	COUNTRY
43707	89	7766	night	TIME
43707	89	7816	Munich	CITY
43707	89	7833	Munich	CITY
43707	89	7851	Austria	COUNTRY
43707	89	8034	Bergen-Belsen	CAMP
43707	89	8121	Munich	CITY
43707	89	8147	train	GEONOUN
43707	89	8161	Munich	CITY
43707	89	8215	three days	DATE
43707	89	8241	sector	GEONOUN
43707	89	8255	Bergen-Belsen	CAMP
43707	89	8287	Bergen-Belsen	CAMP
43707	89	8318	camp	GEONOUN
43707	89	8341	the next four years	DATE
43707	91	86	Cracow	PLACE
43707	92	68	Plaszow	PLACE
43707	92	216	camp	GEONOUN
43707	92	233	Flossenbúrg	PLACE
43707	92	245	a few days	DATE
43707	92	291	camp	GEONOUN
43707	92	555	Regensburg	CITY
43707	94	10	Regensburg--	PLACE
43707	96	4	Regensburg	CITY
43707	96	45	Flossenbúrg	PLACE
43707	96	64	Plaszow--	PLACE
43707	97	68	Bergen-Belsen	CAMP
43707	97	103	Jewish	GEONOUN
43707	97	195	Bergen-Belsen	CAMP
43707	97	273	Jewish	GEONOUN
43707	97	293	Brussels	CITY
43707	97	318	camp	GEONOUN
43707	97	696	four years	DATE
43707	97	842	Jewish	GEONOUN
43707	97	912	camp	GEONOUN
43707	97	1109	Jewish	GEONOUN
43707	97	1203	Israel	COUNTRY
43707	97	1238	Israel	COUNTRY
43707	97	1464	Brooklyn	CITY
43707	97	1489	Berlin	CITY
43707	97	1622	America	COUNTRY
43707	99	39	Israel	COUNTRY
43707	99	166	Jewish	GEONOUN
43707	99	264	school	GEONOUN
43707	99	339	school	GEONOUN
43707	99	399	the United States	COUNTRY
43707	99	636	night	TIME
43707	99	868	Germany	COUNTRY
43707	99	898	Jewish	GEONOUN
43707	99	1008	Bergen-Belsen	CAMP
43707	99	1333	camps	GEONOUN
43707	99	1376	Jewish	GEONOUN
43707	99	1482	camp	GEONOUN
43707	99	1534	house	GEONOUN
43707	99	1627	Israel	COUNTRY
43707	99	1685	Jewish	GEONOUN
43707	99	1791	the United States	COUNTRY
43707	99	1866	high school	GEONOUN
43707	100	10	market	GEONOUN
43707	100	160	Bergen	CITY
43707	100	483	Constance	PLACE
43707	100	506	Switzerland	COUNTRY
43707	100	521	Lake Constance	PLACE
43707	100	567	Bergen	CITY
43707	100	651	Constance	PLACE
43707	100	868	market	GEONOUN
43707	100	937	market	GEONOUN
43707	100	993	bar	GEONOUN
43707	100	1014	Bergen-Belsen	CAMP
43707	101	25	America	COUNTRY
43707	101	45	Bremerhaven	CITY
43707	101	79	ship	GEONOUN
43707	101	179	ship	GEONOUN
43707	101	206	America	COUNTRY
43707	101	318	October	DATE
43707	101	331	the English Channel	PLACE
43707	101	371	October	DATE
43707	101	709	club	GEONOUN
43707	101	999	America	COUNTRY
43707	101	1044	New York City	CITY
43707	101	1112	Boston	CITY
43707	101	1128	ship	GEONOUN
43707	101	1329	train	GEONOUN
43707	101	1351	New York City	CITY
43707	101	1419	hotel	GEONOUN
43707	101	1428	103rd Street	PLACE
43707	101	1464	hotel	GEONOUN
43707	101	1506	103rd Street	PLACE
43707	101	1585	street	GEONOUN
43707	101	1697	hotel	GEONOUN
43707	101	1727	windows	GEONOUN
43707	101	1898	America	COUNTRY
43707	102	64	Birkenau	CAMP
43707	102	81	three, four months	DATE
43707	102	501	Bergen-Belsen	CAMP
43707	102	675	96th Street	PLACE
43707	102	827	1948	DATE
43707	102	839	15 years old--	DATE
43707	102	1070	Brooklyn	CITY
43707	102	1258	ship	GEONOUN
43707	102	1268	Berlin	CITY
43707	102	1296	ship	GEONOUN
43707	102	1304	Berlin	CITY
43707	102	1479	Brooklyn	CITY
43707	102	1543	the good days	DATE
43707	102	1622	Elizabeth	CITY
43707	102	1633	New Jersey	US-STATE
43707	102	1803	Elizabeth	CITY
43707	102	1814	New Jersey	US-STATE
43707	102	1946	store	GEONOUN
43707	102	1976	Elizabeth	CITY
43707	102	1987	New Jersey	US-STATE
43707	102	2008	Jewish department	GEONOUN
43707	102	2015	department	GEONOUN
43707	102	2053	New Jersey	US-STATE
43707	102	2149	garage	GEONOUN
43707	102	2167	garage	GEONOUN
43707	102	2186	room	GEONOUN
43707	102	2239	department store	GEONOUN
43707	102	2250	store	GEONOUN
43707	102	2260	Christmas	DATE
43707	102	2309	department	GEONOUN
43707	102	2331	Christmas	DATE
43707	102	2389	elevator	GEONOUN
43707	102	2412	a year later	DATE
43707	102	2686	Midtown	PLACE
43707	102	2770	Bergen-Belsen	CAMP
43707	102	2881	Elizabeth	CITY
43707	102	2892	New Jersey	US-STATE
43707	102	2911	Bronx	PLACE
43707	103	172	room	GEONOUN
43707	103	215	school	GEONOUN
43707	103	446	the last minute	TIME
43707	104	217	Elizabeth	CITY
43707	104	228	New Jersey	US-STATE
43707	104	254	Elizabeth	CITY
43707	104	265	New Jersey	US-STATE
43707	104	295	Bronx	PLACE
43707	104	304	Elizabeth	CITY
43707	104	423	night	TIME
43707	104	521	high school	GEONOUN
43707	104	942	1953	DATE
43707	104	951	March 17th	DATE
43707	104	1016	Whitehall Street	PLACE
43707	104	1036	New York City	CITY
43707	104	1053	Newark	CITY
43707	104	1061	New Jersey	US-STATE
43707	104	1400	the Korean War	EVENT
43707	104	1520	Camp Kilmer	PLACE
43707	104	1658	Aberdeen Proving Grounds	PLACE
43707	104	1863	Ordnance	PLACE
43707	104	1895	eight weeks'	DATE
43707	104	2134	Carolinas	PLACE
43707	104	2148	Baltimore	CITY
43707	104	2172	New York City	CITY
43707	107	172	Appalachia	PLACE
43707	107	681	Atlanta	CITY
43707	107	690	Georgia	COUNTRY
43707	107	894	school	GEONOUN
43707	107	904	Georgia	COUNTRY
43707	107	961	Georgia	COUNTRY
43707	107	976	August	DATE
43707	107	988	July	DATE
43707	107	997	August	DATE
43707	107	1071	school	GEONOUN
43707	107	1081	night	TIME
43707	107	1320	school	GEONOUN
43707	107	1405	school	GEONOUN
43707	107	1448	Washington	US-STATE
43707	107	1459	state	GEONOUN
43707	107	1474	Korea	PLACE
43707	107	1682	Korea	PLACE
43707	107	1804	Washington	US-STATE
43707	107	1848	Korea	PLACE
43707	107	1902	the Walter Reed Hospital	PLACE
43707	107	2017	hospital	GEONOUN
43707	107	2039	today	DATE
43707	107	2620	Korea	PLACE
43707	107	2682	Washington, DC	PLACE
43707	107	3224	Bronx	PLACE
43707	107	3261	Fort Totten	PLACE
43707	107	3349	camp	GEONOUN
43707	107	3554	one day	DATE
43707	107	3633	Jewish	GEONOUN
43707	107	3713	two months	DATE
43707	107	3993	four weeks	DATE
43707	107	4060	Four weeks later	DATE
43707	107	4165	Fort Totten	PLACE
43707	107	4217	camp	GEONOUN
43707	107	4377	pool	GEONOUN
43707	107	4390	night	TIME
43707	107	4538	high school	GEONOUN
43707	107	4633	night	TIME
43707	107	4837	club	GEONOUN
43707	107	5030	Philadelphia	CITY
43707	107	5190	Fort Hamilton	CITY
43707	107	5326	college	GEONOUN
43707	107	5387	college	GEONOUN
43707	107	5569	Two and a half years later--	DATE
43707	107	5598	three years later	DATE
43707	107	5629	college	GEONOUN
43707	107	5705	club	GEONOUN
43707	107	5738	city	GEONOUN
43707	107	5746	New York	US-STATE
43707	107	5825	school	GEONOUN
43707	107	6067	school	GEONOUN
43707	107	6201	fell	GEONOUN
43707	107	6624	Washington	US-STATE
43707	107	6717	my last year	DATE
43707	108	0	1961	DATE
43707	108	6	Labor Day	DATE
43707	108	98	Jewish	GEONOUN
43707	108	157	school	GEONOUN
43707	108	301	1965	DATE
43707	108	332	1962	DATE
43707	108	441	the Port of New York	PLACE
43707	108	564	city	GEONOUN
43707	108	634	city	GEONOUN
43707	108	643	the past 27 years	DATE
43707	108	706	city	GEONOUN
43707	108	728	1971	DATE
43707	108	986	37 years	DATE
43707	108	1188	three months	DATE
43707	108	1213	four years	DATE
43707	108	1325	11 years	DATE
43707	108	1334	night	TIME
43707	108	1473	city	GEONOUN
43707	108	1484	city	GEONOUN
43707	108	1653	city	GEONOUN
43707	108	1806	school	GEONOUN
43707	108	1918	city	GEONOUN
43707	108	1934	college	GEONOUN
43707	108	1946	the summer	DATE
43707	108	2020	city	GEONOUN
43707	108	2073	area	GEONOUN
43707	108	2120	city	GEONOUN
43707	108	2189	concentration camp	GEONOUN
43707	110	88	about a year	DATE
43707	110	229	Florida	US-STATE
43707	110	309	fall	GEONOUN
43707	110	507	city	GEONOUN
43707	110	609	country	GEONOUN
43707	111	168	Holocaust	EVENT
43707	111	202	today	DATE
43707	111	235	Holocaust	EVENT
43707	111	294	today	DATE
43707	111	385	Holocaust	EVENT
43707	114	68	about 30-- 13 years old	DATE
43707	114	346	temple	GEONOUN
43707	116	35	every holiday	DATE
43707	116	76	room	GEONOUN
43707	116	149	Jewish	GEONOUN
43707	116	322	Jewish	GEONOUN
43707	116	508	Jewish	GEONOUN
43707	117	70	Holocaust	EVENT
43707	117	203	today	DATE
43707	117	249	Yugoslavia	CAMP
43707	117	301	Africa	CONTINENT
43707	117	515	today	DATE
43707	117	545	Nuremberg	EVENT
43707	117	803	Africa	CONTINENT
43707	117	814	Namibia	COUNTRY
43707	117	853	Holocaust	EVENT
43707	117	1258	today	DATE
43707	117	1442	an hour	TIME
43707	117	1451	an hour and a half	TIME
43707	118	229	Connecticut	US-STATE
43707	118	810	Cracow	PLACE
43707	120	36	New York City	CITY
43707	120	60	Holocaust	EVENT
43707	120	362	house	GEONOUN
43707	122	136	Holocaust	EVENT
43707	122	398	Poland	COUNTRY
43707	122	654	Plaszow	PLACE
43707	122	680	Auschwitz	CAMP
43707	122	708	camps	GEONOUN
43707	122	726	Plasow	PLACE
43707	122	896	Poland	COUNTRY
43707	126	65	about a year or	DATE
43707	126	81	two years	DATE
43707	126	327	Holocaust	EVENT
43707	127	36	Poland	COUNTRY
43707	127	82	1986	DATE
43707	127	121	about 40 years	DATE
43707	128	115	Holocaust	EVENT
43707	128	163	concentration camps	GEONOUN
43707	128	375	1986	DATE
43707	128	534	Plaszow	PLACE
43707	128	542	camp	GEONOUN
43707	128	804	monument	GEONOUN
43707	128	823	monument	GEONOUN
43707	128	940	Jewish community	GEONOUN
43707	128	947	community	GEONOUN
43707	128	966	house	GEONOUN
43707	128	1005	house	GEONOUN
43707	128	1238	Jewish	GEONOUN
43707	128	1372	monument	GEONOUN
43707	128	1509	cemetery	GEONOUN
43707	128	1575	Jewish cemetery	GEONOUN
43707	128	1582	cemetery	GEONOUN
43707	128	1624	about eight years ago	DATE
43707	128	1650	seven years ago	DATE
43707	128	1818	buildings	GEONOUN
43707	128	2100	holy place	GEONOUN
43707	129	76	24 hours	TIME
43707	129	143	Cracow	PLACE
43707	129	199	Cracow	PLACE
43707	129	435	Jewish	GEONOUN
43707	129	553	Germany	COUNTRY
43707	129	703	Remuh	PLACE
43707	129	745	a minute	TIME
43707	129	892	temple	GEONOUN
43707	129	939	temple	GEONOUN
43707	129	949	400 years old	DATE
43707	129	1166	10 years	DATE
43707	130	164	Kazimierz	PLACE
43707	130	182	Jewish	GEONOUN
43707	130	424	temples	GEONOUN
43707	130	579	Jewish institution	GEONOUN
43707	130	586	institution	GEONOUN
43707	130	614	Jozefa Street	PLACE
43707	130	652	Jewish	GEONOUN
43707	130	695	school	GEONOUN
43707	130	706	Jewish	GEONOUN
43707	130	766	Poland	COUNTRY
43707	130	796	Jewish	GEONOUN
43707	131	287	Cracow	PLACE
43707	131	340	city	GEONOUN
43707	131	446	two days	DATE
43707	131	458	the Remuh Temple	PLACE
43707	131	482	Shavuot	DATE
43707	131	495	Jewish	GEONOUN
43707	131	511	this year	DATE
43707	131	551	10 years	DATE
43707	131	561	11 years ago	DATE
43707	131	632	Rosh Hashanah--	DATE
43707	131	648	about 11 years ago	DATE
43707	132	107	Friday	DATE
43707	132	114	night	TIME
43707	132	210	the next day	DATE
43707	132	742	the next couple of years--	DATE
43707	133	126	Holocaust	EVENT
43707	133	218	the middle of the night	TIME
43707	133	459	Germany	COUNTRY
43707	133	635	Regensburg	CITY
43707	133	650	Rosh Hashanah	DATE
43707	133	692	Jewish community	GEONOUN
43707	133	699	community	GEONOUN
43707	133	810	Rosh Hashanah	DATE
43707	133	824	evening	TIME
43707	133	835	Regensburg	CITY
43707	133	880	temple	GEONOUN
43707	133	905	Regensburg	CITY
43707	133	933	Flossenbürg	PLACE
43707	133	1108	Germany	COUNTRY
43707	133	1120	Bonn	CITY
43707	133	1134	four days	DATE
43707	133	1256	Flossenbürg	PLACE
43707	133	1352	New Year's Eve	EVENT
43707	133	1368	Jewish	GEONOUN
43707	133	1487	city	GEONOUN
43707	133	1582	Jewish	GEONOUN
43707	133	1652	Flossenbürg	PLACE
43707	133	1773	September	DATE
43707	133	1817	Bavaria	PLACE
43707	133	1882	Flossenbürg	PLACE
43707	133	1940	camp	GEONOUN
43707	133	2032	September	DATE
43707	133	2157	camp	GEONOUN
43707	133	2219	temples	GEONOUN
43707	133	2257	temples	GEONOUN
43707	133	2476	Holocaust	EVENT
43707	133	2558	concentration camps	GEONOUN
43707	133	2638	Flossenbürg	PLACE
43707	133	3095	three, four hours	TIME
43707	133	3228	five years	DATE
43707	133	3242	10 years	DATE
43707	133	3254	100 years	DATE
43707	135	186	1932	DATE
43707	135	193	33	DATE
43707	136	139	Krynica	PLACE
43707	136	175	the summer	DATE
43707	136	192	Krynica	PLACE
43707	136	335	1936	DATE
43707	136	368	town	GEONOUN
43707	136	376	Krynica	PLACE
43707	136	494	about six hours	TIME
43707	136	605	spot	GEONOUN
43707	136	833	trees	GEONOUN
43707	136	898	trees	GEONOUN
43707	136	939	40 years later	DATE
43707	136	999	spot	GEONOUN
43707	136	1032	40 years later	DATE
43707	136	1077	approximately two and a half years old	DATE
43707	136	1126	three years old	DATE
43707	136	1160	Poland	COUNTRY
43707	136	1183	Sukenica	PLACE
43707	136	1223	church	GEONOUN
43707	136	1238	Cracow	PLACE
43707	137	372	years and years	DATE
43707	137	498	Fort Myers	CITY
43707	137	513	Florida	US-STATE
43707	137	530	Yom HaShoah	DATE
43707	137	649	Fort Myers	CITY
43707	137	1016	Next morning	TIME
43707	137	1476	a year later	DATE
43707	137	1551	the day	DATE
43707	137	1699	Fort Myers	CITY
43707	137	1806	Fort Myers	CITY
43707	137	2199	Auschwitz	CAMP
43707	137	2213	the day of liberation	DATE
43707	137	2290	Minsk	CITY
43707	137	2300	Russia	COUNTRY
43707	137	2531	Auschwitz	CAMP
43707	137	2656	Auschwitz	CAMP
43707	137	2687	concentration camp	GEONOUN
43707	137	2714	library	GEONOUN
43707	137	3044	the same day	DATE
43707	137	3411	Czechoslovakia	COUNTRY
43707	137	3525	60s	DATE
43707	137	3532	70s	DATE
43707	137	4061	Jewish	GEONOUN
43707	137	4171	today	DATE
43707	137	4390	a minute	TIME
43707	137	4907	Bergen-Belsen	CAMP
43707	137	5051	Fort Myers	CITY
43707	137	5148	almost a year and a half later	DATE
43707	137	5283	camp	GEONOUN
43707	137	5291	Bergen-Belsen	CAMP
43707	137	5334	crematorium	GEONOUN
43707	137	5533	concentration camp	GEONOUN
43707	137	5727	club	GEONOUN
43707	137	5799	1947	DATE
43707	137	5808	Bergen-Belsen	CAMP
43707	137	6039	Jewish	GEONOUN
43707	137	6059	Bergen-Belsen	CAMP
43707	137	6237	1948	DATE
43707	137	6371	Belsen Displaced Persons Camp	PLACE
43707	137	6405	1948	DATE
43707	137	6437	Belsen	PLACE
43707	137	6467	camp	GEONOUN
43707	137	6660	Germany	COUNTRY
43707	137	6741	consulate	GEONOUN
43707	137	6887	Germany	COUNTRY
43707	137	7024	1961	DATE
43707	137	7088	1970	DATE
43707	137	7113	19-- oh, '77	DATE
43707	138	589	Europe	CONTINENT
43707	138	619	Poland	COUNTRY
43707	138	671	Birkenau	CAMP
43707	138	691	factory	GEONOUN
43707	139	610	37 years	DATE
43707	140	45	today	DATE
43707	140	129	Syracuse	CITY
43707	140	139	New York	US-STATE
43707	142	133	Holocaust	EVENT
