FileID	AnswerID	StartCharPos	Entity	Type
44405	2	32	Vienna	CITY
44405	2	80	Jewish	GEONOUN
44405	2	98	Jewish	GEONOUN
44405	2	112	Jewish	GEONOUN
44405	2	214	Vienna	CITY
44405	3	0	December 14, 1924	DATE
44405	5	14	Vienna	CITY
44405	5	22	Austria	COUNTRY
44405	9	75	Jewish	GEONOUN
44405	10	15	two years	DATE
44405	12	183	room	GEONOUN
44405	14	468	synagogue	GEONOUN
44405	14	524	Vienna	CITY
44405	15	15	Poland	COUNTRY
44405	15	38	village	GEONOUN
44405	15	53	Bóbrka	PLACE
44405	15	66	Lemberg	CAMP
44405	15	75	Poland	COUNTRY
44405	17	24	Budapest	CITY
44405	17	75	Budapest	CITY
44405	17	117	Budapest	CITY
44405	18	310	district	GEONOUN
44405	18	322	Vienna	CITY
44405	18	358	district	GEONOUN
44405	18	374	Brigittenau	PLACE
44405	18	392	Jewish	GEONOUN
44405	18	409	Vienna	CITY
44405	18	433	district	GEONOUN
44405	18	445	Vienna	CITY
44405	18	453	Leopoldstadt	PLACE
44405	18	566	district	GEONOUN
44405	20	496	house	GEONOUN
44405	20	545	Jewish	GEONOUN
44405	20	723	apartment	GEONOUN
44405	20	745	the Danube Canal	PLACE
44405	20	765	the 9th District	PLACE
44405	20	785	Vienna	CITY
44405	20	845	Vienna	CITY
44405	20	1070	1938	DATE
44405	20	1091	18 years old	DATE
44405	20	1178	age 14	DATE
44405	20	1293	wood	GEONOUN
44405	20	1371	houses	GEONOUN
44405	20	1565	Vienna	CITY
44405	20	1575	those days	DATE
44405	20	1757	a Sunday	TIME
44405	20	1766	afternoon	TIME
44405	20	2006	two years	DATE
44405	20	2065	house	GEONOUN
44405	20	2092	room	GEONOUN
44405	20	2106	room	GEONOUN
44405	20	2599	England	PLACE
44405	20	2750	Russia	COUNTRY
44405	22	62	concentration camp	GEONOUN
44405	22	108	about three years ago	DATE
44405	22	258	Haifa	CITY
44405	22	265	Israel	COUNTRY
44405	22	296	that next night	TIME
44405	22	436	a week	DATE
44405	24	754	apartment	GEONOUN
44405	24	783	apartment	GEONOUN
44405	24	841	the first five years of my	DATE
44405	24	1054	Prague	CITY
44405	24	1071	Prague	CITY
44405	24	1115	England	PLACE
44405	24	1190	Vienna	CITY
44405	24	1243	apartment	GEONOUN
44405	24	1345	store	GEONOUN
44405	26	182	house	GEONOUN
44405	26	407	apartment	GEONOUN
44405	26	431	apartment	GEONOUN
44405	26	450	rooms	GEONOUN
44405	26	461	room	GEONOUN
44405	26	660	factory	GEONOUN
44405	26	685	apartment	GEONOUN
44405	26	729	Vienna	CITY
44405	26	830	the First World War	EVENT
44405	26	899	Siberia	PLACE
44405	26	924	Siberia	PLACE
44405	26	986	Siberia	PLACE
44405	26	1029	Vienna	CITY
44405	26	1092	the United States	COUNTRY
44405	26	1154	the United States	COUNTRY
44405	26	1200	the United States	COUNTRY
44405	27	136	apartment	GEONOUN
44405	27	251	Vienna	CITY
44405	27	330	China	COUNTRY
44405	27	359	China	COUNTRY
44405	27	369	Shanghai	CITY
44405	27	407	Israel	COUNTRY
44405	27	561	the last couple of months of 1938	DATE
44405	27	692	consulate	GEONOUN
44405	27	705	Vienna	CITY
44405	27	774	Shanghai	CITY
44405	27	1219	China	COUNTRY
44405	29	255	Israel	COUNTRY
44405	29	536	Europe	CONTINENT
44405	29	607	Israel	COUNTRY
44405	33	108	Israel	COUNTRY
44405	34	165	about 20 years	DATE
44405	36	40	the United States	COUNTRY
44405	37	93	my early years	DATE
44405	37	289	weekends	DATE
44405	37	338	river	GEONOUN
44405	37	378	Vienna	CITY
44405	37	397	district	GEONOUN
44405	37	457	an hour and a half	TIME
44405	37	731	an hour and a half	TIME
44405	37	795	rough	GEONOUN
44405	37	802	crossing the Danube River	GEONOUN
44405	37	811	the Danube River	PLACE
44405	37	833	railroad bridge	GEONOUN
44405	37	842	bridge	GEONOUN
44405	37	921	Vienna	CITY
44405	37	1100	the age of five or six--	DATE
44405	37	1202	Vienna	CITY
44405	37	1272	Jewish	GEONOUN
44405	37	1326	Vienna	CITY
44405	37	1336	those days	DATE
44405	38	17	two years	DATE
44405	38	93	school	GEONOUN
44405	38	104	the first four years	DATE
44405	38	154	school	GEONOUN
44405	38	366	foot	GEONOUN
44405	38	413	high school	GEONOUN
44405	38	443	four years	DATE
44405	38	493	one year	DATE
44405	38	566	school	GEONOUN
44405	38	594	Jewish	GEONOUN
44405	38	614	Vienna	CITY
44405	38	636	the Chajes Gymnasium	PLACE
44405	38	697	Vienna	CITY
44405	38	712	this day	DATE
44405	38	794	New York	US-STATE
44405	38	817	Israel	COUNTRY
44405	38	852	Israel	COUNTRY
44405	38	881	the United States	COUNTRY
44405	39	201	about seven years old	DATE
44405	39	236	nine	DATE
44405	39	552	Vienna	CITY
44405	39	692	this day	DATE
44405	39	814	store	GEONOUN
44405	39	1051	parts	GEONOUN
44405	39	1187	one Friday	DATE
44405	39	1242	the next Friday	DATE
44405	39	1690	scene	GEONOUN
44405	40	174	this day	DATE
44405	41	22	Bóbrka	PLACE
44405	41	39	village	GEONOUN
44405	41	58	Lemberg	CAMP
44405	41	67	Poland	COUNTRY
44405	42	137	Vienna	CITY
44405	42	213	Vienna	CITY
44405	42	361	apartment house	GEONOUN
44405	42	397	as late as 11 or 12 o'clock	TIME
44405	43	398	Jewish	GEONOUN
44405	43	420	Jewish	GEONOUN
44405	45	22	Budapest	CITY
44405	48	81	Vienna	CITY
44405	48	91	December of 1938	DATE
44405	48	198	September of 1939	DATE
44405	48	217	a week	DATE
44405	48	249	London	CITY
44405	48	277	half a day	DATE
44405	48	291	London	CITY
44405	48	315	Victoria Station	PLACE
44405	48	335	7 o'clock in the morning	TIME
44405	48	510	the United States	COUNTRY
44405	48	622	the United States	COUNTRY
44405	50	10	city	GEONOUN
44405	50	27	city	GEONOUN
44405	50	35	Vienna	CITY
44405	50	57	city	GEONOUN
44405	50	77	this day	DATE
44405	50	166	school	GEONOUN
44405	50	247	Vienna	CITY
44405	50	397	fields	GEONOUN
44405	50	452	street	GEONOUN
44405	50	496	street	GEONOUN
44405	52	108	street	GEONOUN
44405	52	246	district	GEONOUN
44405	52	258	Vienna	CITY
44405	52	324	fields	GEONOUN
44405	52	408	park	GEONOUN
44405	52	459	Vienna	CITY
44405	52	520	street	GEONOUN
44405	55	40	house	GEONOUN
44405	57	128	synagogue	GEONOUN
44405	57	149	synagogue	GEONOUN
44405	57	174	every Friday night	TIME
44405	57	209	morning	TIME
44405	57	225	bar	GEONOUN
44405	57	247	bar	GEONOUN
44405	57	272	the year before December of 1937	DATE
44405	57	325	bar	GEONOUN
44405	57	375	synagogue	GEONOUN
44405	57	397	district	GEONOUN
44405	57	409	Vienna	CITY
44405	57	477	synagogue	GEONOUN
44405	57	516	synagogue	GEONOUN
44405	57	536	synagogue	GEONOUN
44405	57	665	house	GEONOUN
44405	57	707	room	GEONOUN
44405	57	1118	the age of five	DATE
44405	59	102	Israel	COUNTRY
44405	59	150	the age of eight or nine	DATE
44405	60	14	the Hashomer Hatzair	PLACE
44405	60	72	Hashomer Hatzair	PLACE
44405	60	102	Brith Bilu	PLACE
44405	60	167	street	GEONOUN
44405	60	205	street	GEONOUN
44405	60	213	basement room	GEONOUN
44405	60	222	room	GEONOUN
44405	60	252	the 2nd District	PLACE
44405	60	272	Vienna	CITY
44405	60	288	street	GEONOUN
44405	60	373	Israel	COUNTRY
44405	60	411	Israel	COUNTRY
44405	60	568	Vienna	CITY
44405	60	613	Jewish	GEONOUN
44405	60	729	grave	GEONOUN
44405	60	749	Sunday	DATE
44405	63	76	10 years	DATE
44405	63	86	nine years old	DATE
44405	63	115	my last year	DATE
44405	63	151	four years	DATE
44405	63	176	school	GEONOUN
44405	63	193	four years	DATE
44405	63	229	my last year	DATE
44405	63	256	school	GEONOUN
44405	63	287	school	GEONOUN
44405	63	306	district	GEONOUN
44405	63	318	Vienna	CITY
44405	63	333	Brigittenau	PLACE
44405	63	350	every day	DATE
44405	63	497	those days	DATE
44405	63	511	Vienna	CITY
44405	63	674	one hour	TIME
44405	63	801	room	GEONOUN
44405	63	827	one hour	TIME
44405	63	965	spit	GEONOUN
44405	63	1173	school	GEONOUN
44405	63	1366	school	GEONOUN
44405	65	61	synagogue	GEONOUN
44405	65	110	synagogue	GEONOUN
44405	65	172	Vienna	CITY
44405	65	303	synagogue	GEONOUN
44405	65	364	synagogue	GEONOUN
44405	65	390	every Saturday morning	TIME
44405	65	477	yesterday	DATE
44405	66	218	synagogue	GEONOUN
44405	66	240	Friday nights	DATE
44405	66	284	synagogue	GEONOUN
44405	66	322	district	GEONOUN
44405	66	334	Vienna	CITY
44405	66	522	synagogue	GEONOUN
44405	66	584	synagogue	GEONOUN
44405	66	625	synagogue	GEONOUN
44405	66	654	department store	GEONOUN
44405	66	665	store	GEONOUN
44405	67	10	the first five years	DATE
44405	67	106	those first five years	DATE
44405	67	190	the age five	DATE
44405	67	222	apartment house	GEONOUN
44405	67	265	district	GEONOUN
44405	67	277	Vienna	CITY
44405	67	287	Brigittenau	PLACE
44405	67	323	church	GEONOUN
44405	67	345	the Brigittakirche	PLACE
44405	67	395	plaza	GEONOUN
44405	67	416	Briggitaplatz	PLACE
44405	67	441	church	GEONOUN
44405	67	498	city	GEONOUN
44405	67	506	Vienna	CITY
44405	67	558	apartment	GEONOUN
44405	67	605	the First World War	EVENT
44405	67	759	Vienna	CITY
44405	67	769	those days	DATE
44405	68	144	1935	DATE
44405	68	152	'36	DATE
44405	68	311	apartment	GEONOUN
44405	68	351	apartment	GEONOUN
44405	68	511	apartment	GEONOUN
44405	68	584	hallway	GEONOUN
44405	68	754	the night	TIME
44405	68	777	a cold winter day	DATE
44405	70	3	the Sabbath	DATE
44405	70	61	Friday	DATE
44405	70	68	night	TIME
44405	71	24	Yom Kippur	DATE
44405	72	51	synagogue	GEONOUN
44405	72	92	playground	GEONOUN
44405	72	111	about 10 o'clock	TIME
44405	72	189	those days	DATE
44405	72	212	six	DATE
44405	72	272	age 11 or 12	DATE
44405	72	336	the whole afternoon	TIME
44405	72	385	synagogue	GEONOUN
44405	72	475	playground	GEONOUN
44405	72	581	Hanukkah	DATE
44405	73	19	Vienna	CITY
44405	73	158	store	GEONOUN
44405	73	268	Jewish	GEONOUN
44405	73	314	Jewish	GEONOUN
44405	73	418	Jewish	GEONOUN
44405	73	458	Jewish	GEONOUN
44405	73	479	Vienna	CITY
44405	73	510	Jewish	GEONOUN
44405	73	531	Vienna	CITY
44405	74	30	Vienna	CITY
44405	74	78	those days	DATE
44405	74	118	capital	GEONOUN
44405	74	245	opera	GEONOUN
44405	74	277	theater	GEONOUN
44405	74	309	houses	GEONOUN
44405	74	319	Vienna	CITY
44405	74	409	high school	GEONOUN
44405	74	682	Vienna	CITY
44405	75	30	library	GEONOUN
44405	75	61	fell	GEONOUN
44405	75	236	Philadelphia	CITY
44405	75	249	about three years ago	DATE
44405	75	830	the United States	COUNTRY
44405	75	954	the 20th century--	DATE
44405	75	1002	the 19th century	DATE
44405	75	1034	the 20th century	DATE
44405	75	1141	Germany	COUNTRY
44405	75	1153	Europe	CONTINENT
44405	75	1646	land	GEONOUN
44405	75	1656	West	PLACE
44405	75	1662	the American West	PLACE
44405	75	1814	many years later	DATE
44405	75	1874	New Mexico	US-STATE
44405	75	1961	this day	DATE
44405	76	66	Vienna	CITY
44405	76	101	three years	DATE
44405	76	129	1938	DATE
44405	76	166	school	GEONOUN
44405	76	194	school	GEONOUN
44405	76	217	those three years	DATE
44405	76	336	house	GEONOUN
44405	79	165	those days	DATE
44405	80	80	bar	GEONOUN
44405	82	38	the first few years	DATE
44405	82	127	every morning	TIME
44405	82	228	train	GEONOUN
44405	82	263	Vienna	CITY
44405	82	270	the day	DATE
44405	82	284	Kristallnacht	EVENT
44405	82	429	Kristallnacht	EVENT
44405	82	461	Vienna	CITY
44405	82	488	Jewish	GEONOUN
44405	82	509	Vienna	CITY
44405	82	533	Austria	COUNTRY
44405	82	545	Germany	COUNTRY
44405	82	719	the morning	TIME
44405	82	766	synagogue	GEONOUN
44405	82	803	the morning	TIME
44405	82	854	that day	DATE
44405	82	978	Vienna	CITY
44405	82	1049	Aachen	CITY
44405	82	1066	town	GEONOUN
44405	82	1079	Germany	COUNTRY
44405	82	1088	France	COUNTRY
44405	82	1100	Belgium	COUNTRY
44405	82	1126	Cologne	CAMP
44405	82	1135	Germany	COUNTRY
44405	82	1314	the day after	DATE
44405	82	1328	Kristallnacht--	EVENT
44405	82	1358	November	DATE
44405	82	1368	Kristallnacht	EVENT
44405	82	1386	November 9th, 10th	DATE
44405	82	1427	November 10th	DATE
44405	82	1444	November 11th--	DATE
44405	82	1469	train	GEONOUN
44405	82	1489	overnight	TIME
44405	82	1499	train	GEONOUN
44405	82	1510	Vienna	CITY
44405	82	1520	Cologne	CAMP
44405	82	1529	Germany	COUNTRY
44405	82	1622	Jewish	GEONOUN
44405	82	1698	Cologne	CAMP
44405	82	1725	Aachen	CITY
44405	82	1801	the morning	TIME
44405	82	1830	Cologne	CAMP
44405	82	1845	train	GEONOUN
44405	82	2201	morning	TIME
44405	82	2254	train	GEONOUN
44405	82	2273	Germany	COUNTRY
44405	82	2310	Cologne	CAMP
44405	82	2738	morning	TIME
44405	83	21	Cologne	CAMP
44405	83	62	early morning	TIME
44405	83	102	a weekday	DATE
44405	83	121	station	GEONOUN
44405	83	362	Cologne	CAMP
44405	83	413	Cologne	CAMP
44405	83	424	Aachen	CITY
44405	83	606	station	GEONOUN
44405	83	1099	corner	GEONOUN
44405	83	1113	station	GEONOUN
44405	85	26	Jewish community	GEONOUN
44405	85	33	community	GEONOUN
44405	85	46	Cologne	CAMP
44405	85	185	concentration camp	GEONOUN
44405	88	24	Jewish	GEONOUN
44405	90	83	district	GEONOUN
44405	90	121	Israel	COUNTRY
44405	90	153	Israel	COUNTRY
44405	90	168	the United States	COUNTRY
44405	90	235	the United States	COUNTRY
44405	90	279	New Jersey	US-STATE
44405	90	570	Vienna	CITY
44405	90	619	the United States	COUNTRY
44405	90	754	Austria	COUNTRY
44405	90	855	the 1930s	DATE
44405	90	1060	those days	DATE
44405	90	1282	Vienna	CITY
44405	90	1313	tram station	GEONOUN
44405	90	1318	station	GEONOUN
44405	90	1719	Vienna	CITY
44405	90	1751	Vienna	CITY
44405	90	1764	Paris	CITY
44405	90	1847	the day	DATE
44405	90	2210	houses	GEONOUN
44405	90	2220	Vienna	CITY
44405	90	2239	district	GEONOUN
44405	90	2251	Vienna	CITY
44405	90	2971	at least two years	DATE
44405	90	3011	house	GEONOUN
44405	90	3131	Vienna	CITY
44405	90	3176	Austria	COUNTRY
44405	90	3210	this day	DATE
44405	91	51	two years ago	DATE
44405	91	415	foot	GEONOUN
44405	91	601	Vienna	CITY
44405	91	612	Vienna	CITY
44405	91	1194	today	DATE
44405	91	1289	the age of 10	DATE
44405	91	1625	street	GEONOUN
44405	91	1651	compound	GEONOUN
44405	91	1993	scar	GEONOUN
44405	91	2130	house	GEONOUN
44405	91	2153	apartment house	GEONOUN
44405	91	2179	steps	GEONOUN
44405	91	2276	basement	GEONOUN
44405	91	2307	basement	GEONOUN
44405	91	2352	department	GEONOUN
44405	91	2444	station	GEONOUN
44405	91	2592	hospital	GEONOUN
44405	91	2619	hospital	GEONOUN
44405	91	2632	two weeks	DATE
44405	91	2652	compound	GEONOUN
44405	94	99	park	GEONOUN
44405	94	143	district	GEONOUN
44405	95	13	1933	DATE
44405	95	241	Germany	COUNTRY
44405	95	301	1931, '32	DATE
44405	95	395	1933	DATE
44405	95	483	Jewish	GEONOUN
44405	95	534	Germany	COUNTRY
44405	95	570	Germany	COUNTRY
44405	95	582	Austria	COUNTRY
44405	95	598	Germany	COUNTRY
44405	95	739	Germany	COUNTRY
44405	95	990	year	DATE
44405	95	998	year	DATE
44405	95	1165	Vienna	CITY
44405	95	1176	Austria	COUNTRY
44405	95	1244	19-- March of 1938	DATE
44405	95	1277	Kristallnacht	EVENT
44405	95	1344	a few months	DATE
44405	95	1365	Jewish community	GEONOUN
44405	95	1372	community	GEONOUN
44405	95	1385	Vienna	CITY
44405	97	3	1933	DATE
44405	97	90	Germany	COUNTRY
44405	97	168	track	GEONOUN
44405	97	198	Germany	COUNTRY
44405	97	312	Germany	COUNTRY
44405	97	456	Israel	COUNTRY
44405	97	571	Austria	COUNTRY
44405	97	737	1936	DATE
44405	97	913	Vienna	CITY
44405	97	985	Vienna	CITY
44405	97	1020	1938	DATE
44405	97	1088	Vienna	CITY
44405	97	1144	March of 1938	DATE
44405	97	1339	zone	GEONOUN
44405	97	1352	the First World War	EVENT
44405	97	1384	zone	GEONOUN
44405	97	1397	France	COUNTRY
44405	97	1408	Germany	COUNTRY
44405	97	1455	Strasbourg	CITY
44405	97	1479	capital	GEONOUN
44405	97	1648	Austria	COUNTRY
44405	97	1715	Austria	COUNTRY
44405	97	1726	1938	DATE
44405	97	1732	March of-- March--	DATE
44405	97	1751	March 8th I think, 7th or 8th,	DATE
44405	97	1782	1938	DATE
44405	98	11	that day	DATE
44405	98	73	street	GEONOUN
44405	98	101	13	DATE
44405	98	186	main street	GEONOUN
44405	98	210	district	GEONOUN
44405	98	222	Vienna	CITY
44405	98	241	Wallensteinstrasse	PLACE
44405	98	819	street	GEONOUN
44405	98	953	that day	DATE
44405	98	1032	Vienna	CITY
44405	98	1055	Austria	COUNTRY
44405	98	1201	the afternoon	TIME
44405	98	1252	street	GEONOUN
44405	98	1268	street almost all day	GEONOUN
44405	98	1275	almost all day	DATE
44405	98	1466	street	GEONOUN
44405	98	1512	About 5 o'clock in the afternoon	TIME
44405	98	1622	street	GEONOUN
44405	98	1632	Vienna	CITY
44405	98	1724	Vienna	CITY
44405	98	1764	district	GEONOUN
44405	98	1930	street	GEONOUN
44405	98	1961	the Wallensteinstrasse	PLACE
44405	98	1999	street	GEONOUN
44405	98	2031	district	GEONOUN
44405	98	2046	district	GEONOUN
44405	98	2058	Vienna	CITY
44405	98	2138	bridge	GEONOUN
44405	98	2150	the Danube Canal	PLACE
44405	98	2174	the Friedensbrücke-- Peace-- Peace Bridge	PLACE
44405	98	2521	Jewish	GEONOUN
44405	98	2832	street	GEONOUN
44405	98	2919	street	GEONOUN
44405	98	3028	street	GEONOUN
44405	98	3263	Jewish	GEONOUN
44405	98	3385	street	GEONOUN
44405	98	3474	street	GEONOUN
44405	99	52	today	DATE
44405	99	238	first night	TIME
44405	99	284	a very	TIME
44405	99	297	night	TIME
44405	99	412	the day	DATE
44405	99	533	apartment	GEONOUN
44405	99	645	apartments	GEONOUN
44405	99	677	two or three hours	TIME
44405	99	740	street	GEONOUN
44405	99	938	street	GEONOUN
44405	99	1028	street	GEONOUN
44405	99	1056	the next day	DATE
44405	99	1091	room	GEONOUN
44405	101	17	district	GEONOUN
44405	101	29	Vienna	CITY
44405	101	72	apartment house	GEONOUN
44405	101	313	room	GEONOUN
44405	101	347	Vienna	CITY
44405	101	379	apartment	GEONOUN
44405	101	405	the first day	DATE
44405	101	434	apartment	GEONOUN
44405	101	476	school	GEONOUN
44405	101	544	school	GEONOUN
44405	102	20	school	GEONOUN
44405	102	141	that day	DATE
44405	102	345	embassy	GEONOUN
44405	102	360	consulate	GEONOUN
44405	102	373	Vienna	CITY
44405	103	67	school	GEONOUN
44405	103	108	school	GEONOUN
44405	103	202	Jewish store	GEONOUN
44405	103	209	store	GEONOUN
44405	103	270	Jewish	GEONOUN
44405	103	396	Jewish	GEONOUN
44405	103	687	street	GEONOUN
44405	103	736	rough	GEONOUN
44405	103	977	Jewish community	GEONOUN
44405	103	984	community	GEONOUN
44405	103	1011	Vienna	CITY
44405	104	145	concentration camp	GEONOUN
44405	104	189	concentration camp	GEONOUN
44405	104	213	Buchenwald	CAMP
44405	104	240	concentration camps	GEONOUN
44405	104	263	those days	DATE
44405	104	283	Dachau	CITY
44405	104	303	Buchenwald	CAMP
44405	104	331	Buchenwald	CAMP
44405	105	220	March	DATE
44405	105	232	November	DATE
44405	105	246	Kristallnacht	EVENT
44405	105	278	maybe six months	DATE
44405	105	638	China	COUNTRY
44405	106	51	Kristallnacht	EVENT
44405	106	125	Kristallnacht	EVENT
44405	106	209	Kristallnacht	EVENT
44405	106	224	the day of the-- November 9th	DATE
44405	106	310	Jewish	GEONOUN
44405	106	380	Israel	COUNTRY
44405	106	448	Israel	COUNTRY
44405	106	481	Israel	COUNTRY
44405	106	526	district	GEONOUN
44405	106	538	Vienna	CITY
44405	106	598	five days	DATE
44405	106	636	school	GEONOUN
44405	106	646	9 o'clock in the morning	TIME
44405	106	687	about 2 or 3 o'clock	TIME
44405	106	731	carpentry	GEONOUN
44405	107	60	April	DATE
44405	107	174	November 9th	DATE
44405	107	200	school	GEONOUN
44405	107	298	9 o'clock	TIME
44405	107	318	school	GEONOUN
44405	107	389	10 o'clock	TIME
44405	107	789	11 o'clock	TIME
44405	107	1110	school today	GEONOUN
44405	107	1117	today	DATE
44405	107	1464	house	GEONOUN
44405	107	1501	district	GEONOUN
44405	107	1660	the evening	TIME
44405	108	107	that night	TIME
44405	108	305	about 3 o'clock in the morning	TIME
44405	108	457	Jewish	GEONOUN
44405	108	527	about 3 o'clock in the morning	TIME
44405	111	16	about 3-- 3 o'clock in the-- in the morning	TIME
44405	111	618	Austria	COUNTRY
44405	111	629	the First World War--	EVENT
44405	111	662	Austria	COUNTRY
44405	111	1372	the First World War	EVENT
44405	111	1525	that night	TIME
44405	111	1563	the morning	TIME
44405	111	1631	apartment house	GEONOUN
44405	111	1772	Vienna	CITY
44405	111	1788	concentration camp that night	GEONOUN
44405	111	1807	that night	TIME
44405	112	36	November 9th	DATE
44405	115	72	Jewish	GEONOUN
44405	115	118	Jewish	GEONOUN
44405	115	248	Jewish	GEONOUN
44405	115	413	Jewish	GEONOUN
44405	115	474	Jewish	GEONOUN
44405	115	533	Jewish	GEONOUN
44405	116	311	the next day	DATE
44405	116	348	Kristallnacht	EVENT
44405	116	545	next day	DATE
44405	116	560	Kristallnacht	EVENT
44405	116	630	Jewish	GEONOUN
44405	116	727	Paris	CITY
44405	116	775	Kristallnacht	EVENT
44405	117	12	that night	TIME
44405	117	44	the next morning	TIME
44405	117	98	house	GEONOUN
44405	117	214	street	GEONOUN
44405	117	248	synagogue	GEONOUN
44405	117	310	synagogue	GEONOUN
44405	117	543	the next two weeks	DATE
44405	119	80	Jewish	GEONOUN
44405	119	124	street	GEONOUN
44405	119	203	store	GEONOUN
44405	121	75	store	GEONOUN
44405	121	417	the next two weeks	DATE
44405	122	54	Palestine	CITY
44405	122	79	Vienna	CITY
44405	122	163	Israel	COUNTRY
44405	122	391	Vienna	CITY
44405	122	401	December 10th	DATE
44405	123	78	Israel	COUNTRY
44405	123	156	Israel	COUNTRY
44405	123	305	England	PLACE
44405	123	516	Jewish	GEONOUN
44405	123	657	Germany	COUNTRY
44405	123	717	Vienna	CITY
44405	123	751	railroad station that morning	GEONOUN
44405	123	768	that morning	TIME
44405	123	837	Israel	COUNTRY
44405	123	870	England	PLACE
44405	126	0	America	COUNTRY
44405	126	9	America	COUNTRY
44405	126	25	land	GEONOUN
44405	127	34	train	GEONOUN
44405	127	76	crossing	GEONOUN
44405	127	90	Holland	CITY
44405	127	162	Germany	COUNTRY
44405	127	185	station	GEONOUN
44405	127	206	Holland	CITY
44405	127	231	train	GEONOUN
44405	127	299	platform	GEONOUN
44405	127	729	the 20 minutes	TIME
44405	127	828	Channel	PLACE
44405	127	851	those days	DATE
44405	127	871	train	GEONOUN
44405	127	937	crossing	GEONOUN
44405	127	950	Channel	PLACE
44405	127	969	train	GEONOUN
44405	127	1038	Dovercourt	PLACE
44405	127	1059	the English Channel	PLACE
44405	127	1113	December	DATE
44405	127	1138	December 10th, 1938	DATE
44405	127	1207	summer camp	GEONOUN
44405	127	1222	the English Channel	PLACE
44405	128	0	Dovercourt--	PLACE
44405	128	20	winter	DATE
44405	128	40	cabins	GEONOUN
44405	128	192	two weeks	DATE
44405	128	293	that two weeks	DATE
44405	128	342	camp	GEONOUN
44405	128	366	camp	GEONOUN
44405	128	387	Shaftesbury	PLACE
44405	130	37	Jewish	GEONOUN
44405	130	112	hall	GEONOUN
44405	130	195	tomorrow	DATE
44405	130	495	about 10 o'clock	TIME
44405	130	570	12 o'clock	TIME
44405	131	31	camp	GEONOUN
44405	131	40	about two weeks	DATE
44405	131	140	England	PLACE
44405	131	167	London	CITY
44405	131	200	house	GEONOUN
44405	131	229	London	CITY
44405	131	243	North Kensington	PLACE
44405	131	261	NW10	PLACE
44405	131	285	house	GEONOUN
44405	131	329	about the middle 30s	DATE
44405	131	396	Jewish	GEONOUN
44405	131	454	house	GEONOUN
44405	131	545	school	GEONOUN
44405	131	642	technical school	GEONOUN
44405	131	694	Paddington	PLACE
44405	131	709	London	CITY
44405	131	759	school	GEONOUN
44405	132	32	technical school	GEONOUN
44405	132	137	school	GEONOUN
44405	132	150	school	GEONOUN
44405	132	318	January	DATE
44405	132	327	late January	DATE
44405	132	369	September	DATE
44405	132	418	house	GEONOUN
44405	133	21	every day	DATE
44405	133	182	Friday	DATE
44405	133	189	night	TIME
44405	133	212	Jewish	GEONOUN
44405	133	228	houses	GEONOUN
44405	133	491	the last minute	TIME
44405	133	576	the United States	COUNTRY
44405	133	634	New York	US-STATE
44405	133	703	synagogue	GEONOUN
44405	133	721	69th Street	PLACE
44405	133	736	New York	US-STATE
44405	133	906	Jewish	GEONOUN
44405	133	1174	the last minute	TIME
44405	133	1223	England	PLACE
44405	133	1285	about half a day	DATE
44405	133	1305	London	CITY
44405	136	89	69th Street	PLACE
44405	136	104	New York	US-STATE
44405	136	215	Jewish	GEONOUN
44405	136	309	a year	DATE
44405	136	409	the United States	COUNTRY
44405	137	72	a week	DATE
44405	137	174	September 9th	DATE
44405	137	191	10th	DATE
44405	137	241	Poland	COUNTRY
44405	137	253	Britain	PLACE
44405	137	265	France	COUNTRY
44405	137	328	London	CITY
44405	137	441	farm	GEONOUN
44405	137	487	farm village	GEONOUN
44405	137	513	town	GEONOUN
44405	137	522	Wiltshire--	PLACE
44405	137	541	Trowbridge	CITY
44405	137	559	county	GEONOUN
44405	137	569	Wiltshire	PLACE
44405	137	604	London	CITY
44405	137	624	the next five, six months	DATE
44405	137	658	farm	GEONOUN
44405	137	777	upstairs	GEONOUN
44405	137	798	farmhouse	GEONOUN
44405	137	813	room	GEONOUN
44405	137	886	farm	GEONOUN
44405	137	918	village school	GEONOUN
44405	137	926	school	GEONOUN
44405	137	962	the morning	TIME
44405	137	978	the afternoon	TIME
44405	138	23	school	GEONOUN
44405	138	37	village school	GEONOUN
44405	138	45	school	GEONOUN
44405	139	59	Jewish	GEONOUN
44405	139	168	England	PLACE
44405	139	361	farmhouse	GEONOUN
44405	139	699	every morning	TIME
44405	139	740	Trowbridge	CITY
44405	139	774	town	GEONOUN
44405	139	801	factory	GEONOUN
44405	139	985	factory	GEONOUN
44405	139	1142	14-year-old	DATE
44405	139	1196	country road	GEONOUN
44405	139	1204	road	GEONOUN
44405	139	1232	England	PLACE
44405	139	1348	factory	GEONOUN
44405	139	1364	Trowbridge	CITY
44405	140	15	February	DATE
44405	140	101	February	DATE
44405	140	133	the United States	COUNTRY
44405	141	21	ocean	GEONOUN
44405	141	81	ship	GEONOUN
44405	141	170	ship	GEONOUN
44405	141	304	ship	GEONOUN
44405	141	375	those days	DATE
44405	142	7	ship	GEONOUN
44405	142	86	ship	GEONOUN
44405	142	221	five days	DATE
44405	142	235	10--	DATE
44405	142	248	10 days	DATE
44405	142	269	Atlantic	PLACE
44405	142	281	those days	DATE
44405	142	314	those days	DATE
44405	143	11	the United States	COUNTRY
44405	143	32	February of 1940	DATE
44405	144	37	ship	GEONOUN
44405	144	132	46th	PLACE
44405	144	177	a couple of hours	TIME
44405	144	358	hotel	GEONOUN
44405	144	381	the Hotel Roosevelt	PLACE
44405	144	404	Manhattan	CITY
44405	144	448	room	GEONOUN
44405	144	471	room	GEONOUN
44405	144	502	room	GEONOUN
44405	144	517	3 o'clock in the morning	TIME
44405	144	705	the night--	TIME
44405	144	734	the morning	TIME
44405	146	88	environment	GEONOUN
44405	148	82	two years	DATE
44405	148	116	a year	DATE
44405	150	9	the United States	COUNTRY
44405	150	37	high school	GEONOUN
44405	150	63	high school	GEONOUN
44405	150	161	England	PLACE
44405	150	183	school	GEONOUN
44405	150	251	those days	DATE
44405	150	358	15 and a half years old	DATE
44405	150	409	four more years	DATE
44405	150	437	19 and a half	DATE
44405	150	533	waste	GEONOUN
44405	150	684	the age of 10	DATE
44405	150	754	school	GEONOUN
44405	150	764	Manhattan	CITY
44405	150	806	school	GEONOUN
44405	150	816	Manhattan	CITY
44405	150	849	school	GEONOUN
44405	150	899	the morning	TIME
44405	150	947	the afternoon	TIME
44405	150	1044	the age of 18	DATE
44405	150	1059	June of 1943	DATE
44405	150	1101	high school	GEONOUN
44405	150	1202	college	GEONOUN
44405	150	1264	college	GEONOUN
44405	150	1330	college	GEONOUN
44405	152	160	concentration camps	GEONOUN
44405	153	29	Vienna	CITY
44405	153	51	Anschluss	EVENT
44405	154	30	Fort Belvoir	PLACE
44405	154	44	Virginia	US-STATE
44405	154	124	Alexandria	CITY
44405	154	136	Virginia	US-STATE
44405	158	142	Normandy	PLACE
44405	159	42	the United States	COUNTRY
44405	159	78	England	PLACE
44405	159	154	England	PLACE
44405	159	171	December of 1943	DATE
44405	159	204	England	PLACE
44405	162	49	Jewish	GEONOUN
44405	162	208	Bronx	PLACE
44405	165	156	Jewish	GEONOUN
44405	167	80	June 6th, 1944	DATE
44405	167	110	about a week before	DATE
44405	167	279	town	GEONOUN
44405	167	287	Cornwall	CITY
44405	167	297	England	PLACE
44405	167	312	St. Austell	PLACE
44405	167	374	town	GEONOUN
44405	167	388	Cornwall	CITY
44405	167	513	that last week	DATE
44405	167	535	June 5th, 1966	DATE
44405	168	0	1944	DATE
44405	168	59	town	GEONOUN
44405	168	67	port	GEONOUN
44405	168	103	village	GEONOUN
44405	168	114	England	PLACE
44405	168	172	town	GEONOUN
44405	168	294	Farnsworth	PLACE
44405	168	423	beach	GEONOUN
44405	169	21	the United States	COUNTRY
44405	169	43	England	PLACE
44405	170	7	December, December of 1943	DATE
44405	170	41	December of 1943	DATE
44405	170	92	England	PLACE
44405	170	134	camp	GEONOUN
44405	171	37	December	DATE
44405	171	52	June	DATE
44405	171	103	coast	GEONOUN
44405	171	112	England	PLACE
44405	171	152	Normandy	PLACE
44405	172	12	Utah Beach	PLACE
44405	173	24	that day	DATE
44405	173	63	scene	GEONOUN
44405	173	76	port	GEONOUN
44405	173	190	pass	GEONOUN
44405	173	463	town	GEONOUN
44405	173	471	Farnsworth	PLACE
44405	173	495	village	GEONOUN
44405	173	558	the evening of June 5th	TIME
44405	173	649	town	GEONOUN
44405	173	666	village	GEONOUN
44405	173	954	reach Normandy	GEONOUN
44405	173	960	Normandy	PLACE
44405	173	984	crossing	GEONOUN
44405	173	1877	steps	GEONOUN
44405	173	2061	field	GEONOUN
44405	173	2295	about two minutes	TIME
44405	173	3037	a few seconds	TIME
44405	173	3082	a minute	TIME
44405	173	3995	a few minutes	TIME
44405	173	4062	harbor	GEONOUN
44405	173	4891	boat	GEONOUN
44405	173	4934	boat	GEONOUN
44405	173	5101	Normandy	PLACE
44405	173	5117	beach	GEONOUN
44405	173	5250	pitch	GEONOUN
44405	173	5475	about 12 o'clock at night	TIME
44405	173	5742	rough	GEONOUN
44405	173	5753	sea	GEONOUN
44405	173	5761	rough	GEONOUN
44405	173	5891	3 o'clock in the morning	TIME
44405	173	5920	4 o'clock	TIME
44405	173	5963	ship	GEONOUN
44405	173	6191	ship	GEONOUN
44405	173	6408	Europe	CONTINENT
44405	173	7141	4:30	TIME
44405	173	7203	coast	GEONOUN
44405	173	7744	coast	GEONOUN
44405	173	8191	boat	GEONOUN
44405	173	8291	field	GEONOUN
44405	173	8422	The last few weeks	DATE
44405	173	8444	England	PLACE
44405	173	8534	Vienna	CITY
44405	174	440	beach	GEONOUN
44405	175	254	foot	GEONOUN
44405	175	771	beach	GEONOUN
44405	175	820	beach	GEONOUN
44405	175	1076	mines	GEONOUN
44405	175	1182	landing	GEONOUN
44405	175	1330	parts	GEONOUN
44405	175	1469	Utah Beach	PLACE
44405	175	1547	Omaha Beach	PLACE
44405	175	1676	Utah Beach	PLACE
44405	175	1707	Omaha Beach	PLACE
44405	175	1727	Omaha	CITY
44405	175	1907	that first night	TIME
44405	175	2328	the Omaha Beach	PLACE
44405	175	2403	Omaha Beach	PLACE
44405	176	37	beach	GEONOUN
44405	176	209	Utah Beach	PLACE
44405	176	370	land	GEONOUN
44405	176	550	the first week	DATE
44405	176	695	D-Day	DATE
44405	177	14	Utah Beach	PLACE
44405	177	29	about three or four weeks	DATE
44405	178	158	the Battle of the Bulge	EVENT
44405	178	243	building	GEONOUN
44405	178	254	bridge	GEONOUN
44405	178	272	Remagen Bridge	PLACE
44405	178	339	bridges	GEONOUN
44405	178	356	bridges	GEONOUN
44405	179	541	the second day	DATE
44405	179	768	about 19 years old	DATE
44405	179	931	station	GEONOUN
44405	180	13	beach	GEONOUN
44405	180	34	beach	GEONOUN
44405	180	62	beach	GEONOUN
44405	180	73	Utah Beach	PLACE
44405	180	89	Utah Beach	PLACE
44405	181	17	Germany	COUNTRY
44405	181	41	Rhine	PLACE
44405	181	92	December	DATE
44405	181	105	the Battle of the Bulge	EVENT
44405	181	145	about February	DATE
44405	181	177	late January	DATE
44405	181	191	early February	DATE
44405	181	234	the Rhine River	PLACE
44405	184	99	bridges	GEONOUN
44405	184	346	territory	GEONOUN
44405	184	553	Leipzig	CITY
44405	185	15	Bleicherode	CAMP
44405	185	53	Leipzig	CITY
44405	185	87	Black Forest	PLACE
44405	185	100	region	GEONOUN
44405	185	110	Germany	COUNTRY
44405	185	125	Braunfels	PLACE
44405	185	164	two weeks	DATE
44405	187	30	the last week	DATE
44405	188	78	Weimar	CITY
44405	188	145	mission	GEONOUN
44405	188	269	the last week	DATE
44405	188	696	area	GEONOUN
44405	188	979	road	GEONOUN
44405	190	308	Germany	COUNTRY
44405	190	858	a few seconds	TIME
44405	190	1779	station	GEONOUN
44405	198	132	concentration camps	GEONOUN
44405	200	59	Weimar	CITY
44405	200	90	the day	DATE
44405	200	133	May 8th	DATE
44405	200	180	May 8th	DATE
44405	200	219	Buchenwald	CAMP
44405	200	233	May 8th	DATE
44405	200	258	May 9th	DATE
44405	200	307	the first day	DATE
44405	200	442	concentration camps	GEONOUN
44405	200	559	Poland	COUNTRY
44405	200	591	Austria	COUNTRY
44405	200	600	Theresienstadt	CAMP
44405	200	643	camps	GEONOUN
44405	200	678	camps	GEONOUN
44405	200	711	Buchenwald	CAMP
44405	200	896	concentration camps	GEONOUN
44405	200	926	concentration camp	GEONOUN
44405	200	946	Buchenwald	CAMP
44405	200	1215	the last day	DATE
44405	200	1303	Buchenwald	CAMP
44405	201	35	May 8th	DATE
44405	201	46	May 9th	DATE
44405	201	76	the morning	TIME
44405	201	115	May 9th	DATE
44405	201	194	country road	GEONOUN
44405	201	202	road	GEONOUN
44405	201	268	camp	GEONOUN
44405	202	78	ground	GEONOUN
44405	203	394	prison	GEONOUN
44405	203	441	about four hours	TIME
44405	204	57	camp	GEONOUN
44405	204	999	bar	GEONOUN
44405	204	1186	his 70s	DATE
44405	204	1265	concentration camp	GEONOUN
44405	204	1322	his 30s	DATE
44405	204	1563	room	GEONOUN
44405	204	1698	the next six hours	TIME
44405	204	1724	camp	GEONOUN
44405	204	1761	camp	GEONOUN
44405	205	91	dispensary	GEONOUN
44405	205	138	Buchenwald	CAMP
44405	205	198	hospital	GEONOUN
44405	205	273	fell	GEONOUN
44405	205	561	dispensary	GEONOUN
44405	205	601	dispensary	GEONOUN
44405	205	711	dispensary	GEONOUN
44405	205	767	dispensary	GEONOUN
44405	205	839	cowshed	GEONOUN
44405	205	857	barn	GEONOUN
44405	205	872	foot	GEONOUN
44405	205	893	foot	GEONOUN
44405	205	908	ceiling	GEONOUN
44405	205	925	foot	GEONOUN
44405	205	935	ceiling	GEONOUN
44405	205	954	roof	GEONOUN
44405	205	976	roof	GEONOUN
44405	205	1023	walls	GEONOUN
44405	205	1037	foot	GEONOUN
44405	205	1062	foot	GEONOUN
44405	205	1129	cubicles	GEONOUN
44405	205	1155	shelf	GEONOUN
44405	205	1169	foot	GEONOUN
44405	205	1179	foot	GEONOUN
44405	205	1285	dispensary	GEONOUN
44405	205	2437	a few seconds	TIME
44405	207	150	Auschwitz	CAMP
44405	207	225	camp	GEONOUN
44405	207	640	room	GEONOUN
44405	207	653	windows	GEONOUN
44405	207	697	brick walls	GEONOUN
44405	207	703	walls	GEONOUN
44405	207	1169	walls	GEONOUN
44405	208	235	house	GEONOUN
44405	208	259	house	GEONOUN
44405	208	280	house	GEONOUN
44405	208	306	house	GEONOUN
44405	208	542	Jewish	GEONOUN
44405	208	591	3 SECONDS	TIME
44405	208	628	those six hours	TIME
44405	208	738	that night	TIME
44405	208	924	camps	GEONOUN
44405	208	1118	camps	GEONOUN
44405	214	104	20s and 30s	DATE
44405	216	247	years	DATE
44405	217	78	camp	GEONOUN
44405	217	92	Buchenwald	CAMP
44405	217	115	camp	GEONOUN
44405	218	30	barracks	GEONOUN
44405	219	149	camp	GEONOUN
44405	219	198	camp	GEONOUN
44405	219	234	Dachau	CITY
44405	219	245	Buchenwald	CAMP
44405	220	70	facility	GEONOUN
44405	220	94	barracks	GEONOUN
44405	220	150	facilities	GEONOUN
44405	221	348	concentration camps	GEONOUN
44405	221	405	camps	GEONOUN
44405	224	102	Buchenwald	CAMP
44405	224	148	Auschwitz	CAMP
44405	224	195	camps	GEONOUN
44405	225	41	more than 50 years ago	DATE
44405	226	0	About six to eight hours	TIME
44405	227	122	Buchenwald	CAMP
44405	227	173	Buchenwald	CAMP
44405	227	222	a week after that	DATE
44405	227	305	area	GEONOUN
44405	227	321	camp	GEONOUN
44405	228	73	town	GEONOUN
44405	231	17	concentration camp	GEONOUN
44405	231	174	Germany	COUNTRY
44405	231	371	post	GEONOUN
44405	232	188	next few hours	TIME
44405	232	217	the next day	DATE
44405	234	12	the six to eight hours	TIME
44405	235	8	camp	GEONOUN
44405	235	27	Nordhausen	CITY
44405	235	73	camp	GEONOUN
44405	235	98	camp	GEONOUN
44405	236	134	Buchenwald	CAMP
44405	237	6	Nordhausen	CITY
44405	237	98	Nordhausen	CITY
44405	237	167	factory	GEONOUN
44405	237	178	Nordhausen	CITY
44405	237	212	mountain	GEONOUN
44405	237	326	the first day	DATE
44405	237	380	facility	GEONOUN
44405	239	54	construction	GEONOUN
44405	239	124	Normandy	PLACE
44405	239	144	50-year	DATE
44405	239	335	Nordhausen	CITY
44405	239	390	the day	DATE
44405	239	479	factory	GEONOUN
44405	240	174	D-Day	DATE
44405	240	231	Holocaust	EVENT
44405	242	517	three or four months	DATE
44405	243	166	Jewish	GEONOUN
44405	244	99	Braunfels	PLACE
44405	244	172	Braunfels	PLACE
44405	244	218	Bleicherode	CAMP
44405	244	520	scene	GEONOUN
44405	248	551	8 o'clock tonight	TIME
44405	248	1066	the five years	DATE
44405	248	1184	about a week	DATE
44405	248	1292	Leipzig--	PLACE
44405	248	1307	Leipzig	CITY
44405	248	1315	hospital	GEONOUN
44405	248	1630	hospital	GEONOUN
44405	248	1642	Leipzig	CITY
44405	248	1814	crossing	GEONOUN
44405	248	1827	street	GEONOUN
44405	250	48	camps	GEONOUN
44405	250	98	camps	GEONOUN
44405	251	37	camps	GEONOUN
44405	251	80	town	GEONOUN
44405	251	114	factory	GEONOUN
44405	251	139	huts	GEONOUN
44405	251	162	board	GEONOUN
44405	251	436	Jewish	GEONOUN
44405	251	512	Jewish	GEONOUN
44405	252	92	Maastricht	CITY
44405	252	104	Holland	CITY
44405	252	120	Jewish	GEONOUN
44405	252	194	the United States	COUNTRY
44405	252	293	Maastricht	CITY
44405	252	305	Holland	CITY
44405	253	12	Germany	COUNTRY
44405	253	53	May of 1945	DATE
44405	253	114	May	DATE
44405	253	119	June	DATE
44405	253	125	July	DATE
44405	253	131	August	DATE
44405	253	139	September	DATE
44405	253	161	October	DATE
44405	253	201	France	COUNTRY
44405	253	227	about five months	DATE
44405	253	262	Germany	COUNTRY
44405	255	14	Jewish	GEONOUN
44405	255	117	Fort Dix	PLACE
44405	256	20	February of 1946	DATE
44405	256	41	Fort Dix	PLACE
44405	256	51	New Jersey	US-STATE
44405	257	400	school	GEONOUN
44405	257	656	school	GEONOUN
44405	258	46	Normandy	PLACE
44405	258	254	farm	GEONOUN
44405	259	175	my 50 years	DATE
44405	260	50	Jewish	GEONOUN
44405	260	87	France	COUNTRY
44405	260	113	the year after war year--	DATE
44405	260	149	months	DATE
44405	260	501	Vienna	CITY
44405	261	336	25 years	DATE
44405	261	421	the last eight years	DATE
44405	261	496	university	GEONOUN
44405	262	145	age 29	DATE
44405	262	450	11	DATE
44405	262	549	seven couple of months	DATE
44405	263	51	Brooklyn	CITY
44405	265	226	Washington	US-STATE
44405	265	241	three or four days	DATE
44405	265	260	tomorrow	DATE
44405	265	311	Washington	US-STATE
44405	266	12	beach	GEONOUN
44405	266	21	Coney Island--	PLACE
44405	266	36	Brighton Beach	CITY
44405	266	75	Jewish	GEONOUN
44405	266	145	college	GEONOUN
44405	266	188	college	GEONOUN
44405	266	229	beach	GEONOUN
44405	266	421	a week later	DATE
44405	266	480	beach	GEONOUN
44405	266	497	Bay 3	PLACE
44405	266	507	Brighton Beach	CITY
44405	266	859	last week	DATE
44405	266	1088	that night	TIME
44405	266	1107	Saturday	DATE
44405	266	1124	a Saturday	DATE
44405	268	62	next week	DATE
44405	269	67	19	DATE
44405	269	96	1946	DATE
44405	269	135	'47	DATE
44405	269	146	'48	DATE
44405	270	12	1951-- June of 1951	DATE
44405	272	16	December 16th, 19--	DATE
44405	272	53	'57	DATE
44405	273	40	that year	DATE
44405	273	95	'50-	DATE
44405	273	119	1955	DATE
44405	275	16	March	DATE
44405	275	27	March	DATE
44405	275	37	September of 19--	DATE
44405	275	83	'56	DATE
44405	276	4	'50--	DATE
44405	276	25	'50--	DATE
44405	276	69	'50-- '51	DATE
44405	276	99	school	GEONOUN
44405	276	140	'53	DATE
44405	276	147	'54	DATE
44405	277	8	today	DATE
44405	277	17	40	DATE
44405	278	5	today	DATE
44405	278	19	29	DATE
44405	278	61	41	DATE
44405	278	80	39	DATE
44405	278	94	two years	DATE
44405	281	190	1951	DATE
44405	281	240	40-- 47th	DATE
44405	281	262	this last June	DATE
44405	281	278	June 6th	DATE
44405	281	288	June 24th, 19-- 1998	DATE
44405	281	333	40-- 47th	DATE
44405	284	13	Vienna	CITY
44405	285	125	apartments	GEONOUN
44405	285	156	apartment houses	GEONOUN
44405	285	166	houses	GEONOUN
44405	285	194	room	GEONOUN
44405	285	253	Vienna	CITY
44405	285	433	the United States	COUNTRY
44405	285	480	the United States	COUNTRY
44405	285	512	city	GEONOUN
44405	285	518	50 years	DATE
44405	285	643	Vienna	CITY
44405	285	807	Vienna	CITY
44405	285	814	today	DATE
44405	287	322	Germany	COUNTRY
44405	287	467	today	DATE
44405	287	515	Europe	CONTINENT
44405	287	535	the United States	COUNTRY
44405	287	1096	Holocaust	EVENT
44405	287	1377	Jewish	GEONOUN
44405	287	1442	West Point	PLACE
44405	287	1565	this next April	DATE
44405	288	161	Jewish	GEONOUN
44405	288	317	Normandy	PLACE
44405	288	369	D-Day	EVENT
44405	288	512	Holocaust	EVENT
44405	290	78	Israel	COUNTRY
44405	290	216	this year	DATE
44405	290	230	February	DATE
44405	290	330	next year	DATE
44405	290	423	state	GEONOUN
44405	290	432	Israel	COUNTRY
44405	290	460	Jewish	GEONOUN
44405	290	573	Jewish	GEONOUN
44405	290	616	state	GEONOUN
44405	290	625	Israel	COUNTRY
44405	290	644	Holocaust	EVENT
44405	290	737	Israel	COUNTRY
44405	290	787	Israel	COUNTRY
44405	292	192	Earth	PLACE
44405	292	573	Earth	PLACE
44405	294	247	Earth	PLACE
44405	294	581	a few little short years	DATE
44405	298	23	about 1960	DATE
44405	299	16	Brooklyn	CITY
44405	302	23	about 1975	DATE
44405	303	16	Far Rockaway	CITY
44405	303	30	Queens	CITY
44405	304	51	20 years ago	DATE
44405	305	104	First World War	EVENT
44405	306	63	1917	DATE
44405	307	116	Vienna	CITY
44405	307	127	1939	DATE
44405	308	44	Vienna	CITY
44405	310	25	1939	DATE
44405	311	3	Vienna	CITY
44405	311	11	Austria	COUNTRY
44405	314	21	Vienna	CITY
44405	314	32	1937	DATE
44405	316	26	apartment	GEONOUN
44405	316	53	apartment	GEONOUN
44405	320	58	Poland	COUNTRY
44405	320	69	1939	DATE
44405	321	42	concentration camp	GEONOUN
44405	321	82	concentration camp	GEONOUN
44405	321	122	Brooklyn	CITY
44405	322	108	Brooklyn	CITY
44405	322	120	June 24th, 1951	DATE
44405	330	82	Long Island	PLACE
44405	331	3	1948	DATE
44405	331	12	Brooklyn	CITY
44405	331	22	New York	US-STATE
44405	332	92	November 20th, 1982	DATE
44405	334	19	Philadelphia	CITY
44405	335	69	East Brunswick	CITY
44405	335	85	New Jersey	US-STATE
44405	335	96	last year	DATE
44405	335	107	1997	DATE
44405	336	15	house	GEONOUN
44405	340	89	Philadelphia	CITY
44405	340	103	last year	DATE
44405	340	114	1997	DATE
44405	342	122	Westfield	CITY
44405	342	136	1982	DATE
44405	346	69	house	GEONOUN
44405	348	82	pass	GEONOUN
44405	348	131	1943	DATE
44405	348	146	November of 1943	DATE
44405	348	164	a month	DATE
44405	349	96	50-year	DATE
44405	349	120	Utah Beach	PLACE
44405	349	524	June 6, 1944	DATE
44405	350	187	50-year	DATE
44405	351	151	town	GEONOUN
44405	351	178	December of 1938-- December of 1944	DATE
44405	351	381	crater	GEONOUN
44405	357	94	Jewish	GEONOUN
44405	357	140	Next year	DATE
44405	357	153	Jerusalem	CITY
