FileID	AnswerID	StartCharPos	Entity	Type
45182	1	20	Poland	COUNTRY
45182	3	10	February 4th, 1922	DATE
45182	4	5	68	DATE
45182	4	26	68	DATE
45182	6	24	78	DATE
45182	8	14	Bendzin	PLACE
45182	8	91	Poland	COUNTRY
45182	13	15	1911	DATE
45182	13	104	1914	DATE
45182	13	112	Poland	COUNTRY
45182	13	212	1918	DATE
45182	13	244	Poland	COUNTRY
45182	13	255	Bedzin	PLACE
45182	14	10	city	GEONOUN
45182	14	98	Jewish	GEONOUN
45182	15	268	city	GEONOUN
45182	20	82	every Saturday	DATE
45182	20	150	synagogue	GEONOUN
45182	23	38	Rosh Hashanah,	DATE
45182	23	53	New Year's	EVENT
45182	23	88	Yom Kippur	DATE
45182	24	32	house	GEONOUN
45182	24	56	apartment	GEONOUN
45182	24	90	apartment	GEONOUN
45182	24	149	room	GEONOUN
45182	25	91	house	GEONOUN
45182	28	38	school	GEONOUN
45182	28	96	one year	DATE
45182	28	152	school	GEONOUN
45182	29	18	14 or 15 years old	DATE
45182	30	51	house	GEONOUN
45182	34	43	street	GEONOUN
45182	35	74	street	GEONOUN
45182	35	210	Jewish	GEONOUN
45182	39	84	city	GEONOUN
45182	39	139	Jewish city	GEONOUN
45182	39	146	city	GEONOUN
45182	39	165	Jewish	GEONOUN
45182	40	44	factory	GEONOUN
45182	41	153	school	GEONOUN
45182	43	42	city	GEONOUN
45182	43	83	Germany	COUNTRY
45182	43	174	country	GEONOUN
45182	43	246	Bedzin	PLACE
45182	43	396	Germany	COUNTRY
45182	51	32	the second day	DATE
45182	51	89	September 1st	DATE
45182	51	108	the September 2nd	DATE
45182	51	143	town	GEONOUN
45182	51	176	synagogue	GEONOUN
45182	53	15	1939	DATE
45182	54	100	only the second day	DATE
45182	54	167	town	GEONOUN
45182	58	106	country	GEONOUN
45182	59	0	The second day	DATE
45182	59	53	every day	DATE
45182	60	43	train	GEONOUN
45182	61	191	street	GEONOUN
45182	61	310	city	GEONOUN
45182	62	70	Jewish	GEONOUN
45182	62	127	ground	GEONOUN
45182	62	244	Jewish	GEONOUN
45182	63	45	market	GEONOUN
45182	65	86	1942	DATE
45182	65	92	1941	DATE
45182	65	130	Jewish	GEONOUN
45182	65	187	ghetto	GEONOUN
45182	65	269	street	GEONOUN
45182	65	317	street	GEONOUN
45182	65	402	Jewish	GEONOUN
45182	66	41	'41	DATE
45182	66	48	'42	DATE
45182	69	39	street	GEONOUN
45182	69	74	a week	DATE
45182	69	300	concentration camp	GEONOUN
45182	69	403	camps	GEONOUN
45182	69	428	concentration camps	GEONOUN
45182	69	532	labor camp	GEONOUN
45182	70	12	1942	DATE
45182	73	86	every day	DATE
45182	73	121	country	GEONOUN
45182	73	184	country	GEONOUN
45182	74	0	1942	DATE
45182	74	37	1942	DATE
45182	74	60	the beginning of '42	DATE
45182	74	82	About June, July of '42	DATE
45182	76	0	1942	DATE
45182	76	26	city	GEONOUN
45182	76	40	Aktion	PLACE
45182	76	157	stadium	GEONOUN
45182	76	413	weekly	DATE
45182	76	467	the nights	DATE
45182	77	78	room	GEONOUN
45182	77	255	cellars	GEONOUN
45182	77	291	cellars	GEONOUN
45182	77	319	Poland	COUNTRY
45182	78	49	Jewish	GEONOUN
45182	78	101	house	GEONOUN
45182	78	134	street	GEONOUN
45182	79	31	Jewish	GEONOUN
45182	79	73	walls	GEONOUN
45182	79	99	ghetto	GEONOUN
45182	80	8	ghetto	GEONOUN
45182	80	29	the last-- if I am not mistaken	DATE
45182	80	62	the last months of 1942	DATE
45182	80	101	September	DATE
45182	80	114	Octobers	DATE
45182	82	251	Kamionka	PLACE
45182	82	263	Bedzin	PLACE
45182	83	129	Jewish	GEONOUN
45182	84	22	Jewish	GEONOUN
45182	84	124	Jewish	GEONOUN
45182	85	231	town	GEONOUN
45182	86	35	7 o'clock in the evening	TIME
45182	87	17	7:00	TIME
45182	87	32	7:00 to	TIME
45182	87	40	7:00	TIME
45182	87	68	ghetto	GEONOUN
45182	87	91	ghetto	GEONOUN
45182	89	67	Jewish	GEONOUN
45182	91	32	1942	DATE
45182	91	151	house	GEONOUN
45182	97	113	market	GEONOUN
45182	97	424	market	GEONOUN
45182	98	71	farms	GEONOUN
45182	98	95	city	GEONOUN
45182	98	202	market	GEONOUN
45182	100	0	1940	DATE
45182	100	41	1943	DATE
45182	100	83	the nine-- June the 23rd of 1943	DATE
45182	100	153	street	GEONOUN
45182	100	208	Aktion	PLACE
45182	100	313	train	GEONOUN
45182	100	336	train	GEONOUN
45182	100	446	fell	GEONOUN
45182	100	517	fell	GEONOUN
45182	100	996	June 23	DATE
45182	100	1134	the next day	DATE
45182	100	1186	June 24	DATE
45182	100	1270	hiding place	GEONOUN
45182	101	252	train	GEONOUN
45182	101	289	train	GEONOUN
45182	101	406	train	GEONOUN
45182	101	508	Oswiecim	PLACE
45182	101	523	Auschwitz	CAMP
45182	101	603	one hour	TIME
45182	101	702	train	GEONOUN
45182	101	764	Auschwitz	CAMP
45182	101	797	city	GEONOUN
45182	101	854	Auschwitz	CAMP
45182	101	928	Auschwitz	CAMP
45182	101	1094	seven days old	DATE
45182	101	1283	Auschwitz	CAMP
45182	101	1355	ramp	GEONOUN
45182	101	2727	concentration camp	GEONOUN
45182	101	2779	hospital	GEONOUN
45182	101	2791	Auschwitz	CAMP
45182	101	2809	block	GEONOUN
45182	101	2825	hospital	GEONOUN
45182	101	2875	hospital	GEONOUN
45182	101	2940	Jewish	GEONOUN
45182	101	3032	Auschwitz	CAMP
45182	101	3191	two hours later	TIME
45182	101	3296	hospital	GEONOUN
45182	101	3328	six weeks	DATE
45182	101	3341	Auschwitz	CAMP
45182	101	3385	six weeks	DATE
45182	101	3784	train	GEONOUN
45182	101	3795	station	GEONOUN
45182	101	3806	Auschwitz	CAMP
45182	101	3863	Sachsenhausen	CAMP
45182	101	3908	Sachsenhausen	CAMP
45182	101	3954	hospital	GEONOUN
45182	101	4011	hospital	GEONOUN
45182	101	4114	a year	DATE
45182	101	4346	over a year	DATE
45182	101	4424	hospital	GEONOUN
45182	101	4724	1942	DATE
45182	101	4730	About 1943	DATE
45182	101	4745	January	DATE
45182	101	4832	Auschwitz	CAMP
45182	102	232	concentration camps	GEONOUN
45182	102	562	a month	DATE
45182	102	683	room	GEONOUN
45182	102	755	seven years old	DATE
45182	102	774	eight years old	DATE
45182	102	1444	one week	DATE
45182	102	1532	concentration camp	GEONOUN
45182	102	1968	Germany	COUNTRY
45182	104	54	a few days	DATE
45182	104	257	March 1945	DATE
45182	104	298	a few weeks--	DATE
45182	104	404	nurses	GEONOUN
45182	104	461	block	GEONOUN
45182	104	506	block	GEONOUN
45182	104	526	block	GEONOUN
45182	104	697	nurses	GEONOUN
45182	104	986	block	GEONOUN
45182	104	999	hospital	GEONOUN
45182	104	1128	nurses	GEONOUN
45182	104	1372	April	DATE
45182	104	1402	April 27, the 27th of April	DATE
45182	104	1435	camp	GEONOUN
45182	104	1477	nurses	GEONOUN
45182	104	1520	block	GEONOUN
45182	104	1565	camp	GEONOUN
45182	104	1631	camp	GEONOUN
45182	104	1855	camp	GEONOUN
45182	104	1893	the Death March	EVENT
45182	104	1971	the North Sea	PLACE
45182	104	2096	the North Sea	PLACE
45182	104	2155	ocean	GEONOUN
45182	104	2345	the May 1st	DATE
45182	104	2429	forests	GEONOUN
45182	104	2445	road	GEONOUN
45182	104	2584	The next day	DATE
45182	104	3055	road	GEONOUN
45182	104	3145	road	GEONOUN
45182	104	3256	a half an hour	TIME
45182	104	3527	trail	GEONOUN
45182	104	3564	trail	GEONOUN
45182	104	3630	village	GEONOUN
45182	104	3684	edge	GEONOUN
45182	104	3749	field	GEONOUN
45182	104	4147	the evening	TIME
45182	104	4322	yard	GEONOUN
45182	104	4328	Tomorrow	DATE
45182	104	4337	morning	TIME
45182	104	4431	night	TIME
45182	104	4644	the next day	DATE
45182	104	4661	the morning	TIME
45182	104	4704	village	GEONOUN
45182	104	4718	river	GEONOUN
45182	104	4776	river	GEONOUN
45182	104	4842	river	GEONOUN
45182	104	5016	room	GEONOUN
45182	104	5085	The next day	DATE
45182	104	5119	village	GEONOUN
45182	104	5160	village	GEONOUN
45182	104	5335	city	GEONOUN
45182	104	5403	Schwerin	CITY
45182	104	5417	city	GEONOUN
45182	104	5426	Schwerin	CITY
45182	104	5480	camp	GEONOUN
45182	104	5582	this day	DATE
45182	105	12	May 2, May 2, 1945	DATE
45182	106	46	ramp	GEONOUN
45182	106	59	station	GEONOUN
45182	106	491	ramp	GEONOUN
45182	106	586	camp Kanada	GEONOUN
45182	106	591	Kanada	PLACE
45182	106	919	camp	GEONOUN
45182	106	1133	about three hours later	TIME
45182	110	11	Auschwitz	CAMP
45182	110	84	Auschwitz	CAMP
45182	110	120	Sachsenhausen	CAMP
45182	113	568	camps	GEONOUN
45182	114	60	Poland	COUNTRY
45182	114	92	nurses	GEONOUN
45182	114	106	hospital	GEONOUN
45182	114	514	three years ago	DATE
45182	114	594	Brandenburg	CAMP
45182	114	620	Germany	COUNTRY
45182	114	684	camp	GEONOUN
45182	114	835	Sachsenhausen	CAMP
45182	114	1084	nurses	GEONOUN
45182	114	1125	Norway	COUNTRY
45182	114	1545	Sachsenhausen	CAMP
45182	114	1675	1995	DATE
45182	114	1681	1994	DATE
45182	114	1697	Jerusalem	CITY
45182	116	281	New York	US-STATE
45182	116	377	every year	DATE
45182	116	424	Germany	COUNTRY
45182	119	253	today	DATE
45182	119	262	Auschwitz	CAMP
45182	119	280	museum	GEONOUN
45182	119	344	Auschwitz	CAMP
45182	119	363	Sachsenhausen	CAMP
45182	119	428	Auschwitz	CAMP
45182	119	438	three years ago	DATE
45182	119	629	Sachsenhausen	CAMP
45182	119	648	Auschwitz	CAMP
45182	121	3	Auschwitz	CAMP
45182	121	22	only six weeks	DATE
45182	121	50	hospital	GEONOUN
45182	121	99	six weeks	DATE
45182	121	144	Sachsenhausen	CAMP
45182	122	24	only six weeks	DATE
45182	122	130	London	CITY
45182	122	141	England	PLACE
45182	126	383	every day	DATE
45182	126	464	all day long	DATE
45182	126	482	room	GEONOUN
45182	127	83	hospital	GEONOUN
45182	127	211	Sachsenhausen	CAMP
45182	127	231	camp	GEONOUN
45182	127	271	camp	GEONOUN
45182	127	345	Europe	CONTINENT
45182	127	451	concentration camp	GEONOUN
45182	127	740	hospital	GEONOUN
45182	127	999	camp	GEONOUN
45182	128	146	Switzerland	COUNTRY
45182	128	283	the 27th till the 1st	DATE
45182	128	317	about four, five days	DATE
45182	128	385	five days	DATE
45182	130	142	camp	GEONOUN
45182	130	246	camp	GEONOUN
45182	131	38	the day	DATE
45182	131	268	street	GEONOUN
45182	132	92	camp	GEONOUN
45182	132	101	Sachsenhausen	CAMP
45182	132	122	camp	GEONOUN
45182	132	141	camp	GEONOUN
45182	132	304	Sachsenhausen	CAMP
45182	132	402	Sachsenhausen	CAMP
45182	132	435	department	GEONOUN
45182	132	532	Sachsenhausen	CAMP
45182	132	967	field	GEONOUN
45182	132	1023	field	GEONOUN
45182	132	1103	the last day	DATE
45182	132	1140	the last day	DATE
45182	132	1186	the April	DATE
45182	132	1200	30 days	DATE
45182	132	1221	the 30th of April	DATE
45182	134	52	night	TIME
45182	134	172	night	TIME
45182	135	183	camp	GEONOUN
45182	135	205	Lubeck	PLACE
45182	135	213	Lubeck	PLACE
45182	135	223	the North Sea	PLACE
45182	135	385	labor camp	GEONOUN
45182	135	489	Lubeck	PLACE
45182	135	525	camp	GEONOUN
45182	135	549	Bergen-Belsen	CAMP
45182	135	587	camp	GEONOUN
45182	135	623	Bedzin	PLACE
45182	135	654	train	GEONOUN
45182	135	684	Bergen-Belsen	CAMP
45182	135	757	Munich	CITY
45182	135	798	Bergen-Belsen	CAMP
45182	135	867	camp	GEONOUN
45182	135	887	camps	GEONOUN
45182	135	968	Bergen-Belsen	CAMP
45182	135	1030	Munich	CITY
45182	135	1210	Bergen-Belsen	CAMP
45182	135	1241	Munich	CITY
45182	135	1302	Seven days and seven nights	DATE
45182	135	1388	Munich	CITY
45182	135	1612	two hours	TIME
45182	135	1744	city	GEONOUN
45182	135	2240	three days	DATE
45182	135	2330	Bergen-Belsen	CAMP
45182	135	2385	seven nights	DATE
45182	135	2402	seven days	DATE
45182	135	2428	Bergen-Belsen	CAMP
45182	135	2457	camp	GEONOUN
45182	135	2472	train	GEONOUN
45182	135	2549	train	GEONOUN
45182	135	2560	seven days	DATE
45182	135	2575	seven nights	DATE
45182	135	2651	train	GEONOUN
45182	135	2677	Bergen-Belsen	CAMP
45182	136	261	three months later	DATE
45182	136	305	camp	GEONOUN
45182	136	314	Bergen-Belsen	CAMP
45182	137	3	Bergen	CITY
45182	137	59	Bedzin	PLACE
45182	137	70	Poland	COUNTRY
45182	137	231	Germany	COUNTRY
45182	137	254	Poland	COUNTRY
45182	137	316	market	GEONOUN
45182	137	557	19-- 1945-- summertime, 1945	DATE
45182	137	625	Sachsenhausen--	PLACE
45182	137	644	Bergen-Belsen--	PLACE
45182	137	665	Poland	COUNTRY
45182	137	786	apartment	GEONOUN
45182	137	820	apartment	GEONOUN
45182	137	857	town	GEONOUN
45182	137	983	Bergen-Belsen	CAMP
45182	137	1081	apartment	GEONOUN
45182	137	1094	Eschwege	CITY
45182	137	1111	Werra	PLACE
45182	137	1145	town	GEONOUN
45182	137	1183	Germany	COUNTRY
45182	137	1234	Bergen-Belsen--	PLACE
45182	137	1314	market	GEONOUN
45182	137	1430	apartment	GEONOUN
45182	137	1453	apartment	GEONOUN
45182	137	1580	city	GEONOUN
45182	137	1628	apartment	GEONOUN
45182	137	1750	department store	GEONOUN
45182	137	1761	store	GEONOUN
45182	137	1771	Eschwege	CITY
45182	137	1877	Germany	COUNTRY
45182	137	1957	America	COUNTRY
45182	137	1970	Eschwege	CITY
45182	137	1979	1950,	DATE
45182	137	1985	February	DATE
45182	137	2155	Germany	COUNTRY
45182	137	2174	America	COUNTRY
45182	137	2186	New York	US-STATE
45182	137	2292	room	GEONOUN
45182	137	2447	Germany	COUNTRY
45182	137	2508	store	GEONOUN
45182	137	2568	New York	US-STATE
45182	137	2608	store	GEONOUN
45182	137	2645	Jewish	GEONOUN
45182	137	2670	Germany	COUNTRY
45182	137	2863	elevator	GEONOUN
45182	137	3026	Germany	COUNTRY
45182	138	48	today	DATE
45182	138	58	Israel	COUNTRY
45182	139	72	New York	US-STATE
45182	139	93	Miami	CITY
45182	139	103	Florida	US-STATE
45182	139	242	Israel	COUNTRY
45182	139	385	Israel	COUNTRY
45182	139	404	Israel	COUNTRY
45182	139	423	boat	GEONOUN
45182	139	439	boat	GEONOUN
45182	139	447	Europe	CONTINENT
45182	139	525	boat	GEONOUN
45182	139	608	Italy	COUNTRY
45182	139	620	Italy	COUNTRY
45182	139	629	Israel	COUNTRY
45182	139	640	Israel	COUNTRY
45182	139	685	every evening	TIME
45182	139	901	today	DATE
45182	139	1295	America	COUNTRY
45182	140	45	Russia	COUNTRY
45182	142	23	Israel	COUNTRY
45182	142	31	1948	DATE
45182	142	88	Jewish	GEONOUN
45182	142	122	Russia	COUNTRY
45182	142	276	Israel	COUNTRY
45182	142	315	Poland	COUNTRY
45182	142	333	Poland	COUNTRY
45182	142	384	Israel	COUNTRY
45182	143	16	1954	DATE
45182	144	18	1954	DATE
45182	145	67	New York	US-STATE
45182	145	79	1956	DATE
45182	145	94	July 10, 1956	DATE
45182	146	48	1960	DATE
45182	146	54	July 13--	DATE
45182	146	72	New York	US-STATE
45182	148	182	2 and 1/2 years old	DATE
45182	151	10	California	US-STATE
45182	151	24	1960	DATE
45182	151	46	New York	US-STATE
45182	151	59	10 years	DATE
45182	151	110	New York	US-STATE
45182	151	201	New York	US-STATE
45182	151	217	store	GEONOUN
45182	151	243	store	GEONOUN
45182	151	261	New York	US-STATE
45182	151	381	1960	DATE
45182	151	413	New York	US-STATE
45182	151	429	1960	DATE
45182	151	442	New York	US-STATE
45182	151	495	Los Angeles	CITY
45182	151	527	Los Angeles	CITY
45182	151	588	New York	US-STATE
45182	151	612	1960	DATE
45182	151	621	New York	US-STATE
45182	151	677	New York	US-STATE
45182	151	761	apartment	GEONOUN
45182	151	804	apartment	GEONOUN
45182	151	852	apartment	GEONOUN
45182	151	924	apartment	GEONOUN
45182	151	1078	train	GEONOUN
45182	151	1093	Los Angeles	CITY
45182	151	1110	New York	US-STATE
45182	152	11	1960	DATE
45182	154	14	Poland	COUNTRY
45182	154	39	Bedzin	PLACE
45182	154	85	Bedzin	PLACE
45182	155	115	New York	US-STATE
45182	155	163	Israel	COUNTRY
45182	155	191	Israel	COUNTRY
45182	158	241	park	GEONOUN
45182	158	368	the weekends--	DATE
45182	159	126	the years	DATE
45182	159	143	Holocaust	EVENT
45182	161	132	Poland	COUNTRY
45182	161	264	every week	DATE
45182	165	35	the States	PLACE
45182	169	68	43 years	DATE
45182	172	46	about 1933	DATE
45182	172	61	Poland	COUNTRY
45182	172	81	Bedzin	PLACE
45182	173	176	1937	DATE
45182	173	269	the war years	DATE
45182	174	38	two years ago	DATE
45182	174	56	Los Angeles	CITY
45182	175	28	Bedzin	PLACE
45182	175	36	Poland	COUNTRY
45182	175	78	backyard	GEONOUN
45182	175	112	Bedzin	PLACE
45182	175	123	Czeladzka Street	PLACE
45182	175	230	Bedzin	PLACE
45182	175	238	Poland	COUNTRY
45182	175	255	1937	DATE
45182	176	102	Los Angeles	CITY
45182	176	115	1984	DATE
45182	176	314	Los Angeles	CITY
45182	176	327	1998	DATE
45182	176	472	2 and 1/2 years	DATE
45182	176	516	Los Angeles	CITY
45182	176	529	1998	DATE
45182	176	664	Los Angeles	CITY
45182	176	677	1997	DATE
45182	176	718	town	GEONOUN
45182	176	805	1997	DATE
45182	176	813	Los Angeles	CITY
45182	176	885	nurses	GEONOUN
45182	176	895	concentration camp Sachsenhausen	GEONOUN
45182	176	914	Sachsenhausen	CAMP
45182	176	1015	hospital	GEONOUN
45182	176	1027	Sachsenhausen	CAMP
45182	176	1071	Auschwitz	CAMP
45182	176	1081	museum	GEONOUN
45182	176	1157	Sachsenhausen	CAMP
45182	176	1242	concentration camp	GEONOUN
45182	176	1264	Sachsenhausen	CAMP
45182	176	1362	hospital	GEONOUN
45182	176	1374	Sachsenhausen	CAMP
