FileID	AnswerID	StartCharPos	Entity	Type
46122	0	185	about 10, 11 years old	DATE
46122	0	262	Jewish	GEONOUN
46122	0	300	Jewish	GEONOUN
46122	1	58	America	COUNTRY
46122	4	15	Brno	CITY
46122	4	102	town	GEONOUN
46122	6	4	Czechoslovakia	COUNTRY
46122	7	51	January 21st, 1923	DATE
46122	9	77	four months old	DATE
46122	10	350	exactly a year older	DATE
46122	10	446	a week--	DATE
46122	10	472	a week	DATE
46122	11	170	department store	GEONOUN
46122	11	181	store	GEONOUN
46122	11	190	Moravská Ostrava	PLACE
46122	11	240	about six years old	DATE
46122	11	305	16	DATE
46122	11	322	Prague	CITY
46122	12	20	Moravská	PLACE
46122	13	18	20	DATE
46122	13	24	Auschwitz	CAMP
46122	13	45	10	DATE
46122	14	83	a year-- just about a year old	DATE
46122	14	136	rough	GEONOUN
46122	14	316	foot	GEONOUN
46122	14	387	foot	GEONOUN
46122	14	513	foot	GEONOUN
46122	14	593	later years	DATE
46122	14	1079	the morning	TIME
46122	14	1336	tree	GEONOUN
46122	14	1354	tree	GEONOUN
46122	15	158	Brno	CITY
46122	15	191	country	GEONOUN
46122	15	210	Brno	CITY
46122	15	266	Bilovice	PLACE
46122	15	438	Bilovice	PLACE
46122	16	17	Vienna	CITY
46122	16	42	four years old	DATE
46122	16	72	Brno--	PLACE
46122	16	79	Brunn	CAMP
46122	17	20	1896	DATE
46122	18	158	about 16 years old	DATE
46122	18	202	fell	GEONOUN
46122	18	264	apartments	GEONOUN
46122	18	327	fell	GEONOUN
46122	18	685	foot	GEONOUN
46122	18	863	Vienna	CITY
46122	18	957	sanatorium	GEONOUN
46122	18	1011	almost a year	DATE
46122	18	1094	building	GEONOUN
46122	18	1123	Vienna	CITY
46122	18	1137	Prater	PLACE
46122	18	1209	factory	GEONOUN
46122	19	55	bridge	GEONOUN
46122	19	92	Brno	CITY
46122	19	100	railroad bridge	GEONOUN
46122	19	109	bridge	GEONOUN
46122	20	52	building bridges	GEONOUN
46122	20	61	bridges	GEONOUN
46122	20	87	Russia	COUNTRY
46122	20	332	54 years old	DATE
46122	20	555	19 years old	DATE
46122	20	585	21	DATE
46122	20	637	Berlin	CITY
46122	20	715	roofer	GEONOUN
46122	20	823	Paris	CITY
46122	20	920	Los Angeles	CITY
46122	20	976	Wilshire Boulevard	PLACE
46122	20	1006	apartment	GEONOUN
46122	20	1211	apartments	GEONOUN
46122	21	364	backyard	GEONOUN
46122	21	425	16 years old	DATE
46122	21	572	backyard	GEONOUN
46122	21	673	school	GEONOUN
46122	21	876	school	GEONOUN
46122	21	1049	school	GEONOUN
46122	21	1197	apartment	GEONOUN
46122	21	1766	camp	GEONOUN
46122	24	148	room	GEONOUN
46122	24	345	about eight years old	DATE
46122	24	461	school	GEONOUN
46122	24	499	an hour	TIME
46122	24	513	every day--	DATE
46122	25	497	school	GEONOUN
46122	26	34	1935	DATE
46122	26	61	'35, '36	DATE
46122	26	185	Jewish	GEONOUN
46122	26	233	that afternoon	TIME
46122	26	293	park	GEONOUN
46122	26	337	memorial	GEONOUN
46122	26	455	platform	GEONOUN
46122	26	628	platform	GEONOUN
46122	26	676	Jewish	GEONOUN
46122	26	706	Jewish	GEONOUN
46122	26	1139	platform	GEONOUN
46122	27	130	courtyard	GEONOUN
46122	27	160	apartment houses	GEONOUN
46122	27	170	houses	GEONOUN
46122	27	197	park	GEONOUN
46122	27	242	park	GEONOUN
46122	27	256	school	GEONOUN
46122	27	290	school	GEONOUN
46122	27	298	The first three years	DATE
46122	27	348	school	GEONOUN
46122	27	475	the Czechoslovakian Republic	PLACE
46122	27	514	three years	DATE
46122	27	542	school	GEONOUN
46122	27	652	school	GEONOUN
46122	28	696	house	GEONOUN
46122	29	10	Brno	CITY
46122	29	32	park	GEONOUN
46122	31	43	room	GEONOUN
46122	31	204	house	GEONOUN
46122	31	221	apartment house	GEONOUN
46122	31	325	wood	GEONOUN
46122	31	395	room	GEONOUN
46122	31	441	hallway	GEONOUN
46122	31	504	apartment	GEONOUN
46122	32	587	Paris	CITY
46122	32	658	every month	DATE
46122	33	450	school	GEONOUN
46122	33	684	apartment	GEONOUN
46122	33	1508	today	DATE
46122	33	1619	years	DATE
46122	33	1788	house	GEONOUN
46122	33	2307	spot	GEONOUN
46122	33	2660	room	GEONOUN
46122	33	2947	room	GEONOUN
46122	33	3345	room	GEONOUN
46122	33	3460	igloo	GEONOUN
46122	33	3761	windows	GEONOUN
46122	33	3784	room	GEONOUN
46122	33	3906	room	GEONOUN
46122	35	17	about three weeks	DATE
46122	35	75	two weeks	DATE
46122	35	88	three weeks--	DATE
46122	35	167	these two or three weeks	DATE
46122	35	200	Christmastime	DATE
46122	35	243	the morning	TIME
46122	35	412	camp	GEONOUN
46122	35	606	Christmas	DATE
46122	35	636	house	GEONOUN
46122	35	671	left field	GEONOUN
46122	35	808	Christmas	DATE
46122	35	1250	cage	GEONOUN
46122	35	1411	camp	GEONOUN
46122	36	227	day	DATE
46122	36	272	camp	GEONOUN
46122	36	544	Auschwitz	CAMP
46122	36	1465	camp	GEONOUN
46122	37	120	camp	GEONOUN
46122	37	151	room	GEONOUN
46122	37	183	bay	GEONOUN
46122	37	247	camp	GEONOUN
46122	37	267	bay	GEONOUN
46122	37	416	17-years-old	DATE
46122	37	479	17-years-old	DATE
46122	37	676	camp	GEONOUN
46122	37	694	bay	GEONOUN
46122	38	11	camp	GEONOUN
46122	40	583	a few days later	DATE
46122	40	682	a week or two	DATE
46122	41	33	between April and June of '44	DATE
46122	42	890	five-years-old--	DATE
46122	42	1256	flat	GEONOUN
46122	42	1282	flat	GEONOUN
46122	43	332	tomorrow	DATE
46122	43	341	morning	TIME
46122	43	354	tomorrow	DATE
46122	43	375	evening	TIME
46122	43	658	that night	TIME
46122	43	683	all night	TIME
46122	43	700	about 3 o'clock in the morning	TIME
46122	43	778	next day	DATE
46122	43	886	the day after	DATE
46122	43	921	hole	GEONOUN
46122	43	1023	hole	GEONOUN
46122	44	224	camp	GEONOUN
46122	45	4	camp	GEONOUN
46122	45	112	camp	GEONOUN
46122	45	290	room	GEONOUN
46122	47	116	rocks	GEONOUN
46122	47	308	room	GEONOUN
46122	55	102	Birkenau	CAMP
46122	55	348	Vienna	CITY
46122	59	163	bay	GEONOUN
46122	59	244	airport	GEONOUN
46122	59	255	Prague	CITY
46122	59	329	England	PLACE
46122	61	61	bay	GEONOUN
46122	61	104	camp	GEONOUN
46122	61	160	bay	GEONOUN
46122	61	380	room	GEONOUN
46122	62	4	the 19th of January	DATE
46122	62	76	the 19th of January--	DATE
46122	62	98	two days	DATE
46122	62	128	1945	DATE
46122	63	8	Birkenau	CAMP
46122	63	72	the Death March	EVENT
46122	63	105	the Death March	EVENT
46122	63	170	camp	GEONOUN
46122	63	200	the night before	TIME
46122	63	218	a few nights	TIME
46122	63	619	camp	GEONOUN
46122	63	838	camp	GEONOUN
46122	64	247	camp	GEONOUN
46122	64	448	camp	GEONOUN
46122	64	611	the other day	DATE
46122	64	785	camp	GEONOUN
46122	64	885	camp	GEONOUN
46122	64	1507	the last minute	TIME
46122	64	1771	camp	GEONOUN
46122	64	1870	the Death March	EVENT
46122	64	1920	Austria	COUNTRY
46122	64	1934	camp	GEONOUN
46122	64	1945	refugee camp	GEONOUN
46122	64	2119	upstairs	GEONOUN
46122	64	2166	Prague	CITY
46122	64	2277	hospital	GEONOUN
46122	64	2465	camp	GEONOUN
46122	64	2598	Prague	CITY
46122	64	2769	that afternoon	TIME
46122	67	49	bay	GEONOUN
46122	67	206	bay	GEONOUN
46122	68	50	camp	GEONOUN
46122	68	92	camp	GEONOUN
46122	68	216	camp	GEONOUN
46122	68	708	the Death March	EVENT
46122	68	1171	hours and hours	TIME
46122	68	1191	hours	TIME
46122	68	1289	camp	GEONOUN
46122	68	1612	fell	GEONOUN
46122	68	1662	road	GEONOUN
46122	68	1987	Vienna	CITY
46122	68	2256	foot	GEONOUN
46122	68	2394	two and a half to three days	DATE
46122	68	2449	railroad station	GEONOUN
46122	68	2486	railroad station	GEONOUN
46122	68	3047	squat	GEONOUN
46122	68	3171	the day of my birthday	DATE
46122	68	3195	the 21st of January	DATE
46122	68	3494	room	GEONOUN
46122	71	263	corner	GEONOUN
46122	71	707	winter	DATE
46122	72	18	Ravensbrück	PLACE
46122	72	1182	next day	DATE
46122	72	1335	three weeks	DATE
46122	72	1570	room	GEONOUN
46122	72	2415	Ravensbrück	PLACE
46122	73	1	About three weeks	DATE
46122	73	27	February	DATE
46122	73	55	Neustadt-Glewe	PLACE
46122	73	93	camp	GEONOUN
46122	73	191	the morning	TIME
46122	73	469	temples	GEONOUN
46122	74	51	46	DATE
46122	74	55	47	DATE
46122	74	78	46	DATE
46122	74	153	spit	GEONOUN
46122	74	167	ground	GEONOUN
46122	74	207	temples	GEONOUN
46122	74	277	spit	GEONOUN
46122	74	301	rough	GEONOUN
46122	74	554	the morning	TIME
46122	74	609	factory	GEONOUN
46122	74	638	factory	GEONOUN
46122	74	870	room	GEONOUN
46122	74	1009	Jewish	GEONOUN
46122	74	1103	the evening	TIME
46122	77	259	evening	TIME
46122	79	414	the next morning	TIME
46122	79	537	some days	DATE
46122	79	680	camp	GEONOUN
46122	79	814	America	COUNTRY
46122	79	827	camp	GEONOUN
46122	79	991	state	GEONOUN
46122	79	1332	the next morning	TIME
46122	79	1478	barracks	GEONOUN
46122	79	1744	the first morning	TIME
46122	79	1858	daily	DATE
46122	79	2201	spit	GEONOUN
46122	79	2266	grounds	GEONOUN
46122	79	2599	the last few weeks	DATE
46122	79	2639	two or three weeks	DATE
46122	80	1	May 5, 1945	DATE
46122	81	45	the morning	TIME
46122	81	556	cape	GEONOUN
46122	81	691	barracks	GEONOUN
46122	81	724	cape	GEONOUN
46122	81	770	cape	GEONOUN
46122	81	816	barracks	GEONOUN
46122	81	1245	post	GEONOUN
46122	81	2338	hole	GEONOUN
46122	81	2372	barracks	GEONOUN
46122	81	2833	road	GEONOUN
46122	81	2941	road	GEONOUN
46122	81	2978	trees	GEONOUN
46122	81	3087	forest	GEONOUN
46122	81	3137	May	DATE
46122	81	3223	road	GEONOUN
46122	81	3538	foot	GEONOUN
46122	81	3582	saddle	GEONOUN
46122	81	3746	ground	GEONOUN
46122	81	4281	saddle	GEONOUN
46122	81	4749	barracks	GEONOUN
46122	81	4880	Bari	CITY
46122	81	4976	Germany	COUNTRY
46122	81	5070	Germany	COUNTRY
46122	81	5190	Italy	COUNTRY
46122	82	25	'95	DATE
46122	82	55	'96	DATE
46122	84	102	art school	GEONOUN
46122	84	249	a couple of days	DATE
46122	84	300	Prague	CITY
46122	84	325	Prague	CITY
46122	85	167	London	CITY
46122	85	203	apartment	GEONOUN
46122	85	216	Prague	CITY
46122	86	71	a little over a year	DATE
46122	86	99	around a year	DATE
46122	86	203	Paris	CITY
46122	86	219	art school	GEONOUN
46122	86	244	Paris	CITY
46122	87	19	'46	DATE
46122	87	145	hotel	GEONOUN
46122	87	163	bank	GEONOUN
46122	87	205	London	CITY
46122	87	302	hotel	GEONOUN
46122	87	378	street	GEONOUN
46122	88	70	Paris	CITY
46122	88	439	Prague	CITY
46122	88	756	upstairs	GEONOUN
46122	88	772	hotel	GEONOUN
46122	88	796	the morning	TIME
46122	88	1152	the day	DATE
46122	88	1194	Paris	CITY
46122	88	1229	every day	DATE
46122	88	1307	restaurant	GEONOUN
46122	88	1344	London	CITY
46122	88	1552	France	COUNTRY
46122	88	1630	restaurant	GEONOUN
46122	88	1759	every day	DATE
46122	88	1972	six months	DATE
46122	89	109	art school	GEONOUN
46122	89	216	Prague	CITY
46122	89	676	one week	DATE
46122	89	790	one week	DATE
46122	89	1292	Los Angeles	CITY
46122	89	1309	Paris	CITY
46122	90	40	Saint-Cloud	CITY
46122	90	57	villa	GEONOUN
46122	90	87	room	GEONOUN
46122	90	105	balcony	GEONOUN
46122	91	530	fell	GEONOUN
46122	91	737	corner	GEONOUN
46122	91	769	corner	GEONOUN
46122	91	1032	hours	TIME
46122	91	1110	yard	GEONOUN
46122	91	1355	fall	GEONOUN
46122	92	66	hole	GEONOUN
46122	92	172	apartment	GEONOUN
46122	93	18	a year and a half later	DATE
46122	93	90	Nice	CITY
46122	93	105	three weeks	DATE
46122	93	226	hole	GEONOUN
46122	93	473	upstairs	GEONOUN
46122	93	843	department	GEONOUN
46122	93	1091	five months later	DATE
46122	93	1159	department	GEONOUN
46122	96	60	1951	DATE
46122	96	66	November 26	DATE
46122	97	45	1945, October 8	DATE
46122	98	27	1954	DATE
46122	99	51	high school	GEONOUN
46122	99	406	over two years	DATE
46122	100	41	November	DATE
46122	101	1	Three month--	DATE
46122	101	15	three years and a few months	DATE
46122	101	60	June	DATE
46122	103	19	14	DATE
46122	103	76	9	DATE
46122	103	81	October 17th	DATE
46122	103	142	exactly one hour	TIME
46122	104	108	camp	GEONOUN
46122	104	545	20-years-old	DATE
46122	104	1458	barracks	GEONOUN
46122	104	2085	encampment	GEONOUN
46122	104	2377	19-year-old	DATE
46122	104	3149	hole	GEONOUN
46122	104	3172	trench	GEONOUN
46122	104	3272	foot	GEONOUN
46122	104	3452	encampment	GEONOUN
46122	104	3717	concentration camps	GEONOUN
46122	104	3833	today	DATE
46122	104	4011	Russia	COUNTRY
46122	104	5049	reach	GEONOUN
46122	104	6049	rooms	GEONOUN
46122	105	87	that night	TIME
46122	105	190	a few days later--	DATE
46122	105	389	Switzerland	COUNTRY
46122	106	519	about 18	DATE
46122	106	538	20	DATE
46122	106	673	ditch	GEONOUN
46122	106	690	road	GEONOUN
46122	106	1594	train	GEONOUN
46122	106	1605	Germany	COUNTRY
46122	106	2167	points	GEONOUN
46122	106	2342	tree	GEONOUN
46122	106	2356	trees	GEONOUN
46122	106	2647	tree	GEONOUN
46122	108	13	'45	DATE
46122	108	21	May	DATE
46122	108	42	three days	DATE
46122	110	35	14 years	DATE
46122	110	96	7	DATE
46122	110	102	10	DATE
46122	110	400	One night--	TIME
46122	110	445	one night	TIME
46122	110	504	theater	GEONOUN
46122	110	538	11 o'clock	TIME
46122	110	585	station	GEONOUN
46122	110	698	the night	TIME
46122	110	734	That weekend	DATE
46122	110	829	theater	GEONOUN
46122	111	4	1951	DATE
46122	111	41	About three weeks	DATE
46122	112	4	'48	DATE
46122	112	37	'47	DATE
46122	113	33	'48	DATE
46122	114	1	14 years	DATE
46122	115	35	'62	DATE
46122	117	25	11 years	DATE
46122	119	37	America	COUNTRY
46122	119	91	Europe	CONTINENT
46122	119	110	country	GEONOUN
46122	119	329	nine-years-old	DATE
46122	119	383	Jewish	GEONOUN
46122	119	437	school	GEONOUN
46122	119	488	Jewish	GEONOUN
46122	119	514	the hour	TIME
46122	119	544	hallway	GEONOUN
46122	120	20	nine	DATE
46122	120	122	wood	GEONOUN
46122	121	4	America	COUNTRY
46122	121	117	Yom-- Yom Kippur	DATE
46122	122	4	'78	DATE
46122	122	17	82-years-old	DATE
46122	125	182	some [LAUGHS] years	DATE
46122	128	76	museum	GEONOUN
46122	128	510	trees	GEONOUN
46122	128	676	surround	GEONOUN
46122	128	884	three weeks later	DATE
46122	128	982	tree	GEONOUN
46122	130	176	the Museum of Auschwitz	PLACE
46122	130	325	area	GEONOUN
46122	130	648	the Museum of Auschwitz	PLACE
46122	130	681	Yad Vashem	PLACE
46122	130	698	raise	GEONOUN
46122	130	734	Israel	COUNTRY
46122	130	916	the Museum of Auschwitz	PLACE
46122	134	32	Poland	COUNTRY
46122	135	378	temple	GEONOUN
46122	135	440	Holocaust	EVENT
46122	135	554	gutter	GEONOUN
46122	140	83	mortuary	GEONOUN
46122	140	135	house	GEONOUN
46122	140	175	Holocaust	EVENT
46122	140	247	park	GEONOUN
46122	140	263	Los Angeles	CITY
46122	140	326	mortuary	GEONOUN
46122	140	442	mortuary	GEONOUN
46122	140	607	Prague	CITY
46122	140	658	scene	GEONOUN
46122	140	669	train	GEONOUN
46122	140	687	Birkenau	CAMP
46122	143	94	South America	CONTINENT
46122	143	145	mortuary	GEONOUN
46122	143	201	scene	GEONOUN
46122	143	248	camp	GEONOUN
46122	143	382	Hungary	COUNTRY
46122	143	508	chamber	GEONOUN
46122	143	821	Prague	CITY
46122	143	957	chamber	GEONOUN
46122	143	1102	scene	GEONOUN
46122	151	30	today	DATE
46122	153	205	camp	GEONOUN
46122	153	1293	memorials	GEONOUN
46122	153	1409	this day	DATE
46122	153	1456	Holocaust	EVENT
46122	154	236	temple	GEONOUN
46122	154	381	March 7	DATE
46122	154	392	March 8	DATE
46122	154	531	Holocaust	EVENT
46122	154	810	today	DATE
46122	157	38	Paris	CITY
46122	157	47	1947	DATE
46122	159	71	Australia	COUNTRY
46122	159	87	Sydney	CITY
46122	161	1	About 1964	DATE
46122	161	15	Los Angeles Airport	PLACE
46122	161	198	Los Angeles	CITY
46122	161	224	just about 1972	DATE
46122	161	371	May 5,	DATE
46122	161	416	about '91, 1991	DATE
46122	162	4	Felton	PLACE
46122	162	27	about 1985	DATE
46122	162	157	Las Vegas	CITY
46122	162	170	1980	DATE
46122	162	195	'88	DATE
46122	162	290	1994	DATE
46122	163	40	Felton	PLACE
46122	163	123	1996	DATE
46122	164	9	Felton	PLACE
46122	164	22	house	GEONOUN
46122	164	75	1944	DATE
46122	164	257	camp two weeks	GEONOUN
46122	164	262	two weeks	DATE
46122	164	297	about two weeks	DATE
46122	165	43	about three years old	DATE
46122	166	120	Europe	CONTINENT
46122	166	1361	pass	GEONOUN
46122	166	2050	the winter	DATE
46122	169	186	apartment house	GEONOUN
46122	169	268	today	DATE
46122	169	393	park	GEONOUN
46122	169	530	park	GEONOUN
46122	169	569	bench	GEONOUN
46122	169	707	store	GEONOUN
46122	169	1076	country	GEONOUN
46122	169	1115	apartment house	GEONOUN
46122	171	34	three years old	DATE
46122	171	71	about seven	DATE
46122	172	214	apartment	GEONOUN
46122	172	227	Bílovice	PLACE
46122	173	202	school	GEONOUN
46122	173	416	town	GEONOUN
46122	178	13	school	GEONOUN
46122	178	26	high school	GEONOUN
46122	178	56	high school	GEONOUN
46122	178	75	about 13, 14 years old	DATE
46122	178	333	school	GEONOUN
46122	178	678	about 14	DATE
46122	178	740	art school	GEONOUN
46122	178	792	high school	GEONOUN
46122	178	833	university	GEONOUN
46122	178	860	art school	GEONOUN
46122	178	891	15	DATE
46122	178	907	the four years	DATE
46122	178	1503	school	GEONOUN
46122	178	1569	a year and a half	DATE
46122	178	1611	'39	DATE
46122	178	1636	school	GEONOUN
46122	178	1711	school	GEONOUN
46122	179	517	architecture	GEONOUN
46122	179	838	a year	DATE
46122	179	878	Hakhshara	PLACE
46122	181	97	temple	GEONOUN
46122	181	553	every evening	TIME
46122	182	310	Passover--	DATE
46122	182	562	Purim	DATE
46122	182	589	Purim	DATE
46122	182	612	temple	GEONOUN
46122	182	865	temple	GEONOUN
46122	182	876	Hanukkah	DATE
46122	182	982	temple	GEONOUN
46122	182	1023	temple	GEONOUN
46122	182	1271	Poland	COUNTRY
46122	182	1415	Poland	COUNTRY
46122	182	1583	apartment	GEONOUN
46122	182	1829	apartment	GEONOUN
46122	182	2034	house	GEONOUN
46122	182	2241	depression	GEONOUN
46122	182	2427	all day	DATE
46122	182	2586	apartment	GEONOUN
46122	183	20	the Small Synagogue	PLACE
46122	183	43	the New Synagogue	PLACE
46122	183	84	synagogue	GEONOUN
46122	184	59	Jewish temple	GEONOUN
46122	184	66	temple	GEONOUN
46122	186	30	11	DATE
46122	186	45	about 16, 17	DATE
46122	187	261	Depression	EVENT
46122	187	292	New York	US-STATE
46122	188	146	10:00 in the evening	TIME
46122	188	188	rooms	GEONOUN
46122	188	468	Israel	COUNTRY
46122	188	519	1979	DATE
46122	188	549	1976	DATE
46122	188	619	Israel	COUNTRY
46122	188	701	Jerusalem	CITY
46122	188	1103	Jerusalem	CITY
46122	188	1268	Holocaust	EVENT
46122	189	37	a year and a half	DATE
46122	190	31	foot	GEONOUN
46122	191	54	Easter	DATE
46122	191	134	Poland	COUNTRY
46122	191	173	Auschwitz	CAMP
46122	191	209	Auschwitz	CAMP
46122	191	225	concentration camp	GEONOUN
46122	191	279	Katowice	CITY
46122	191	329	store	GEONOUN
46122	191	487	Moravská Ostrava	PLACE
46122	191	606	street	GEONOUN
46122	191	682	Katowice	CITY
46122	191	781	store	GEONOUN
46122	191	988	street	GEONOUN
46122	191	1185	street	GEONOUN
46122	191	1218	street	GEONOUN
46122	191	1553	street	GEONOUN
46122	191	1701	overnight	TIME
46122	191	1771	room	GEONOUN
46122	191	1835	the morning	TIME
46122	191	1855	backyard	GEONOUN
46122	191	2633	16	DATE
46122	192	24	Prague	CITY
46122	192	38	Jewish	GEONOUN
46122	192	300	country	GEONOUN
46122	192	370	country	GEONOUN
46122	192	393	country	GEONOUN
46122	192	582	1941	DATE
46122	192	623	16 years old	DATE
46122	192	743	Israel	COUNTRY
46122	192	816	20 years old	DATE
46122	192	862	17	DATE
46122	192	872	16	DATE
46122	192	878	17	DATE
46122	192	1280	houses	GEONOUN
46122	192	1358	rooms	GEONOUN
46122	192	1536	the morning	TIME
46122	194	76	Jewish	GEONOUN
46122	194	146	community building	GEONOUN
46122	194	156	building	GEONOUN
46122	194	270	works	GEONOUN
46122	194	436	downstairs	GEONOUN
46122	194	480	downstairs	GEONOUN
46122	194	907	upstairs	GEONOUN
46122	194	926	building	GEONOUN
46122	194	1151	neck	GEONOUN
46122	194	1763	Theresienstadt	CAMP
46122	194	1870	Auschwitz	CAMP
46122	194	1884	Birkenau	CAMP
46122	194	1964	nine	DATE
46122	194	2235	corner	GEONOUN
46122	194	2416	spare	GEONOUN
46122	196	35	school	GEONOUN
46122	196	58	school	GEONOUN
46122	196	247	house	GEONOUN
46122	196	436	three or four hours	TIME
46122	197	58	Prague	CITY
46122	197	238	Hakhshara	PLACE
46122	197	253	Brno	CITY
46122	197	318	art school	GEONOUN
46122	197	357	school	GEONOUN
46122	197	405	country	GEONOUN
46122	197	466	country	GEONOUN
46122	197	507	the summer	DATE
46122	197	521	town	GEONOUN
46122	197	534	city	GEONOUN
46122	197	812	Jewish community	GEONOUN
46122	197	819	community	GEONOUN
46122	197	832	Brno	CITY
46122	197	888	country	GEONOUN
46122	197	957	town	GEONOUN
46122	197	973	Brno	CITY
46122	197	1016	town	GEONOUN
46122	197	1050	train	GEONOUN
46122	197	1099	house	GEONOUN
46122	197	1213	house	GEONOUN
46122	197	1228	house	GEONOUN
46122	197	1243	house	GEONOUN
46122	197	1273	town	GEONOUN
46122	197	1369	house	GEONOUN
46122	197	1596	a week	DATE
46122	197	1644	the week	DATE
46122	197	1794	every morning	TIME
46122	197	1812	every night	TIME
46122	197	1853	fields	GEONOUN
46122	197	2624	trough	GEONOUN
46122	197	2705	trough	GEONOUN
46122	197	2904	11 hours	TIME
46122	197	2913	every day	DATE
46122	197	2947	the evening	TIME
46122	197	3115	rough	GEONOUN
46122	197	3241	Sunday	DATE
46122	197	3277	yard	GEONOUN
46122	197	3620	fell	GEONOUN
46122	197	3910	house	GEONOUN
46122	197	4175	broom	GEONOUN
46122	198	123	two months	DATE
46122	198	147	summer vacation	DATE
46122	198	280	Bohemia	PLACE
46122	198	302	Prague	CITY
46122	198	344	town	GEONOUN
46122	198	420	a few weeks	DATE
46122	198	803	the summer	DATE
46122	198	834	Prague	CITY
46122	198	889	school	GEONOUN
46122	200	138	factory	GEONOUN
46122	200	213	camp	GEONOUN
46122	200	385	Germany	COUNTRY
46122	200	752	camp	GEONOUN
46122	201	11	Hakhshara	PLACE
46122	201	154	Brno	CITY
46122	201	443	walls	GEONOUN
46122	201	474	rooms	GEONOUN
46122	201	1021	NON-ENGLISH	PLACE
46122	201	1588	Germany	COUNTRY
46122	201	2258	market	GEONOUN
46122	201	2402	3 o'clock	TIME
46122	201	2435	3 o'clock in the afternoon	TIME
46122	203	74	'40	DATE
46122	203	81	'41	DATE
46122	203	253	street	GEONOUN
46122	203	333	school	GEONOUN
46122	203	355	Prague	CITY
46122	203	389	school	GEONOUN
46122	204	401	store	GEONOUN
46122	204	859	Theresienstadt	CAMP
46122	204	973	Theresienstadt	CAMP
46122	204	1045	Auschwitz	CAMP
46122	206	183	corner	GEONOUN
46122	207	92	Israel	COUNTRY
46122	207	331	Israel	COUNTRY
46122	207	566	the last minute	TIME
46122	208	56	apartment	GEONOUN
46122	208	85	Brno	CITY
46122	208	114	ghetto	GEONOUN
46122	208	163	room	GEONOUN
46122	208	178	room	GEONOUN
46122	208	931	Theresienstadt	CAMP
46122	208	957	Brno	CITY
46122	208	987	Prague	CITY
46122	208	1009	Brno	CITY
46122	209	52	Hungary	COUNTRY
46122	209	220	Slovakia	COUNTRY
46122	209	259	country	GEONOUN
46122	209	280	Slovakia	COUNTRY
46122	209	301	city	GEONOUN
46122	209	314	NON-ENGLISH	PLACE
46122	209	376	Jewish	GEONOUN
46122	209	521	17	DATE
46122	209	537	16	DATE
46122	209	656	Slovakia	COUNTRY
46122	209	682	Auschwitz	CAMP
46122	212	83	Brno	CITY
46122	212	112	Jewish	GEONOUN
46122	212	703	Theresienstadt	CAMP
46122	212	894	barracks	GEONOUN
46122	212	1223	about six years old	DATE
46122	212	1275	11	DATE
46122	212	1295	Theresienstadt	CAMP
46122	212	1702	a minute	TIME
46122	213	1	January 19, 1942	DATE
46122	214	22	Brno	CITY
46122	214	148	house	GEONOUN
46122	214	188	such and	TIME
46122	214	211	such and such hours	TIME
46122	214	257	high school	GEONOUN
46122	215	21	six years	DATE
46122	215	51	13	DATE
46122	215	97	town	GEONOUN
46122	215	127	only three weeks old	DATE
46122	215	217	Prague	CITY
46122	215	408	next morning	TIME
46122	215	483	all night	TIME
46122	215	662	the last day	DATE
46122	215	676	the day	DATE
46122	215	712	high school	GEONOUN
46122	215	1304	neck	GEONOUN
46122	217	554	the evening	TIME
46122	217	643	high school	GEONOUN
46122	217	695	steps	GEONOUN
46122	217	715	school	GEONOUN
46122	217	749	room	GEONOUN
46122	217	793	basement	GEONOUN
46122	217	1305	the day before	DATE
46122	217	1571	night	TIME
46122	217	1646	railroad station	GEONOUN
46122	217	1692	street	GEONOUN
46122	217	1729	street	GEONOUN
46122	217	1778	railroad station	GEONOUN
46122	217	1969	Theresienstadt	CAMP
46122	217	2060	night	TIME
46122	217	2143	the day	DATE
46122	217	2176	train	GEONOUN
46122	217	2262	Theresienstadt	CAMP
46122	217	2280	night	TIME
46122	217	2294	evening	TIME
46122	217	2373	rooms	GEONOUN
46122	217	2401	room	GEONOUN
46122	217	2538	the next day	DATE
46122	218	84	next day	DATE
46122	218	174	room	GEONOUN
46122	218	187	that night	TIME
46122	218	447	the next day	DATE
46122	218	521	room	GEONOUN
46122	219	621	noon	TIME
46122	219	634	noon	TIME
46122	220	42	ghetto	GEONOUN
46122	220	57	barracks	GEONOUN
46122	220	84	Jewish ghetto	GEONOUN
46122	220	91	ghetto	GEONOUN
46122	220	225	barracks	GEONOUN
46122	220	244	pass	GEONOUN
46122	220	259	barracks	GEONOUN
46122	220	304	courtyard	GEONOUN
46122	220	354	courtyard	GEONOUN
46122	220	398	barracks	GEONOUN
46122	220	506	rooms	GEONOUN
46122	220	524	rooms	GEONOUN
46122	220	539	ghetto	GEONOUN
46122	220	565	ghetto	GEONOUN
46122	220	585	Jewish	GEONOUN
46122	220	833	room	GEONOUN
46122	220	948	hospital	GEONOUN
46122	220	1038	nurses	GEONOUN
46122	220	1052	hospital	GEONOUN
46122	220	1218	21 years old	DATE
46122	220	1383	hospital	GEONOUN
46122	220	1470	evening	TIME
46122	220	1481	7:30	TIME
46122	220	1532	ghetto	GEONOUN
46122	220	1725	Theresienstadt	CAMP
46122	220	1796	barracks	GEONOUN
46122	220	1851	hospital	GEONOUN
46122	220	1935	room	GEONOUN
46122	220	1962	rooms	GEONOUN
46122	220	2070	windows	GEONOUN
46122	220	2111	evening	TIME
46122	220	2161	windows	GEONOUN
46122	220	2347	insane asylum	GEONOUN
46122	220	2377	rooms	GEONOUN
46122	220	2390	chapel	GEONOUN
46122	220	2475	booby hatch	GEONOUN
46122	220	2695	barracks	GEONOUN
46122	220	2816	the next day	DATE
46122	220	2978	room	GEONOUN
46122	220	3078	room	GEONOUN
46122	220	3158	Theresienstadt	CAMP
46122	222	1	About three or four days	DATE
46122	222	57	three or four days	DATE
46122	222	353	hallways	GEONOUN
46122	222	2137	booby hatch	GEONOUN
46122	222	2206	several hours later	TIME
46122	222	2316	next morning	TIME
46122	222	2344	7:30-- 6:30	TIME
46122	222	2359	7:30	TIME
46122	222	2431	hallway	GEONOUN
46122	224	221	the minute	TIME
46122	224	507	night	TIME
46122	224	730	about three or four days later	DATE
46122	224	801	room	GEONOUN
46122	224	829	hallway	GEONOUN
46122	224	931	hallway	GEONOUN
46122	224	960	hallway	GEONOUN
46122	224	1006	yard	GEONOUN
46122	226	124	ghetto	GEONOUN
46122	226	179	every day	DATE
46122	226	262	ghetto	GEONOUN
46122	226	278	barracks	GEONOUN
46122	226	377	houses	GEONOUN
46122	226	399	buildings	GEONOUN
46122	227	163	room	GEONOUN
46122	227	253	opera	GEONOUN
46122	227	333	ghetto	GEONOUN
46122	227	411	8 o'clock in the evening	TIME
46122	227	610	neck	GEONOUN
46122	227	1033	neck	GEONOUN
46122	228	374	Theresienstadt	CAMP
46122	228	407	Auschwitz	CAMP
46122	228	425	Theresienstadt	CAMP
46122	229	163	room	GEONOUN
46122	229	228	room	GEONOUN
46122	229	260	room	GEONOUN
46122	229	378	ghetto	GEONOUN
46122	229	800	tonight	TIME
46122	229	992	tonight	TIME
46122	229	1107	fell	GEONOUN
46122	229	1196	yesterday	DATE
46122	229	1913	Theresienstadt	CAMP
46122	229	2127	schoolhouse	GEONOUN
46122	230	10	Theresienstadt	CAMP
46122	230	238	the winter	DATE
46122	231	75	Auschwitz	CAMP
46122	231	130	community theater	GEONOUN
46122	231	140	theater	GEONOUN
46122	231	164	theater	GEONOUN
46122	232	124	19 years old	DATE
46122	232	933	Theresienstadt	CAMP
46122	233	81	ghetto	GEONOUN
46122	233	468	room	GEONOUN
46122	233	1014	Theresienstadt	CAMP
46122	234	30	rooms	GEONOUN
46122	234	175	roof	GEONOUN
46122	235	40	rooms	GEONOUN
46122	235	54	roof	GEONOUN
46122	235	119	rooms	GEONOUN
46122	235	141	roof	GEONOUN
46122	235	153	barracks	GEONOUN
46122	235	215	room	GEONOUN
46122	235	445	room	GEONOUN
46122	235	530	room	GEONOUN
46122	235	1165	basin	GEONOUN
46122	235	1343	every evening	TIME
46122	237	74	room	GEONOUN
46122	237	1169	years ago	DATE
46122	237	2943	walls	GEONOUN
46122	237	3754	mole	GEONOUN
46122	237	3770	mole	GEONOUN
46122	237	4233	department	GEONOUN
46122	238	4	Theresienstadt	CAMP
46122	238	58	orchards	GEONOUN
46122	238	382	town	GEONOUN
46122	238	415	the SS Kommandateur	PLACE
46122	241	20	hospital	GEONOUN
46122	242	88	department	GEONOUN
46122	243	5	Germany	COUNTRY
46122	243	32	Germany	COUNTRY
46122	243	86	Theresienstadt	CAMP
46122	243	168	all day	DATE
46122	247	340	corner	GEONOUN
46122	247	398	corner	GEONOUN
46122	247	633	two or three days	DATE
46122	251	38	room	GEONOUN
46122	251	51	rooms	GEONOUN
46122	252	80	department	GEONOUN
46122	252	183	fields	GEONOUN
46122	252	878	town	GEONOUN
46122	252	982	stable	GEONOUN
46122	252	1281	springs	GEONOUN
46122	252	1328	road	GEONOUN
46122	253	544	this morning	TIME
46122	255	28	several weeks	DATE
46122	255	123	about a month	DATE
46122	256	43	the beginning of 1942	DATE
46122	256	70	spring	GEONOUN
46122	256	101	1943	DATE
46122	256	114	spring	GEONOUN
46122	257	4	'42	DATE
46122	257	17	January '42	DATE
46122	257	64	Theresienstadt	CAMP
46122	257	82	September '43	DATE
46122	257	109	a minute	TIME
46122	257	123	spring	GEONOUN
46122	257	133	'42	DATE
46122	257	202	1942	DATE
46122	257	288	trees	GEONOUN
46122	257	453	inn	GEONOUN
46122	257	509	room	GEONOUN
46122	257	1551	backyard	GEONOUN
46122	260	88	department	GEONOUN
46122	260	740	50th years	DATE
46122	260	766	Czechoslovakia	COUNTRY
46122	260	785	the Czech Republic	PLACE
46122	260	808	1995	DATE
46122	260	932	ghetto	GEONOUN
46122	260	949	ghetto	GEONOUN
46122	260	1181	spot	GEONOUN
46122	260	1589	Prague	CITY
46122	260	1636	ghetto	GEONOUN
46122	261	35	cloister Slivovitz	GEONOUN
46122	261	44	Slivovitz	PLACE
46122	261	98	Boskovice--	PLACE
46122	261	110	Boskovice	PLACE
46122	261	128	town	GEONOUN
46122	263	52	room	GEONOUN
46122	263	127	room	GEONOUN
46122	263	140	stable	GEONOUN
46122	263	182	narrow room	GEONOUN
46122	263	189	room	GEONOUN
46122	263	244	room	GEONOUN
46122	263	269	room	GEONOUN
46122	263	365	Theresienstadt	CAMP
46122	263	418	room	GEONOUN
46122	263	575	railroad station	GEONOUN
46122	263	876	building	GEONOUN
46122	263	889	apartment house	GEONOUN
46122	263	963	21 years old	DATE
46122	263	997	farm	GEONOUN
46122	263	1016	house	GEONOUN
46122	263	1025	Podoli	PLACE
46122	263	1061	Prague	CITY
46122	263	1185	railroad station	GEONOUN
46122	263	1335	Theresienstadt	CAMP
46122	263	1395	department	GEONOUN
46122	263	1409	Terezín	PLACE
46122	263	1494	Prague	CITY
46122	263	1848	room	GEONOUN
46122	265	44	Yom Kippur	DATE
46122	266	39	school	GEONOUN
46122	266	192	Prague	CITY
46122	266	423	street	GEONOUN
46122	266	479	building	GEONOUN
46122	266	689	institution	GEONOUN
46122	266	725	Auschwitz	CAMP
46122	266	799	Theresienstadt	CAMP
46122	267	44	Berlin	CITY
46122	267	54	Brno	CITY
46122	267	429	pass	GEONOUN
46122	268	200	Auschwitz	CAMP
46122	268	887	Theresienstadt	CAMP
46122	268	978	1995	DATE
46122	268	984	The 50th anniversary	DATE
46122	268	1068	Auschwitz	CAMP
46122	270	146	room	GEONOUN
46122	270	268	Sunday	DATE
46122	270	275	afternoon	TIME
46122	270	320	stable	GEONOUN
46122	270	333	room	GEONOUN
46122	270	397	room	GEONOUN
46122	270	494	stable	GEONOUN
46122	270	507	room	GEONOUN
46122	270	864	Sunday	DATE
46122	270	889	trench	GEONOUN
46122	270	1950	Theresienstadt	CAMP
46122	270	1973	ghetto	GEONOUN
46122	270	2138	room	GEONOUN
46122	270	2189	8 o'clock	TIME
46122	270	2577	past 9 o'clock	TIME
46122	270	3478	Poland	COUNTRY
46122	270	3562	Poland	COUNTRY
46122	270	3868	barracks	GEONOUN
46122	270	4186	entrance	GEONOUN
46122	270	4384	spot	GEONOUN
46122	271	1	September 7th, 1943	DATE
46122	272	160	Theresienstadt	CAMP
46122	272	589	Auschwitz	CAMP
46122	272	658	camp	GEONOUN
46122	273	264	The last night	TIME
46122	273	385	fence	GEONOUN
46122	273	439	the entire night	TIME
46122	273	715	Theresienstadt	CAMP
46122	273	1020	morning	TIME
46122	273	1129	room	GEONOUN
46122	273	1219	station	GEONOUN
46122	273	1318	5 o'clock	TIME
46122	273	1376	street	GEONOUN
46122	273	1432	Theresienstadt	CAMP
46122	273	1484	Terezin	CAMP
46122	273	1575	street	GEONOUN
46122	274	60	railroad station	GEONOUN
46122	274	350	ceiling	GEONOUN
46122	274	574	the next two or three days	DATE
46122	274	644	Auschwitz	CAMP
46122	274	721	the day	DATE
46122	274	760	night	TIME
46122	274	783	about two days	DATE
46122	279	56	ghetto	GEONOUN
46122	280	71	Theresienstadt	CAMP
46122	280	106	city	GEONOUN
46122	280	127	town	GEONOUN
46122	280	215	coffeehouse	GEONOUN
46122	280	411	store	GEONOUN
46122	280	715	store	GEONOUN
46122	280	734	coffeehouse	GEONOUN
46122	281	159	Auschwitz	CAMP
46122	281	413	room	GEONOUN
46122	281	425	house	GEONOUN
46122	281	453	attic	GEONOUN
46122	281	508	room	GEONOUN
46122	281	519	attic	GEONOUN
46122	281	542	hole	GEONOUN
46122	281	563	roof	GEONOUN
46122	281	576	summertime	DATE
46122	281	621	summertime	DATE
46122	281	664	railroad station	GEONOUN
46122	281	845	roof	GEONOUN
46122	281	873	roof	GEONOUN
46122	281	958	wood	GEONOUN
46122	281	1316	room	GEONOUN
46122	281	1351	hole	GEONOUN
46122	282	23	Auschwitz	CAMP
46122	282	140	camp	GEONOUN
46122	282	180	bay	GEONOUN
46122	282	388	foot	GEONOUN
46122	282	705	foot	GEONOUN
46122	282	851	camp one morning	GEONOUN
46122	282	856	one morning	TIME
46122	282	1074	this morning	TIME
46122	282	1132	Theresienstadt	CAMP
46122	282	1185	Theresienstadt	CAMP
46122	282	1445	this morning	TIME
46122	282	1558	train	GEONOUN
46122	283	88	camp	GEONOUN
46122	284	52	Birkenau	CAMP
46122	284	118	camp	GEONOUN
46122	284	177	camp	GEONOUN
46122	286	82	camp	GEONOUN
46122	286	190	Neustadt-Glewe	PLACE
46122	286	218	camp	GEONOUN
46122	286	242	late April--	DATE
46122	286	255	like 27th	DATE
46122	286	304	night	TIME
46122	286	587	June 16th or so	DATE
46122	286	625	Prague	CITY
46122	286	647	Prague	CITY
46122	286	657	June 17	DATE
46122	286	692	Germany	COUNTRY
46122	286	966	house	GEONOUN
46122	286	1428	June 17th	DATE
46122	286	1466	May 5th till June 17th	DATE
46122	286	1497	Germany	COUNTRY
46122	286	1668	Prague	CITY
46122	286	1676	a couple of months later	DATE
46122	286	1750	street	GEONOUN
46122	286	2680	Podole	PLACE
46122	286	3110	upstairs	GEONOUN
46122	286	3137	apartment	GEONOUN
46122	286	3314	13 years old	DATE
46122	286	3364	16	DATE
46122	286	3454	New Year's Eve	EVENT
46122	286	3516	about 21 or so	DATE
46122	286	3666	Theresienstadt	CAMP
46122	286	3704	Prague	CITY
46122	286	3851	farm	GEONOUN
46122	290	337	country lane	GEONOUN
46122	290	345	lane	GEONOUN
46122	291	39	Auschwitz	CAMP
46122	293	105	building	GEONOUN
46122	294	280	room	GEONOUN
46122	294	577	room	GEONOUN
46122	296	4	Theresienstadt	CAMP
46122	296	143	Auschwitz	CAMP
46122	298	173	station	GEONOUN
46122	298	436	area	GEONOUN
46122	298	1850	edge	GEONOUN
46122	298	2079	area	GEONOUN
46122	298	2198	night	TIME
46122	298	2250	several hours	TIME
46122	298	2704	Theresienstadt	CAMP
46122	299	69	morning	TIME
46122	299	283	camps	GEONOUN
46122	300	54	a minute	TIME
46122	300	233	ground	GEONOUN
46122	300	252	pitch	GEONOUN
46122	300	364	room	GEONOUN
46122	300	372	Theresienstadt	CAMP
46122	301	12	one day	DATE
46122	301	119	room	GEONOUN
46122	302	620	Auschwitz	CAMP
46122	302	654	Auschwitz	CAMP
46122	303	59	years and years later	DATE
46122	304	33	Los Angeles	CITY
46122	304	241	the next morning	TIME
46122	304	275	camp	GEONOUN
46122	304	303	room	GEONOUN
46122	304	325	barracks	GEONOUN
46122	304	478	lock	GEONOUN
46122	305	61	camp	GEONOUN
46122	305	150	camp	GEONOUN
46122	306	12	barracks	GEONOUN
46122	306	305	camp	GEONOUN
46122	306	314	the next three months	DATE
46122	306	415	December	DATE
46122	306	440	the beginning of September	DATE
46122	306	468	October	DATE
46122	306	477	November	DATE
46122	306	498	three months	DATE
46122	306	534	December	DATE
46122	307	51	Theresienstadt	CAMP
46122	307	69	February	DATE
46122	307	88	one month	DATE
46122	307	493	barracks	GEONOUN
46122	307	638	several days	DATE
46122	307	730	one day	DATE
46122	307	1369	chamber	GEONOUN
46122	307	1532	memorial	GEONOUN
46122	307	1583	every day	DATE
46122	307	1656	grave	GEONOUN
46122	307	1696	every few days	DATE
46122	307	1805	courtyard	GEONOUN
46122	308	33	Theresienstadt	CAMP
46122	308	162	Auschwitz	CAMP
46122	308	219	camp	GEONOUN
46122	310	208	barracks	GEONOUN
46122	310	260	barracks	GEONOUN
46122	310	759	Auschwitz	CAMP
46122	310	788	camp	GEONOUN
46122	310	969	Auschwitz	CAMP
46122	310	1025	six months	DATE
46122	310	1044	March 7th	DATE
46122	310	1130	camp	GEONOUN
46122	310	1148	that night	TIME
46122	310	1185	Hungary	COUNTRY
46122	310	1268	barracks any minute	GEONOUN
46122	310	1277	any minute	TIME
46122	310	1357	ramp	GEONOUN
46122	311	1	1944	DATE
46122	311	10	March	DATE
46122	311	24	six months after September 7th	DATE
46122	312	4	the 7th	DATE
46122	312	32	the 8th	DATE
46122	312	107	that morning	TIME
46122	315	70	block	GEONOUN
46122	315	684	room tomorrow	GEONOUN
46122	315	689	tomorrow	DATE
46122	315	733	next morning	TIME
46122	315	834	room	GEONOUN
46122	315	1077	rooms	GEONOUN
46122	316	61	barracks	GEONOUN
46122	317	15	A couple of weeks	DATE
46122	317	313	camp	GEONOUN
46122	318	101	Jewish	GEONOUN
46122	319	167	scene	GEONOUN
46122	319	239	room	GEONOUN
46122	319	938	camp	GEONOUN
46122	319	1989	a few days later	DATE
46122	319	2132	60 years old	DATE
46122	319	2209	Berlin	CITY
46122	319	2753	Every 28 days	DATE
46122	319	2842	room	GEONOUN
46122	320	179	room	GEONOUN
46122	320	1090	broom	GEONOUN
46122	323	32	broom	GEONOUN
46122	324	210	camp	GEONOUN
46122	324	243	room	GEONOUN
46122	324	1313	Prague	CITY
46122	326	334	road	GEONOUN
46122	326	385	road	GEONOUN
46122	326	395	rocks	GEONOUN
46122	326	438	rocks	GEONOUN
46122	326	509	mud	GEONOUN
46122	326	824	mud	GEONOUN
46122	326	877	road	GEONOUN
46122	326	939	mud	GEONOUN
46122	326	1150	camp	GEONOUN
46122	327	94	Auschwitz	CAMP
46122	331	21	camp	GEONOUN
46122	331	89	every morning	TIME
46122	331	130	bay	GEONOUN
46122	331	158	every morning	TIME
46122	331	285	Kanada	PLACE
46122	331	303	Kanada	PLACE
46122	331	466	camp	GEONOUN
46122	331	852	bay	GEONOUN
46122	331	876	the six months	DATE
46122	331	988	chamber	GEONOUN
46122	332	71	bay	GEONOUN
46122	333	264	wood every day	GEONOUN
46122	333	269	every day	DATE
46122	337	25	Theresienstadt	CAMP
46122	338	22	bay	GEONOUN
46122	338	50	Theresienstadt	CAMP
46122	338	467	farm	GEONOUN
46122	338	670	bay	GEONOUN
46122	338	685	Theresienstadt	CAMP
46122	338	708	hospital	GEONOUN
46122	338	732	eight months	DATE
46122	338	895	nurses	GEONOUN
46122	341	60	barracks	GEONOUN
46122	341	314	camp	GEONOUN
46122	341	329	one day	DATE
46122	341	752	barracks	GEONOUN
46122	341	852	chalet	GEONOUN
46122	341	888	balustrade	GEONOUN
46122	341	1079	balustrade	GEONOUN
46122	341	1653	meadow	GEONOUN
46122	341	2614	walls	GEONOUN
46122	343	913	crown	GEONOUN
46122	343	1116	stalls	GEONOUN
46122	343	1380	crown	GEONOUN
46122	346	321	camp	GEONOUN
46122	346	744	the afternoon	TIME
46122	347	1144	camp	GEONOUN
46122	347	1253	chamber	GEONOUN
46122	347	1325	camp	GEONOUN
46122	347	1473	chamber	GEONOUN
46122	347	1676	camp	GEONOUN
46122	347	1758	camp	GEONOUN
46122	349	28	September	DATE
46122	349	75	October	DATE
46122	349	193	Christmas	DATE
46122	349	245	November	DATE
46122	349	264	November	DATE
46122	350	85	January	DATE
46122	350	96	February	DATE
46122	350	170	camp	GEONOUN
46122	350	186	camp	GEONOUN
46122	350	264	chamber	GEONOUN
46122	350	362	camp	GEONOUN
46122	350	557	camp	GEONOUN
46122	350	632	chamber	GEONOUN
46122	350	858	chamber	GEONOUN
46122	350	885	February	DATE
46122	350	920	bay	GEONOUN
46122	350	944	room	GEONOUN
46122	350	974	camp	GEONOUN
46122	350	1014	bay	GEONOUN
46122	350	1258	nurses	GEONOUN
46122	351	395	camp	GEONOUN
46122	351	1172	Australia	COUNTRY
46122	351	1214	a month ago	DATE
46122	351	1284	Los Angeles	CITY
46122	354	247	Los Angeles	CITY
46122	355	126	nurses	GEONOUN
46122	355	599	about a month	DATE
46122	355	864	room	GEONOUN
46122	355	945	room	GEONOUN
46122	355	1026	room	GEONOUN
46122	355	1054	room	GEONOUN
46122	355	1871	camp	GEONOUN
46122	355	1930	three or four weeks	DATE
46122	358	90	Vienna	CITY
46122	358	118	about 40 years old	DATE
46122	358	569	camp	GEONOUN
46122	358	622	corner	GEONOUN
46122	360	65	Vienna	CITY
46122	363	212	steppe	GEONOUN
46122	363	305	farm	GEONOUN
46122	363	356	tree	GEONOUN
46122	363	601	that night	TIME
46122	363	613	the first night	DATE
46122	363	649	The next morning	TIME
46122	363	1191	post	GEONOUN
46122	363	1238	camp	GEONOUN
46122	364	32	about 12 years old	DATE
46122	364	125	camp	GEONOUN
46122	364	554	Vienna	CITY
46122	364	1169	barracks	GEONOUN
46122	364	1473	camp	GEONOUN
46122	364	1790	bay	GEONOUN
46122	364	1880	the first day	DATE
46122	364	1909	the first day	DATE
46122	364	1976	the day	DATE
46122	364	2090	a minute	TIME
46122	364	2109	the next day	DATE
46122	364	2132	the next--	DATE
46122	364	2177	the day	DATE
46122	364	2424	Prague	CITY
46122	364	2502	Prague	CITY
46122	364	2997	last night	TIME
46122	364	3026	tonight	TIME
46122	364	3291	Prague	CITY
46122	364	3429	Prague	CITY
46122	364	3565	that night	TIME
46122	364	3595	That night	TIME
46122	364	3682	chamber	GEONOUN
46122	365	42	next morning	TIME
46122	365	310	camp	GEONOUN
46122	365	496	two or three days later	DATE
46122	365	612	camp	GEONOUN
46122	365	644	rooms	GEONOUN
46122	365	672	room	GEONOUN
46122	365	691	room	GEONOUN
46122	365	833	board	GEONOUN
46122	365	1033	board	GEONOUN
46122	368	35	two, three days	DATE
46122	369	25	room	GEONOUN
46122	369	199	today	DATE
46122	369	761	flat	GEONOUN
46122	369	1585	two months old	DATE
46122	369	2250	every day	DATE
46122	369	4369	barracks	GEONOUN
46122	369	4456	edge	GEONOUN
46122	371	85	camp	GEONOUN
46122	371	169	museum	GEONOUN
46122	371	179	Auschwitz	CAMP
46122	372	37	about three to four weeks	DATE
46122	372	78	months	DATE
46122	372	139	March	DATE
46122	372	169	April	DATE
46122	372	176	May	DATE
46122	372	198	May	DATE
46122	372	205	June	DATE
46122	372	334	camp	GEONOUN
46122	372	353	chamber	GEONOUN
46122	373	64	about three years old	DATE
46122	373	424	chamber	GEONOUN
46122	374	194	barracks	GEONOUN
46122	375	70	barracks	GEONOUN
46122	375	125	camp	GEONOUN
46122	375	160	camp	GEONOUN
46122	375	246	camp	GEONOUN
46122	378	64	room	GEONOUN
46122	378	102	camp	GEONOUN
46122	379	54	camp	GEONOUN
46122	379	1994	chain	GEONOUN
46122	379	2096	wood	GEONOUN
46122	379	2219	every single day	DATE
46122	379	2241	every day	DATE
46122	381	54	camp	GEONOUN
46122	382	280	camp	GEONOUN
46122	382	352	Bergen-Belsen	CAMP
46122	382	376	camps	GEONOUN
46122	382	421	camps	GEONOUN
46122	382	459	camp	GEONOUN
46122	382	706	camp	GEONOUN
46122	382	794	train	GEONOUN
46122	382	1058	camp	GEONOUN
46122	382	1068	bay	GEONOUN
46122	382	1115	Jewish	GEONOUN
46122	382	1294	Sydney	CITY
46122	382	1304	Australia	COUNTRY
46122	382	1382	room	GEONOUN
46122	382	1394	Jewish	GEONOUN
46122	382	1450	bay	GEONOUN
46122	383	13	1944	DATE
46122	383	29	camp	GEONOUN
46122	384	440	mud	GEONOUN
46122	384	473	road	GEONOUN
46122	384	545	mud	GEONOUN
46122	384	563	Birkenau	CAMP
46122	384	673	camp	GEONOUN
46122	384	751	chamber	GEONOUN
