FileID	AnswerID	StartCharPos	Entity	Type
46517	2	14	16th of the 11	DATE
46517	5	14	Verpelet	PLACE
46517	6	0	Hungary	COUNTRY
46517	9	15	1898	DATE
46517	10	8	Verpelet	PLACE
46517	13	21	Teitelbaum	PLACE
46517	14	16	Mad	PLACE
46517	14	41	country town	GEONOUN
46517	14	49	town	GEONOUN
46517	14	62	Hungary	COUNTRY
46517	15	16	1905	DATE
46517	16	36	Boston	CITY
46517	16	51	a year older	DATE
46517	19	16	1925	DATE
46517	20	46	1928	DATE
46517	22	38	Auschwitz	CAMP
46517	22	56	camp	GEONOUN
46517	24	3	'30	DATE
46517	24	15	'33	DATE
46517	24	38	Miskolc	CITY
46517	26	15	Verpelet	PLACE
46517	26	37	Verpelet	PLACE
46517	27	28	Mad	PLACE
46517	27	133	Verpelet	PLACE
46517	27	266	house	GEONOUN
46517	28	26	narrow halls	GEONOUN
46517	28	33	halls	GEONOUN
46517	28	71	house	GEONOUN
46517	28	110	house	GEONOUN
46517	28	119	Verpelet	PLACE
46517	28	128	those day	DATE
46517	28	214	1904	DATE
46517	28	222	'05	DATE
46517	28	311	house	GEONOUN
46517	28	384	factory	GEONOUN
46517	28	413	house	GEONOUN
46517	28	459	backyard	GEONOUN
46517	28	494	garden	GEONOUN
46517	28	526	garden	GEONOUN
46517	28	601	orchard	GEONOUN
46517	29	64	street	GEONOUN
46517	31	50	about four or five	DATE
46517	31	101	those day	DATE
46517	31	262	house	GEONOUN
46517	31	288	house	GEONOUN
46517	31	320	house	GEONOUN
46517	31	383	house	GEONOUN
46517	31	419	house	GEONOUN
46517	31	446	house	GEONOUN
46517	32	32	room	GEONOUN
46517	33	27	every day	DATE
46517	33	57	Thursday	DATE
46517	33	66	night	TIME
46517	33	75	Friday night	TIME
46517	35	16	house	GEONOUN
46517	36	150	wood	GEONOUN
46517	38	3	Verpelet	PLACE
46517	38	115	Miskolc	CITY
46517	38	146	about 12	DATE
46517	38	258	Verpelet	PLACE
46517	40	11	train	GEONOUN
46517	40	29	train	GEONOUN
46517	41	165	summer holiday	DATE
46517	41	244	orchard	GEONOUN
46517	41	406	tree	GEONOUN
46517	42	58	wood	GEONOUN
46517	43	38	Miskolc	CITY
46517	43	105	16	DATE
46517	43	109	15	DATE
46517	46	20	Verpelet	PLACE
46517	46	33	Miskolc	CITY
46517	46	82	room	GEONOUN
46517	48	206	every Friday	DATE
46517	48	219	night	TIME
46517	48	324	Verpelet	PLACE
46517	51	31	nighttime	TIME
46517	51	60	Verpelet	PLACE
46517	52	243	synagogue those days	GEONOUN
46517	52	253	those days	DATE
46517	54	4	every yontif.	DATE
46517	54	36	Yom Kippurs	DATE
46517	54	58	Rosh Hashanah	DATE
46517	54	73	Yom Kippur	DATE
46517	55	36	Seder night	DATE
46517	55	113	Budapest	CITY
46517	55	153	Budapest	CITY
46517	55	185	Pesach	DATE
46517	61	71	Melbourne	CITY
46517	63	16	affluent	GEONOUN
46517	63	33	affluent	GEONOUN
46517	64	172	today	DATE
46517	64	488	room	GEONOUN
46517	64	599	every weekend	DATE
46517	64	729	every week	DATE
46517	64	755	Shabbos	DATE
46517	64	782	Thursday	DATE
46517	64	791	afternoon	TIME
46517	64	825	Friday	DATE
46517	64	832	morning	TIME
46517	64	892	Budapest	CITY
46517	64	945	Budapest	CITY
46517	68	7	synagogue	GEONOUN
46517	68	26	Miskolc	CITY
46517	68	59	Verpelet	PLACE
46517	68	108	synagogue	GEONOUN
46517	68	208	synagogue	GEONOUN
46517	69	8	Miskolc	CITY
46517	70	41	two-- one or two years	DATE
46517	70	106	wood	GEONOUN
46517	70	118	school	GEONOUN
46517	70	167	Jewish school	GEONOUN
46517	70	174	school	GEONOUN
46517	70	305	Miskolc	CITY
46517	70	342	Jewish school	GEONOUN
46517	70	349	school	GEONOUN
46517	73	10	Verpelet	PLACE
46517	73	41	Seder	EVENT
46517	74	4	Miskolc	CITY
46517	74	43	an hour	TIME
46517	74	54	train	GEONOUN
46517	74	64	a couple of hour	TIME
46517	74	84	train	GEONOUN
46517	75	25	school	GEONOUN
46517	75	40	Miskolc	CITY
46517	75	64	school	GEONOUN
46517	75	91	school	GEONOUN
46517	75	221	school	GEONOUN
46517	76	36	every night	TIME
46517	76	51	winter	DATE
46517	76	78	Every week	DATE
46517	77	77	every day	DATE
46517	77	110	Shabbos	DATE
46517	77	179	Melbourne	CITY
46517	77	426	25 years	DATE
46517	78	54	library	GEONOUN
46517	78	159	library	GEONOUN
46517	79	119	library	GEONOUN
46517	81	0	Those days	DATE
46517	82	61	those days	DATE
46517	82	293	Belgium	COUNTRY
46517	82	304	'46	DATE
46517	83	14	15-minute	TIME
46517	84	50	school	GEONOUN
46517	84	69	building	GEONOUN
46517	84	109	building	GEONOUN
46517	85	6	school	GEONOUN
46517	85	62	2 o'clock	TIME
46517	85	85	school	GEONOUN
46517	85	156	winter	DATE
46517	86	8	summer	DATE
46517	86	80	3 SECONDS	DATE
46517	86	106	school	GEONOUN
46517	87	6	school	GEONOUN
46517	89	5	Jewish	GEONOUN
46517	89	25	Jewish	GEONOUN
46517	90	25	Jewish	GEONOUN
46517	90	151	Jewish	GEONOUN
46517	90	268	Jewish	GEONOUN
46517	92	45	Verpelet	PLACE
46517	92	71	town	GEONOUN
46517	93	33	today	DATE
46517	93	64	city	GEONOUN
46517	93	77	Budapest	CITY
46517	93	100	Budapest	CITY
46517	93	188	Miskolc	CITY
46517	94	30	Jewish	GEONOUN
46517	94	250	years	DATE
46517	94	261	years	DATE
46517	94	272	years	DATE
46517	95	187	Jewish club	GEONOUN
46517	95	194	club	GEONOUN
46517	95	208	Jewish club	GEONOUN
46517	95	215	club	GEONOUN
46517	96	102	ghetto	GEONOUN
46517	97	67	street	GEONOUN
46517	97	101	Jewish	GEONOUN
46517	97	215	Jewish	GEONOUN
46517	99	86	Czechoslovakia	COUNTRY
46517	99	112	Austria	COUNTRY
46517	99	162	Austria	COUNTRY
46517	99	205	Jewish community	GEONOUN
46517	99	212	community	GEONOUN
46517	99	323	Jewish	GEONOUN
46517	99	340	Austria	COUNTRY
46517	100	20	'42-- '41	DATE
46517	100	32	40	DATE
46517	101	28	Verpelet	PLACE
46517	101	160	Verpelet	PLACE
46517	101	225	'30, '31	DATE
46517	101	286	Miskolc	CITY
46517	102	80	Poland	COUNTRY
46517	102	127	many years	DATE
46517	104	50	so many years	DATE
46517	105	101	Holocaust	EVENT
46517	105	238	Holocaust	EVENT
46517	105	264	15	DATE
46517	110	28	those days	DATE
46517	110	84	1940	DATE
46517	110	108	Czechoslovakia	COUNTRY
46517	110	150	'40	DATE
46517	110	201	'	DATE
46517	110	202	39	DATE
46517	110	206	Czechoslovakia	COUNTRY
46517	110	285	Tatra	PLACE
46517	110	300	village	GEONOUN
46517	110	418	Hungary	COUNTRY
46517	110	532	Budapest	CITY
46517	110	735	Miskolc	CITY
46517	110	748	Auschwitz	CAMP
46517	110	939	country	GEONOUN
46517	111	114	country	GEONOUN
46517	111	204	concentration camp those days	GEONOUN
46517	111	223	those days	DATE
46517	111	359	ghetto	GEONOUN
46517	112	169	Budapest	CITY
46517	112	228	street	GEONOUN
46517	112	307	Jewish	GEONOUN
46517	112	344	train	GEONOUN
46517	112	486	train	GEONOUN
46517	112	513	Budapest	CITY
46517	113	26	about three years	DATE
46517	113	77	about eight years	DATE
46517	114	34	Vienna	CITY
46517	115	8	today	DATE
46517	115	77	New York	US-STATE
46517	118	0	About eight years	DATE
46517	120	9	school	GEONOUN
46517	121	39	Budapest	CITY
46517	121	60	high school	GEONOUN
46517	121	96	Jewish	GEONOUN
46517	121	119	Jewish	GEONOUN
46517	121	176	Shabbat	DATE
46517	121	228	school	GEONOUN
46517	122	51	Budapest	CITY
46517	124	23	Budapest	CITY
46517	132	153	Budapest	CITY
46517	132	270	Jewish	GEONOUN
46517	133	127	Hungary	COUNTRY
46517	134	0	About a year.	DATE
46517	135	106	bar	GEONOUN
46517	136	103	Satu Mare	CITY
46517	144	32	setting	GEONOUN
46517	146	12	15	DATE
46517	146	18	16	DATE
46517	147	5	Early '40s	DATE
46517	147	76	theater	GEONOUN
46517	147	94	opera	GEONOUN
46517	148	5	Budapest	CITY
46517	151	68	state	GEONOUN
46517	151	225	Jewish	GEONOUN
46517	152	29	Budapest	CITY
46517	152	108	Auschwitz	CAMP
46517	152	123	Budapest	CITY
46517	154	0	--March '44	DATE
46517	154	18	May	DATE
46517	154	50	Auschwitz	CAMP
46517	154	79	Auschwitz	CAMP
46517	154	151	site	GEONOUN
46517	158	8	Miskolc	CITY
46517	159	15	January	DATE
46517	159	48	the day	DATE
46517	159	108	train	GEONOUN
46517	159	131	Miskolc	CITY
46517	160	1	44	DATE
46517	161	1	44	DATE
46517	162	114	Budapest	CITY
46517	162	177	Auschwitz	CAMP
46517	166	3	Budapest	CITY
46517	166	77	Jewish	GEONOUN
46517	166	122	concentration camp	GEONOUN
46517	167	21	Miskolc	CITY
46517	167	55	May '44	DATE
46517	167	90	end of January	DATE
46517	167	108	February	DATE
46517	169	62	the day	DATE
46517	169	108	tram	GEONOUN
46517	169	130	Miskolc	CITY
46517	170	67	Budapest	CITY
46517	171	92	ghetto	GEONOUN
46517	172	12	two weeks	DATE
46517	172	48	the end of-- end of May	DATE
46517	173	22	Miskolc	CITY
46517	174	16	house	GEONOUN
46517	175	37	'43	DATE
46517	175	148	Jewish	GEONOUN
46517	175	187	'43-- '42, '43	DATE
46517	177	67	'42	DATE
46517	177	72	'43	DATE
46517	177	109	apartment	GEONOUN
46517	178	234	train	GEONOUN
46517	178	250	America	COUNTRY
46517	178	268	Israel	COUNTRY
46517	179	14	Budapest	CITY
46517	179	194	Switzerland	COUNTRY
46517	179	337	Switzerland	COUNTRY
46517	179	354	Budapest	CITY
46517	179	431	Hungary	COUNTRY
46517	179	457	States	PLACE
46517	181	77	today	DATE
46517	183	5	town	GEONOUN
46517	184	51	ghetto	GEONOUN
46517	184	117	ghetto	GEONOUN
46517	185	77	ghetto	GEONOUN
46517	186	15	Tuesday	DATE
46517	186	61	ghetto	GEONOUN
46517	188	53	ghetto	GEONOUN
46517	188	79	ghetto	GEONOUN
46517	191	58	the next day	DATE
46517	191	94	ghetto	GEONOUN
46517	191	321	ghetto	GEONOUN
46517	193	25	half an hour	TIME
46517	193	173	camp	GEONOUN
46517	193	197	the first day	DATE
46517	193	419	ghetto	GEONOUN
46517	193	450	brick factory	GEONOUN
46517	193	456	factory	GEONOUN
46517	195	8	ghetto	GEONOUN
46517	195	24	school	GEONOUN
46517	196	4	Jewish school	GEONOUN
46517	196	11	school	GEONOUN
46517	196	53	a few night	TIME
46517	196	111	ghetto	GEONOUN
46517	197	16	brick factory	GEONOUN
46517	197	22	factory	GEONOUN
46517	200	89	train	GEONOUN
46517	200	147	three days	DATE
46517	200	162	three night	DATE
46517	201	16	brick factory	GEONOUN
46517	201	22	factory	GEONOUN
46517	201	33	Auschwitz	CAMP
46517	204	3	hour	TIME
46517	208	70	Jewish	GEONOUN
46517	208	163	ghetto	GEONOUN
46517	214	44	camp	GEONOUN
46517	216	75	a week	DATE
46517	216	83	a few days	DATE
46517	217	39	Auschwitz	CAMP
46517	218	115	spot	GEONOUN
46517	223	245	the last minute	TIME
46517	226	63	five days	DATE
46517	227	45	camp	GEONOUN
46517	230	20	windows	GEONOUN
46517	233	12	June	DATE
46517	233	18	May	DATE
46517	233	23	end of May	DATE
46517	233	35	June	DATE
46517	233	41	early June	DATE
46517	233	53	5th of June	DATE
46517	236	27	country town	GEONOUN
46517	236	35	town	GEONOUN
46517	236	72	country	GEONOUN
46517	236	87	Miskolc	CITY
46517	239	34	Monday	DATE
46517	239	59	Tuesday	DATE
46517	239	92	ghetto	GEONOUN
46517	239	109	the next day	DATE
46517	239	153	ghetto	GEONOUN
46517	239	182	the next day	DATE
46517	239	227	factory	GEONOUN
46517	239	240	brick factory	GEONOUN
46517	239	246	factory	GEONOUN
46517	239	272	the next day	DATE
46517	239	306	Auschwitz	CAMP
46517	239	401	Germany	COUNTRY
46517	241	57	Auschwitz	CAMP
46517	248	68	today	DATE
46517	248	77	Hungary	COUNTRY
46517	251	15	about three to four days	DATE
46517	251	69	train	GEONOUN
46517	251	99	train	GEONOUN
46517	251	141	Auschwitz	CAMP
46517	251	269	Auschwitz	CAMP
46517	252	177	a few days	DATE
46517	252	275	Tatra--	PLACE
46517	252	302	Tatra	PLACE
46517	261	55	train	GEONOUN
46517	262	53	an afternoon	TIME
46517	263	19	Auschwitz	CAMP
46517	265	288	Budapest	CITY
46517	265	427	chamber	GEONOUN
46517	266	20	Israel	COUNTRY
46517	268	80	14	DATE
46517	268	86	15	DATE
46517	271	8	train	GEONOUN
46517	277	283	chamber	GEONOUN
46517	278	16	Auschwitz	CAMP
46517	281	81	a week	DATE
46517	281	91	Auschwitz	CAMP
46517	282	23	a shocking night	TIME
46517	282	173	area	GEONOUN
46517	282	320	a terrible night	TIME
46517	282	430	the night	TIME
46517	284	0	Couple of hours	TIME
46517	284	56	nights	TIME
46517	284	66	Auschwitz	CAMP
46517	292	87	chamber	GEONOUN
46517	292	186	hospital	GEONOUN
46517	294	27	Miskolc	CITY
46517	300	388	Auschwitz	CAMP
46517	306	10	barns	GEONOUN
46517	306	26	barns	GEONOUN
46517	306	67	hospital area	GEONOUN
46517	306	76	area	GEONOUN
46517	306	307	the first day	DATE
46517	307	225	a year	DATE
46517	307	270	a year	DATE
46517	310	218	area	GEONOUN
46517	311	11	Auschwitz	CAMP
46517	311	54	early in the morning	TIME
46517	311	76	5 o'clock in the morning	TIME
46517	311	225	about two, three hours	TIME
46517	311	366	all day	DATE
46517	311	430	ground	GEONOUN
46517	312	80	room	GEONOUN
46517	318	4	three to four weeks	DATE
46517	318	88	Budapest	CITY
46517	318	111	a week later	DATE
46517	318	155	Budapest	CITY
46517	318	286	Auschwitz	CAMP
46517	318	416	about four years,	DATE
46517	318	434	five years	DATE
46517	319	24	Sydney	CITY
46517	319	295	Ravensbruck	CAMP
46517	319	312	Auschwitz	CAMP
46517	321	54	camp	GEONOUN
46517	322	29	Ravensbruck	CAMP
46517	322	46	train	GEONOUN
46517	328	3	train	GEONOUN
46517	328	23	Berlin	CITY
46517	328	41	Ravensbruck	CAMP
46517	328	83	Berlin	CITY
46517	328	140	Ravensbruck	CAMP
46517	333	28	Ravensbruck	CAMP
46517	333	45	Auschwitz	CAMP
46517	335	48	Ravensbruck	CAMP
46517	335	91	camp	GEONOUN
46517	336	26	Jewish	GEONOUN
46517	336	126	ground	GEONOUN
46517	336	138	three days	DATE
46517	336	153	three nights	DATE
46517	337	14	three days	DATE
46517	338	24	ground	GEONOUN
46517	339	73	ground	GEONOUN
46517	343	3	Ravensbruck	CAMP
46517	343	47	three days	DATE
46517	343	120	half an hour	TIME
46517	343	279	Jewish	GEONOUN
46517	345	127	Ravensbruck	CAMP
46517	345	276	Berlin	CITY
46517	345	294	a week or so	DATE
46517	345	319	Berlin	CITY
46517	347	9	the last day	DATE
46517	347	25	Auschwitz	CAMP
46517	350	0	About a week	DATE
46517	353	12	summer	DATE
46517	355	241	Ravensbruck	CAMP
46517	355	309	Berlin	CITY
46517	356	8	train	GEONOUN
46517	356	55	camp	GEONOUN
46517	356	94	train	GEONOUN
46517	356	137	camp	GEONOUN
46517	358	3	Reinickendorf	CITY
46517	359	0	Reinickendorf	CITY
46517	359	34	Berlin	CITY
46517	359	56	train	GEONOUN
46517	359	121	Berlin	CITY
46517	359	169	all night	TIME
46517	359	194	shelter	GEONOUN
46517	359	227	train	GEONOUN
46517	359	253	Berlin	CITY
46517	360	0	Ravensbruck	CAMP
46517	362	58	factory	GEONOUN
46517	364	104	camp	GEONOUN
46517	364	110	Reinickendorf	CITY
46517	364	145	camp	GEONOUN
46517	365	8	train	GEONOUN
46517	367	31	a few hours	TIME
46517	367	44	half a day	DATE
46517	368	0	Day	DATE
46517	368	5	day	DATE
46517	368	33	day	DATE
46517	368	52	Berlin	CITY
46517	368	79	Reinickendorf	CITY
46517	368	182	camp	GEONOUN
46517	369	9	village	GEONOUN
46517	369	39	Berlin	CITY
46517	369	64	Berlin	CITY
46517	369	89	Berlin	CITY
46517	369	178	camp	GEONOUN
46517	369	300	rooms	GEONOUN
46517	369	332	Auschwitz	CAMP
46517	369	349	Ravensbruck	CAMP
46517	369	362	Ravensbruck	CAMP
46517	372	0	'44, August	DATE
46517	372	32	factory every day	GEONOUN
46517	372	40	every day	DATE
46517	372	51	7 o'clock in the morning	TIME
46517	374	10	half an hour	TIME
46517	374	49	night	TIME
46517	374	112	night	TIME
46517	375	410	night	TIME
46517	375	706	every afternoon	TIME
46517	375	759	Oranienburg	CITY
46517	376	166	4 o'clock	TIME
46517	376	310	hospital	GEONOUN
46517	376	708	a other day	DATE
46517	376	760	Hungary	COUNTRY
46517	376	850	today	DATE
46517	379	26	Budapest	CITY
46517	379	61	America	COUNTRY
46517	379	85	every year	DATE
46517	380	4	every day	DATE
46517	381	66	three months	DATE
46517	382	357	months	DATE
46517	382	368	months	DATE
46517	382	379	months	DATE
46517	384	51	nearly every day	DATE
46517	385	3	the morning	TIME
46517	385	54	winter	DATE
46517	385	112	January	DATE
46517	385	149	factory	GEONOUN
46517	386	10	parts factory	GEONOUN
46517	386	16	factory	GEONOUN
46517	388	31	parts	GEONOUN
46517	388	170	factory	GEONOUN
46517	388	255	about January	DATE
46517	388	282	December	DATE
46517	389	10	a few months	DATE
46517	393	84	factory	GEONOUN
46517	393	187	Berlin	CITY
46517	393	561	camp	GEONOUN
46517	393	612	Oranienburg	CITY
46517	393	988	Berlin	CITY
46517	393	1015	Berlin	CITY
46517	393	1026	10 months	DATE
46517	393	1130	every night	TIME
46517	393	1154	seven hour	TIME
46517	393	1201	Seven, eight hours	TIME
46517	393	1239	Berlin	CITY
46517	393	1255	Berlin	CITY
46517	394	244	a terrible 10 months	DATE
46517	397	81	Berlin	CITY
46517	397	184	Berlin	CITY
46517	399	218	1970	DATE
46517	406	23	every night	TIME
46517	406	162	Germany	COUNTRY
46517	406	200	the '80s	DATE
46517	408	5	flat	GEONOUN
46517	408	70	LA	PLACE
46517	410	0	Oranienburg	CITY
46517	410	70	camp	GEONOUN
46517	410	97	camp	GEONOUN
46517	410	115	one day	DATE
46517	410	165	camp	GEONOUN
46517	410	201	camp	GEONOUN
46517	410	238	Oranienburg	CITY
46517	410	290	Oranienburg	CITY
46517	411	17	two days'	DATE
46517	411	33	three days'	DATE
46517	412	23	just a few days	DATE
46517	413	24	camp	GEONOUN
46517	413	50	Mauthausen	PLACE
46517	413	64	Oranienburg	CITY
46517	415	193	Israel	COUNTRY
46517	415	349	chamber	GEONOUN
46517	416	79	Auschwitz	CAMP
46517	416	118	Ravensbruck	CAMP
46517	417	0	Oranienburg	CITY
46517	418	34	camp	GEONOUN
46517	423	178	Reinickendorf	CITY
46517	423	200	Oranienburg	CITY
46517	423	263	Oranienburg	CITY
46517	426	24	the night	TIME
46517	427	6	road	GEONOUN
46517	427	29	road	GEONOUN
46517	431	43	road	GEONOUN
46517	432	41	Oranienburg	CITY
46517	432	108	the next day	DATE
46517	434	270	Jewish	GEONOUN
46517	434	350	Oranienburg	CITY
46517	434	406	Mauthausen	PLACE
46517	435	16	a few days	DATE
46517	435	28	three days	DATE
46517	435	40	four days	DATE
46517	437	118	Jewish	GEONOUN
46517	437	201	Berlin	CITY
46517	437	298	Hungary	COUNTRY
46517	438	60	sink	GEONOUN
46517	438	141	a few days	DATE
46517	441	171	the next day	DATE
46517	443	118	shambles	GEONOUN
46517	447	163	Hungary	COUNTRY
46517	448	159	LA	PLACE
46517	448	268	zone	GEONOUN
46517	448	277	Berlin	CITY
46517	448	306	Brussel	PLACE
46517	451	60	Brussels	CITY
46517	451	100	Los Angeles	CITY
46517	452	30	just one minute	TIME
46517	452	67	a minute	TIME
46517	453	28	Brussel	PLACE
46517	453	37	last year	DATE
46517	453	72	Brussel	PLACE
46517	453	84	15	DATE
46517	453	92	last year	DATE
46517	453	275	Toronto	CITY
46517	453	297	Toronto	CITY
46517	455	76	America	COUNTRY
46517	455	143	One day	DATE
46517	459	103	about eight years older	DATE
46517	459	139	six years	DATE
46517	459	190	Sydney	CITY
46517	465	13	Hungary	COUNTRY
46517	466	53	Poland	COUNTRY
46517	466	80	Warsaw	CITY
46517	466	115	Warsaw	CITY
46517	466	130	Warsaw	CITY
46517	466	150	train	GEONOUN
46517	466	159	Hungary	COUNTRY
46517	466	188	Hungary	COUNTRY
46517	468	5	Warsaw	CITY
46517	469	63	train	GEONOUN
46517	469	137	Budapest	CITY
46517	469	157	Miskolc	CITY
46517	469	213	Miskolc	CITY
46517	469	321	Miskolc	CITY
46517	469	471	chamber	GEONOUN
46517	469	557	Miskolc	CITY
46517	469	575	house	GEONOUN
46517	470	57	Budapest	CITY
46517	471	28	a few years ago	DATE
46517	472	84	Miskolc	CITY
46517	472	120	Budapest	CITY
46517	473	15	Budapest	CITY
46517	474	152	Fohrenwald	PLACE
46517	474	172	camp	GEONOUN
46517	474	181	camp	GEONOUN
46517	474	285	Budapest	CITY
46517	474	398	Brussels	CITY
46517	475	37	concentration camp	GEONOUN
46517	475	78	Mauthausen	PLACE
46517	475	192	two days later	DATE
46517	476	88	concentration camp	GEONOUN
46517	478	4	weeks	DATE
46517	478	14	weeks	DATE
46517	478	24	weeks	DATE
46517	480	62	Israel	COUNTRY
46517	480	76	about 85	DATE
46517	480	111	Israel	COUNTRY
46517	484	83	camp	GEONOUN
46517	484	93	Munchen	CAMP
46517	486	36	train	GEONOUN
46517	489	18	Jewish	GEONOUN
46517	489	115	Vienna	CITY
46517	490	0	Budapest	CITY
46517	490	12	Vienna	CITY
46517	491	8	Vienna	CITY
46517	492	8	train	GEONOUN
46517	492	19	Budapest	CITY
46517	492	31	Vienna	CITY
46517	493	17	Hungary	COUNTRY
46517	493	71	Hungary	COUNTRY
46517	493	337	train	GEONOUN
46517	495	38	Germany	COUNTRY
46517	496	0	Vienna	CITY
46517	496	34	Salzburg	CITY
46517	497	3	Vienna	CITY
46517	498	25	camp	GEONOUN
46517	498	47	Salzburg	CITY
46517	499	0	Two weeks or	DATE
46517	499	13	a week	DATE
46517	499	21	three weeks	DATE
46517	499	83	Salzburg	CITY
46517	499	102	Salzburg	CITY
46517	499	114	Munchen	CAMP
46517	499	138	Munchen	CAMP
46517	499	146	museum	GEONOUN
46517	500	0	About six weeks	DATE
46517	500	49	six weeks	DATE
46517	500	80	52 years ago	DATE
46517	500	110	3 SECONDS	DATE
46517	500	172	Brussels	CITY
46517	501	64	Israel	COUNTRY
46517	502	192	Hungary	COUNTRY
46517	502	200	those days	DATE
46517	503	9	Brussels	CITY
46517	506	17	camps	GEONOUN
46517	510	41	Brussels	CITY
46517	510	156	Budapest	CITY
46517	510	259	those days	DATE
46517	510	354	Budapest	CITY
46517	511	35	plain	GEONOUN
46517	511	109	Miskolc	CITY
46517	511	142	Budapest	CITY
46517	513	78	train	GEONOUN
46517	514	120	train	GEONOUN
46517	514	147	Brussels	CITY
46517	514	207	camp	GEONOUN
46517	514	391	Israel	COUNTRY
46517	514	413	Israel	COUNTRY
46517	515	37	1948	DATE
46517	515	63	camp	GEONOUN
46517	515	91	camps	GEONOUN
46517	516	11	Auschwitz	CAMP
46517	518	11	Auschwitz	CAMP
46517	518	50	Germany	COUNTRY
46517	518	138	Israel	COUNTRY
46517	520	11	18	DATE
46517	520	15	19	DATE
46517	520	45	19	DATE
46517	522	39	Brussels	CITY
46517	522	66	Brussels	CITY
46517	522	89	four years	DATE
46517	523	0	1950	DATE
46517	524	0	1947. '46. 1946	DATE
46517	524	23	February	DATE
46517	525	0	Budapest	CITY
46517	525	22	Budapest	CITY
46517	526	3	Brussels	CITY
46517	529	101	university	GEONOUN
46517	531	23	another two years	DATE
46517	531	61	America	COUNTRY
46517	531	196	country	GEONOUN
46517	531	240	Australia	COUNTRY
46517	531	265	Australia	COUNTRY
46517	532	50	Australia	COUNTRY
46517	532	117	country	GEONOUN
46517	532	189	Israel	COUNTRY
46517	534	29	Brussels	CITY
46517	534	62	Belgium	COUNTRY
46517	534	160	Europe	CONTINENT
46517	535	19	Jewish community	GEONOUN
46517	535	26	community	GEONOUN
46517	536	36	Jewish area	GEONOUN
46517	536	43	area	GEONOUN
46517	537	14	Brussels	CITY
46517	537	56	Brussels	CITY
46517	538	10	apartment	GEONOUN
46517	541	14	Brussels	CITY
46517	541	53	Brussels	CITY
46517	541	113	America	COUNTRY
46517	543	3	boat	GEONOUN
46517	548	11	Germany	COUNTRY
46517	551	6	December, 1950	DATE
46517	552	0	Four weeks.	DATE
46517	553	22	ship	GEONOUN
46517	553	238	about three, four	DATE
46517	555	3	'47	DATE
46517	556	0	April	DATE
46517	557	0	7 of April	DATE
46517	557	112	school	GEONOUN
46517	557	155	boat	GEONOUN
46517	561	31	December	DATE
46517	561	48	the hottest summer	DATE
46517	561	94	Bonegilla	PLACE
46517	561	178	Melbourne	CITY
46517	561	188	two weeks after	DATE
46517	562	6	Two weeks of	DATE
46517	564	74	barracks	GEONOUN
46517	564	255	Europe	CONTINENT
46517	564	340	Bonegilla	PLACE
46517	564	520	December	DATE
46517	564	556	January	DATE
46517	564	605	train	GEONOUN
46517	564	623	Melbourne	CITY
46517	564	669	Brussels	CITY
46517	564	712	Bonegilla	PLACE
46517	565	0	Melbourne	CITY
46517	566	31	Bonegilla	PLACE
46517	568	71	Two years	DATE
46517	571	82	at least two years	DATE
46517	572	7	Brussels	CITY
46517	573	73	Melbourne	CITY
46517	573	105	house	GEONOUN
46517	573	218	Joint	PLACE
46517	573	300	house	GEONOUN
46517	573	366	house	GEONOUN
46517	574	0	Newport	CITY
46517	574	23	Jewish	GEONOUN
46517	574	57	Newport	CITY
46517	575	187	university	GEONOUN
46517	577	143	a week	DATE
46517	578	21	four	DATE
46517	579	60	apartment	GEONOUN
46517	579	73	Newport	CITY
46517	579	172	1950	DATE
46517	579	189	'51	DATE
46517	580	67	factory	GEONOUN
46517	580	362	six weeks	DATE
46517	581	40	Jewish	GEONOUN
46517	582	74	Flinders Lane--	PLACE
46517	583	7	city	GEONOUN
46517	583	16	Flinders Lane	PLACE
46517	584	65	city	GEONOUN
46517	585	13	Jewish	GEONOUN
46517	585	104	court	GEONOUN
46517	586	12	the first year	DATE
46517	586	58	Kew	CITY
46517	586	90	synagogue	GEONOUN
46517	586	114	Kew	CITY
46517	586	118	synagogue	GEONOUN
46517	586	159	13	DATE
46517	586	176	bar	GEONOUN
46517	586	256	church	GEONOUN
46517	586	280	synagogue	GEONOUN
46517	586	302	church	GEONOUN
46517	586	355	synagogue	GEONOUN
46517	589	15	one year	DATE
46517	589	27	Newport	CITY
46517	589	57	'51	DATE
46517	589	78	Jewish	GEONOUN
46517	589	221	Jewish	GEONOUN
46517	589	253	Newport	CITY
46517	589	300	flat	GEONOUN
46517	589	308	Hawthorne	CITY
46517	589	350	Hawthorne	CITY
46517	589	366	a year	DATE
46517	590	12	school	GEONOUN
46517	590	34	state school	GEONOUN
46517	590	40	school	GEONOUN
46517	591	43	Jewish	GEONOUN
46517	591	141	Jewish	GEONOUN
46517	591	169	Jewish	GEONOUN
46517	591	219	synagogue	GEONOUN
46517	591	283	Sunday	DATE
46517	591	290	school	GEONOUN
46517	591	314	bar	GEONOUN
46517	591	338	13	DATE
46517	592	10	synagogue	GEONOUN
46517	594	34	every holiday	DATE
46517	594	61	synagogue	GEONOUN
46517	594	110	temple	GEONOUN
46517	594	137	night	TIME
46517	594	203	synagogue	GEONOUN
46517	594	240	Jewish	GEONOUN
46517	594	330	Jewish	GEONOUN
46517	594	411	Jewish	GEONOUN
46517	594	464	Jewish	GEONOUN
46517	595	106	synagogue	GEONOUN
46517	595	146	Friday	DATE
46517	597	54	20-year-old	DATE
46517	597	474	the last 30 year-- 31 years	DATE
46517	599	3	1957	DATE
46517	600	10	'57	DATE
46517	600	20	40	DATE
46517	605	4	Holocaust	EVENT
46517	607	13	Georgia	COUNTRY
46517	607	35	tree	GEONOUN
46517	608	212	a whole week	DATE
46517	609	38	the day	DATE
46517	610	222	Ireland	COUNTRY
46517	610	252	Israel	COUNTRY
46517	610	317	Africa	CONTINENT
46517	612	137	today	DATE
46517	613	45	The first five years	DATE
46517	613	67	six years	DATE
46517	615	7	forest	GEONOUN
46517	615	212	chamber	GEONOUN
46517	615	565	Auschwitz	CAMP
46517	618	0	Auschwitz	CAMP
46517	622	22	houses	GEONOUN
46517	622	41	houses	GEONOUN
46517	623	27	about '70	DATE
46517	625	155	houses	GEONOUN
46517	625	333	Budapest	CITY
46517	625	608	Budapest	CITY
46517	625	647	house	GEONOUN
46517	625	698	flat	GEONOUN
46517	625	800	house	GEONOUN
46517	625	851	house	GEONOUN
46517	625	958	house	GEONOUN
46517	626	365	Miskolc	CITY
46517	626	399	street	GEONOUN
46517	626	486	bricks	GEONOUN
46517	627	11	Miskolc	CITY
46517	627	28	Jewish	GEONOUN
46517	627	68	Budapest	CITY
46517	630	27	every year	DATE
46517	630	53	every year	DATE
46517	631	117	every year	DATE
46517	632	59	10	DATE
46517	632	98	America	COUNTRY
46517	632	147	America	COUNTRY
46517	633	251	tomorrow	DATE
46517	633	316	Israel	COUNTRY
46517	637	24	Israel	COUNTRY
46517	638	3	1910	DATE
46517	638	13	'	DATE
46517	638	14	15	DATE
46517	638	25	1915	DATE
46517	638	107	1905	DATE
46517	639	98	19-- 1898	DATE
46517	639	147	40-- 42	DATE
46517	640	3	Miskolc	CITY
46517	641	3	about 1940-- '40--	DATE
46517	641	29	'40	DATE
46517	642	104	1943	DATE
46517	643	3	Miskolc	CITY
46517	643	83	Budapest	CITY
46517	643	132	1940	DATE
46517	645	91	Budapest	CITY
46517	645	127	Auschwitz	CAMP
46517	646	124	1947	DATE
46517	646	132	Brussel	PLACE
46517	646	181	1925	DATE
46517	646	237	1940	DATE
46517	646	269	'47	DATE
46517	646	290	Israel	COUNTRY
46517	646	314	a year later	DATE
46517	648	72	1948	DATE
46517	648	152	cemetery	GEONOUN
46517	650	56	Israel	COUNTRY
46517	650	121	synagogue	GEONOUN
46517	650	134	Mád	PLACE
46517	650	359	synagogue	GEONOUN
46517	652	9	stonework	GEONOUN
