FileID	AnswerID	StartCharPos	Entity	Type
46528	0	0	Regina	CITY
46528	1	15	April 10, 1926	DATE
46528	3	14	Lodz	PLACE
46528	3	29	Poland	COUNTRY
46528	4	35	apartment	GEONOUN
46528	5	43	almost 60 years	DATE
46528	6	246	school	GEONOUN
46528	8	24	Bydgoszcz	CITY
46528	8	55	Lodz	PLACE
46528	8	76	Bydgoszcz	CITY
46528	8	98	two years old	DATE
46528	8	136	Bydgoszcz	CITY
46528	8	188	train	GEONOUN
46528	8	209	five, six hours	TIME
46528	8	228	train	GEONOUN
46528	8	248	Lodz	PLACE
46528	8	277	city	GEONOUN
46528	8	287	Bydgoszcz	CITY
46528	8	312	town	GEONOUN
46528	8	394	Germany	COUNTRY
46528	8	406	Poland	COUNTRY
46528	9	131	Germany	COUNTRY
46528	9	161	Bromberg	CAMP
46528	9	188	Bromberg	CAMP
46528	9	237	1938	DATE
46528	9	292	Jewish	GEONOUN
46528	9	324	Jewish	GEONOUN
46528	9	355	synagogue	GEONOUN
46528	9	406	Rosh Hashanah,	DATE
46528	9	421	Yom Kippur--	DATE
46528	9	474	school	GEONOUN
46528	9	539	school	GEONOUN
46528	9	625	school	GEONOUN
46528	9	781	Jewish	GEONOUN
46528	9	1096	Jewish	GEONOUN
46528	9	1134	Jewish	GEONOUN
46528	9	1277	September 1, I-- 1939,	DATE
46528	9	1324	school	GEONOUN
46528	10	390	Europe	CONTINENT
46528	10	416	pass	GEONOUN
46528	10	439	first year--	DATE
46528	10	466	pass the first year	GEONOUN
46528	10	471	the first year	DATE
46528	10	500	second year	DATE
46528	10	516	three years	DATE
46528	10	535	three years	DATE
46528	10	581	school	GEONOUN
46528	10	638	his third year	DATE
46528	10	848	school	GEONOUN
46528	10	965	store	GEONOUN
46528	10	1004	store	GEONOUN
46528	10	1073	Jewish store	GEONOUN
46528	10	1080	store	GEONOUN
46528	10	1288	store	GEONOUN
46528	11	591	18	DATE
46528	11	637	1938	DATE
46528	11	659	Germany	COUNTRY
46528	11	703	Germany	COUNTRY
46528	11	741	Chile	COUNTRY
46528	11	766	city	GEONOUN
46528	12	457	Chile	COUNTRY
46528	12	631	13 years old	DATE
46528	12	758	his 30s	DATE
46528	12	792	13	DATE
46528	13	4	Friday	DATE
46528	13	24	Friday	DATE
46528	13	71	2 o'clock in the afternoon	TIME
46528	13	110	school	GEONOUN
46528	13	151	United States	COUNTRY
46528	13	181	every day	DATE
46528	13	290	11 o'clock	TIME
46528	13	302	Some days	DATE
46528	13	334	1:00	TIME
46528	13	355	1:00	TIME
46528	13	383	2 o'clock	TIME
46528	13	414	school	GEONOUN
46528	13	424	Saturday	DATE
46528	13	498	school six days a week	GEONOUN
46528	13	505	six days a week	DATE
46528	13	564	store	GEONOUN
46528	13	608	2 o'clock in the afternoon	TIME
46528	13	849	every day	DATE
46528	13	915	Friday	DATE
46528	13	926	Friday	DATE
46528	13	933	night	TIME
46528	13	1068	our Friday	TIME
46528	13	1153	school	GEONOUN
46528	13	1199	synagogue	GEONOUN
46528	14	149	house	GEONOUN
46528	14	295	house	GEONOUN
46528	14	312	room	GEONOUN
46528	15	181	Bydgoszcz	CITY
46528	15	468	Israel	COUNTRY
46528	15	502	Israel	COUNTRY
46528	15	595	school	GEONOUN
46528	15	614	school	GEONOUN
46528	15	707	school	GEONOUN
46528	15	835	house	GEONOUN
46528	16	80	city	GEONOUN
46528	16	93	farm	GEONOUN
46528	16	118	resort	GEONOUN
46528	16	144	apartment	GEONOUN
46528	16	361	1939	DATE
46528	16	424	Lodz	PLACE
46528	16	487	Lodz	PLACE
46528	16	620	'39	DATE
46528	17	43	Lodz	PLACE
46528	17	171	every day	DATE
46528	19	32	Saturday	DATE
46528	19	135	1937	DATE
46528	19	144	fell	GEONOUN
46528	19	673	1938	DATE
46528	19	747	1939	DATE
46528	19	782	'38	DATE
46528	19	944	Jewish	GEONOUN
46528	19	1291	two weeks later	DATE
46528	19	1367	street	GEONOUN
46528	19	1669	1938	DATE
46528	19	1707	every year	DATE
46528	21	322	Bydgoszcz	CITY
46528	21	435	Lodz	PLACE
46528	22	22	apartment	GEONOUN
46528	22	75	Bydgoszcz	CITY
46528	22	222	ghetto	GEONOUN
46528	22	269	courtyard	GEONOUN
46528	22	381	downstairs	GEONOUN
46528	22	451	house	GEONOUN
46528	22	465	apartment	GEONOUN
46528	22	657	room	GEONOUN
46528	22	663	Shabbos Friday night	DATE
46528	23	72	Iran	COUNTRY
46528	23	106	Persia	PLACE
46528	23	562	Lodz	PLACE
46528	24	12	'39	DATE
46528	24	39	country	GEONOUN
46528	24	56	resort	GEONOUN
46528	24	107	apartment	GEONOUN
46528	24	140	August	DATE
46528	24	156	September 1	DATE
46528	24	204	school	GEONOUN
46528	24	412	weekends	DATE
46528	24	488	store	GEONOUN
46528	24	660	train	GEONOUN
46528	24	675	Lodz	PLACE
46528	24	902	Lodz	PLACE
46528	24	934	apartment	GEONOUN
46528	24	1091	10 years old	DATE
46528	24	1129	three weeks	DATE
46528	24	1186	September 1, in 1939	DATE
46528	24	1223	Bydgoszcz	CITY
46528	24	1238	city	GEONOUN
46528	24	1537	Bydgoszcz	CITY
46528	24	1661	Lodz	PLACE
46528	24	1680	Lodz	PLACE
46528	24	1718	every day	DATE
46528	24	1803	September 15	DATE
46528	24	1849	Lodz	PLACE
46528	24	1870	Lodz	PLACE
46528	24	1950	Three weeks later--	DATE
46528	24	2028	the 1st	DATE
46528	24	2046	three weeks later	DATE
46528	24	2282	Jewish	GEONOUN
46528	24	2370	three weeks	DATE
46528	24	2393	Lodz	PLACE
46528	24	2443	house	GEONOUN
46528	24	2646	apartment	GEONOUN
46528	25	6	13	DATE
46528	25	16	13 years old	DATE
46528	25	52	15	DATE
46528	25	56	September 15	DATE
46528	25	91	the first day	DATE
46528	25	115	Lodz	PLACE
46528	25	134	Lodz	PLACE
46528	25	151	15	DATE
46528	25	309	Jewish	GEONOUN
46528	25	671	Jewish	GEONOUN
46528	25	794	banks	GEONOUN
46528	25	854	ghetto	GEONOUN
46528	25	894	ghetto	GEONOUN
46528	25	950	parts	GEONOUN
46528	25	963	city	GEONOUN
46528	25	977	banks	GEONOUN
46528	25	1001	parts	GEONOUN
46528	25	1014	city	GEONOUN
46528	25	1174	Jewish	GEONOUN
46528	25	1330	bank	GEONOUN
46528	25	2190	Jewish	GEONOUN
46528	25	3193	Poland	COUNTRY
46528	26	242	Poland	COUNTRY
46528	26	951	courtyard	GEONOUN
46528	26	986	courtyard	GEONOUN
46528	26	1027	street	GEONOUN
46528	26	1259	plaza	GEONOUN
46528	26	1338	13-year-old	DATE
46528	26	2105	10-year-old--	DATE
46528	26	2409	One evening--	TIME
46528	26	2519	One night	TIME
46528	26	2827	room	GEONOUN
46528	26	3112	10 years old	DATE
46528	26	3323	only 10 years old	DATE
46528	26	3864	Austria	COUNTRY
46528	26	4409	Austria	COUNTRY
46528	26	4433	house	GEONOUN
46528	26	4617	18	DATE
46528	26	4621	19	DATE
46528	26	4625	20	DATE
46528	26	4638	the 20s--	DATE
46528	26	4693	Lódz	PLACE
46528	26	5012	city	GEONOUN
46528	26	5076	town	GEONOUN
46528	26	5292	fell	GEONOUN
46528	26	5476	fell	GEONOUN
46528	26	5632	December	DATE
46528	26	5662	winter	DATE
46528	26	5720	one day	DATE
46528	26	5755	Jewish	GEONOUN
46528	26	5778	Jewish	GEONOUN
46528	26	6019	train	GEONOUN
46528	26	6204	train	GEONOUN
46528	26	6278	train	GEONOUN
46528	26	6401	windows	GEONOUN
46528	26	6457	train	GEONOUN
46528	26	6917	town	GEONOUN
46528	26	6941	farm	GEONOUN
46528	26	7062	barn	GEONOUN
46528	26	7125	Jewish	GEONOUN
46528	26	7213	lake	GEONOUN
46528	26	7226	Ukraine	COUNTRY
46528	26	7244	Germany	COUNTRY
46528	26	7287	Poland	COUNTRY
46528	26	7354	Ukraine	COUNTRY
46528	26	7427	Ukraine	COUNTRY
46528	26	7533	Ukraine	COUNTRY
46528	26	7631	town	GEONOUN
46528	26	7654	Ukraine	COUNTRY
46528	28	907	boat	GEONOUN
46528	28	915	boat	GEONOUN
46528	28	1003	store	GEONOUN
46528	28	1515	boat	GEONOUN
46528	28	1721	fell	GEONOUN
46528	28	1742	the end of December	DATE
46528	28	1775	January 1	DATE
46528	28	1811	boat	GEONOUN
46528	28	1826	boat	GEONOUN
46528	28	1977	boat	GEONOUN
46528	28	2130	ground	GEONOUN
46528	28	2144	fell	GEONOUN
46528	28	2518	Bialystok	PLACE
46528	28	2554	Jewish	GEONOUN
46528	28	2583	Bialystok	PLACE
46528	28	2605	Bialystok	PLACE
46528	28	2646	room	GEONOUN
46528	28	2667	night	TIME
46528	28	2765	basement	GEONOUN
46528	28	2920	room	GEONOUN
46528	28	3082	park	GEONOUN
46528	28	3199	next morning	TIME
46528	28	3382	town	GEONOUN
46528	28	3427	town	GEONOUN
46528	28	3609	Jewish	GEONOUN
46528	28	4235	room	GEONOUN
46528	28	4326	room	GEONOUN
46528	28	4407	house	GEONOUN
46528	28	4463	night	TIME
46528	28	4474	daytime	TIME
46528	28	4894	1940	DATE
46528	28	4918	spring	GEONOUN
46528	28	5567	One night	TIME
46528	28	5791	train	GEONOUN
46528	28	5817	train	GEONOUN
46528	28	6181	windows	GEONOUN
46528	28	6590	windows	GEONOUN
46528	28	6770	Siberia	PLACE
46528	28	6799	Siberia	PLACE
46528	28	6808	Three weeks	DATE
46528	28	6847	three weeks	DATE
46528	28	6938	intersection	GEONOUN
46528	28	7032	Siberia	PLACE
46528	28	7055	Novosibirsk	CITY
46528	28	7090	Siberia	PLACE
46528	28	7307	three weeks	DATE
46528	28	7333	station	GEONOUN
46528	28	7356	river	GEONOUN
46528	28	7521	spring	GEONOUN
46528	31	480	Ukraine	COUNTRY
46528	31	847	a week	DATE
46528	31	857	more than 10 days	DATE
46528	31	958	forests	GEONOUN
46528	31	1011	trees	GEONOUN
46528	31	1086	camp	GEONOUN
46528	31	1092	Chet	PLACE
46528	31	1128	Chet	PLACE
46528	31	1694	three days	DATE
46528	31	1736	camp	GEONOUN
46528	31	1748	forest	GEONOUN
46528	31	2558	forest	GEONOUN
46528	31	2572	trees	GEONOUN
46528	31	2862	room	GEONOUN
46528	31	2872	room	GEONOUN
46528	31	2900	wood	GEONOUN
46528	31	2944	house	GEONOUN
46528	31	3152	spring	GEONOUN
46528	31	4017	street	GEONOUN
46528	31	4031	road	GEONOUN
46528	31	4062	forest	GEONOUN
46528	31	4261	trees	GEONOUN
46528	31	4430	15	DATE
46528	31	4947	One day	DATE
46528	31	5067	camp	GEONOUN
46528	31	5075	Siberia	PLACE
46528	31	5092	Siberia	PLACE
46528	31	5116	forest	GEONOUN
46528	32	263	forest	GEONOUN
46528	32	732	Siberia	PLACE
46528	32	754	barracks	GEONOUN
46528	32	854	Russia	COUNTRY
46528	32	974	Siberia	PLACE
46528	32	1022	hospital	GEONOUN
46528	32	1109	room	GEONOUN
46528	32	1263	rooms	GEONOUN
46528	32	1294	hallway	GEONOUN
46528	32	1308	hallway	GEONOUN
46528	32	1545	summer	DATE
46528	32	1640	trees	GEONOUN
46528	32	1688	trees	GEONOUN
46528	32	1747	trees	GEONOUN
46528	32	1774	trees	GEONOUN
46528	32	1979	trees	GEONOUN
46528	32	2019	winter	DATE
46528	32	2040	1940	DATE
46528	32	2046	winter	DATE
46528	32	2101	Nights	DATE
46528	32	2113	days	DATE
46528	32	2184	factory	GEONOUN
46528	32	2219	factory	GEONOUN
46528	32	2244	factory	GEONOUN
46528	32	2281	barn	GEONOUN
46528	32	2841	summer	DATE
46528	32	2859	winter	DATE
46528	32	2911	factory	GEONOUN
46528	32	3981	36 years old	DATE
46528	32	4481	house	GEONOUN
46528	32	4764	a day	DATE
46528	32	5202	half a day	DATE
46528	32	5386	barracks	GEONOUN
46528	32	5457	barracks	GEONOUN
46528	32	5714	England	PLACE
46528	32	6009	the morning	TIME
46528	32	6186	hospital	GEONOUN
46528	32	6274	factory	GEONOUN
46528	32	6336	corner	GEONOUN
46528	32	6444	room	GEONOUN
46528	32	6488	room	GEONOUN
46528	32	6562	corner	GEONOUN
46528	32	6815	hospital	GEONOUN
46528	32	7073	that day	DATE
46528	32	7106	three days	DATE
46528	32	7154	every day	DATE
46528	32	7271	the third day	DATE
46528	32	7339	hospital	GEONOUN
46528	32	7744	three days old	DATE
46528	32	7770	1941	DATE
46528	32	7785	three days old	DATE
46528	32	8142	barracks	GEONOUN
46528	32	8169	room	GEONOUN
46528	32	8231	cemetery	GEONOUN
46528	32	8254	cemetery	GEONOUN
46528	32	8298	three days	DATE
46528	32	8330	every night	TIME
46528	32	8531	camp	GEONOUN
46528	32	8720	three days	DATE
46528	32	9750	Stepanovka	PLACE
46528	32	9772	Novosibirsk Oblast	PLACE
46528	32	9802	Siberia	PLACE
46528	32	9958	train	GEONOUN
46528	32	10213	farm	GEONOUN
46528	32	10477	six months old	DATE
46528	32	11012	farm	GEONOUN
46528	32	11270	3 SECONDS	DATE
46528	32	11359	six months	DATE
46528	32	11371	seven months	DATE
46528	32	11423	a whole year	DATE
46528	32	11669	Central Asia	PLACE
46528	32	11744	the winters	DATE
46528	32	11811	train	GEONOUN
46528	32	11997	night	TIME
46528	32	12061	land	GEONOUN
46528	32	12128	barracks	GEONOUN
46528	32	12142	next night	TIME
46528	32	12281	farm	GEONOUN
46528	32	12394	ground	GEONOUN
46528	32	13156	Kyrgyzstan	COUNTRY
46528	32	13187	Uzbekistan	COUNTRY
46528	32	13237	Kazakhstan	COUNTRY
46528	32	13260	Kyrgyzstan	COUNTRY
46528	32	13315	Kyrgyzstan	COUNTRY
46528	32	13342	Kyrgyzstan	COUNTRY
46528	32	13462	'40-- end of '41	DATE
46528	32	13575	room	GEONOUN
46528	32	13810	market	GEONOUN
46528	32	13896	ground	GEONOUN
46528	32	13969	walls	GEONOUN
46528	32	14143	market	GEONOUN
46528	32	14349	room	GEONOUN
46528	32	14425	room	GEONOUN
46528	32	14853	one evening	TIME
46528	32	14981	all night long	TIME
46528	32	15009	the next morning	TIME
46528	32	15468	room	GEONOUN
46528	32	15561	market	GEONOUN
46528	32	15875	huts	GEONOUN
46528	32	15928	fall	GEONOUN
46528	32	16211	house	GEONOUN
46528	32	16636	today	DATE
46528	32	16752	room	GEONOUN
46528	32	16798	room	GEONOUN
46528	32	16819	windows	GEONOUN
46528	32	17099	three days	DATE
46528	32	17339	Jewish	GEONOUN
46528	32	17442	1943	DATE
46528	32	17454	16 years old	DATE
46528	32	17484	17. 17	DATE
46528	32	17519	'42	DATE
46528	32	17531	a year old	DATE
46528	32	17818	court	GEONOUN
46528	32	17861	Siberia	PLACE
46528	32	18056	market	GEONOUN
46528	32	18384	eight years	DATE
46528	32	19007	1944	DATE
46528	32	19117	August	DATE
46528	32	19127	September	DATE
46528	33	156	38	DATE
46528	33	160	39 years old	DATE
46528	33	213	Jewish	GEONOUN
46528	33	356	Russia	COUNTRY
46528	33	600	house	GEONOUN
46528	33	975	divide	GEONOUN
46528	33	1060	market	GEONOUN
46528	33	1950	barns	GEONOUN
46528	33	1977	barns	GEONOUN
46528	33	2041	barn	GEONOUN
46528	33	2794	hospital	GEONOUN
46528	33	3095	hospital	GEONOUN
46528	33	3296	Israel	COUNTRY
46528	33	3542	Poland	COUNTRY
46528	33	3574	Poland	COUNTRY
46528	33	3628	Poland	COUNTRY
46528	33	3781	passage	GEONOUN
46528	33	4010	1944	DATE
46528	33	4023	Kara-Balta	CITY
46528	33	4035	Kyrgyzstan	COUNTRY
46528	33	4064	train	GEONOUN
46528	33	4372	Lwów	PLACE
46528	33	4465	town	GEONOUN
46528	33	4679	basement	GEONOUN
46528	33	4698	room	GEONOUN
46528	33	4708	basement	GEONOUN
46528	33	5074	Lwów	PLACE
46528	33	5090	city	GEONOUN
46528	33	5304	city	GEONOUN
46528	33	5333	early in the morning	TIME
46528	33	5430	the morning	TIME
46528	33	5462	city	GEONOUN
46528	33	5488	Ukraine	COUNTRY
46528	33	5507	Poland	COUNTRY
46528	33	5538	Poland	COUNTRY
46528	33	6487	Russia	COUNTRY
46528	33	6767	city	GEONOUN
46528	33	7019	Lódz	PLACE
46528	33	7047	Russia	COUNTRY
46528	33	7105	Lódz	PLACE
46528	33	7162	Lódz	PLACE
46528	33	7203	Lódz	PLACE
46528	33	7268	apartment	GEONOUN
46528	33	7291	rooms	GEONOUN
46528	35	6	1944	DATE
46528	35	31	room	GEONOUN
46528	35	104	room	GEONOUN
46528	35	134	room	GEONOUN
46528	35	166	room	GEONOUN
46528	35	188	apartment	GEONOUN
46528	35	407	ghetto	GEONOUN
46528	35	507	houses	GEONOUN
46528	35	1035	city	GEONOUN
46528	35	1053	Lódz	PLACE
46528	35	1081	ghetto	GEONOUN
46528	35	1211	embassy	GEONOUN
46528	35	1487	Lódz	PLACE
46528	35	1938	Lódz	PLACE
46528	35	1998	Czechoslovakia	COUNTRY
46528	35	2136	apartment	GEONOUN
46528	35	2309	room	GEONOUN
46528	36	0	Shabbos	EVENT
46528	36	50	Shabbos	EVENT
46528	36	72	Friday	DATE
46528	36	89	Shabbos	DATE
46528	36	107	Sunday	DATE
46528	36	124	seven days	DATE
46528	36	199	church	GEONOUN
46528	36	220	church	GEONOUN
46528	36	277	church	GEONOUN
46528	36	336	camps	GEONOUN
46528	36	431	Stalingrad	PLACE
46528	36	499	Stalingrad	PLACE
46528	36	825	Stalingrad	PLACE
46528	36	948	Stalingrad	PLACE
46528	36	990	Shabbos	DATE
46528	36	1618	zone	GEONOUN
46528	36	1731	zone	GEONOUN
46528	36	1855	zone	GEONOUN
46528	36	1880	Germany	COUNTRY
46528	36	1921	parts	GEONOUN
46528	36	1930	Germany	COUNTRY
46528	36	1993	Czechoslovakia	COUNTRY
46528	36	2012	Prague	CITY
46528	36	2048	Rosh Hashanah	DATE
46528	36	2182	Poland	COUNTRY
46528	36	2190	Prague	CITY
46528	36	2216	Poland	COUNTRY
46528	36	2316	Czechoslovakia	COUNTRY
46528	36	2518	zone	GEONOUN
46528	36	2663	camp	GEONOUN
46528	36	2672	Landsberg am Lech	CITY
46528	36	2706	Munich	CITY
46528	36	2727	Bavaria	PLACE
46528	37	11	1945	DATE
46528	37	54	October	DATE
46528	37	65	November	DATE
46528	37	90	Rosh Hashanah,	DATE
46528	37	105	Yom Kippur	DATE
46528	37	138	September	DATE
46528	37	168	October	DATE
46528	37	180	1945	DATE
46528	37	305	camp	GEONOUN
46528	37	401	1939	DATE
46528	37	528	1946	DATE
46528	37	537	February 1946	DATE
46528	37	552	February 20th	DATE
46528	37	591	camp	GEONOUN
46528	37	755	1946	DATE
46528	37	769	44 years old	DATE
46528	37	868	10 years older	DATE
46528	37	890	15 years	DATE
46528	37	960	1946	DATE
46528	37	1257	36	DATE
46528	38	6	later years	DATE
46528	40	12	Warsaw	CITY
46528	40	49	Buchenwald	CAMP
46528	40	71	concentration camp	GEONOUN
46528	40	663	Russia	COUNTRY
46528	40	688	Haganah	PLACE
46528	40	726	Europe	CONTINENT
46528	40	736	Israel	COUNTRY
46528	40	814	Israel	COUNTRY
46528	40	828	1948	DATE
46528	40	875	'48	DATE
46528	40	887	1948	DATE
46528	40	934	Israel	COUNTRY
46528	40	1060	country	GEONOUN
46528	40	1129	United States	COUNTRY
46528	40	1287	America	COUNTRY
46528	41	0	Landsberg am Lech	CITY
46528	41	53	town	GEONOUN
46528	41	105	Landsberg am Lech	CITY
46528	41	132	camp	GEONOUN
46528	43	102	market	GEONOUN
46528	43	135	market	GEONOUN
46528	43	172	market	GEONOUN
46528	43	1313	camp	GEONOUN
46528	43	1325	camp	GEONOUN
46528	43	1466	town	GEONOUN
46528	43	1476	hospital	GEONOUN
46528	43	1507	hospital	GEONOUN
46528	43	2040	camp	GEONOUN
46528	43	2261	six weeks	DATE
46528	43	2326	six weeks--	DATE
46528	43	2347	six weeks	DATE
46528	43	2411	Bremerhaven	CITY
46528	43	2438	ship	GEONOUN
46528	43	2458	ship	GEONOUN
46528	43	2517	ship	GEONOUN
46528	43	2609	ship	GEONOUN
46528	43	2738	ship	GEONOUN
46528	43	2843	basement	GEONOUN
46528	43	2940	hammocks	GEONOUN
46528	43	2999	ship	GEONOUN
46528	43	3042	the English Channel	PLACE
46528	43	3244	early in the morning	TIME
46528	43	3353	ship	GEONOUN
46528	43	3506	10 days	DATE
46528	43	3588	barricaded	GEONOUN
46528	43	3652	cabins	GEONOUN
46528	43	3760	Ellis Island	PLACE
46528	43	4058	1952	DATE
46528	43	4095	Nashville	CITY
46528	43	4203	six years old	DATE
46528	43	4244	Nashville	CITY
46528	43	4343	factory	GEONOUN
46528	43	4596	Israel	COUNTRY
46528	43	4995	Nashville	CITY
46528	43	5309	Israel	COUNTRY
46528	43	5344	Israel	COUNTRY
46528	44	182	Switzerland	COUNTRY
46528	44	205	United States	COUNTRY
46528	44	244	Switzerland	COUNTRY
46528	44	380	bank	GEONOUN
46528	44	602	Christmas	DATE
46528	44	658	the end of the year	DATE
46528	44	731	two years	DATE
46528	44	1112	house	GEONOUN
46528	44	1185	Mobile	CITY
46528	44	1193	Alabama	US-STATE
46528	44	1512	Canada	COUNTRY
46528	44	1538	United States	COUNTRY
46528	44	1632	factory	GEONOUN
46528	44	1648	factory	GEONOUN
46528	44	1733	ship	GEONOUN
46528	44	1741	New York	US-STATE
46528	44	1773	New York	US-STATE
46528	44	2260	Jewish	GEONOUN
46528	44	2283	Atlanta	CITY
46528	44	2307	New Year's	EVENT
46528	44	2352	Jewish	GEONOUN
46528	44	2466	Florida	US-STATE
46528	44	2485	Milwaukee	CITY
46528	44	2496	Wisconsin	US-STATE
46528	44	2534	Florida	US-STATE
46528	44	2561	Atlanta	CITY
46528	44	2648	overnight	TIME
46528	44	2796	New Year's Eve	DATE
46528	44	2867	Jewish	GEONOUN
46528	44	3127	a beautiful weekend	DATE
46528	44	3202	a lovely weekend	DATE
46528	44	3247	Nashville	CITY
46528	44	3272	Nashville	CITY
46528	44	3291	city	GEONOUN
46528	44	3333	Florida	US-STATE
46528	44	3416	Nashville	CITY
46528	44	3495	fell	GEONOUN
46528	44	3692	just a year younger	DATE
46528	44	3778	Nashville	CITY
46528	44	3823	almost two years	DATE
46528	44	4055	today	DATE
46528	44	4458	last year	DATE
46528	44	4473	August 26, 1997	DATE
46528	44	4505	1964	DATE
46528	44	4511	October 1	DATE
46528	44	4652	over 100 years old	DATE
46528	44	4860	18 years	DATE
46528	44	4948	last year	DATE
46528	44	4985	95	DATE
46528	44	4988	October 15	DATE
46528	44	5009	August 26	DATE
46528	45	296	Jewish	GEONOUN
46528	45	406	Jewish	GEONOUN
