FileID	AnswerID	StartCharPos	Entity	Type
46532	2	14	December 23, 1932	DATE
46532	2	36	Breslau	CAMP
46532	2	45	Germany	COUNTRY
46532	3	4	65	DATE
46532	8	159	Poland	COUNTRY
46532	9	11	Warsaw	CITY
46532	11	292	night	TIME
46532	11	372	the United States	COUNTRY
46532	12	206	buildings	GEONOUN
46532	12	219	America	COUNTRY
46532	12	267	windows	GEONOUN
46532	12	309	caves	GEONOUN
46532	12	357	train	GEONOUN
46532	13	79	United States	COUNTRY
46532	13	186	New York	US-STATE
46532	13	229	every few years	DATE
46532	13	271	the United States	COUNTRY
46532	17	144	Moscow	CITY
46532	17	181	Warsaw	CITY
46532	20	104	affluent	GEONOUN
46532	22	39	park	GEONOUN
46532	22	218	park	GEONOUN
46532	25	9	Warsaw	CITY
46532	25	16	ghetto	GEONOUN
46532	27	50	1939	DATE
46532	27	60	Warsaw	CITY
46532	27	120	shelter	GEONOUN
46532	29	14	Sabbath	DATE
46532	29	51	Sabbath	DATE
46532	29	97	Seder	EVENT
46532	29	128	Jewish	GEONOUN
46532	30	22	apartment	GEONOUN
46532	30	82	apartment	GEONOUN
46532	31	68	duplex	GEONOUN
46532	31	84	downstairs	GEONOUN
46532	31	136	room	GEONOUN
46532	31	162	room	GEONOUN
46532	31	188	nursery	GEONOUN
46532	31	221	room	GEONOUN
46532	31	244	salon	GEONOUN
46532	31	294	room	GEONOUN
46532	43	110	balcony	GEONOUN
46532	43	125	apartment	GEONOUN
46532	43	171	Poland	COUNTRY
46532	45	41	this day	DATE
46532	46	3	1939	DATE
46532	46	15	six	DATE
46532	46	25	six	DATE
46532	47	124	United States	COUNTRY
46532	47	141	August of 1939	DATE
46532	48	15	the World's Fair	PLACE
46532	48	76	passage	GEONOUN
46532	48	96	ship	GEONOUN
46532	48	137	a year	DATE
46532	48	159	That summer	DATE
46532	48	343	boat	GEONOUN
46532	48	374	two weeks	DATE
46532	48	667	later that	DATE
46532	48	678	fall	GEONOUN
46532	50	331	Poland	COUNTRY
46532	50	740	Poland	COUNTRY
46532	50	774	Jewish	GEONOUN
46532	51	2	Jewish	GEONOUN
46532	53	114	apartment	GEONOUN
46532	54	87	six months	DATE
46532	54	109	ghetto	GEONOUN
46532	54	173	ghetto area	GEONOUN
46532	54	180	area	GEONOUN
46532	54	250	apartment	GEONOUN
46532	54	265	street	GEONOUN
46532	54	279	Chlodna	PLACE
46532	54	411	ghetto	GEONOUN
46532	54	466	Jewish	GEONOUN
46532	54	527	Jewish sector	GEONOUN
46532	54	534	sector	GEONOUN
46532	54	544	Warsaw	CITY
46532	54	569	sector	GEONOUN
46532	54	579	Warsaw	CITY
46532	54	602	buildings	GEONOUN
46532	54	728	apartment	GEONOUN
46532	55	64	apartment house	GEONOUN
46532	55	120	downstairs	GEONOUN
46532	55	353	ghetto	GEONOUN
46532	55	484	Jewish	GEONOUN
46532	55	531	seven	DATE
46532	55	538	eight	DATE
46532	55	549	nine	DATE
46532	55	604	room	GEONOUN
46532	55	963	floorboards	GEONOUN
46532	56	84	Jewish	GEONOUN
46532	59	81	apartment house	GEONOUN
46532	59	147	ghetto	GEONOUN
46532	59	155	Warsaw	CITY
46532	59	196	yards	GEONOUN
46532	59	264	Warsaw	CITY
46532	59	309	parts	GEONOUN
46532	59	339	several months	DATE
46532	59	834	Vilna	PLACE
46532	59	843	Lithuania	COUNTRY
46532	59	967	Vilna	PLACE
46532	61	13	ghetto	GEONOUN
46532	63	150	Jewish	GEONOUN
46532	63	421	every day	DATE
46532	63	463	park	GEONOUN
46532	63	548	apartment	GEONOUN
46532	64	11	ghetto	GEONOUN
46532	67	182	street	GEONOUN
46532	67	205	gutter	GEONOUN
46532	73	139	Jewish	GEONOUN
46532	74	6	ghetto	GEONOUN
46532	74	287	Judenrat	PLACE
46532	74	551	London	CITY
46532	74	746	England	PLACE
46532	74	921	Warsaw	CITY
46532	80	0	--Warsaw	PLACE
46532	80	162	Warsaw	CITY
46532	80	189	Jewish Warsaw	GEONOUN
46532	80	196	Warsaw	CITY
46532	85	7	ghetto	GEONOUN
46532	86	111	school	GEONOUN
46532	86	201	school	GEONOUN
46532	87	20	classroom	GEONOUN
46532	90	99	late '39	DATE
46532	90	124	1940	DATE
46532	90	144	park	GEONOUN
46532	90	170	fell	GEONOUN
46532	90	218	park	GEONOUN
46532	91	32	windows	GEONOUN
46532	91	94	September	DATE
46532	91	107	October	DATE
46532	91	165	hospital	GEONOUN
46532	92	103	hospital	GEONOUN
46532	95	47	ghetto	GEONOUN
46532	95	130	ghetto	GEONOUN
46532	95	314	ghetto	GEONOUN
46532	95	452	Jewish	GEONOUN
46532	97	24	ghetto	GEONOUN
46532	101	29	Warsaw	CITY
46532	101	36	ghetto	GEONOUN
46532	102	23	building	GEONOUN
46532	102	118	tunnels	GEONOUN
46532	102	140	building	GEONOUN
46532	102	170	building	GEONOUN
46532	102	335	building	GEONOUN
46532	102	368	land	GEONOUN
46532	102	378	walls	GEONOUN
46532	102	447	tunnels	GEONOUN
46532	103	99	train	GEONOUN
46532	103	108	night	TIME
46532	103	119	town	GEONOUN
46532	103	131	Klimontów	PLACE
46532	105	150	ghetto	GEONOUN
46532	106	104	winter	DATE
46532	106	283	night	TIME
46532	109	22	tunnel	GEONOUN
46532	109	43	tunnel	GEONOUN
46532	112	113	train	GEONOUN
46532	117	5	train	GEONOUN
46532	117	54	train	GEONOUN
46532	117	136	those days	DATE
46532	118	48	today	DATE
46532	118	67	between 10 and 12 hours	TIME
46532	119	12	train	GEONOUN
46532	119	31	town	GEONOUN
46532	119	112	town	GEONOUN
46532	120	28	Warsaw	CITY
46532	122	167	house	GEONOUN
46532	122	211	room	GEONOUN
46532	122	353	town	GEONOUN
46532	122	438	Jewish	GEONOUN
46532	122	579	every morning	TIME
46532	122	614	the first few days	DATE
46532	123	285	community	GEONOUN
46532	123	311	farms	GEONOUN
46532	123	482	ghetto	GEONOUN
46532	126	13	school	GEONOUN
46532	126	28	town	GEONOUN
46532	126	145	town	GEONOUN
46532	126	198	town	GEONOUN
46532	128	38	yard	GEONOUN
46532	130	283	days	DATE
46532	131	8	about a year	DATE
46532	132	69	Jewish	GEONOUN
46532	132	163	Jewish	GEONOUN
46532	132	190	Jewish	GEONOUN
46532	132	211	Jewish	GEONOUN
46532	133	17	house	GEONOUN
46532	137	413	Warsaw	CITY
46532	137	622	Lwów--	PLACE
46532	138	283	Poland	COUNTRY
46532	139	89	Poland	COUNTRY
46532	139	99	'93	DATE
46532	139	133	Klimontów	PLACE
46532	139	172	Lwów	PLACE
46532	139	228	Poland	COUNTRY
46532	140	181	her late 30s	DATE
46532	140	201	early 40s	DATE
46532	145	195	Poland	COUNTRY
46532	147	111	Jewish	GEONOUN
46532	147	143	Jewish	GEONOUN
46532	147	261	the night	TIME
46532	147	328	Lwów	PLACE
46532	149	219	grave	GEONOUN
46532	150	6	a few weeks	DATE
46532	150	21	month	DATE
46532	156	272	train	GEONOUN
46532	156	362	Lwów	PLACE
46532	156	576	night	TIME
46532	158	31	house	GEONOUN
46532	158	54	train	GEONOUN
46532	159	40	town	GEONOUN
46532	159	105	Warsaw	CITY
46532	161	24	overnight	TIME
46532	161	148	the middle of the night	TIME
46532	161	214	platform	GEONOUN
46532	164	14	Lwów	PLACE
46532	164	19	the next morning	TIME
46532	164	56	the day	DATE
46532	164	98	apartment	GEONOUN
46532	164	133	apartment	GEONOUN
46532	164	322	the other night	TIME
46532	165	44	factory	GEONOUN
46532	165	193	apartment	GEONOUN
46532	165	370	practically every day	DATE
46532	167	15	fall	GEONOUN
46532	167	41	spring	GEONOUN
46532	167	51	fall	GEONOUN
46532	167	71	middle of winter	DATE
46532	168	18	'43	DATE
46532	169	19	the day	DATE
46532	169	55	night	TIME
46532	169	62	Some nights	DATE
46532	169	145	some days	DATE
46532	170	24	room	GEONOUN
46532	173	117	the weekend	DATE
46532	175	219	the afternoon	TIME
46532	175	305	fall	GEONOUN
46532	185	52	years	DATE
46532	194	340	cottage	GEONOUN
46532	198	276	Jewish	GEONOUN
46532	198	960	park	GEONOUN
46532	200	211	train	GEONOUN
46532	201	66	Poland	COUNTRY
46532	201	210	train	GEONOUN
46532	201	220	Breslau	CAMP
46532	201	303	Breslau	CAMP
46532	201	359	years ago	DATE
46532	201	387	Breslau	CAMP
46532	202	5	night	TIME
46532	203	63	park	GEONOUN
46532	203	71	5 or 6 o'clock	TIME
46532	206	44	those days	DATE
46532	209	15	train	GEONOUN
46532	209	76	train	GEONOUN
46532	209	303	Jewish	GEONOUN
46532	209	329	Jewish	GEONOUN
46532	210	176	Wroclaw	CAMP
46532	211	0	Wroclaw	CAMP
46532	211	11	Breslau	CAMP
46532	212	46	town	GEONOUN
46532	212	79	train	GEONOUN
46532	213	28	train	GEONOUN
46532	213	47	Breslau	CAMP
46532	214	7	winter	DATE
46532	214	133	apartment	GEONOUN
46532	214	147	a few days	DATE
46532	214	161	a week	DATE
46532	214	383	Wroclaw	CAMP
46532	214	472	Lwów	PLACE
46532	214	501	area	GEONOUN
46532	217	9	apartment	GEONOUN
46532	218	77	room	GEONOUN
46532	220	125	Lwów	PLACE
46532	222	65	a month	DATE
46532	222	74	two weeks	DATE
46532	222	88	two months	DATE
46532	223	26	apartment	GEONOUN
46532	224	111	the day	DATE
46532	224	148	night	TIME
46532	226	27	apartment	GEONOUN
46532	227	121	parts	GEONOUN
46532	227	148	Lwów	PLACE
46532	227	179	Lwów	PLACE
46532	227	301	Jewish apartments	GEONOUN
46532	227	308	apartments	GEONOUN
46532	227	349	apartments	GEONOUN
46532	228	80	Lwów	PLACE
46532	228	133	school	GEONOUN
46532	228	171	convent	GEONOUN
46532	228	206	school	GEONOUN
46532	228	268	convent	GEONOUN
46532	229	23	spring	GEONOUN
46532	231	30	the afternoon	TIME
46532	231	334	church	GEONOUN
46532	231	553	Jewish	GEONOUN
46532	232	45	church	GEONOUN
46532	233	254	church	GEONOUN
46532	233	289	10 minutes later	TIME
46532	233	367	Jewish	GEONOUN
46532	235	49	Germany	COUNTRY
46532	235	461	Lwów	PLACE
46532	235	505	Leningrad	PLACE
46532	235	665	club	GEONOUN
46532	236	96	apartment	GEONOUN
46532	238	10	Maybe four months	DATE
46532	240	3	1945	DATE
46532	240	13	1944	DATE
46532	240	30	spring	GEONOUN
46532	240	40	'44	DATE
46532	241	180	Lwów	PLACE
46532	241	186	Lwów	PLACE
46532	241	268	school	GEONOUN
46532	241	526	Lwów	PLACE
46532	241	551	ghetto	GEONOUN
46532	243	134	halls	GEONOUN
46532	243	252	market	GEONOUN
46532	244	160	club	GEONOUN
46532	246	200	those days	DATE
46532	247	126	school	GEONOUN
46532	248	88	Jewish	GEONOUN
46532	248	305	Jewish	GEONOUN
46532	250	133	today	DATE
46532	250	258	the next day	DATE
46532	253	143	hole	GEONOUN
46532	257	21	Jewish	GEONOUN
46532	257	64	Jewish	GEONOUN
46532	260	26	Warsaw	CITY
46532	260	75	Warsaw	CITY
46532	260	82	ghetto	GEONOUN
46532	262	5	those days	DATE
46532	262	84	station	GEONOUN
46532	262	113	morning	TIME
46532	262	124	night	TIME
46532	262	186	station	GEONOUN
46532	264	24	Sunday	DATE
46532	265	96	every week	DATE
46532	271	66	bridge	GEONOUN
46532	271	171	Lódz	PLACE
46532	273	88	Wroclaw	CAMP
46532	273	362	not available	GEONOUN
46532	275	18	1944	DATE
46532	275	30	11 and 1/2 or 12 years old	DATE
46532	276	186	backwoods	GEONOUN
46532	277	50	park	GEONOUN
46532	277	110	park	GEONOUN
46532	277	143	basement	GEONOUN
46532	277	156	days	DATE
46532	277	188	basement	GEONOUN
46532	277	276	house	GEONOUN
46532	279	21	street	GEONOUN
46532	279	161	club	GEONOUN
46532	279	300	cellar	GEONOUN
46532	279	354	cellar	GEONOUN
46532	281	12	Hours	TIME
46532	281	23	days	DATE
46532	281	29	Hours	TIME
46532	281	50	another four or five hours	TIME
46532	282	74	four and a half, four years	DATE
46532	284	186	Poland	COUNTRY
46532	286	73	market	GEONOUN
46532	286	452	today	DATE
46532	287	18	spring	GEONOUN
46532	287	73	spring	GEONOUN
46532	287	134	Poland	COUNTRY
46532	287	153	spring	GEONOUN
46532	287	316	Poland	COUNTRY
46532	288	8	school	GEONOUN
46532	289	91	Jewish	GEONOUN
46532	289	210	Jewish	GEONOUN
46532	291	33	within couple of weeks	DATE
46532	292	54	parts	GEONOUN
46532	292	63	Poland	COUNTRY
46532	292	71	Russia	COUNTRY
46532	292	115	Lwów	PLACE
46532	292	156	Jewish	GEONOUN
46532	292	278	Moscow	CITY
46532	293	72	Warsaw	CITY
46532	293	128	a few months more	DATE
46532	294	20	school	GEONOUN
46532	295	19	convent	GEONOUN
46532	295	47	school	GEONOUN
46532	295	123	summer	DATE
46532	295	155	school	GEONOUN
46532	295	239	Warsaw	CITY
46532	295	250	Lódz	PLACE
46532	295	348	Lódz	PLACE
46532	296	29	Litzmannstadt	PLACE
46532	296	52	Lwów	PLACE
46532	296	64	Lemberg	CAMP
46532	296	116	Ukraine	COUNTRY
46532	296	163	Lviv--	PLACE
46532	296	262	Warsaw	CITY
46532	296	397	USSR	PLACE
46532	296	406	Russia	COUNTRY
46532	296	612	United States	COUNTRY
46532	296	724	United States	COUNTRY
46532	297	0	Four or five months	DATE
46532	297	64	Poland	COUNTRY
46532	304	99	Jewish	GEONOUN
46532	306	69	Lódz	PLACE
46532	306	91	apartment	GEONOUN
46532	306	122	apartment	GEONOUN
46532	306	204	apartments	GEONOUN
46532	306	305	apartment	GEONOUN
46532	307	26	fall	GEONOUN
46532	307	73	school	GEONOUN
46532	307	95	school	GEONOUN
46532	307	297	Jewish	GEONOUN
46532	307	342	Jewish	GEONOUN
46532	308	297	18 years old	DATE
46532	308	327	3 SECONDS	DATE
46532	308	530	Jewish	GEONOUN
46532	308	687	Jewish	GEONOUN
46532	310	121	classroom	GEONOUN
46532	313	7	school	GEONOUN
46532	314	4	Jewish	GEONOUN
46532	314	37	Jewish	GEONOUN
46532	314	61	Jewish	GEONOUN
46532	315	130	Jewish	GEONOUN
46532	316	109	Paris	CITY
46532	316	184	Germany	COUNTRY
46532	316	230	Vienna	CITY
46532	316	276	Germany	COUNTRY
46532	316	307	Paris	CITY
46532	318	117	Jewish	GEONOUN
46532	318	134	Warsaw	CITY
46532	318	349	Warsaw	CITY
46532	318	419	monument	GEONOUN
46532	318	456	Warsaw Ghetto	PLACE
46532	320	16	1945	DATE
46532	320	56	monument	GEONOUN
46532	320	154	'93	DATE
46532	320	226	Warsaw	CITY
46532	320	255	Jewish	GEONOUN
46532	320	295	two nights	DATE
46532	322	15	Lódz	PLACE
46532	323	148	Poland	COUNTRY
46532	323	207	Poland	COUNTRY
46532	323	415	Poland	COUNTRY
46532	323	462	branch	GEONOUN
46532	323	732	United States	COUNTRY
46532	323	900	Poland	COUNTRY
46532	323	919	Auschwitz	CAMP
46532	323	999	Auschwitz	CAMP
46532	323	1090	Auschwitz	CAMP
46532	323	1116	the day--	DATE
46532	323	1150	the day	DATE
46532	323	1443	Vilna	PLACE
46532	323	1468	ghetto	GEONOUN
46532	324	16	Paris	CITY
46532	325	21	November of--	DATE
46532	325	42	November	DATE
46532	325	54	December of '45	DATE
46532	327	0	Six months	DATE
46532	332	5	Paris	CITY
46532	332	142	Paris	CITY
46532	332	231	Paris	CITY
46532	333	41	school	GEONOUN
46532	333	81	school	GEONOUN
46532	333	141	school	GEONOUN
46532	333	296	December	DATE
46532	333	313	February	DATE
46532	333	360	the next day	DATE
46532	333	380	train	GEONOUN
46532	334	54	apartment	GEONOUN
46532	334	101	apartments	GEONOUN
46532	334	124	building	GEONOUN
46532	334	180	apartment	GEONOUN
46532	334	251	apartment	GEONOUN
46532	335	38	Jewish	GEONOUN
46532	337	64	school	GEONOUN
46532	337	129	school	GEONOUN
46532	337	174	school	GEONOUN
46532	337	236	school	GEONOUN
46532	337	418	school	GEONOUN
46532	337	618	school	GEONOUN
46532	338	150	4 o'clock	TIME
46532	338	221	US	PLACE
46532	338	488	Paris	CITY
46532	339	24	about six months--	DATE
46532	339	153	Lódz--	PLACE
46532	339	172	Paris	CITY
46532	339	273	happy years	DATE
46532	339	322	school	GEONOUN
46532	340	46	capital	GEONOUN
46532	341	16	Jewish	GEONOUN
46532	341	172	school	GEONOUN
46532	341	198	school	GEONOUN
46532	341	329	Jewish	GEONOUN
46532	342	28	Paris	CITY
46532	343	28	December of 1950	DATE
46532	343	275	the winter	DATE
46532	343	345	New York	US-STATE
46532	343	386	Paris	CITY
46532	343	543	November of 1950	DATE
46532	343	596	train	GEONOUN
46532	343	605	Cherbourg	PLACE
46532	343	628	Le Havre	CITY
46532	343	705	United States	COUNTRY
46532	343	902	train	GEONOUN
46532	343	918	New York	US-STATE
46532	343	1011	Israel	COUNTRY
46532	343	1043	United States	COUNTRY
46532	343	1302	Ha-No'ar ha-Ziyyoni	PLACE
46532	344	17	capital	GEONOUN
46532	344	131	the Ha-No'ar ha-Ziyyoni	PLACE
46532	344	188	Lower East Side	PLACE
46532	344	225	train	GEONOUN
46532	344	248	Lower Broadway	PLACE
46532	344	417	February	DATE
46532	344	446	Israel	COUNTRY
46532	344	458	six months	DATE
46532	344	792	Paris	CITY
46532	344	806	United States	COUNTRY
46532	344	865	branch	GEONOUN
46532	344	958	Jewish	GEONOUN
46532	344	1177	Paris	CITY
46532	344	1237	Jerusalem	CITY
46532	344	1266	Paris	CITY
46532	344	1510	September	DATE
46532	344	1539	those six months	DATE
46532	344	1559	Israel	COUNTRY
46532	344	1573	February 15, 1951	DATE
46532	344	1642	two weeks	DATE
46532	344	1666	Israel	COUNTRY
46532	344	1720	Jerusalem	CITY
46532	344	1767	Jerusalem	CITY
46532	344	1835	Jerusalem	CITY
46532	344	1947	United States	COUNTRY
46532	344	1989	Israel	COUNTRY
46532	344	2070	New York	US-STATE
46532	344	2170	September	DATE
46532	344	2180	college	GEONOUN
46532	344	2192	August	DATE
46532	344	2241	Israel	COUNTRY
46532	344	2274	Paris	CITY
46532	344	2310	school	GEONOUN
46532	344	2337	United States	COUNTRY
46532	344	2571	school	GEONOUN
46532	344	2581	night	TIME
46532	344	2634	3 SECONDS	DATE
46532	344	2674	Israel	COUNTRY
46532	344	2798	Jewish	GEONOUN
46532	344	2819	school	GEONOUN
46532	344	2901	Israel	COUNTRY
46532	344	3003	school	GEONOUN
46532	344	3076	New York	US-STATE
46532	347	69	USSR	PLACE
46532	347	120	Hong Kong	COUNTRY
46532	347	183	New York	US-STATE
46532	348	60	Paris	CITY
46532	348	84	Poland	COUNTRY
46532	348	251	Israel	COUNTRY
46532	348	570	fall	GEONOUN
46532	348	595	June	DATE
46532	348	616	June of '53	DATE
46532	348	652	November 1953	DATE
46532	349	282	Paris	CITY
46532	349	327	Paris	CITY
46532	349	409	college	GEONOUN
46532	349	785	those days	DATE
46532	349	904	three years	DATE
46532	349	931	1953 to 1956	DATE
46532	349	948	1956	DATE
46532	349	990	Paris	CITY
46532	349	1220	Israel	COUNTRY
46532	349	1477	a few months	DATE
46532	349	1536	the whole winter	DATE
46532	349	1572	about March of that year	DATE
46532	349	1926	those days	DATE
46532	349	1968	post office	GEONOUN
46532	349	2123	1956	DATE
46532	349	2244	New York	US-STATE
46532	349	2572	Madison Avenue	PLACE
46532	349	2660	Queens	CITY
46532	349	2706	57th Street	PLACE
46532	349	2741	Madison Avenue	PLACE
46532	349	2789	park	GEONOUN
46532	349	2814	parking lot	GEONOUN
46532	349	2951	April 1, 1957	DATE
46532	349	2977	a year--	DATE
46532	349	3026	a year	DATE
46532	349	3066	fall	GEONOUN
46532	350	854	Paris	CITY
46532	350	1065	13	DATE
46532	350	1072	14	DATE
46532	350	1294	Paris	CITY
46532	350	1342	Paris	CITY
46532	350	1593	school tomorrow	GEONOUN
46532	350	1600	tomorrow	DATE
46532	350	1637	Jewish	GEONOUN
46532	350	1673	Jewish	GEONOUN
46532	351	41	Manhattan	CITY
46532	351	64	Manhattan	CITY
46532	351	125	1960	DATE
46532	351	164	two years	DATE
46532	351	187	3 SECONDS	DATE
46532	351	235	Westchester	CITY
46532	351	275	about three and a half years old	DATE
46532	351	337	nursery school	GEONOUN
46532	351	345	school	GEONOUN
46532	351	378	Rye	CITY
46532	351	540	nursery school	GEONOUN
46532	351	548	school	GEONOUN
46532	354	33	Jewish	GEONOUN
46532	354	114	Jewish	GEONOUN
46532	354	158	Passover	EVENT
46532	354	182	Passovers	EVENT
46532	354	294	Rosh Hashanah	DATE
46532	354	312	Yom Kippur	DATE
46532	354	338	Hanukkah	DATE
46532	354	351	Thanksgiving	DATE
46532	354	435	Sunday	DATE
46532	354	442	school	GEONOUN
46532	355	221	Hackley	PLACE
46532	355	335	Jewish	GEONOUN
46532	355	411	Jewish	GEONOUN
46532	355	445	college	GEONOUN
46532	355	517	Jewish school	GEONOUN
46532	355	524	school	GEONOUN
46532	355	557	Jewish	GEONOUN
46532	356	112	a few minutes	TIME
46532	356	157	college	GEONOUN
46532	356	230	1980	DATE
46532	356	305	1989	DATE
46532	357	9	Jewish	GEONOUN
46532	359	3	Poland	COUNTRY
46532	360	143	Jewish	GEONOUN
46532	360	241	Poland	COUNTRY
46532	360	258	Israel	COUNTRY
46532	360	268	July of 1993	DATE
46532	360	539	cottage	GEONOUN
46532	360	553	Cape Cod	PLACE
46532	360	650	Jewish	GEONOUN
46532	360	669	Poland	COUNTRY
46532	360	862	the end of August	DATE
46532	360	950	Poland	COUNTRY
46532	360	1252	Warsaw	CITY
46532	360	1283	Warsaw	CITY
46532	360	1294	Krakow	PLACE
46532	360	1448	morning	TIME
46532	361	16	Jewish	GEONOUN
46532	363	240	Warsaw	CITY
46532	363	257	Jewish	GEONOUN
46532	365	18	Jewish	GEONOUN
46532	365	48	Israel	COUNTRY
46532	366	52	Poland	COUNTRY
46532	366	168	United States	COUNTRY
46532	366	776	store	GEONOUN
46532	366	796	town	GEONOUN
46532	366	804	Suwalki	PLACE
46532	367	15	Two years before	DATE
46532	367	82	Warsaw	CITY
46532	367	107	summer of 1937	DATE
46532	367	233	United States	COUNTRY
46532	367	390	Rue	PLACE
46532	367	415	Paris	CITY
46532	367	439	fall	GEONOUN
46532	367	494	United States	COUNTRY
46532	368	115	Lodz	PLACE
46532	368	127	the winter of-- I'm not really	DATE
46532	368	180	'	DATE
46532	368	181	45	DATE
46532	368	353	this day	DATE
46532	368	444	the last 53 years	DATE
46532	368	501	United States of America	PLACE
46532	368	546	1952	DATE
46532	368	673	US	PLACE
46532	368	792	Alaska	US-STATE
46532	368	803	July of 1987	DATE
46532	368	1366	age seven	DATE
46532	368	1426	almost five	DATE
46532	368	1454	three and a bit	DATE
46532	371	132	room	GEONOUN
