FileID	AnswerID	StartCharPos	Entity	Type
46607	6	3	Poland	COUNTRY
46607	8	20	province	GEONOUN
46607	8	32	Miechów	PLACE
46607	8	53	Kielce	CITY
46607	8	61	Kielce	CITY
46607	11	0	15 March, 1922	DATE
46607	12	70	Heshel	PLACE
46607	14	12	town	GEONOUN
46607	14	18	Ksiaz Wielki	PLACE
46607	16	45	1939	DATE
46607	16	223	60	DATE
46607	20	16	store	GEONOUN
46607	21	36	Lódz	PLACE
46607	21	58	factory	GEONOUN
46607	21	81	every two-- six weeks	DATE
46607	21	145	factory	GEONOUN
46607	22	43	house	GEONOUN
46607	25	3	Koplewich	PLACE
46607	26	51	store	GEONOUN
46607	26	75	Ksiaz Wielki	PLACE
46607	26	126	Ksiaz Wielki	PLACE
46607	27	117	three years	DATE
46607	28	140	town	GEONOUN
46607	28	186	Miechów	PLACE
46607	28	238	years ago	DATE
46607	32	71	19--	DATE
46607	32	118	1930	DATE
46607	34	20	Miechów	PLACE
46607	34	118	Ksiaz Wielki	PLACE
46607	35	25	Ksiaz	PLACE
46607	35	45	town	GEONOUN
46607	39	156	store	GEONOUN
46607	42	96	Germany	COUNTRY
46607	42	274	ghetto	GEONOUN
46607	42	285	Kraków	CITY
46607	44	61	Kraków	CITY
46607	44	261	house	GEONOUN
46607	44	510	village	GEONOUN
46607	44	644	road	GEONOUN
46607	44	657	road	GEONOUN
46607	44	683	winter	DATE
46607	44	720	town	GEONOUN
46607	46	9	a few years	DATE
46607	46	58	3 SECONDS	DATE
46607	46	134	eight years old	DATE
46607	48	30	1922	DATE
46607	48	36	'22	DATE
46607	48	72	1930	DATE
46607	48	101	'29	DATE
46607	48	113	'31	DATE
46607	56	46	town	GEONOUN
46607	56	111	Kraków	CITY
46607	57	30	Ksiaz Wielki	PLACE
46607	58	100	94	DATE
46607	58	171	19	DATE
46607	58	210	75	DATE
46607	58	471	station	GEONOUN
46607	58	546	spot	GEONOUN
46607	58	659	station	GEONOUN
46607	60	248	station	GEONOUN
46607	60	279	station	GEONOUN
46607	60	389	spot	GEONOUN
46607	60	449	grave	GEONOUN
46607	60	479	spot	GEONOUN
46607	65	40	concentration camp	GEONOUN
46607	65	77	Poland	COUNTRY
46607	67	89	States	PLACE
46607	67	213	Poland	COUNTRY
46607	67	301	Kraków	CITY
46607	67	315	hospital	GEONOUN
46607	67	338	hospital	GEONOUN
46607	67	350	Kraków	CITY
46607	67	509	Miechów	PLACE
46607	68	234	house	GEONOUN
46607	68	389	Kraków	CITY
46607	70	11	hospital	GEONOUN
46607	71	28	1945	DATE
46607	71	38	the year is	DATE
46607	71	68	'49	DATE
46607	71	88	1947	DATE
46607	75	6	house	GEONOUN
46607	81	79	chamber	GEONOUN
46607	81	473	Saturday	DATE
46607	81	504	Friday	DATE
46607	81	511	night	TIME
46607	81	547	house	GEONOUN
46607	81	561	lane	GEONOUN
46607	81	638	13	DATE
46607	81	741	13	DATE
46607	81	760	16	DATE
46607	81	982	concentration camp	GEONOUN
46607	82	13	house	GEONOUN
46607	82	22	Jewish	GEONOUN
46607	82	48	Kraków	CITY
46607	82	125	house	GEONOUN
46607	84	13	school	GEONOUN
46607	84	87	Jewish	GEONOUN
46607	85	342	an hour	TIME
46607	85	351	an hour and a half	TIME
46607	85	374	two hours	TIME
46607	85	431	store	GEONOUN
46607	85	589	the night	TIME
46607	85	603	the night	TIME
46607	85	711	two, three hours	TIME
46607	87	10	school	GEONOUN
46607	88	99	London	CITY
46607	88	144	Moscow	CITY
46607	88	286	Jewish	GEONOUN
46607	88	337	London	CITY
46607	90	15	Jewish	GEONOUN
46607	94	57	Jewish	GEONOUN
46607	95	27	seven years	DATE
46607	95	73	Jewish	GEONOUN
46607	95	98	13	DATE
46607	95	102	13-years-old	DATE
46607	95	123	13	DATE
46607	95	404	Friday	DATE
46607	97	33	13	DATE
46607	98	43	school	GEONOUN
46607	98	101	'37	DATE
46607	98	150	1939	DATE
46607	98	230	Jewish	GEONOUN
46607	100	17	house	GEONOUN
46607	100	28	house	GEONOUN
46607	100	72	town	GEONOUN
46607	100	81	Miechów	PLACE
46607	100	132	Krakowska	PLACE
46607	100	143	Kraków	CITY
46607	100	166	city	GEONOUN
46607	100	185	concentration camp	GEONOUN
46607	100	229	Krakowska	PLACE
46607	102	12	store	GEONOUN
46607	102	31	store	GEONOUN
46607	102	43	room	GEONOUN
46607	104	30	upstairs	GEONOUN
46607	104	68	room	GEONOUN
46607	104	130	the day	DATE
46607	107	122	Lódz	PLACE
46607	110	53	hospital	GEONOUN
46607	112	104	five years ago	DATE
46607	120	102	town	GEONOUN
46607	120	194	upstairs	GEONOUN
46607	120	306	downstairs	GEONOUN
46607	120	358	road	GEONOUN
46607	121	108	plain	GEONOUN
46607	121	291	tomorrow	DATE
46607	122	86	house	GEONOUN
46607	122	241	town	GEONOUN
46607	123	153	house	GEONOUN
46607	123	185	upstairs	GEONOUN
46607	123	246	every year	DATE
46607	125	44	balcony	GEONOUN
46607	125	98	walls	GEONOUN
46607	125	125	a few years	DATE
46607	125	246	town	GEONOUN
46607	125	381	room	GEONOUN
46607	126	17	Shabbos	DATE
46607	126	128	building	GEONOUN
46607	126	257	Russia	COUNTRY
46607	127	114	Jewish	GEONOUN
46607	127	233	house	GEONOUN
46607	129	63	town	GEONOUN
46607	131	89	Jewish	GEONOUN
46607	132	185	one night	TIME
46607	132	255	two days	DATE
46607	139	4	Jewish	GEONOUN
46607	139	194	town	GEONOUN
46607	139	213	town	GEONOUN
46607	139	277	road	GEONOUN
46607	139	487	Jewish	GEONOUN
46607	139	609	village	GEONOUN
46607	139	707	road	GEONOUN
46607	139	1067	road	GEONOUN
46607	139	1092	town	GEONOUN
46607	141	30	road	GEONOUN
46607	141	187	room	GEONOUN
46607	141	222	room	GEONOUN
46607	144	274	yard	GEONOUN
46607	145	50	14 years old	DATE
46607	146	180	shelf	GEONOUN
46607	147	37	village	GEONOUN
46607	147	55	village	GEONOUN
46607	147	114	town	GEONOUN
46607	147	123	every day	DATE
46607	147	154	Wednesday	DATE
46607	147	172	market	GEONOUN
46607	147	182	market	GEONOUN
46607	147	213	town	GEONOUN
46607	147	377	town	GEONOUN
46607	147	389	Wodzislaw	PLACE
46607	147	484	market	GEONOUN
46607	147	696	village	GEONOUN
46607	150	40	Lódz	PLACE
46607	150	57	city	GEONOUN
46607	151	77	one day before	DATE
46607	152	44	fall	GEONOUN
46607	152	63	fall	GEONOUN
46607	152	112	room	GEONOUN
46607	152	134	store	GEONOUN
46607	155	40	a few months before	DATE
46607	159	174	store	GEONOUN
46607	161	29	town	GEONOUN
46607	161	97	Miechów	PLACE
46607	161	288	Jewish store	GEONOUN
46607	161	295	store	GEONOUN
46607	161	327	town	GEONOUN
46607	162	6	September the 1st, 1939	DATE
46607	163	33	Jewish	GEONOUN
46607	163	53	Jewish	GEONOUN
46607	164	34	town	GEONOUN
46607	164	63	Wodzislaw	PLACE
46607	164	94	Jewish	GEONOUN
46607	164	133	every day	DATE
46607	164	154	Jewish	GEONOUN
46607	164	287	Lódz	PLACE
46607	164	352	house	GEONOUN
46607	164	482	a minute	TIME
46607	165	49	a couple days	DATE
46607	165	164	Bielsko	PLACE
46607	165	227	town	GEONOUN
46607	165	250	town	GEONOUN
46607	165	281	Kraków	CITY
46607	165	292	Kielce	CITY
46607	165	334	Jewish	GEONOUN
46607	167	90	station	GEONOUN
46607	167	110	town	GEONOUN
46607	167	127	town	GEONOUN
46607	167	334	the night	TIME
46607	169	37	tomorrow	DATE
46607	169	103	market	GEONOUN
46607	170	105	a year--	DATE
46607	170	205	village	GEONOUN
46607	170	476	store	GEONOUN
46607	170	514	a few weeks	DATE
46607	170	653	Poland	COUNTRY
46607	170	694	Germany	COUNTRY
46607	170	849	village	GEONOUN
46607	171	62	room	GEONOUN
46607	171	72	upstairs	GEONOUN
46607	171	115	room upstairs	GEONOUN
46607	171	120	upstairs	GEONOUN
46607	173	55	a Saturday	DATE
46607	173	271	a night	TIME
46607	173	287	tomorrow	DATE
46607	173	375	town	GEONOUN
46607	173	414	town	GEONOUN
46607	176	20	town	GEONOUN
46607	176	74	Saturday	DATE
46607	176	154	house	GEONOUN
46607	178	88	camp	GEONOUN
46607	178	206	a couple days	DATE
46607	178	417	station	GEONOUN
46607	180	75	Saturday	DATE
46607	180	96	Wednesday	DATE
46607	180	110	Wednesday	DATE
46607	181	187	town	GEONOUN
46607	181	259	town	GEONOUN
46607	181	418	Kraków	CITY
46607	181	468	ghetto	GEONOUN
46607	181	653	camps	GEONOUN
46607	181	726	camps	GEONOUN
46607	181	810	three weeks before 5th of May	DATE
46607	182	3	1945	DATE
46607	185	61	camps	GEONOUN
46607	186	111	Saturday	DATE
46607	186	125	one day,	DATE
46607	186	134	Wednesday	DATE
46607	186	145	Wednesday	DATE
46607	188	0	1939	DATE
46607	190	32	Jewish	GEONOUN
46607	190	78	town	GEONOUN
46607	190	171	town	GEONOUN
46607	190	186	tomorrow	DATE
46607	190	328	the night	TIME
46607	192	12	town	GEONOUN
46607	192	163	town	GEONOUN
46607	192	235	town	GEONOUN
46607	192	264	town	GEONOUN
46607	192	291	town	GEONOUN
46607	192	301	Wednesday	DATE
46607	193	7	station	GEONOUN
46607	195	18	the night	TIME
46607	195	50	concentration camp	GEONOUN
46607	195	70	Plaszow	PLACE
46607	195	99	the morning	TIME
46607	195	268	Kraków	CITY
46607	195	292	ghetto	GEONOUN
46607	195	309	ghetto	GEONOUN
46607	195	370	every day	DATE
46607	196	9	Plaszow	PLACE
46607	196	31	Plaszow	PLACE
46607	196	137	Plaszowianka	PLACE
46607	196	265	town	GEONOUN
46607	198	37	street	GEONOUN
46607	198	87	house	GEONOUN
46607	198	198	street	GEONOUN
46607	198	269	the night	TIME
46607	198	339	house	GEONOUN
46607	198	449	house	GEONOUN
46607	198	482	the night	TIME
46607	198	653	upstairs	GEONOUN
46607	199	16	Saturday	DATE
46607	199	61	Friday	DATE
46607	199	68	night	TIME
46607	201	3	Plaszów	PLACE
46607	202	65	Plaszów	PLACE
46607	202	76	Melk	CAMP
46607	204	9	Plaszów	PLACE
46607	204	143	Plaszów	PLACE
46607	204	163	'42	DATE
46607	204	178	a winter	DATE
46607	204	190	Plaszów	PLACE
46607	204	209	a summer	DATE
46607	204	221	Plaszów	PLACE
46607	204	269	concentration camps	GEONOUN
46607	204	296	Melk	CAMP
46607	204	308	a summer day	DATE
46607	204	344	a summer day	DATE
46607	205	3	Plaszów	PLACE
46607	205	106	ground	GEONOUN
46607	205	210	a week	DATE
46607	210	44	every second day	DATE
46607	212	117	Jewish	GEONOUN
46607	217	194	every hour	TIME
46607	217	206	every two hours	TIME
46607	217	371	the day	DATE
46607	219	0	Maybe four weeks	DATE
46607	223	525	fall	GEONOUN
46607	225	3	Melk	CAMP
46607	226	11	summertime	DATE
46607	226	30	every day	DATE
46607	226	50	train	GEONOUN
46607	226	101	the summer	DATE
46607	226	143	winter	DATE
46607	226	173	the winter	DATE
46607	227	46	mountains	GEONOUN
46607	228	50	fall	GEONOUN
46607	228	115	town	GEONOUN
46607	232	2	grave	GEONOUN
46607	235	46	train	GEONOUN
46607	236	119	house	GEONOUN
46607	236	142	a whole day	DATE
46607	237	78	factory	GEONOUN
46607	238	20	factory	GEONOUN
46607	240	32	Austria	COUNTRY
46607	242	10	Plaszów	PLACE
46607	242	34	train	GEONOUN
46607	243	15	days	DATE
46607	243	36	no days	DATE
46607	243	74	middle of the night	TIME
46607	243	176	steps	GEONOUN
46607	243	580	Plaszów--	PLACE
46607	246	300	concentration camp	GEONOUN
46607	248	3	the morning	TIME
46607	248	97	4 o'clock	TIME
46607	251	14	about five weeks	DATE
46607	251	32	six weeks	DATE
46607	253	9	May, 1945	DATE
46607	255	30	days	DATE
46607	257	66	Israel	COUNTRY
46607	257	127	Italy	COUNTRY
46607	257	163	Rome	CITY
46607	257	172	a few hours	TIME
46607	257	408	Rome	CITY
46607	257	527	Santa Maria	CITY
46607	257	567	Italy	COUNTRY
46607	258	72	Jewish	GEONOUN
46607	258	88	synagogue	GEONOUN
46607	258	249	Germany	COUNTRY
46607	258	357	station	GEONOUN
46607	258	472	station	GEONOUN
46607	258	489	train	GEONOUN
46607	258	535	train	GEONOUN
46607	258	623	mountain	GEONOUN
46607	258	693	Austria	COUNTRY
46607	258	727	Innsbruck	CITY
46607	260	21	room	GEONOUN
46607	264	37	1949	DATE
46607	265	77	Hamburg	CITY
46607	265	86	Hamburg	CITY
46607	265	111	Hamburg	CITY
46607	265	143	ship	GEONOUN
46607	265	152	Hamburg	CITY
46607	265	186	Hamburg	CITY
46607	265	253	Hamburg	CITY
46607	265	272	ship	GEONOUN
46607	265	334	ship	GEONOUN
46607	265	352	Montreal	PLACE
46607	266	0	Toronto	CITY
46607	266	31	station	GEONOUN
46607	270	3	1956	DATE
46607	276	0	More than 10 years	DATE
46607	283	28	1956	DATE
46607	291	77	house	GEONOUN
46607	295	140	London	CITY
46607	295	148	England	PLACE
46607	295	178	camps	GEONOUN
46607	295	246	camps	GEONOUN
46607	295	429	recent years	DATE
