FileID	AnswerID	StartCharPos	Entity	Type
46688	3	0	May 25, 1939	DATE
46688	5	0	Amsterdam	CITY
46688	5	34	Netherlands	COUNTRY
46688	5	50	Holland	CITY
46688	7	0	Amsterdam	CITY
46688	7	18	Netherlands	COUNTRY
46688	8	8	Jewish	GEONOUN
46688	11	21	Groen	PLACE
46688	12	0	Amsterdam	CITY
46688	12	11	the Netherlands	PLACE
46688	13	0	Jewish	GEONOUN
46688	22	178	school	GEONOUN
46688	22	219	Jewish school	GEONOUN
46688	22	226	school	GEONOUN
46688	22	327	carriage	GEONOUN
46688	22	365	carriage	GEONOUN
46688	22	466	about 45 minutes	TIME
46688	22	525	five	TIME
46688	22	533	six	DATE
46688	22	791	Poland	COUNTRY
46688	22	875	June or	DATE
46688	22	883	July, 1942	DATE
46688	27	553	street	GEONOUN
46688	27	663	street	GEONOUN
46688	27	755	street	GEONOUN
46688	28	13	train	GEONOUN
46688	28	135	train	GEONOUN
46688	28	224	3 and 1/2	DATE
46688	28	422	house	GEONOUN
46688	29	3	Amsterdam	CITY
46688	29	25	Rotterdam	CITY
46688	29	57	Amsterdam	CITY
46688	29	68	the same day	DATE
46688	29	210	house	GEONOUN
46688	29	240	Amsterdam	CITY
46688	29	260	house	GEONOUN
46688	29	299	row house	GEONOUN
46688	29	344	brownstone	GEONOUN
46688	29	376	library	GEONOUN
46688	29	436	Amsterdam	CITY
46688	29	474	downstairs	GEONOUN
46688	29	514	library	GEONOUN
46688	29	581	garden	GEONOUN
46688	29	655	house	GEONOUN
46688	29	896	Jewish	GEONOUN
46688	30	33	almost 4	DATE
46688	31	215	Jewish	GEONOUN
46688	31	238	Jewish	GEONOUN
46688	32	83	Rotterdam	CITY
46688	34	25	upstairs	GEONOUN
46688	34	51	steep	GEONOUN
46688	34	103	Amsterdam	CITY
46688	34	131	narrow	GEONOUN
46688	34	142	steep	GEONOUN
46688	34	204	upstairs	GEONOUN
46688	34	216	Amsterdam	CITY
46688	36	96	windows	GEONOUN
46688	36	235	Rotterdam	CITY
46688	36	298	Rotterdam	CITY
46688	37	244	Rotterdam	CITY
46688	37	352	Rotterdam	CITY
46688	37	396	Rotterdam	CITY
46688	37	415	Rotterdam	CITY
46688	37	525	Rotterdam	CITY
46688	37	682	Rotterdam	CITY
46688	41	417	3 and 1/2, 4 years old	DATE
46688	41	1212	six	DATE
46688	41	1292	Jewish	GEONOUN
46688	41	1345	4:00	TIME
46688	41	1495	store	GEONOUN
46688	41	1504	the morning	TIME
46688	41	1536	store	GEONOUN
46688	41	1592	4:00	TIME
46688	43	210	Jewish	GEONOUN
46688	43	225	Jewish	GEONOUN
46688	43	268	street	GEONOUN
46688	43	402	Jewish	GEONOUN
46688	43	497	waste	GEONOUN
46688	43	583	Jewish	GEONOUN
46688	44	102	room	GEONOUN
46688	44	119	library	GEONOUN
46688	45	68	house	GEONOUN
46688	45	194	house	GEONOUN
46688	45	247	a few minutes	TIME
46688	48	26	hiding place	GEONOUN
46688	48	149	Rotterdam	CITY
46688	48	184	Rotterdam	CITY
46688	48	198	train	GEONOUN
46688	48	448	1940	DATE
46688	48	582	Rotterdam	CITY
46688	48	600	train	GEONOUN
46688	50	620	Germany	COUNTRY
46688	50	655	hospital	GEONOUN
46688	50	682	Rotterdam	CITY
46688	50	741	Germany	COUNTRY
46688	50	867	camp	GEONOUN
46688	50	898	Germany	COUNTRY
46688	50	931	the East Front	PLACE
46688	50	950	Holland	CITY
46688	50	979	Germany	COUNTRY
46688	50	1009	hospital	GEONOUN
46688	50	1173	Amsterdam	CITY
46688	50	1204	room	GEONOUN
46688	50	1472	Zaandijk	PLACE
46688	50	1504	Amsterdam	CITY
46688	50	1528	Amsterdam	CITY
46688	50	1555	river	GEONOUN
46688	50	1562	Zaandam	CITY
46688	50	1625	Russia	COUNTRY
46688	50	1738	Amsterdam	CITY
46688	50	1766	the North Sea	PLACE
46688	51	47	house	GEONOUN
46688	51	60	river	GEONOUN
46688	52	258	one day	DATE
46688	52	271	house	GEONOUN
46688	52	292	the River Zaan	PLACE
46688	52	308	River Zaan	PLACE
46688	52	348	one day	DATE
46688	52	385	today	DATE
46688	52	841	Amsterdam	CITY
46688	53	429	the morning	TIME
46688	53	448	the evening	TIME
46688	53	567	church	GEONOUN
46688	53	582	Sundays	DATE
46688	53	674	20 months	DATE
46688	53	814	Jewish	GEONOUN
46688	53	871	Palestine	CITY
46688	53	949	Netherlands	COUNTRY
46688	53	987	the '30s	DATE
46688	54	53	1945	DATE
46688	54	70	almost 6	DATE
46688	54	101	20 months	DATE
46688	54	231	nursery school	GEONOUN
46688	54	239	school	GEONOUN
46688	56	71	Jewish	GEONOUN
46688	58	383	Germany	COUNTRY
46688	58	435	hospital	GEONOUN
46688	61	573	school	GEONOUN
46688	61	623	today	DATE
46688	63	110	Holland	CITY
46688	63	171	Holland	CITY
46688	63	233	railroad	GEONOUN
46688	64	80	area	GEONOUN
46688	64	147	flat	GEONOUN
46688	64	913	room upstairs	GEONOUN
46688	64	918	upstairs	GEONOUN
46688	68	615	Jewish	GEONOUN
46688	69	199	area	GEONOUN
46688	69	318	church	GEONOUN
46688	69	342	tower	GEONOUN
46688	70	384	Amsterdam	CITY
46688	70	424	Amsterdam	CITY
46688	70	484	Rotterdam	CITY
46688	70	500	Amsterdam	CITY
46688	72	306	every day	DATE
46688	74	183	area	GEONOUN
46688	74	244	dykes	GEONOUN
46688	74	405	mainland	GEONOUN
46688	74	436	dykes	GEONOUN
46688	74	542	24 hours	TIME
46688	74	617	12 hours	TIME
46688	74	693	mainland	GEONOUN
46688	74	742	barn	GEONOUN
46688	74	1047	March	DATE
46688	74	1056	April	DATE
46688	74	1440	The first day of after	DATE
46688	74	1933	environment	GEONOUN
46688	74	1981	street	GEONOUN
46688	74	2006	rock	GEONOUN
46688	75	169	the next day	DATE
46688	75	194	the next day	DATE
46688	75	250	one day	DATE
46688	75	492	the beginning of May	DATE
46688	75	551	May 5th	DATE
46688	75	567	the day of liberation	DATE
46688	75	590	May 5, 1945	DATE
46688	75	799	area	GEONOUN
46688	75	1027	Amsterdam	CITY
46688	75	1039	Amsterdam	CITY
46688	75	1057	Amsterdam	CITY
46688	75	1077	Rotterdam	CITY
46688	75	1110	Amsterdam	CITY
46688	75	1265	Amsterdam	CITY
46688	76	72	Amsterdam	CITY
46688	76	113	Amsterdam	CITY
46688	77	119	infrastructure	GEONOUN
46688	77	309	Amsterdam	CITY
46688	77	528	Amsterdam	CITY
46688	77	1147	house	GEONOUN
46688	77	1902	Rotterdam	CITY
46688	77	1976	Germany	COUNTRY
46688	77	2028	hospital	GEONOUN
46688	77	2226	Jewish	GEONOUN
46688	77	2792	Jewish	GEONOUN
46688	82	132	a few weeks	DATE
46688	84	126	camps	GEONOUN
46688	84	277	country	GEONOUN
46688	84	647	Sobibor	PLACE
46688	84	659	Auschwitz	CAMP
46688	84	1000	June	DATE
46688	84	1097	zoo	GEONOUN
46688	84	1320	Holland	CITY
46688	84	1371	September	DATE
46688	84	1388	the Battle of Arnhem	EVENT
46688	84	1417	September 1944	DATE
46688	84	1485	Holland	CITY
46688	85	493	Holland	CITY
46688	85	518	house	GEONOUN
46688	85	651	three months	DATE
46688	85	1675	2 years	DATE
46688	85	1684	2 and 1/2 years	DATE
46688	85	1725	4 SECONDS	DATE
46688	85	2074	August	DATE
46688	85	2103	Amsterdam	CITY
46688	85	2231	houses	GEONOUN
46688	85	2342	apartment	GEONOUN
46688	86	93	three years young--	DATE
46688	86	113	three days	DATE
46688	87	55	Auschwitz	CAMP
46688	89	20	Sobibor	PLACE
46688	89	51	Sobibor	PLACE
46688	89	101	Sobibor	PLACE
46688	90	261	Auschwitz	CAMP
46688	90	565	Theresienstadt	CAMP
46688	90	606	Switzerland	COUNTRY
46688	90	677	Westerbork	CAMP
46688	90	711	camp	GEONOUN
46688	90	719	Holland	CITY
46688	90	754	Amsterdam	CITY
46688	90	783	Westerbork	CAMP
46688	90	807	East	PLACE
46688	90	867	camps	GEONOUN
46688	90	918	camps	GEONOUN
46688	90	937	summer camp	GEONOUN
46688	90	1015	Westerbork	CAMP
46688	91	110	room	GEONOUN
46688	91	277	Amsterdam	CITY
46688	93	19	Amsterdam	CITY
46688	93	63	country	GEONOUN
46688	93	101	works	GEONOUN
46688	93	143	ground	GEONOUN
46688	93	238	Amsterdam	CITY
46688	93	293	the day	DATE
46688	93	384	night	TIME
46688	93	534	the day	DATE
46688	93	571	city	GEONOUN
46688	93	685	apartment	GEONOUN
46688	93	810	hallway	GEONOUN
46688	93	921	house	GEONOUN
46688	93	950	the night	TIME
46688	93	1209	night	TIME
46688	93	1230	day	DATE
46688	93	1279	flat	GEONOUN
46688	93	1289	one day	DATE
46688	93	1362	theater	GEONOUN
46688	93	1373	Amsterdam	CITY
46688	93	1431	museum	GEONOUN
46688	93	1478	monument	GEONOUN
46688	93	1937	camps	GEONOUN
46688	93	1966	3 SECONDS	DATE
46688	93	2022	a few days	DATE
46688	93	2040	theater	GEONOUN
46688	93	2074	train	GEONOUN
46688	93	2083	Westerbork	CAMP
46688	93	2107	a Tuesday morning	TIME
46688	93	2155	Tuesday	DATE
46688	93	2163	morning	TIME
46688	93	2180	the whole day	DATE
46688	93	2209	train	GEONOUN
46688	93	2235	Tuesday	DATE
46688	93	2382	Westerbork	CAMP
46688	93	2398	camp	GEONOUN
46688	93	2473	September	DATE
46688	93	2502	the 4th or 5th of September, '43	DATE
46688	93	2600	Only about 10 years ago	DATE
46688	93	2716	Auschwitz	CAMP
46688	93	2869	Westerbork	CAMP
46688	93	2891	Auschwitz	CAMP
46688	93	2965	Warsaw	CITY
46688	93	2981	Auschwitz	CAMP
46688	93	2994	only about an hour	TIME
46688	93	3018	Warsaw	CITY
46688	93	3026	1 hour and 1/2	TIME
46688	93	3077	Jewish	GEONOUN
46688	93	3107	Passover	DATE
46688	93	3130	April 1943	DATE
46688	93	3155	around September '43	DATE
46688	93	3181	Warsaw	CITY
46688	94	11	34	DATE
46688	94	22	34	DATE
46688	95	72	late teens	DATE
46688	95	84	early 20s	DATE
46688	95	142	Eastern Europe	PLACE
46688	95	174	Poland	COUNTRY
46688	95	349	Holland	CITY
46688	96	32	Warsaw	CITY
46688	96	69	Auschwitz	CAMP
46688	96	193	Passover, March 31, 1944	DATE
46688	101	95	Holland	CITY
46688	101	137	Sobibor	PLACE
46688	107	258	theater	GEONOUN
46688	107	508	theater	GEONOUN
46688	107	634	night	TIME
46688	107	640	that night	TIME
46688	107	852	Sobibor	PLACE
46688	107	924	Westerbork	CAMP
46688	107	969	Westerbork	CAMP
46688	107	983	Theresienstadt	CAMP
46688	107	1017	Theresienstadt	CAMP
46688	107	1041	Terezin	CAMP
46688	107	1070	camp	GEONOUN
46688	108	108	Switzerland	COUNTRY
46688	108	155	Switzerland	COUNTRY
46688	108	329	Sobibor	PLACE
46688	108	338	Bergen-Belsen	CAMP
46688	108	357	Auschwitz	CAMP
46688	108	822	Westerbork	CAMP
46688	111	46	apartment	GEONOUN
46688	111	337	house	GEONOUN
46688	111	422	street	GEONOUN
46688	111	455	street	GEONOUN
46688	111	502	street	GEONOUN
46688	111	662	pass	GEONOUN
46688	111	671	house	GEONOUN
46688	111	1270	school	GEONOUN
46688	111	1465	house	GEONOUN
46688	111	1510	years	DATE
46688	111	1528	years	DATE
46688	111	2175	years	DATE
46688	111	2186	years	DATE
46688	111	2512	every year	DATE
46688	112	303	school	GEONOUN
46688	113	182	school	GEONOUN
46688	113	210	school	GEONOUN
46688	113	256	Jewish	GEONOUN
46688	113	271	school	GEONOUN
46688	113	326	Jewish	GEONOUN
46688	113	374	Jewish	GEONOUN
46688	113	410	Jewish	GEONOUN
46688	113	592	Palestine	CITY
46688	113	808	Holland	CITY
46688	113	848	Israel	COUNTRY
46688	114	87	corner	GEONOUN
46688	114	127	school	GEONOUN
46688	114	182	school	GEONOUN
46688	114	1252	zoo	GEONOUN
46688	114	1289	zoo	GEONOUN
46688	114	1316	zoo	GEONOUN
46688	116	22	19	DATE
46688	116	35	1960	DATE
46688	116	45	'64	DATE
46688	116	50	October 29, 1964	DATE
46688	117	6	25	DATE
46688	118	12	1932	DATE
46688	118	32	'64	DATE
46688	118	44	32	DATE
46688	118	82	'32	DATE
46688	118	178	October 10th	DATE
46688	119	51	Boston	CITY
46688	119	59	Massachusetts	US-STATE
46688	119	127	Israel	COUNTRY
46688	122	39	1966	DATE
46688	123	16	August, 1968	DATE
46688	124	16	July 14, 1972	DATE
46688	124	37	treadmill	GEONOUN
46688	124	52	hospital	GEONOUN
46688	126	3	Boston	CITY
46688	126	11	Roxbury	PLACE
46688	129	20	Israel	COUNTRY
46688	129	67	Israel	COUNTRY
46688	129	83	a year	DATE
46688	129	102	four and a half years	DATE
46688	130	3	the United States	COUNTRY
46688	131	64	Jewish	GEONOUN
46688	131	155	Seders	PLACE
46688	131	229	school	GEONOUN
46688	131	260	Jewish	GEONOUN
46688	131	292	1947	DATE
46688	131	315	Palestine	CITY
46688	131	377	'47	DATE
46688	131	434	hospital	GEONOUN
46688	131	498	Palestine	CITY
46688	131	613	Palestine	CITY
46688	131	672	Palestine	CITY
46688	131	693	Israel	COUNTRY
46688	132	14	Israel	COUNTRY
46688	132	28	1948	DATE
46688	132	40	Israel	COUNTRY
46688	132	58	September	DATE
46688	132	72	1961	DATE
46688	132	89	Israel	COUNTRY
46688	133	7	six months	DATE
46688	133	70	Jerusalem	CITY
46688	136	9	Israel	COUNTRY
46688	136	41	boat	GEONOUN
46688	136	58	boat	GEONOUN
46688	136	174	the day	DATE
46688	136	317	the upper 30s	DATE
46688	136	342	40s	DATE
46688	136	414	Haifa	CITY
46688	137	0	October 4, 1967	DATE
46688	138	41	'67	DATE
46688	138	55	the Six Day War	EVENT
46688	138	72	the Yom Kippur War	EVENT
46688	138	206	two weeks	DATE
46688	138	217	almost a month	DATE
46688	138	256	Sharm El Sheikh	PLACE
46688	138	290	the Suez Canal	PLACE
46688	138	353	two weeks	DATE
46688	138	513	wreck	GEONOUN
46688	138	585	a year and a half	DATE
46688	138	669	the United States	COUNTRY
46688	138	711	the United States	COUNTRY
46688	138	1107	street	GEONOUN
46688	138	1773	shelter	GEONOUN
46688	138	1796	house	GEONOUN
46688	138	1817	apartment buildings	GEONOUN
46688	138	1827	buildings	GEONOUN
46688	138	1842	shelters	GEONOUN
46688	138	1911	Eilat	CITY
46688	138	2034	Eilat	CITY
46688	139	33	shelter	GEONOUN
46688	139	328	only a few days	DATE
46688	139	728	Holland	CITY
46688	140	0	October '67	DATE
46688	142	579	reach	GEONOUN
46688	142	686	Canada	COUNTRY
46688	142	718	Rotterdam	CITY
46688	142	740	Canada	COUNTRY
46688	142	1300	camp	GEONOUN
46688	143	166	33	DATE
46688	143	199	36	DATE
46688	143	223	39	DATE
46688	143	387	state	GEONOUN
46688	143	412	Holland	CITY
46688	143	574	those days	DATE
46688	143	1641	22	DATE
46688	143	1657	18	DATE
46688	143	1765	'50--	DATE
46688	143	1786	58	DATE
46688	143	1812	The Hague	CITY
46688	143	2176	The Hague	CITY
46688	144	27	1964	DATE
46688	144	45	Holland	CITY
46688	144	84	Israel	COUNTRY
46688	145	150	waste	GEONOUN
46688	145	596	December 3rd	DATE
46688	147	172	December 27, 1996	DATE
46688	147	308	room	GEONOUN
46688	147	650	synagogue the next day	GEONOUN
46688	147	660	the next day	DATE
46688	147	697	Friday	DATE
46688	147	805	Saturday	DATE
46688	147	814	morning	TIME
46688	147	1119	the ancient days	DATE
46688	147	2586	environment	GEONOUN
46688	147	2768	ditch	GEONOUN
46688	147	3012	51 years	DATE
46688	147	3116	reach	GEONOUN
46688	147	3562	Yugoslavia	CAMP
46688	148	777	five minutes--	TIME
46688	148	1442	Jewish	GEONOUN
46688	148	2714	the day	DATE
46688	149	57	1900	DATE
46688	149	182	Amsterdam	CITY
46688	149	197	Netherlands	COUNTRY
46688	149	237	Westerbork	CAMP
46688	149	253	Netherlands	COUNTRY
46688	149	278	camp	GEONOUN
46688	149	346	June 31, 1919	DATE
46688	149	372	16-year-old	DATE
46688	149	408	Amsterdam	CITY
46688	149	423	Netherlands	COUNTRY
46688	149	541	the winter of 1924-1925	DATE
46688	149	569	Amsterdam	CITY
46688	149	580	the Netherlands	PLACE
46688	149	950	1928	DATE
46688	149	958	1929	DATE
46688	149	980	Netherlands	COUNTRY
46688	149	1122	the late 1930s	DATE
46688	149	1157	balcony	GEONOUN
46688	149	1168	the afternoon	TIME
46688	149	1192	Amsterdam	CITY
46688	149	1203	the Netherlands	PLACE
46688	149	1289	Sobibor	PLACE
46688	149	1300	1943	DATE
46688	149	1339	Sobibor	PLACE
46688	149	1348	1943	DATE
46688	149	1403	Auschwitz	CAMP
46688	149	1414	1944	DATE
46688	149	1465	the early '30s	DATE
46688	149	1481	between 1930 and 1933	DATE
46688	149	1519	Vierhouten	PLACE
46688	149	1555	Netherlands	COUNTRY
46688	149	1626	Auschwitz	CAMP
46688	149	1637	Poland	COUNTRY
46688	149	1679	1936	DATE
46688	149	1730	carriage	GEONOUN
46688	149	1776	Amsterdam	CITY
46688	149	1791	Netherlands	COUNTRY
46688	149	2335	fall	GEONOUN
46688	149	2355	balcony	GEONOUN
46688	149	2370	apartment	GEONOUN
46688	149	2383	Amsterdam	CITY
46688	149	2394	the Netherlands	PLACE
46688	149	2590	1936	DATE
46688	149	2598	'37	DATE
46688	149	2691	balcony	GEONOUN
46688	149	2743	apartment	GEONOUN
46688	149	2827	Auschwitz	CAMP
46688	149	2928	Sobibor	PLACE
46688	149	2939	Auschwitz	CAMP
46688	149	3004	Sobibor	PLACE
46688	149	3015	1942	DATE
46688	149	3137	Auschwitz	CAMP
46688	149	3150	Sobibor	PLACE
46688	149	3217	Sobibor	PLACE
46688	149	3228	1943	DATE
46688	149	3296	Sobibor	PLACE
46688	149	3307	1942	DATE
46688	149	3522	Auschwitz	CAMP
46688	149	3601	Auschwitz	CAMP
46688	149	3685	Auschwitz	CAMP
46688	149	3722	1939	DATE
46688	149	3734	apartment	GEONOUN
46688	149	3747	Amsterdam	CITY
46688	149	3758	the Netherlands	PLACE
46688	149	3822	Auschwitz	CAMP
46688	149	3907	1942	DATE
46688	149	3938	Amsterdam	CITY
46688	149	3953	Netherlands	COUNTRY
46688	149	4031	Sobibor	PLACE
46688	149	4042	1943	DATE
46688	149	4078	1942	DATE
46688	149	4092	'43	DATE
46688	149	4141	Amsterdam	CITY
46688	149	4156	Netherlands	COUNTRY
