FileID	AnswerID	StartCharPos	Entity	Type
46858	3	3	Berlin	CITY
46858	4	19	the 3rd of July, 1923	DATE
46858	5	0	Today	DATE
46858	5	25	75	DATE
46858	9	23	September the 13th, 1926	DATE
46858	9	87	the day	DATE
46858	10	38	up to age three	DATE
46858	12	22	Berlin	CITY
46858	13	31	town	GEONOUN
46858	13	48	Germany	COUNTRY
46858	13	63	Wedel	CITY
46858	13	86	Hamburg	CITY
46858	14	50	today	DATE
46858	14	140	hospital	GEONOUN
46858	15	32	school	GEONOUN
46858	15	42	Berlin	CITY
46858	15	211	the entire four years	DATE
46858	15	240	World War I	EVENT
46858	15	314	four years younger	DATE
46858	16	34	town	GEONOUN
46858	16	46	Gardelegen	PLACE
46858	16	107	country town	GEONOUN
46858	16	115	town	GEONOUN
46858	16	193	Weimar	CITY
46858	16	400	town	GEONOUN
46858	16	408	Gardelegen	PLACE
46858	17	131	town	GEONOUN
46858	18	62	Jewish	GEONOUN
46858	18	81	town	GEONOUN
46858	19	52	Germany	COUNTRY
46858	19	81	Jewish	GEONOUN
46858	19	151	Jewish	GEONOUN
46858	19	235	Jewish	GEONOUN
46858	19	258	Jewish	GEONOUN
46858	19	771	Jewish	GEONOUN
46858	19	905	bar	GEONOUN
46858	19	951	Jewish	GEONOUN
46858	19	1019	town	GEONOUN
46858	19	1057	Jewish	GEONOUN
46858	19	1171	a minute	TIME
46858	19	1197	Germany	COUNTRY
46858	19	1244	state	GEONOUN
46858	19	1617	Jewish	GEONOUN
46858	19	1658	Monday	DATE
46858	19	1665	afternoon	TIME
46858	19	1735	town	GEONOUN
46858	19	1758	Rottenau	PLACE
46858	20	156	1934	DATE
46858	20	165	1935	DATE
46858	20	194	town	GEONOUN
46858	20	267	town	GEONOUN
46858	20	589	the holidays	DATE
46858	21	68	Germany	COUNTRY
46858	21	289	Germany	COUNTRY
46858	21	620	Europe	CONTINENT
46858	21	728	environment	GEONOUN
46858	21	815	Christmas	DATE
46858	21	1002	Christmas	DATE
46858	21	1012	tree	GEONOUN
46858	21	1043	community	GEONOUN
46858	21	1100	community	GEONOUN
46858	21	1129	Christmas	DATE
46858	21	1334	community	GEONOUN
46858	21	1347	Gardelegen	PLACE
46858	21	1377	Jewish	GEONOUN
46858	22	99	Sandstrasse	PLACE
46858	22	172	town	GEONOUN
46858	22	208	two years ago	DATE
46858	22	281	514A	PLACE
46858	22	315	house	GEONOUN
46858	23	17	my first day	DATE
46858	23	38	school	GEONOUN
46858	23	75	Germany	COUNTRY
46858	23	109	school	GEONOUN
46858	23	119	April the 1st	DATE
46858	23	134	that April the 1st	DATE
46858	23	190	school	GEONOUN
46858	23	218	building	GEONOUN
46858	23	822	10-minute	TIME
46858	23	1096	today	DATE
46858	23	1116	my first day	DATE
46858	23	1132	school	GEONOUN
46858	24	68	years later	DATE
46858	24	356	environment	GEONOUN
46858	24	442	school	GEONOUN
46858	24	452	America	COUNTRY
46858	27	335	classroom	GEONOUN
46858	27	384	bank	GEONOUN
46858	27	596	classroom	GEONOUN
46858	27	639	bank	GEONOUN
46858	28	472	Russia	COUNTRY
46858	28	582	backyard	GEONOUN
46858	28	864	house	GEONOUN
46858	28	881	street	GEONOUN
46858	28	899	house	GEONOUN
46858	28	916	hole	GEONOUN
46858	28	928	roof	GEONOUN
46858	28	943	water tank	GEONOUN
46858	28	963	school	GEONOUN
46858	29	97	environment	GEONOUN
46858	29	565	the mid and late '20s, early '30s	DATE
46858	29	657	today	DATE
46858	29	707	Germany	COUNTRY
46858	29	764	the United States	COUNTRY
46858	29	1056	room	GEONOUN
46858	29	1129	room	GEONOUN
46858	30	15	three years younger	DATE
46858	30	49	three years	DATE
46858	30	233	school	GEONOUN
46858	30	388	Germany	COUNTRY
46858	32	125	the 30th of January, 1933	DATE
46858	32	291	town	GEONOUN
46858	32	592	Germany	COUNTRY
46858	32	1192	points	GEONOUN
46858	32	1286	1935	DATE
46858	32	1294	'36	DATE
46858	32	1325	Rhineland	PLACE
46858	32	1443	Rhineland	PLACE
46858	32	1466	region	GEONOUN
46858	32	1494	Rhineland	PLACE
46858	32	1857	Nuremberg	CAMP
46858	32	2126	1933	DATE
46858	32	2416	two years	DATE
46858	32	2427	three years	DATE
46858	32	2693	1934	DATE
46858	32	2858	1936	DATE
46858	32	2871	1936	DATE
46858	32	2970	Jewish	GEONOUN
46858	32	3050	school	GEONOUN
46858	32	3334	1934	DATE
46858	32	3343	1935	DATE
46858	32	3547	Germany	COUNTRY
46858	33	468	Palestine	CITY
46858	33	617	Russia	COUNTRY
46858	33	728	the middle and the end of 1936	DATE
46858	33	845	Germany	COUNTRY
46858	33	988	the United States	COUNTRY
46858	34	59	Germany	COUNTRY
46858	34	88	Berlin	CITY
46858	36	81	Jewish	GEONOUN
46858	36	109	town	GEONOUN
46858	36	117	Gardelegen	PLACE
46858	36	144	the early '20s	DATE
46858	36	175	Jewish	GEONOUN
46858	36	250	Poland	COUNTRY
46858	36	322	Gardelegen	PLACE
46858	36	364	the United States	COUNTRY
46858	36	483	Baltimore	CITY
46858	36	588	Baltimore	CITY
46858	36	1007	store	GEONOUN
46858	36	1027	store	GEONOUN
46858	36	1036	Baltimore	CITY
46858	36	1155	Baltimore	CITY
46858	36	1176	US	PLACE
46858	36	1247	Germany	COUNTRY
46858	36	1265	Europe	CONTINENT
46858	36	1585	1937	DATE
46858	36	1626	consulate	GEONOUN
46858	36	1639	Berlin	CITY
46858	36	1694	about four or five months later	DATE
46858	36	1750	the United States	COUNTRY
46858	36	1856	Germany	COUNTRY
46858	36	2032	1937	DATE
46858	37	1128	Jewish	GEONOUN
46858	37	1152	Germany	COUNTRY
46858	37	1231	school	GEONOUN
46858	37	1248	14	DATE
46858	37	1267	14	DATE
46858	37	1331	school	GEONOUN
46858	37	1356	school	GEONOUN
46858	37	1528	Jewish	GEONOUN
46858	37	1548	Berlin	CITY
46858	37	1578	town	GEONOUN
46858	37	1586	Gardelegen	PLACE
46858	37	1675	10-year-old	DATE
46858	37	1911	house	GEONOUN
46858	37	2111	Berlin	CITY
46858	37	2139	town	GEONOUN
46858	37	2147	Gardelegen	PLACE
46858	37	2213	Berlin	CITY
46858	37	2238	city	GEONOUN
46858	37	2368	school	GEONOUN
46858	37	2410	Berlin	CITY
46858	37	2434	school	GEONOUN
46858	37	2455	the best part of nine months	DATE
46858	39	23	1937	DATE
46858	39	39	September or October '37	DATE
46858	39	71	June or July of 1938	DATE
46858	41	9	June of '38	DATE
46858	41	254	school	GEONOUN
46858	41	264	Berlin	CITY
46858	41	471	Germany	COUNTRY
46858	41	581	school	GEONOUN
46858	41	591	England	PLACE
46858	41	859	school	GEONOUN
46858	41	1036	England	PLACE
46858	41	1111	about two months	DATE
46858	41	1158	August of 1938	DATE
46858	41	1210	England	PLACE
46858	41	1344	England	PLACE
46858	41	1386	Germany	COUNTRY
46858	41	1515	passage	GEONOUN
46858	41	1576	England	PLACE
46858	41	1631	train	GEONOUN
46858	41	1651	town	GEONOUN
46858	41	1659	Gardelegen	PLACE
46858	41	1692	train	GEONOUN
46858	41	1701	Ostend	CITY
46858	41	1718	train	GEONOUN
46858	41	1727	Belgium	COUNTRY
46858	41	1751	ferry	GEONOUN
46858	41	1769	train	GEONOUN
46858	41	1778	England	PLACE
46858	41	1799	school	GEONOUN
46858	42	64	station	GEONOUN
46858	42	278	15	DATE
46858	42	297	12	DATE
46858	42	528	15 years old	DATE
46858	42	578	school	GEONOUN
46858	43	13	11	DATE
46858	43	306	Germany	COUNTRY
46858	44	16	school	GEONOUN
46858	44	97	school	GEONOUN
46858	44	107	Germany	COUNTRY
46858	44	211	the United States	COUNTRY
46858	44	262	school	GEONOUN
46858	44	272	Germany	COUNTRY
46858	44	296	the late '20s	DATE
46858	44	313	early '30s	DATE
46858	44	394	school	GEONOUN
46858	44	431	country	GEONOUN
46858	44	478	school	GEONOUN
46858	44	546	England	PLACE
46858	44	618	school	GEONOUN
46858	44	649	school	GEONOUN
46858	44	686	school	GEONOUN
46858	44	738	school	GEONOUN
46858	44	767	school	GEONOUN
46858	44	836	school	GEONOUN
46858	44	886	school	GEONOUN
46858	44	932	school	GEONOUN
46858	45	69	Germany	COUNTRY
46858	45	96	school	GEONOUN
46858	45	121	Germany	COUNTRY
46858	45	132	England	PLACE
46858	45	241	environment	GEONOUN
46858	45	256	Germany	COUNTRY
46858	45	411	Poland	COUNTRY
46858	45	424	Romania	COUNTRY
46858	45	661	school	GEONOUN
46858	46	26	school	GEONOUN
46858	46	268	environment	GEONOUN
46858	46	361	town	GEONOUN
46858	46	580	England	PLACE
46858	46	597	school	GEONOUN
46858	47	138	two weeks	DATE
46858	48	131	Germany	COUNTRY
46858	48	158	those days	DATE
46858	48	209	today	DATE
46858	48	386	month	DATE
46858	49	62	Germany	COUNTRY
46858	49	122	school	GEONOUN
46858	49	132	August of 1938	DATE
46858	49	152	Kristallnacht	EVENT
46858	49	178	the 9th of November, 1938	DATE
46858	49	239	Jewish	GEONOUN
46858	49	276	concentration camp	GEONOUN
46858	49	489	Jewish	GEONOUN
46858	49	587	house	GEONOUN
46858	49	656	Kristallnacht	EVENT
46858	50	3	Buchenwald	CAMP
46858	51	54	3 SECONDS	DATE
46858	51	119	five or six days	DATE
46858	51	159	six days	DATE
46858	51	246	Nuremberg	CAMP
46858	51	537	1938	DATE
46858	51	702	concentration camp	GEONOUN
46858	51	833	days	DATE
46858	51	1168	concentration camp	GEONOUN
46858	51	1333	six days	DATE
46858	51	1384	Germany	COUNTRY
46858	51	1399	a matter of months	DATE
46858	51	1579	the middle of November	DATE
46858	51	1624	maybe four months	DATE
46858	51	1645	six months	DATE
46858	51	1670	Germany	COUNTRY
46858	53	128	school	GEONOUN
46858	53	169	Gothenburg	PLACE
46858	53	183	Sweden	COUNTRY
46858	53	427	Sweden	COUNTRY
46858	53	452	Sweden	COUNTRY
46858	53	504	April or May of 1939	DATE
46858	53	577	Gothenburg	PLACE
46858	53	630	the United States	COUNTRY
46858	54	52	Europe	CONTINENT
46858	54	70	September the 3rd 1939	DATE
46858	54	161	the United States	COUNTRY
46858	54	353	Atlantic	PLACE
46858	54	379	boat	GEONOUN
46858	54	487	Sweden	COUNTRY
46858	54	515	country	GEONOUN
46858	54	611	November of 1939	DATE
46858	54	650	passage	GEONOUN
46858	54	799	Gothenburg	PLACE
46858	54	825	New York	US-STATE
46858	54	837	November of 1939	DATE
46858	54	913	concentration camp	GEONOUN
46858	54	962	Sweden	COUNTRY
46858	54	1004	the United States	COUNTRY
46858	55	29	school	GEONOUN
46858	55	75	England	PLACE
46858	55	141	England	PLACE
46858	55	207	week	DATE
46858	55	270	England	PLACE
46858	55	342	16	DATE
46858	55	456	Sweden	COUNTRY
46858	55	503	England	PLACE
46858	55	608	Sweden	COUNTRY
46858	55	672	England	PLACE
46858	55	715	the United States	COUNTRY
46858	55	750	England	PLACE
46858	55	833	school	GEONOUN
46858	55	871	pass	GEONOUN
46858	55	909	college	GEONOUN
46858	55	975	college	GEONOUN
46858	55	1018	England	PLACE
46858	55	1100	coast	GEONOUN
46858	55	1109	England	PLACE
46858	55	1168	Belgium	COUNTRY
46858	55	1180	Holland	CITY
46858	55	1192	France	COUNTRY
46858	55	1243	channel	GEONOUN
46858	56	103	Belgium	COUNTRY
46858	56	115	France	COUNTRY
46858	56	157	England	PLACE
46858	56	454	the East of England	PLACE
46858	56	513	the age of 16	DATE
46858	56	869	camp	GEONOUN
46858	56	948	camp	GEONOUN
46858	56	956	Huyton	CITY
46858	56	1086	camp	GEONOUN
46858	56	1094	Huyton	CITY
46858	56	1116	Liverpool	CITY
46858	56	1254	fall	GEONOUN
46858	56	1262	Liverpool	CITY
46858	56	1605	bridge	GEONOUN
46858	56	1637	England	PLACE
46858	56	1745	camps	GEONOUN
46858	56	1863	England	PLACE
46858	56	1879	those days	DATE
46858	56	1952	Jewish	GEONOUN
46858	56	1971	Jewish	GEONOUN
46858	56	2130	Jewish	GEONOUN
46858	56	2269	England	PLACE
46858	56	2324	England	PLACE
46858	56	2335	Canada	COUNTRY
46858	56	2346	Australia	COUNTRY
46858	56	2371	ship	GEONOUN
46858	56	2644	high school	GEONOUN
46858	56	2659	Berlin	CITY
46858	56	2841	the United States	COUNTRY
46858	56	2866	16	DATE
46858	56	2972	Canada	COUNTRY
46858	56	3008	Canada	COUNTRY
46858	56	3033	camp	GEONOUN
46858	56	3073	America	COUNTRY
46858	56	3104	one night	TIME
46858	56	3149	ship	GEONOUN
46858	56	3222	school	GEONOUN
46858	56	3279	fountain	GEONOUN
46858	56	3516	boat	GEONOUN
46858	56	3677	Jewish	GEONOUN
46858	56	3706	age 16	DATE
46858	56	3730	age 80	DATE
46858	56	3762	boat	GEONOUN
46858	56	3859	prison ship	GEONOUN
46858	56	3866	ship	GEONOUN
46858	56	3923	boat	GEONOUN
46858	56	4035	about the fifth day	DATE
46858	56	4080	Canada	COUNTRY
46858	56	4141	boat	GEONOUN
46858	56	4208	coast	GEONOUN
46858	56	4217	Africa	CONTINENT
46858	56	4256	port	GEONOUN
46858	56	4273	coast	GEONOUN
46858	56	4282	Africa	CONTINENT
46858	56	4309	Cape Town	CITY
46858	56	4333	Fremantle	PLACE
46858	56	4346	Australia	COUNTRY
46858	56	4368	Melbourne	CITY
46858	56	4412	Sydney	CITY
46858	56	4420	Australia	COUNTRY
46858	56	4436	37 days	DATE
46858	56	4470	boat	GEONOUN
46858	57	66	boat	GEONOUN
46858	57	89	Dunkirk	EVENT
46858	57	438	10 or 15 minutes	TIME
46858	57	667	boat	GEONOUN
46858	57	680	Sydney	CITY
46858	58	108	Jewish	GEONOUN
46858	58	443	boat	GEONOUN
46858	58	519	boat	GEONOUN
46858	58	585	ship	GEONOUN
46858	58	681	hammocks	GEONOUN
46858	58	864	England	PLACE
46858	58	880	Australia	COUNTRY
46858	58	908	Australia	COUNTRY
46858	58	961	Jewish	GEONOUN
46858	58	1023	boat	GEONOUN
46858	58	1156	scene	GEONOUN
46858	59	158	ocean	GEONOUN
46858	60	76	boat	GEONOUN
46858	60	200	school	GEONOUN
46858	60	394	plot	GEONOUN
46858	60	412	boat	GEONOUN
46858	61	71	boat	GEONOUN
46858	62	9	boat	GEONOUN
46858	63	49	train	GEONOUN
46858	63	134	those days	DATE
46858	63	201	windows	GEONOUN
46858	63	340	windows	GEONOUN
46858	63	601	Jewish	GEONOUN
46858	63	768	24 hours	TIME
46858	63	778	30 hours	TIME
46858	63	819	bush	GEONOUN
46858	63	842	Australia	COUNTRY
46858	63	857	desert	GEONOUN
46858	63	874	land	GEONOUN
46858	63	893	bush	GEONOUN
46858	63	975	Sydney	CITY
46858	63	1050	the Hay River	PLACE
46858	63	1102	a Hay River	PLACE
46858	63	1134	wadi	GEONOUN
46858	63	1154	five years	DATE
46858	63	1255	camp	GEONOUN
46858	63	1263	Hay	PLACE
46858	63	1387	parts	GEONOUN
46858	63	1401	camp	GEONOUN
46858	63	1573	canteen	GEONOUN
46858	63	1776	Hay	EVENT
46858	63	1836	desert	GEONOUN
46858	63	1853	ocean	GEONOUN
46858	63	1871	desert	GEONOUN
46858	63	1889	ocean	GEONOUN
46858	63	1939	five or 10 minutes	TIME
46858	63	2010	land	GEONOUN
46858	63	2151	Hay	PLACE
46858	63	2399	camp	GEONOUN
46858	63	2548	Jewish	GEONOUN
46858	63	2835	next morning	TIME
46858	63	2871	this morning	TIME
46858	63	2935	next morning	TIME
46858	63	3061	several days	DATE
46858	63	3124	about a week later	DATE
46858	63	3375	England	PLACE
46858	63	3391	this day	DATE
46858	63	3557	England	PLACE
46858	63	3849	Melbourne	CITY
46858	63	3928	England	PLACE
46858	63	4001	Melbourne	CITY
46858	63	4354	age 17	DATE
46858	64	47	reserve	GEONOUN
46858	64	112	16	DATE
46858	64	134	all of 47	DATE
46858	65	80	Hay	PLACE
46858	65	108	Jewish	GEONOUN
46858	65	482	camp	GEONOUN
46858	65	627	Britain	PLACE
46858	65	651	Britain	PLACE
46858	66	31	huts	GEONOUN
46858	66	426	five days	DATE
46858	66	439	eight days--	DATE
46858	66	636	Melbourne	CITY
46858	66	710	Melbourne	CITY
46858	66	1008	England	PLACE
46858	66	1123	ship	GEONOUN
46858	67	24	Jewish	GEONOUN
46858	67	96	Jewish	GEONOUN
46858	67	141	Jewish	GEONOUN
46858	67	344	1940	DATE
46858	67	407	sea	GEONOUN
46858	67	469	London	CITY
46858	67	503	port	GEONOUN
46858	67	511	Bombay	PLACE
46858	67	614	street	GEONOUN
46858	67	871	Jewish	GEONOUN
46858	67	1049	England	PLACE
46858	67	1103	Bombay	PLACE
46858	67	1259	Jewish	GEONOUN
46858	67	1362	Bombay	PLACE
46858	67	1378	Byculla--	PLACE
46858	67	1496	Bombay	PLACE
46858	67	1557	minutes	TIME
46858	67	1600	street	GEONOUN
46858	67	1640	street	GEONOUN
46858	67	1664	Germany	COUNTRY
46858	67	1900	Bombay	PLACE
46858	67	2047	Bombay	PLACE
46858	67	2135	Bombay	PLACE
46858	67	2401	England	PLACE
46858	67	2501	sea	GEONOUN
46858	67	2519	mill	GEONOUN
46858	67	2553	Australia	COUNTRY
46858	67	2596	Bombay	PLACE
46858	67	2860	a few days	DATE
46858	67	2946	Baltimore	CITY
46858	67	3317	Jewish	GEONOUN
46858	67	3385	library	GEONOUN
46858	67	3403	about a week or	DATE
46858	67	3543	factory	GEONOUN
46858	67	3593	October or November of 1940	DATE
46858	68	22	Bombay	PLACE
46858	68	35	March of 1941	DATE
46858	69	26	October or November	DATE
46858	69	69	1940	DATE
46858	69	98	consulate	GEONOUN
46858	69	400	the United States	COUNTRY
46858	69	450	the United States	COUNTRY
46858	69	493	the United States	COUNTRY
46858	69	684	Baltimore	CITY
46858	69	733	Baltimore	CITY
46858	69	1036	a week later	DATE
46858	69	1087	consulate	GEONOUN
46858	69	1252	those days	DATE
46858	69	1292	the United States	COUNTRY
46858	69	1354	boat	GEONOUN
46858	69	1525	Bombay	PLACE
46858	69	1658	passage	GEONOUN
46858	69	1724	Bombay	PLACE
46858	69	1734	New York	US-STATE
46858	69	1797	Bombay	PLACE
46858	69	1805	Indonesia	COUNTRY
46858	69	1816	Japan	COUNTRY
46858	69	1825	the West Coast	PLACE
46858	69	1855	country	GEONOUN
46858	69	1866	the United States	COUNTRY
46858	69	1918	Bombay	PLACE
46858	69	1928	South Africa	COUNTRY
46858	69	1944	Trinidad	CITY
46858	69	1956	New York	US-STATE
46858	69	2119	the Far East	PLACE
46858	69	2205	Japan	COUNTRY
46858	69	2278	Japan	COUNTRY
46858	69	2545	Bombay	PLACE
46858	69	2555	New York	US-STATE
46858	69	2574	Cape Town	CITY
46858	69	2624	New York	US-STATE
46858	69	2663	April the 26th	DATE
46858	69	2704	1941	DATE
46858	70	13	those days	DATE
46858	70	77	ship	GEONOUN
46858	70	100	boat	GEONOUN
46858	70	506	dock	GEONOUN
46858	70	808	New York	US-STATE
46858	70	856	the United States	COUNTRY
46858	71	49	England	PLACE
46858	71	111	13	DATE
46858	71	137	16	DATE
46858	71	160	school	GEONOUN
46858	71	206	Kent	CITY
46858	71	226	England	PLACE
46858	71	249	England	PLACE
46858	71	334	school	GEONOUN
46858	71	521	the United States	COUNTRY
46858	71	667	the United States	COUNTRY
46858	71	711	1944	DATE
46858	71	793	Europe	CONTINENT
46858	71	839	the United States	COUNTRY
46858	72	125	15-year-old	DATE
46858	72	161	school	GEONOUN
46858	72	171	England	PLACE
46858	72	365	country	GEONOUN
46858	72	432	state	GEONOUN
46858	72	607	India	COUNTRY
46858	72	652	school	GEONOUN
46858	72	910	14, 15-year-old	DATE
46858	72	975	14--	DATE
46858	73	30	six weeks	DATE
46858	73	94	Baltimore	CITY
46858	73	153	Annapolis	CITY
46858	73	183	room	GEONOUN
46858	73	192	board	GEONOUN
46858	73	515	1941	DATE
46858	74	19	A little over two years--	DATE
46858	74	124	December of 1941	DATE
46858	74	168	the day of Pearl Harbor	DATE
46858	74	265	noontime	TIME
46858	74	298	about 1 o'clock	TIME
46858	74	345	Pearl Harbor	PLACE
46858	74	747	the United States	COUNTRY
46858	74	776	the United States	COUNTRY
46858	74	900	1943	DATE
46858	74	973	today	DATE
46858	74	980	one week in 1943	DATE
46858	74	1016	the week	DATE
46858	74	1059	those days	DATE
46858	74	1192	America	COUNTRY
46858	75	131	psychiatric hospital	GEONOUN
46858	75	403	Baltimore	CITY
46858	75	450	school	GEONOUN
46858	75	662	school	GEONOUN
46858	76	154	college	GEONOUN
46858	76	173	college	GEONOUN
46858	76	235	high school	GEONOUN
46858	76	276	high school	GEONOUN
46858	76	423	the first year	DATE
46858	76	516	high school	GEONOUN
46858	76	604	school	GEONOUN
46858	76	635	the day	DATE
46858	76	904	the United States	COUNTRY
46858	76	1047	Jewish	GEONOUN
46858	76	1077	Jewish	GEONOUN
46858	76	1149	country	GEONOUN
46858	77	66	the end of '93-	DATE
46858	77	114	the end of '9-- '93	DATE
46858	77	166	'94	DATE
46858	79	281	Camp Blanding	PLACE
46858	79	364	Camp Blanding	PLACE
46858	79	389	Jacksonville	CITY
46858	79	405	Florida	US-STATE
46858	79	496	US	PLACE
46858	79	558	country	GEONOUN
46858	80	486	these days	DATE
46858	80	501	spot	GEONOUN
46858	83	313	Africa	CONTINENT
46858	83	346	Italy	COUNTRY
46858	83	368	Pozzuoli	CITY
46858	83	408	Pozzuoli--	PLACE
46858	83	506	seashore	GEONOUN
46858	83	591	one day	DATE
46858	83	831	Italy	COUNTRY
46858	83	901	France	COUNTRY
46858	83	1207	club	GEONOUN
46858	83	1215	Chicago	CITY
46858	83	1330	the Battle of the Bulge	EVENT
46858	83	1379	the Siegfried Line	PLACE
46858	83	1406	Germany	COUNTRY
46858	83	1429	Austria	COUNTRY
46858	84	212	Salzburg	CITY
46858	84	234	factory	GEONOUN
46858	84	461	ground	GEONOUN
46858	84	527	ground	GEONOUN
46858	85	490	town	GEONOUN
46858	85	507	Germany	COUNTRY
46858	85	523	Freudenstadt	CITY
46858	85	547	the Black Forest	PLACE
46858	85	590	town	GEONOUN
46858	85	657	division	GEONOUN
46858	85	687	town	GEONOUN
46858	85	724	town	GEONOUN
46858	85	784	spare	GEONOUN
46858	85	794	town	GEONOUN
46858	85	809	about 11 o'clock in the morning	TIME
46858	85	925	3 o'clock	TIME
46858	85	961	town	GEONOUN
46858	85	1158	town	GEONOUN
46858	85	1198	town	GEONOUN
46858	86	4	21	DATE
46858	89	95	France	COUNTRY
46858	89	216	Germany	COUNTRY
46858	89	343	Germany	COUNTRY
46858	89	461	town	GEONOUN
46858	89	511	street	GEONOUN
46858	89	585	Germany	COUNTRY
46858	90	562	retreat	GEONOUN
46858	90	586	another day	DATE
46858	90	845	works	GEONOUN
46858	90	856	turret	GEONOUN
46858	91	132	Salzburg	CITY
46858	91	144	Austria	COUNTRY
46858	91	157	Salzburg	CITY
46858	91	175	area	GEONOUN
46858	91	191	Salzkammergut	PLACE
46858	91	318	St. Gilgen	PLACE
46858	91	345	Fuschl--	PLACE
46858	91	430	area	GEONOUN
46858	91	508	Fuschl	PLACE
46858	91	606	Fuschl--	PLACE
46858	91	697	Fuschl	PLACE
46858	91	870	Fuschl	PLACE
46858	91	1006	two days	DATE
46858	91	1059	Fuschl	PLACE
46858	91	1077	another five days	DATE
46858	91	1169	Fuschl	PLACE
46858	91	1186	lake	GEONOUN
46858	91	1258	lake	GEONOUN
46858	91	1563	one day	DATE
46858	91	1574	Germany	COUNTRY
46858	93	7	camp	GEONOUN
46858	93	74	camps	GEONOUN
46858	93	132	Dachau	CITY
46858	93	162	Augsburg	CITY
46858	93	175	Munich	CITY
46858	93	206	US	PLACE
46858	93	209	division	GEONOUN
46858	93	228	Dachau	CITY
46858	93	343	Dachau	CITY
46858	93	466	camp	GEONOUN
46858	93	741	Mauthausen	PLACE
46858	93	782	the Nuremberg Trials	EVENT
46858	93	822	camps	GEONOUN
46858	93	861	camps	GEONOUN
46858	93	1118	Auschwitz	CAMP
46858	93	1204	Mauthausen	PLACE
46858	93	1278	concentration camp	GEONOUN
46858	94	0	Dachau	CITY
46858	94	14	Dachau	CITY
46858	94	183	area	GEONOUN
46858	94	352	the Nuremberg Trials	EVENT
46858	94	477	camps	GEONOUN
46858	94	669	concentration camps	GEONOUN
46858	94	714	concentration camps	GEONOUN
46858	94	1301	the early days	DATE
46858	95	3	Dachau	CITY
46858	95	165	Dachau	CITY
46858	95	207	yards	GEONOUN
46858	95	269	Munich	CITY
46858	95	291	Salzburg	CITY
46858	95	342	Dachau	CITY
46858	95	421	Dachau	CITY
46858	98	22	Munich	CITY
46858	98	48	Salzburg	CITY
46858	98	143	Salzburg	CITY
46858	98	262	town	GEONOUN
46858	98	274	St. Gilgen	PLACE
46858	98	401	Germany	COUNTRY
46858	98	455	Salzburg	CITY
46858	100	102	crossing the Siegfried Line	GEONOUN
46858	100	111	the Siegfried Line	PLACE
46858	100	160	36 hours	DATE
46858	100	212	camp	GEONOUN
46858	100	650	Alsace-Lorraine	PLACE
46858	100	1050	barn	GEONOUN
46858	100	1157	road	GEONOUN
46858	100	1269	ditch	GEONOUN
46858	101	163	Germany	COUNTRY
46858	101	179	ship	GEONOUN
46858	101	200	the Far East	PLACE
46858	101	237	Japan	COUNTRY
46858	102	69	Europe	CONTINENT
46858	102	188	Europe	CONTINENT
46858	102	797	1945	DATE
46858	102	844	Germany	COUNTRY
46858	102	980	Nuremberg	CAMP
46858	102	1065	facility	GEONOUN
46858	102	1140	May of 1945	DATE
46858	102	1197	Germany	COUNTRY
46858	102	1244	Poland	COUNTRY
46858	102	1256	Denmark	COUNTRY
46858	102	1507	Germany	COUNTRY
46858	102	2087	waste	GEONOUN
46858	102	2502	Paris	CITY
46858	102	2616	Paris	CITY
46858	102	2767	Paris	CITY
46858	102	2867	a good many months	DATE
46858	102	3103	US	PLACE
46858	102	3348	many years	DATE
46858	102	3459	Paris	CITY
46858	103	113	the middle or end of May	DATE
46858	103	161	June of 1945	DATE
46858	103	234	Paris	CITY
46858	103	557	trail	GEONOUN
46858	103	686	Paris	CITY
46858	103	700	day	DATE
46858	103	743	prison camps	GEONOUN
46858	103	750	camps	GEONOUN
46858	103	872	months	DATE
46858	103	943	courthouse	GEONOUN
46858	103	971	Nuremberg	CAMP
46858	103	1060	Nuremberg	CAMP
46858	104	183	Nuremberg	CAMP
46858	104	240	Paris	CITY
46858	104	265	Paris	CITY
46858	104	414	Nuremberg	CAMP
46858	104	450	Paris	CITY
46858	104	498	Frankfurt	PLACE
46858	104	532	Paris	CITY
46858	104	541	Nuremberg	CAMP
46858	106	444	field	GEONOUN
46858	106	771	Nuremberg	CAMP
46858	107	24	Paris	CITY
46858	107	43	weeks	DATE
46858	108	27	Nuremberg	CAMP
46858	108	115	Nuremberg	CAMP
46858	108	161	ground	GEONOUN
46858	108	176	Nuremberg	CAMP
46858	108	258	town	GEONOUN
46858	108	401	ground	GEONOUN
46858	108	421	roofs	GEONOUN
46858	108	488	roofs	GEONOUN
46858	108	599	Nuremberg	CAMP
46858	108	620	roof	GEONOUN
46858	108	666	walls	GEONOUN
46858	108	794	Nuremberg	CAMP
46858	108	804	stadium	GEONOUN
46858	108	827	Nuremberg	CAMP
46858	108	837	stadium	GEONOUN
46858	108	910	Nuremberg	EVENT
46858	108	1093	stadium	GEONOUN
46858	108	1171	airport	GEONOUN
46858	108	1192	shack	GEONOUN
46858	108	1228	courthouse	GEONOUN
46858	108	1340	bricks	GEONOUN
46858	108	1441	courthouse	GEONOUN
46858	108	1522	courthouse	GEONOUN
46858	108	1597	Nuremberg	CAMP
46858	108	1731	the Grand Hotel	PLACE
46858	108	1850	room	GEONOUN
46858	108	1918	houses	GEONOUN
46858	108	1958	courthouse	GEONOUN
46858	108	2041	house	GEONOUN
46858	108	2050	Fürth	CITY
46858	108	2102	Nuremberg	CAMP
46858	108	2135	many days	DATE
46858	108	2149	many weeks	DATE
46858	108	2212	Nuremberg	CAMP
46858	108	2228	ruin	GEONOUN
46858	108	2251	rebuilding	GEONOUN
46858	108	2265	Germany	COUNTRY
46858	108	2306	a couple of years later	DATE
46858	108	2371	Nuremberg	CAMP
46858	108	2398	wreck	GEONOUN
46858	108	2410	ruin	GEONOUN
46858	109	44	Nuremberg	CAMP
46858	109	69	city	GEONOUN
46858	109	131	city	GEONOUN
46858	109	218	Nuremberg	CAMP
46858	111	6	Nuremberg	CAMP
46858	111	36	the Palace of Justice	PLACE
46858	111	75	the Grand Hotel	PLACE
46858	111	257	division	GEONOUN
46858	111	356	Nuremberg	CAMP
46858	113	188	halls	GEONOUN
46858	113	197	the Palace of Justice	PLACE
46858	113	476	house	GEONOUN
46858	115	217	post	GEONOUN
46858	115	339	Germany	COUNTRY
46858	115	1209	Moscow	CITY
46858	116	714	the United States	COUNTRY
46858	116	957	New York	US-STATE
46858	116	1237	Connecticut	US-STATE
46858	117	64	the United States	COUNTRY
46858	117	108	the United States	COUNTRY
46858	117	676	Sunday	DATE
46858	117	683	night	TIME
46858	118	148	early 60s	DATE
46858	118	162	early 70s	DATE
46858	119	878	the United States	COUNTRY
46858	119	900	Great Britain	PLACE
46858	119	1472	environment	GEONOUN
46858	120	964	Nuremberg	CAMP
46858	120	1278	Nuremberg	CAMP
46858	120	1537	ministry	GEONOUN
46858	120	1760	department	GEONOUN
46858	120	1781	department	GEONOUN
46858	123	1611	territory	GEONOUN
46858	123	1624	Germany	COUNTRY
46858	123	2096	division	GEONOUN
46858	125	265	the First World War	EVENT
46858	125	465	state	GEONOUN
46858	125	474	Prussia	PLACE
46858	125	494	state	GEONOUN
46858	125	503	Prussia	PLACE
46858	125	563	state	GEONOUN
46858	125	880	Rotterdam	CITY
46858	125	1077	the hour	TIME
46858	125	1108	Austria	COUNTRY
46858	125	1912	fell	GEONOUN
46858	125	1965	the Battle of Britain	EVENT
46858	125	2068	Russia	COUNTRY
46858	125	2785	rooms	GEONOUN
46858	125	2806	one day	DATE
46858	125	3147	the early days	DATE
46858	125	3165	Nuremberg	EVENT
46858	125	3185	courthouse	GEONOUN
46858	125	3283	room	GEONOUN
46858	125	3309	courthouse	GEONOUN
46858	125	3444	this day	DATE
46858	125	3489	room	GEONOUN
46858	125	3712	courthouse	GEONOUN
46858	125	3726	Nuremberg	CAMP
46858	126	72	seat	GEONOUN
46858	126	84	dock	GEONOUN
46858	126	112	seat	GEONOUN
46858	126	375	dock	GEONOUN
46858	126	707	the Battle of Britain	EVENT
46858	126	766	ruins	GEONOUN
46858	126	957	seat	GEONOUN
46858	126	969	dock	GEONOUN
46858	127	400	seat	GEONOUN
46858	127	455	seat	GEONOUN
46858	128	643	prison	GEONOUN
46858	128	1081	a great many hours	TIME
46858	128	1273	US	PLACE
46858	128	1810	concentration camps	GEONOUN
46858	128	1844	that day	DATE
46858	128	3018	Yugoslavia	CAMP
46858	130	241	pass	GEONOUN
46858	130	301	Christmas time, 1945	DATE
46858	130	385	room	GEONOUN
46858	130	394	Christmas	DATE
46858	130	526	courtyard	GEONOUN
46858	132	242	room	GEONOUN
46858	132	428	room	GEONOUN
46858	133	19	room	GEONOUN
46858	133	213	camps	GEONOUN
46858	133	230	houses	GEONOUN
46858	133	347	houses	GEONOUN
46858	133	374	houses	GEONOUN
46858	133	462	Nuremberg	CAMP
46858	133	723	Nuremberg	CAMP
46858	133	921	Auschwitz	CAMP
46858	133	1437	rooms	GEONOUN
46858	133	1462	facilities	GEONOUN
46858	133	1653	minutes	TIME
46858	134	62	court	GEONOUN
46858	138	169	Nuremberg	CAMP
46858	138	255	camps	GEONOUN
46858	138	310	Nuremberg	CAMP
46858	139	60	Nuremberg	CAMP
46858	140	132	court	GEONOUN
46858	140	333	court	GEONOUN
46858	142	70	9:00	TIME
46858	142	76	9:30 in the morning	TIME
46858	142	112	12:00 or so	TIME
46858	142	313	cafeteria	GEONOUN
46858	142	330	courthouse	GEONOUN
46858	142	476	the Grand Hotel	PLACE
46858	142	522	the Grand Hotel	PLACE
46858	142	583	bridge	GEONOUN
46858	142	602	bar	GEONOUN
46858	142	624	9:30	TIME
46858	142	630	10:30	TIME
46858	142	637	11:30	TIME
46858	142	687	the next day	DATE
46858	142	722	all Saturdays	DATE
46858	142	766	Saturdays	DATE
46858	142	780	Sundays	DATE
46858	142	807	Germany	COUNTRY
46858	142	871	Venice	CITY
46858	142	890	a weekend	DATE
46858	143	147	the Grand Hotel	PLACE
46858	144	15	Thanksgiving	DATE
46858	144	39	the Grand Hotel	PLACE
46858	144	178	houses	GEONOUN
46858	144	520	Nuremberg	CAMP
46858	144	1000	a minute	TIME
46858	144	1371	Auschwitz	CAMP
46858	144	1418	Dachau	CITY
46858	144	1519	Auschwitz	CAMP
46858	144	2250	concentration camp	GEONOUN
46858	144	2566	vault	GEONOUN
46858	144	2579	Reichsbank	PLACE
46858	144	2593	Berlin	CITY
46858	144	2943	concentration camp	GEONOUN
46858	144	3018	concentration camps	GEONOUN
46858	144	3606	this day	DATE
46858	144	3675	Mauthausen	PLACE
46858	144	3792	hours	TIME
46858	144	3905	Mauthausen	PLACE
46858	144	3960	12 years old	DATE
46858	145	133	the day	DATE
46858	145	490	the day	DATE
46858	145	962	today	DATE
46858	145	1385	extension	GEONOUN
46858	145	1605	Germany	COUNTRY
46858	145	1616	France	COUNTRY
46858	145	1626	Japan	COUNTRY
46858	145	1635	England	PLACE
46858	145	1741	Yugoslavia	CAMP
46858	146	871	1929	DATE
46858	146	879	1930	DATE
46858	146	1240	1932	DATE
46858	146	1250	1945	DATE
46858	146	1939	Poland	COUNTRY
46858	146	2018	Poland	COUNTRY
46858	146	2638	England	PLACE
46858	146	3349	his last days	DATE
46858	146	3534	Auschwitz	CAMP
46858	146	3742	resort	GEONOUN
46858	146	4109	12 years	DATE
46858	147	89	22	DATE
46858	147	146	Nuremberg	CAMP
46858	147	517	Nuremberg	CAMP
46858	147	983	concentration camp	GEONOUN
46858	147	1641	Germany	COUNTRY
46858	147	1706	today	DATE
46858	147	2178	Korea	PLACE
46858	147	2247	Iraq	COUNTRY
46858	147	2285	court	GEONOUN
46858	147	2540	Nuremberg	EVENT
46858	149	144	Nuremberg	CAMP
46858	149	356	Hungary	COUNTRY
46858	149	428	Jewish	GEONOUN
46858	149	2667	Reichstag	PLACE
46858	149	2971	nine or 10 hours	TIME
46858	149	3006	two-hour	TIME
46858	149	3364	Munich	CITY
46858	149	3446	Nuremberg	CAMP
46858	149	3459	Munich	CITY
46858	149	3481	the wintertime	DATE
46858	149	3533	those days	DATE
46858	149	3606	Autobahn	PLACE
46858	149	3811	Autobahn	PLACE
46858	149	3828	Munich	CITY
46858	149	3839	Nuremberg	CAMP
46858	149	3871	patch	GEONOUN
46858	149	3912	a minute	TIME
46858	151	58	1928	DATE
46858	151	108	1932	DATE
46858	151	188	pool	GEONOUN
46858	151	302	Berlin	CITY
46858	151	337	pool	GEONOUN
46858	152	84	two or three days	DATE
46858	152	269	England	PLACE
46858	152	774	fall	GEONOUN
46858	152	797	Russia	COUNTRY
46858	152	1159	Berlin	CITY
46858	152	1521	city	GEONOUN
46858	152	1740	Nuremberg	CAMP
46858	152	2090	state	GEONOUN
46858	152	2129	state	GEONOUN
46858	152	2279	chapel	GEONOUN
46858	152	2358	Paris	CITY
46858	152	2382	daily	DATE
46858	152	2474	Paris	CITY
46858	152	3295	the Soviet Union	PLACE
46858	152	3421	Russia	COUNTRY
46858	152	3648	the last few days	DATE
46858	153	224	plain	GEONOUN
46858	153	265	Germany	COUNTRY
46858	154	160	Germany	COUNTRY
46858	154	220	Germany	COUNTRY
46858	154	245	Nuremberg	CAMP
46858	156	721	house	GEONOUN
46858	156	1063	Holocaust	EVENT
46858	156	1107	Germany	COUNTRY
46858	156	1372	Stuttgart	CITY
46858	157	263	Germany	COUNTRY
46858	157	338	Germany	COUNTRY
46858	157	572	those days	DATE
46858	157	611	shallow	GEONOUN
46858	158	316	the United States	COUNTRY
46858	159	58	detached	GEONOUN
46858	159	235	US	PLACE
46858	159	311	detached	GEONOUN
46858	160	430	scene	GEONOUN
46858	161	59	college	GEONOUN
46858	161	100	August	DATE
46858	161	117	1945	DATE
46858	161	179	the last week	DATE
46858	161	196	a couple of weeks	DATE
46858	162	139	college	GEONOUN
46858	162	157	1946	DATE
46858	164	194	Germany	COUNTRY
46858	164	328	US	PLACE
46858	164	602	college	GEONOUN
46858	165	0	1949	DATE
46858	166	0	Six months later	DATE
46858	166	41	June of 1949	DATE
46858	166	70	December the 23rd, 1949	DATE
46858	169	119	departments	GEONOUN
46858	169	470	college	GEONOUN
46858	169	626	three years	DATE
46858	169	689	bench	GEONOUN
46858	169	721	1957	DATE
46858	169	823	1957	DATE
46858	169	866	the era	DATE
46858	169	1077	building	GEONOUN
46858	169	1117	Cape Kennedy	PLACE
46858	171	504	the next 20 or so years	DATE
46858	172	160	town	GEONOUN
46858	172	168	Gardelegen	PLACE
46858	172	243	Germany	COUNTRY
46858	172	264	Saxony-Anhalt	PLACE
46858	172	372	Boston	CITY
46858	172	398	38	DATE
46858	172	431	six	DATE
46858	172	440	eight	DATE
46858	172	451	nine	DATE
46858	172	733	boat	GEONOUN
46858	172	749	ocean	GEONOUN
46858	172	782	this year	DATE
46858	172	849	1962	DATE
46858	172	1010	Japan	COUNTRY
46858	172	1052	Europe	CONTINENT
46858	172	1219	Germany	COUNTRY
46858	172	1257	Germany	COUNTRY
46858	172	1293	town	GEONOUN
46858	172	1326	East Germany	PLACE
46858	172	1448	England	PLACE
46858	172	1492	land	GEONOUN
46858	172	1505	plain	GEONOUN
46858	172	1577	England	PLACE
46858	172	1659	town	GEONOUN
46858	172	1667	Germany	COUNTRY
46858	172	1902	those days	DATE
46858	172	1960	Hannover	CITY
46858	172	1972	Berlin	CITY
46858	172	2005	corridor	GEONOUN
46858	172	2034	town	GEONOUN
46858	172	2162	a month or so	DATE
46858	172	2287	town	GEONOUN
46858	172	2360	Jewish	GEONOUN
46858	172	2385	town	GEONOUN
46858	172	2420	town	GEONOUN
46858	172	2753	hotel	GEONOUN
46858	172	2950	Gardelegen	PLACE
46858	172	2992	five more years	DATE
46858	172	3175	a minute	TIME
46858	172	3822	Germany	COUNTRY
46858	172	3917	Dachau	CITY
46858	172	4001	Germany	COUNTRY
46858	172	4098	Germany	COUNTRY
46858	172	4175	Berlin	CITY
46858	172	4311	Paris	CITY
46858	172	4373	Gardelegen	PLACE
46858	172	4489	high school	GEONOUN
46858	172	4779	town	GEONOUN
46858	172	4810	church	GEONOUN
46858	172	4911	room	GEONOUN
46858	172	5275	town	GEONOUN
46858	172	5408	Gardelegen	PLACE
46858	172	5832	60 years	DATE
46858	172	5869	Jewish	GEONOUN
46858	172	5933	concentration camp	GEONOUN
46858	172	6040	town	GEONOUN
46858	172	6175	Jewish	GEONOUN
46858	173	89	Paris	CITY
46858	173	109	1996	DATE
46858	173	231	a minute	TIME
46858	173	313	78	DATE
46858	173	317	79	DATE
46858	173	409	community	GEONOUN
46858	173	432	Gardelegen	PLACE
46858	173	457	town	GEONOUN
46858	173	576	field	GEONOUN
46858	173	591	factory	GEONOUN
46858	173	801	Jewish community	GEONOUN
46858	173	808	community	GEONOUN
46858	173	825	town	GEONOUN
46858	173	833	Gardelegen	PLACE
46858	173	989	Gardelegen	PLACE
46858	173	1242	town	GEONOUN
46858	173	1367	raise	GEONOUN
46858	173	1436	Jewish	GEONOUN
46858	173	1455	Germany	COUNTRY
46858	173	1483	the 19th century	DATE
46858	173	1523	the earliest 20th century	DATE
46858	173	1833	museum	GEONOUN
46858	173	2100	school	GEONOUN
46858	173	2190	Saxony-Anhalt	PLACE
46858	173	2240	Gardelegen	PLACE
46858	173	2547	Jewish	GEONOUN
46858	173	2609	1996	DATE
46858	173	2770	school	GEONOUN
46858	173	2780	England	PLACE
46858	173	2943	Auschwitz	CAMP
46858	173	3027	concentration camp	GEONOUN
46858	173	3719	setting	GEONOUN
46858	173	4085	seat	GEONOUN
46858	173	4136	Israel	COUNTRY
46858	173	4231	this year--	DATE
46858	173	4248	less than a month ago--	DATE
46858	173	4357	town	GEONOUN
46858	173	4365	Gardelegen	PLACE
46858	173	4391	museum	GEONOUN
46858	173	4416	school	GEONOUN
46858	173	4521	Kristallnacht--	EVENT
46858	173	4537	the night of November 1938	TIME
46858	173	4752	vestibule	GEONOUN
46858	173	4782	bank	GEONOUN
46858	173	4794	town	GEONOUN
46858	173	4905	museum	GEONOUN
46858	173	4980	reception	GEONOUN
46858	173	5184	reception	GEONOUN
46858	173	5334	Paris	CITY
46858	173	5407	receptions	GEONOUN
46858	173	5569	last week--	DATE
46858	173	5632	state	GEONOUN
46858	173	5641	Saxony-Anhalt	PLACE
46858	173	5662	New York	US-STATE
46858	174	132	Germany	COUNTRY
46858	175	126	the 21st of March, 1813	DATE
46858	175	174	the Napoleonic Wars	EVENT
46858	175	262	the Kingdom of Prussia	PLACE
46858	175	328	Prussia	PLACE
46858	176	86	concentration camp	GEONOUN
46858	176	134	six days--	DATE
46858	178	0	Buchenwald	CAMP
46858	179	23	elevation	GEONOUN
46858	179	94	city	GEONOUN
46858	179	102	Bombay	PLACE
46858	179	133	the British Indian Crown Colony of India	PLACE
46858	179	245	area	GEONOUN
46858	179	253	Bombay	PLACE
46858	179	346	station	GEONOUN
46858	182	3	'40--	DATE
46858	182	30	October the 7th	DATE
46858	182	99	the 6th of January, 1941	DATE
46858	182	131	city	GEONOUN
46858	182	139	Bombay	PLACE
46858	182	221	the United States	COUNTRY
46858	183	32	19	DATE
46858	184	15	1940	DATE
46858	184	26	17	DATE
46858	185	45	17	DATE
46858	186	40	Bombay	PLACE
46858	186	48	India	COUNTRY
46858	186	57	the 12th of March, 1941	DATE
46858	186	147	England	PLACE
46858	186	184	school	GEONOUN
46858	188	269	America	COUNTRY
46858	188	278	about 1948	DATE
46858	188	339	Baltimore	CITY
46858	189	50	1948	DATE
46858	189	139	Baltimore	CITY
46858	189	150	Maryland	US-STATE
46858	189	212	Gardelegen	PLACE
46858	189	241	April of 1929	DATE
46858	189	272	corner	GEONOUN
46858	189	688	court	GEONOUN
46858	190	41	rooms	GEONOUN
46858	190	54	courthouse	GEONOUN
46858	190	68	Nuremberg	CAMP
46858	191	0	1945	DATE
46858	192	75	the United States	COUNTRY
46858	192	96	the Nuremberg Trial	EVENT
46858	192	211	the Nuremberg Trial	EVENT
46858	192	318	St. Louis	CITY
46858	193	0	1946	DATE
46858	194	1111	house this year	GEONOUN
46858	194	1117	this year	DATE
46858	194	1131	1998	DATE
