FileID	AnswerID	StartCharPos	Entity	Type
46957	5	14	5th of April, 1929	DATE
46957	8	5	Poland	COUNTRY
46957	9	12	town	GEONOUN
46957	9	22	Ujazd	PLACE
46957	9	47	Lódz	PLACE
46957	9	65	L-O-D	PLACE
46957	18	168	factory	GEONOUN
46957	18	205	rooms	GEONOUN
46957	18	261	Lódz	PLACE
46957	24	199	these days	DATE
46957	25	30	every night	TIME
46957	25	46	2 o'clock	TIME
46957	25	190	Ujazd	PLACE
46957	25	413	about 8, 9 o'clock	TIME
46957	25	444	synagogue	GEONOUN
46957	25	535	night	TIME
46957	25	544	late at night	TIME
46957	26	11	Every morning	TIME
46957	27	61	school	GEONOUN
46957	27	132	synagogue	GEONOUN
46957	27	149	a Saturday	DATE
46957	27	194	synagogue	GEONOUN
46957	28	48	Ujazd	PLACE
46957	28	104	town	GEONOUN
46957	28	152	village	GEONOUN
46957	28	205	town	GEONOUN
46957	28	221	Jewish	GEONOUN
46957	28	251	station	GEONOUN
46957	28	272	post office	GEONOUN
46957	28	294	town hall	GEONOUN
46957	28	309	school	GEONOUN
46957	28	329	church	GEONOUN
46957	29	81	house	GEONOUN
46957	31	78	room	GEONOUN
46957	31	90	house	GEONOUN
46957	31	131	bungalow	GEONOUN
46957	31	228	houses	GEONOUN
46957	31	270	town	GEONOUN
46957	33	27	night	TIME
46957	33	283	a Friday	TIME
46957	33	318	Shabbos	DATE
46957	33	630	house	GEONOUN
46957	34	0	Shabbos evening	DATE
46957	34	156	house	GEONOUN
46957	34	427	house	GEONOUN
46957	35	105	town	GEONOUN
46957	35	322	school	GEONOUN
46957	38	82	Jewish	GEONOUN
46957	38	113	Jewish	GEONOUN
46957	39	144	Poland	COUNTRY
46957	39	425	Warsaw	CITY
46957	39	473	Warsaw	CITY
46957	39	506	Krakow	PLACE
46957	39	538	Krakow	PLACE
46957	41	248	school	GEONOUN
46957	41	260	village	GEONOUN
46957	41	289	village	GEONOUN
46957	41	346	village	GEONOUN
46957	41	401	school	GEONOUN
46957	41	519	Poland	COUNTRY
46957	41	767	town	GEONOUN
46957	41	947	Lódz	PLACE
46957	41	1012	Poland	COUNTRY
46957	41	1054	Poland	COUNTRY
46957	41	1215	Lódz	PLACE
46957	41	1697	area	GEONOUN
46957	41	1825	Lódz	PLACE
46957	43	16	village	GEONOUN
46957	43	35	Lipinki	PLACE
46957	45	86	Jewish	GEONOUN
46957	45	107	area	GEONOUN
46957	46	55	school	GEONOUN
46957	46	74	school	GEONOUN
46957	46	177	Jewish	GEONOUN
46957	46	196	Jewish	GEONOUN
46957	46	276	those days	DATE
46957	47	35	Jewish	GEONOUN
46957	47	54	Jewish	GEONOUN
46957	48	160	Jewish	GEONOUN
46957	48	208	two days	DATE
46957	48	236	Saturday	DATE
46957	48	249	Sunday	DATE
46957	48	333	Jewish	GEONOUN
46957	48	467	Jewish	GEONOUN
46957	48	594	school	GEONOUN
46957	48	606	Jewish	GEONOUN
46957	48	663	morning	TIME
46957	49	277	that day	DATE
46957	49	638	Ujazd	PLACE
46957	49	649	Lódz	PLACE
46957	49	875	town	GEONOUN
46957	49	891	Jewish	GEONOUN
46957	49	1002	Lódz	PLACE
46957	51	221	England	PLACE
46957	52	3	Jewish	GEONOUN
46957	52	41	school	GEONOUN
46957	52	116	two hours	TIME
46957	52	129	three hours	TIME
46957	52	211	Jewish	GEONOUN
46957	54	28	about three to four years	DATE
46957	63	117	Jewish	GEONOUN
46957	63	132	Jewish	GEONOUN
46957	63	514	school	GEONOUN
46957	65	55	the end of the year	DATE
46957	65	286	Jewish	GEONOUN
46957	68	203	town	GEONOUN
46957	68	258	Shabbos	PLACE
46957	68	507	community	GEONOUN
46957	68	550	community	GEONOUN
46957	68	633	today	DATE
46957	68	1055	community	GEONOUN
46957	74	59	Jewish	GEONOUN
46957	74	119	Jewish	GEONOUN
46957	74	160	Jewish	GEONOUN
46957	74	204	town	GEONOUN
46957	74	277	town	GEONOUN
46957	74	285	Ujazd	PLACE
46957	74	362	Jewish	GEONOUN
46957	74	387	town	GEONOUN
46957	83	59	Lodz	PLACE
46957	83	117	town	GEONOUN
46957	83	214	house	GEONOUN
46957	83	285	town	GEONOUN
46957	86	77	town	GEONOUN
46957	86	85	Lodz	PLACE
46957	86	101	Ujazd	PLACE
46957	86	117	stopover	GEONOUN
46957	86	129	Ujazd	PLACE
46957	86	261	Lodz	PLACE
46957	87	151	house	GEONOUN
46957	88	17	house	GEONOUN
46957	88	150	house	GEONOUN
46957	88	169	rooms	GEONOUN
46957	88	213	rooms	GEONOUN
46957	89	126	one night	TIME
46957	89	207	town	GEONOUN
46957	89	371	town	GEONOUN
46957	89	686	town	GEONOUN
46957	89	719	England	PLACE
46957	90	29	'39	DATE
46957	90	63	'39	DATE
46957	90	80	'38	DATE
46957	90	161	town	GEONOUN
46957	93	107	Saturday	DATE
46957	93	160	Saturday	DATE
46957	93	471	lock	GEONOUN
46957	93	649	Saturdays	DATE
46957	93	695	those days	DATE
46957	93	731	those days	DATE
46957	93	867	Jewish	GEONOUN
46957	93	1068	Jewish	GEONOUN
46957	93	1365	town	GEONOUN
46957	93	1534	town	GEONOUN
46957	94	92	America	COUNTRY
46957	96	180	Uruguay	COUNTRY
46957	96	192	Montevideo	CITY
46957	96	519	Ujazd	PLACE
46957	96	715	Uruguay	COUNTRY
46957	96	923	just every new year	DATE
46957	97	11	complex	GEONOUN
46957	97	51	synagogue	GEONOUN
46957	97	81	synagogue	GEONOUN
46957	98	3	Ujazd	PLACE
46957	98	43	synagogue	GEONOUN
46957	98	95	Venice	CITY
46957	98	148	complex	GEONOUN
46957	98	198	river	GEONOUN
46957	98	251	synagogue	GEONOUN
46957	98	389	synagogue	GEONOUN
46957	98	436	synagogue	GEONOUN
46957	98	511	synagogue	GEONOUN
46957	98	575	complex	GEONOUN
46957	98	603	synagogue	GEONOUN
46957	99	4	synagogue	GEONOUN
46957	99	111	Yom Kippur	DATE
46957	99	139	synagogue	GEONOUN
46957	99	245	synagogue	GEONOUN
46957	99	342	synagogue	GEONOUN
46957	99	615	slaughterhouse	GEONOUN
46957	99	844	Jewish	GEONOUN
46957	99	877	Jewish	GEONOUN
46957	100	7	peak	GEONOUN
46957	100	55	town	GEONOUN
46957	100	158	Saturday	DATE
46957	100	215	synagogue	GEONOUN
46957	100	360	Saturday	DATE
46957	100	370	Shabbos	DATE
46957	100	398	the winter--	DATE
46957	100	506	Jewish	GEONOUN
46957	100	671	house	GEONOUN
46957	100	752	houses	GEONOUN
46957	101	18	winter	DATE
46957	101	155	facilities	GEONOUN
46957	101	172	winter	DATE
46957	102	32	river	GEONOUN
46957	105	159	the summer	DATE
46957	105	217	foot	GEONOUN
46957	105	283	hospital	GEONOUN
46957	105	374	hospital	GEONOUN
46957	105	437	hospital	GEONOUN
46957	105	478	town	GEONOUN
46957	106	55	Poland	COUNTRY
46957	106	406	town	GEONOUN
46957	106	495	the same day--	DATE
46957	106	518	a few days old	DATE
46957	107	38	house	GEONOUN
46957	107	239	town	GEONOUN
46957	107	369	synagogue	GEONOUN
46957	107	421	town	GEONOUN
46957	107	444	bricks	GEONOUN
46957	110	305	synagogue	GEONOUN
46957	110	402	synagogue complex	GEONOUN
46957	110	412	complex	GEONOUN
46957	112	118	town	GEONOUN
46957	113	12	Lodz	PLACE
46957	113	69	days	DATE
46957	113	106	Lodz	PLACE
46957	113	251	Lodz	PLACE
46957	113	277	Lodz	PLACE
46957	113	300	Widzew	PLACE
46957	113	308	Widzew	PLACE
46957	113	415	Lodz	PLACE
46957	113	440	Jewish	GEONOUN
46957	113	527	synagogue	GEONOUN
46957	113	546	synagogue	GEONOUN
46957	113	588	synagogue	GEONOUN
46957	113	764	Lodz	PLACE
46957	113	819	Lodz	PLACE
46957	113	878	ghetto	GEONOUN
46957	113	909	Lodz	PLACE
46957	113	931	ghetto	GEONOUN
46957	113	946	town	GEONOUN
46957	113	1110	Jewish	GEONOUN
46957	113	1514	Lodz	PLACE
46957	113	1519	ghetto	GEONOUN
46957	113	1555	all the years	DATE
46957	119	185	Jewish	GEONOUN
46957	119	202	town	GEONOUN
46957	122	86	Lodz	PLACE
46957	122	91	ghetto	GEONOUN
46957	122	285	Jewish	GEONOUN
46957	122	432	Lodz	PLACE
46957	122	437	ghetto	GEONOUN
46957	122	648	town	GEONOUN
46957	122	671	town	GEONOUN
46957	122	706	ghetto	GEONOUN
46957	122	919	Ujazd	PLACE
46957	123	37	the beginning of 1941	DATE
46957	123	64	the beginning of 1940	DATE
46957	123	89	'41	DATE
46957	123	135	'40, 1940	DATE
46957	123	246	1941	DATE
46957	123	341	ghetto	GEONOUN
46957	123	883	eight days	DATE
46957	123	920	the day	DATE
46957	123	1229	today	DATE
46957	123	1253	tomorrow	DATE
46957	123	1300	the day	DATE
46957	123	1350	another day	DATE
46957	123	1362	tomorrow	DATE
46957	123	1376	every day--	DATE
46957	123	1396	every week	DATE
46957	123	1543	ghetto	GEONOUN
46957	123	1579	houses	GEONOUN
46957	123	1646	houses	GEONOUN
46957	123	1679	Jewish	GEONOUN
46957	123	1717	houses	GEONOUN
46957	123	1752	block	GEONOUN
46957	123	1761	flats	GEONOUN
46957	123	2418	flat	GEONOUN
46957	123	2432	block	GEONOUN
46957	123	2867	all day long	DATE
46957	123	3099	pit	GEONOUN
46957	123	3128	pit	GEONOUN
46957	123	3327	wood	GEONOUN
46957	123	3609	wood	GEONOUN
46957	123	3695	grave	GEONOUN
46957	123	3797	around about 1941	DATE
46957	126	0	About 11	TIME
46957	127	32	rooms	GEONOUN
46957	127	323	ghetto	GEONOUN
46957	127	683	rough	GEONOUN
46957	127	1449	ghetto	GEONOUN
46957	127	1459	Lodz	PLACE
46957	128	15	reach	GEONOUN
46957	128	51	reach	GEONOUN
46957	130	91	evening	TIME
46957	130	118	night	TIME
46957	130	171	tomorrow	DATE
46957	130	634	today	DATE
46957	130	846	eight days	DATE
46957	130	896	four days	DATE
46957	130	1020	the four days	DATE
46957	130	1147	eight days	DATE
46957	130	1187	every day	DATE
46957	130	1414	hiding place	GEONOUN
46957	130	1449	late evening	TIME
46957	130	1486	the middle of the night	TIME
46957	130	1533	fall	GEONOUN
46957	130	1626	winters	DATE
46957	130	1733	the middle of the night	TIME
46957	130	2151	'42	DATE
46957	130	2253	ghetto	GEONOUN
46957	130	2556	house	GEONOUN
46957	130	2979	farms	GEONOUN
46957	130	2996	houses	GEONOUN
46957	130	3360	the end of 1942	DATE
46957	130	3800	neck	GEONOUN
46957	130	3978	farms	GEONOUN
46957	130	4599	ghetto	GEONOUN
46957	130	4725	Lodz	PLACE
46957	130	4730	ghetto	GEONOUN
46957	130	5020	Poland	COUNTRY
46957	130	5298	town	GEONOUN
46957	130	5314	Jewish area	GEONOUN
46957	130	5321	area	GEONOUN
46957	130	5497	Lodz	PLACE
46957	130	5502	ghetto	GEONOUN
46957	130	5566	factory	GEONOUN
46957	130	5716	factory	GEONOUN
46957	130	5750	house	GEONOUN
46957	130	6899	garden	GEONOUN
46957	130	6954	earth	GEONOUN
46957	130	8101	ghetto	GEONOUN
46957	130	8602	1944	DATE
46957	130	8617	June, July 1944	DATE
46957	131	484	manor	GEONOUN
46957	131	519	spare	GEONOUN
46957	131	733	house	GEONOUN
46957	132	0	About three, four	DATE
46957	132	194	ghetto	GEONOUN
46957	133	349	house	GEONOUN
46957	137	366	ghetto	GEONOUN
46957	139	176	room	GEONOUN
46957	139	296	Jewish	GEONOUN
46957	140	23	1943	DATE
46957	141	18	1943	DATE
46957	141	97	the middle of the night	TIME
46957	141	641	Poland	COUNTRY
46957	142	231	ghetto	GEONOUN
46957	142	295	those days	DATE
46957	142	430	farm	GEONOUN
46957	142	585	block	GEONOUN
46957	142	627	Lodz	PLACE
46957	142	646	Ujazd	PLACE
46957	142	1404	reserve	GEONOUN
46957	143	286	fell	GEONOUN
46957	143	381	fall	GEONOUN
46957	143	478	fall	GEONOUN
46957	145	13	factory	GEONOUN
46957	145	51	factory	GEONOUN
46957	145	160	factory	GEONOUN
46957	145	264	factory	GEONOUN
46957	145	360	factory premises	GEONOUN
46957	145	368	premises	GEONOUN
46957	145	733	Jewish	GEONOUN
46957	147	93	Jewish	GEONOUN
46957	147	316	factory	GEONOUN
46957	147	793	spot	GEONOUN
46957	149	131	downstairs	GEONOUN
46957	149	194	block	GEONOUN
46957	149	309	train	GEONOUN
46957	150	154	farm	GEONOUN
46957	150	602	that day	DATE
46957	150	682	downstairs	GEONOUN
46957	151	15	about four or five	TIME
46957	153	57	divide	GEONOUN
46957	153	463	corner	GEONOUN
46957	155	111	the day	DATE
46957	155	539	house	GEONOUN
46957	156	180	ghetto	GEONOUN
46957	156	602	factory	GEONOUN
46957	156	737	house	GEONOUN
46957	156	774	hospital	GEONOUN
46957	156	808	house	GEONOUN
46957	156	844	house	GEONOUN
46957	156	1391	loft	GEONOUN
46957	156	1416	loft	GEONOUN
46957	156	1476	loft	GEONOUN
46957	156	1536	evening	TIME
46957	156	1608	the following day	DATE
46957	156	1842	house	GEONOUN
46957	156	2066	scene	GEONOUN
46957	157	4	Jewish	GEONOUN
46957	158	28	Jewish	GEONOUN
46957	158	85	downstairs	GEONOUN
46957	158	115	windows	GEONOUN
46957	159	4	Jewish	GEONOUN
46957	160	265	the following day	DATE
46957	160	388	15 or 16 years of age	DATE
46957	160	749	20 years	DATE
46957	160	1109	today	DATE
46957	161	14	today	DATE
46957	161	31	Tomorrow	DATE
46957	161	124	the day	DATE
46957	161	209	tomorrow	DATE
46957	161	221	the day after	DATE
46957	161	249	the day	DATE
46957	161	344	Monday	DATE
46957	161	352	Tuesday	DATE
46957	161	364	Wednesday	DATE
46957	161	378	Saturday	DATE
46957	161	391	Sunday	DATE
46957	161	1166	June-July 1994	DATE
46957	161	1222	ghetto	GEONOUN
46957	164	229	1944	DATE
46957	164	235	June-July	DATE
46957	165	184	the day-- on the day before	DATE
46957	165	296	three or four days	DATE
46957	165	366	eight days	DATE
46957	165	385	four or five days	DATE
46957	165	404	the last three days	DATE
46957	165	531	the night before	TIME
46957	165	736	England	PLACE
46957	165	783	bank	GEONOUN
46957	165	1667	Jewish	GEONOUN
46957	165	1899	the last minute	TIME
46957	165	2558	four days	DATE
46957	165	3545	today	DATE
46957	167	287	loft	GEONOUN
46957	167	366	my working hours	TIME
46957	168	13	ghetto	GEONOUN
46957	168	92	Golders Green	CITY
46957	168	107	Hendon	PLACE
46957	168	119	Edgware	PLACE
46957	168	145	Stanmore	PLACE
46957	168	188	town	GEONOUN
46957	168	357	factory	GEONOUN
46957	168	408	the summer	DATE
46957	168	466	garden	GEONOUN
46957	168	494	the summer	DATE
46957	168	568	house	GEONOUN
46957	168	593	house	GEONOUN
46957	168	725	garden	GEONOUN
46957	168	864	block	GEONOUN
46957	168	1125	bar	GEONOUN
46957	168	1180	pillar	GEONOUN
46957	168	1190	post	GEONOUN
46957	168	1199	the morning	TIME
46957	168	1236	the evening	TIME
46957	168	1321	garden	GEONOUN
46957	168	1453	June-July 1944	DATE
46957	169	207	ghetto	GEONOUN
46957	169	327	Jewish	GEONOUN
46957	169	531	ghetto	GEONOUN
46957	169	584	factory	GEONOUN
46957	170	29	around 1943	DATE
46957	171	114	ghetto	GEONOUN
46957	172	97	ghetto	GEONOUN
46957	172	503	Warsaw	CITY
46957	172	565	ghetto	GEONOUN
46957	174	26	Jewish	GEONOUN
46957	174	247	Jewish	GEONOUN
46957	174	295	Jerusalem	CITY
46957	174	306	the Yad Vashem	PLACE
46957	174	432	walls	GEONOUN
46957	174	456	Jewish	GEONOUN
46957	175	421	Auschwitz	CAMP
46957	180	287	day	DATE
46957	180	324	Lódz	PLACE
46957	180	329	ghetto	GEONOUN
46957	185	1150	factory	GEONOUN
46957	185	1177	today	DATE
46957	185	1224	factory	GEONOUN
46957	185	1233	The next day	DATE
46957	185	1551	tomorrow	DATE
46957	185	1578	that day	DATE
46957	185	1951	ghetto	GEONOUN
46957	185	2014	ghetto	GEONOUN
46957	185	2104	factory	GEONOUN
46957	185	2378	factory	GEONOUN
46957	185	2415	factory	GEONOUN
46957	185	2566	about seven days	DATE
46957	185	2860	factory	GEONOUN
46957	185	3196	Auschwitz	CAMP
46957	185	3249	Auschwitz	CAMP
46957	185	4057	ghetto	GEONOUN
46957	185	4137	houses	GEONOUN
46957	185	4592	factory	GEONOUN
46957	185	4636	houses	GEONOUN
46957	185	4687	ghetto	GEONOUN
46957	185	4771	houses	GEONOUN
46957	185	4817	barracks	GEONOUN
46957	185	4942	factory	GEONOUN
46957	185	5568	every morning--	TIME
46957	185	5600	every morning	TIME
46957	185	5617	7 o'clock	TIME
46957	185	5630	7:30	TIME
46957	185	5749	every morning	TIME
46957	185	5805	factory	GEONOUN
46957	185	5837	factory	GEONOUN
46957	185	5951	country	GEONOUN
46957	185	5988	about six months	DATE
46957	185	6027	June, July till the--	DATE
46957	185	6107	January 1945	DATE
46957	185	6400	camp	GEONOUN
46957	185	6506	camp	GEONOUN
46957	185	6533	Jewish	GEONOUN
46957	185	6991	field	GEONOUN
46957	185	7063	camp	GEONOUN
46957	185	7089	buildings	GEONOUN
46957	185	7156	about a few hours	TIME
46957	185	7186	a day and a night	DATE
46957	185	7712	broom	GEONOUN
46957	185	7918	yard	GEONOUN
46957	185	8072	department	GEONOUN
46957	185	8120	shed	GEONOUN
46957	185	8138	factory	GEONOUN
46957	185	8217	cemetery	GEONOUN
46957	185	8255	cemetery	GEONOUN
46957	185	8527	cemetery	GEONOUN
46957	185	8662	Lódz	PLACE
46957	185	8667	ghetto	GEONOUN
46957	185	8974	every day	DATE
46957	185	9121	today	DATE
46957	185	9259	every morning	TIME
46957	185	9548	ghetto	GEONOUN
46957	185	9592	ghetto	GEONOUN
46957	185	9632	ghetto	GEONOUN
46957	185	9671	Jewish	GEONOUN
46957	185	9743	ghetto	GEONOUN
46957	185	9843	every day	DATE
46957	185	9998	6 o'clock	TIME
46957	185	10011	5 o'clock	TIME
46957	185	10520	ghetto	GEONOUN
46957	185	10588	tomorrow	DATE
46957	185	10597	morning	TIME
46957	185	10648	7 o'clock	TIME
46957	185	11268	ghetto	GEONOUN
46957	185	11536	factory	GEONOUN
46957	185	11976	11 o'clock at night	TIME
46957	185	12007	a dark night	TIME
46957	186	62	factory	GEONOUN
46957	186	117	factory	GEONOUN
46957	186	484	factory	GEONOUN
46957	186	922	ship	GEONOUN
46957	186	984	ship	GEONOUN
46957	186	1538	factory	GEONOUN
46957	186	1586	houses	GEONOUN
46957	186	1745	houses	GEONOUN
46957	186	1797	block	GEONOUN
46957	186	1806	flats	GEONOUN
46957	186	1813	ground	GEONOUN
46957	186	1929	basement	GEONOUN
46957	186	1949	basement	GEONOUN
46957	186	1993	basement	GEONOUN
46957	186	2021	steps	GEONOUN
46957	186	2062	basement	GEONOUN
46957	186	2135	basement	GEONOUN
46957	186	2210	basement	GEONOUN
46957	186	2275	upstairs	GEONOUN
46957	186	2346	upstairs	GEONOUN
46957	187	74	basement	GEONOUN
46957	187	163	board	GEONOUN
46957	187	240	board	GEONOUN
46957	187	293	basement	GEONOUN
46957	187	747	room	GEONOUN
46957	187	808	two days	DATE
46957	187	900	the third day	DATE
46957	187	941	room	GEONOUN
46957	187	1026	room	GEONOUN
46957	187	1070	flats	GEONOUN
46957	187	1095	rooms	GEONOUN
46957	187	1165	ghetto	GEONOUN
46957	187	1409	another day	DATE
46957	189	144	factory	GEONOUN
46957	189	155	Lódz	PLACE
46957	190	63	factory	GEONOUN
46957	190	462	factory	GEONOUN
46957	190	564	factory	GEONOUN
46957	190	754	the last six years	DATE
46957	190	1113	ghetto	GEONOUN
46957	192	283	the United States--	PLACE
46957	192	345	the United States	COUNTRY
46957	192	379	England	PLACE
46957	192	415	Poland	COUNTRY
46957	192	425	the United States	COUNTRY
46957	192	564	three years later	DATE
46957	192	586	four years later	DATE
46957	194	94	Appell	PLACE
46957	194	105	that morning	TIME
46957	194	525	building	GEONOUN
46957	194	538	building	GEONOUN
46957	196	173	upstairs	GEONOUN
46957	196	263	hole	GEONOUN
46957	197	237	reach	GEONOUN
46957	201	54	ghetto	GEONOUN
46957	201	222	Jakuba	PLACE
46957	202	159	every morning	TIME
46957	202	237	factory	GEONOUN
46957	204	757	cemetery	GEONOUN
46957	204	849	today	DATE
46957	204	870	fell	GEONOUN
46957	205	432	camp	GEONOUN
46957	205	498	town	GEONOUN
46957	205	557	today	DATE
46957	205	578	Lódz	PLACE
46957	208	76	boat	GEONOUN
46957	208	309	that evening	TIME
46957	208	336	camp	GEONOUN
46957	208	376	the following day	DATE
46957	208	867	slaughterhouse	GEONOUN
46957	208	1266	the following day	DATE
46957	208	1367	7 o'clock	TIME
46957	212	37	the night	TIME
46957	212	74	the night	TIME
46957	212	92	upstairs	GEONOUN
46957	212	113	building	GEONOUN
46957	213	166	Warsaw	CITY
46957	213	173	ghetto	GEONOUN
46957	214	60	Jewish	GEONOUN
46957	214	209	Lódz	PLACE
46957	214	214	ghetto	GEONOUN
46957	214	348	Lódz	PLACE
46957	214	430	Poland	COUNTRY
46957	214	632	ghetto	GEONOUN
46957	214	1037	ghetto	GEONOUN
46957	214	1116	town	GEONOUN
46957	214	1221	camps	GEONOUN
46957	218	138	yards	GEONOUN
46957	218	392	Jewish houses	GEONOUN
46957	218	399	houses	GEONOUN
46957	218	493	another day	DATE
46957	218	747	day	DATE
46957	220	41	street	GEONOUN
46957	225	7	factory	GEONOUN
46957	226	314	England	PLACE
46957	227	78	camps	GEONOUN
46957	227	89	Lódz	PLACE
46957	227	132	restaurant	GEONOUN
46957	227	211	restaurant	GEONOUN
46957	227	275	Jewish	GEONOUN
46957	227	325	factory	GEONOUN
46957	227	453	Jewish restaurant	GEONOUN
46957	227	460	restaurant	GEONOUN
46957	227	587	club	GEONOUN
46957	227	646	America	COUNTRY
46957	227	660	Israel	COUNTRY
46957	227	683	England	PLACE
46957	227	717	America	COUNTRY
46957	227	738	America	COUNTRY
46957	227	771	England	PLACE
46957	227	873	England	PLACE
46957	229	30	20	DATE
46957	229	51	18 years of age	DATE
46957	229	300	England	PLACE
46957	229	415	hotel	GEONOUN
46957	229	499	the end of November 1946	DATE
46957	229	539	England	PLACE
46957	229	609	Jewish	GEONOUN
46957	229	680	fall	GEONOUN
46957	229	1048	about two weeks	DATE
46957	229	1483	house	GEONOUN
46957	229	1845	England	PLACE
46957	229	2003	house	GEONOUN
46957	229	2040	Stamford Hill	CITY
46957	229	2167	hostel	GEONOUN
46957	229	2262	hostel	GEONOUN
46957	229	2492	Mare Street	PLACE
46957	229	2532	department	GEONOUN
46957	229	2570	Mare Street	PLACE
46957	229	2609	Hackney Road	PLACE
46957	229	2646	road	GEONOUN
46957	229	2687	Hackney	PLACE
46957	230	0	Lower Clapton Road	PLACE
46957	230	86	department	GEONOUN
46957	230	312	department	GEONOUN
46957	230	384	house	GEONOUN
46957	230	871	Hackney	PLACE
46957	230	882	Bath	CITY
46957	230	903	bridge	GEONOUN
46957	230	1063	corner	GEONOUN
46957	230	2124	road	GEONOUN
46957	231	461	Jewish	GEONOUN
46957	231	643	England	PLACE
46957	231	990	hostel	GEONOUN
46957	231	1043	hostel	GEONOUN
46957	231	1595	hostel	GEONOUN
46957	231	1626	board	GEONOUN
46957	231	1671	Friday	DATE
46957	231	1969	Friday	DATE
46957	231	2399	two weeks	DATE
46957	231	2424	second week	DATE
46957	231	2789	Jewish	GEONOUN
46957	231	2927	Middlesex Street	PLACE
46957	231	3127	one week	DATE
46957	231	3333	hostel	GEONOUN
46957	231	3605	Poland	COUNTRY
46957	231	3775	Cardiff	CITY
46957	231	3793	factory	GEONOUN
46957	231	3973	Cardiff	CITY
46957	231	4005	seven months	DATE
46957	231	4026	Cardiff	CITY
46957	231	4148	every week	DATE
46957	231	4272	factory	GEONOUN
46957	231	4361	every day	DATE
46957	231	4389	Cardiff	CITY
46957	231	4460	evening	TIME
46957	231	4506	all day	DATE
46957	231	4537	evening	TIME
46957	231	4642	seven months	DATE
46957	231	4664	Cardiff	CITY
46957	231	4699	London	CITY
46957	231	4777	hostel	GEONOUN
46957	231	4870	London	CITY
46957	231	4893	London	CITY
46957	232	74	'48	DATE
46957	232	224	factory	GEONOUN
46957	232	340	factory	GEONOUN
46957	232	405	factory	GEONOUN
46957	232	1153	factory	GEONOUN
46957	232	1164	Aldgate High Street	PLACE
46957	232	1565	this Aldgate High Street--	PLACE
46957	232	1726	factory	GEONOUN
46957	232	1777	factory	GEONOUN
46957	232	1948	basement	GEONOUN
46957	232	1983	steps	GEONOUN
46957	232	2013	basement	GEONOUN
46957	232	2060	upstairs	GEONOUN
46957	232	2083	downstairs	GEONOUN
46957	232	2204	steps	GEONOUN
46957	232	2306	about two hours' time	TIME
46957	232	2482	basement	GEONOUN
46957	232	2541	entrance	GEONOUN
46957	232	2778	steps	GEONOUN
46957	232	2846	two and a half hours	TIME
46957	232	2888	four hours	TIME
46957	234	237	factory	GEONOUN
46957	234	529	factory	GEONOUN
46957	234	563	hours	TIME
46957	234	666	factory	GEONOUN
46957	234	712	factory	GEONOUN
46957	234	793	factory	GEONOUN
46957	234	820	every five minutes--	TIME
46957	235	0	About two years	DATE
46957	235	17	Nearly two years	DATE
46957	237	4	'46	DATE
46957	239	94	factory	GEONOUN
46957	239	142	factory	GEONOUN
46957	240	61	factory	GEONOUN
46957	240	159	factory	GEONOUN
46957	240	239	factory	GEONOUN
46957	242	317	Chelmno	PLACE
46957	242	342	Chelmno	PLACE
46957	242	393	camp	GEONOUN
46957	243	281	camps	GEONOUN
46957	243	324	Israel	COUNTRY
46957	246	8	factory	GEONOUN
46957	247	172	England	PLACE
46957	247	314	Jewish	GEONOUN
46957	247	385	buildings	GEONOUN
46957	247	828	Jewish	GEONOUN
46957	247	898	Jewish	GEONOUN
46957	247	961	area	GEONOUN
46957	247	985	Jewish	GEONOUN
46957	247	1026	factory	GEONOUN
46957	247	1066	the evening	TIME
46957	247	1090	town	GEONOUN
46957	247	1216	England	PLACE
46957	250	50	Poland	COUNTRY
46957	251	73	Jewish houses	GEONOUN
46957	251	80	houses	GEONOUN
46957	251	386	area	GEONOUN
46957	251	857	Pesach	EVENT
46957	251	1466	area	GEONOUN
46957	252	422	England	PLACE
46957	252	450	London	CITY
46957	252	550	Poland	COUNTRY
46957	256	56	Poland	COUNTRY
46957	256	193	Jewish	GEONOUN
46957	256	460	England	PLACE
46957	257	125	Poland	COUNTRY
46957	257	208	factory	GEONOUN
46957	257	391	Paris	CITY
46957	257	464	Paris	CITY
46957	257	563	Poland	COUNTRY
46957	258	13	Jewish	GEONOUN
46957	263	109	hostel	GEONOUN
46957	263	279	England	PLACE
46957	263	311	school	GEONOUN
46957	268	202	today	DATE
46957	271	267	mills	GEONOUN
46957	271	323	Huddersfield	CITY
46957	271	369	Morley	CITY
46957	271	377	Huddersfield	CITY
46957	271	391	Dewsbury	CITY
46957	271	514	Leeds	CITY
46957	271	520	area	GEONOUN
46957	271	576	Berstel	PLACE
46957	272	43	1950	DATE
46957	272	49	1949	DATE
46957	272	55	'50	DATE
46957	272	170	London	CITY
46957	272	214	America	COUNTRY
46957	272	267	America	COUNTRY
46957	272	904	Yorkshire	PLACE
46957	272	975	England	PLACE
46957	272	1687	factory	GEONOUN
46957	272	1868	about three years	DATE
46957	272	2029	America	COUNTRY
46957	272	2173	mill	GEONOUN
46957	272	2181	Yorkshire	PLACE
46957	272	2207	mill	GEONOUN
46957	272	2367	mill	GEONOUN
46957	272	2641	mills	GEONOUN
46957	272	2650	Yorkshire	PLACE
46957	272	2707	Dewsbury	CITY
46957	272	2717	Batley	CITY
46957	272	2725	Morley	CITY
46957	274	37	school	GEONOUN
46957	276	0	Nine months	DATE
46957	276	27	another nine months	DATE
46957	277	11	19--	DATE
46957	277	24	'56	DATE
46957	277	29	1954	DATE
46957	277	35	'56	DATE
46957	282	35	house	GEONOUN
46957	282	53	house	GEONOUN
46957	283	162	Stamford Hill	CITY
46957	283	211	house	GEONOUN
46957	283	231	house	GEONOUN
46957	283	240	Southbourne Crescent	PLACE
46957	283	341	house	GEONOUN
46957	284	49	1956	DATE
46957	285	76	Belgium	COUNTRY
46957	286	226	works	GEONOUN
46957	286	260	field	GEONOUN
46957	286	295	estate	GEONOUN
46957	287	449	the 25th of June	DATE
46957	287	469	Belgium	COUNTRY
46957	290	155	Israel	COUNTRY
46957	290	206	whirlpool	GEONOUN
46957	290	229	1951--	DATE
46957	290	250	yards	GEONOUN
46957	290	270	edge	GEONOUN
46957	290	497	13-year-old	DATE
46957	290	580	every five minute--	TIME
46957	290	633	whirlpool	GEONOUN
46957	290	726	Israel	COUNTRY
46957	290	973	Jewish state	GEONOUN
46957	290	980	state	GEONOUN
46957	290	1052	sea	GEONOUN
46957	290	1145	chain	GEONOUN
46957	291	45	Palestine	CITY
46957	291	88	Palestine	CITY
46957	291	122	Palestine	CITY
46957	291	179	Palestine	CITY
46957	291	234	country	GEONOUN
46957	291	291	England	PLACE
46957	291	310	America	COUNTRY
46957	291	367	Palestine	CITY
46957	291	404	England	PLACE
46957	295	201	ground	GEONOUN
46957	295	416	territory	GEONOUN
46957	295	476	Poland	COUNTRY
46957	296	48	Poland	COUNTRY
46957	296	123	this morning--	TIME
46957	296	138	this afternoon	TIME
46957	296	245	tree	GEONOUN
46957	296	293	Ujazd	PLACE
46957	296	363	area	GEONOUN
46957	296	480	Jewish	GEONOUN
46957	297	15	Yad Vashem	PLACE
46957	297	63	Israel	COUNTRY
46957	297	88	Yad Vashem	PLACE
46957	297	99	about three years ago	DATE
46957	297	186	town	GEONOUN
46957	297	194	Ujazd	PLACE
46957	297	477	the next	DATE
46957	297	573	this Yad Vashem	PLACE
46957	297	909	this Yad Vashem	PLACE
46957	300	408	many years	DATE
46957	302	29	this week	DATE
46957	307	246	fall	GEONOUN
46957	307	680	high school	GEONOUN
46957	307	860	school	GEONOUN
46957	307	910	school	GEONOUN
46957	309	142	Jewish	GEONOUN
46957	309	453	Jewish	GEONOUN
46957	309	513	Jewish	GEONOUN
46957	309	566	Jewish	GEONOUN
46957	309	602	country	GEONOUN
46957	309	623	country	GEONOUN
46957	309	706	Jewish	GEONOUN
46957	309	744	Jewish	GEONOUN
46957	310	77	high school	GEONOUN
46957	310	100	university	GEONOUN
46957	313	52	the year	DATE
46957	314	44	1940	DATE
46957	314	72	Poland	COUNTRY
46957	314	106	1946	DATE
46957	314	114	Poland	COUNTRY
46957	318	50	Israel	COUNTRY
46957	318	61	1951	DATE
46957	318	88	1956	DATE
46957	321	100	about six years of age	DATE
46957	321	124	six	DATE
46957	321	138	five	DATE
46957	323	9	Italy	COUNTRY
46957	323	32	the year approximately 1960	DATE
46957	324	0	June-- June '74	DATE
46957	326	233	the 21st of June, 1977	DATE
46957	328	285	this evening	TIME
46957	332	639	all these years	DATE
46957	332	1038	many years ago	DATE
46957	332	1056	Poland	COUNTRY
46957	332	1127	Lódz	PLACE
46957	332	1132	ghetto	GEONOUN
46957	332	1187	the final days	DATE
46957	332	1418	today	DATE
46957	332	1861	Poland	COUNTRY
46957	332	2833	Auschwitz	CAMP
