FileID	AnswerID	StartCharPos	Entity	Type
47088	3	14	April 10, 1926	DATE
47088	4	3	Germany	COUNTRY
47088	4	15	Wuppertal Elberfeld	PLACE
47088	5	18	slash	GEONOUN
47088	6	5	Cologne	CAMP
47088	8	3	Germany	COUNTRY
47088	9	31	house	GEONOUN
47088	9	48	garden	GEONOUN
47088	9	70	trees	GEONOUN
47088	10	5	rooms	GEONOUN
47088	11	40	salon	GEONOUN
47088	11	56	room	GEONOUN
47088	11	69	room	GEONOUN
47088	15	88	the last 15 years	DATE
47088	20	12	Jewish	GEONOUN
47088	21	19	Germany	COUNTRY
47088	24	16	early in the morning	TIME
47088	24	52	factory	GEONOUN
47088	24	116	1:00	TIME
47088	24	122	1:30	TIME
47088	24	150	the day	DATE
47088	24	176	hour	TIME
47088	24	222	7:30	TIME
47088	30	175	nine	DATE
47088	30	183	10	DATE
47088	31	95	train	GEONOUN
47088	31	124	corner	GEONOUN
47088	31	138	house	GEONOUN
47088	33	9	house	GEONOUN
47088	33	39	house	GEONOUN
47088	34	96	bridge	GEONOUN
47088	35	114	bridge	GEONOUN
47088	37	57	school	GEONOUN
47088	40	14	Hanukkah	EVENT
47088	40	76	country	GEONOUN
47088	40	118	synagogue	GEONOUN
47088	40	137	every Saturday morning	TIME
47088	40	182	Friday	DATE
47088	40	189	night	TIME
47088	44	166	Jewish	GEONOUN
47088	44	210	Jewish	GEONOUN
47088	45	57	street	GEONOUN
47088	45	78	basement	GEONOUN
47088	47	30	house	GEONOUN
47088	47	72	house	GEONOUN
47088	48	19	school	GEONOUN
47088	48	60	garden	GEONOUN
47088	51	3	Friday	DATE
47088	51	120	Elberfeld	PLACE
47088	56	92	Passover	EVENT
47088	56	119	a few days	DATE
47088	56	164	Halberstadt	CITY
47088	56	184	Harz	PLACE
47088	56	198	Germany	COUNTRY
47088	57	46	Passover	DATE
47088	67	22	school	GEONOUN
47088	67	85	Germany	COUNTRY
47088	67	344	house	GEONOUN
47088	67	447	a few days	DATE
47088	67	479	school	GEONOUN
47088	67	548	country	GEONOUN
47088	67	621	houses	GEONOUN
47088	67	682	rocks	GEONOUN
47088	67	786	Jewish	GEONOUN
47088	71	73	hill	GEONOUN
47088	75	89	street	GEONOUN
47088	76	206	today	DATE
47088	78	68	Jewish	GEONOUN
47088	80	35	rocks	GEONOUN
47088	81	16	eight	DATE
47088	82	0	1932	DATE
47088	82	18	nine	DATE
47088	82	35	'33	DATE
47088	83	21	1933	DATE
47088	83	78	school	GEONOUN
47088	83	125	rocks	GEONOUN
47088	84	97	school	GEONOUN
47088	84	154	high school	GEONOUN
47088	84	201	train	GEONOUN
47088	87	3	Elberfeld	PLACE
47088	88	18	school	GEONOUN
47088	89	263	school	GEONOUN
47088	91	17	town	GEONOUN
47088	93	4	street	GEONOUN
47088	93	26	Schwebebahn	PLACE
47088	94	186	Wupper	PLACE
47088	94	219	body of water	GEONOUN
47088	94	250	Wuppertal	CITY
47088	98	23	school	GEONOUN
47088	99	14	10	DATE
47088	99	62	several years	DATE
47088	99	132	school	GEONOUN
47088	99	278	school	GEONOUN
47088	99	305	Jewish	GEONOUN
47088	103	42	school	GEONOUN
47088	104	22	beginning of 1938	DATE
47088	104	153	school	GEONOUN
47088	111	15	Jewish	GEONOUN
47088	111	89	school	GEONOUN
47088	111	111	high school	GEONOUN
47088	115	11	1936	DATE
47088	115	21	two years	DATE
47088	115	38	'38	DATE
47088	115	70	school	GEONOUN
47088	116	21	room	GEONOUN
47088	116	128	Jewish	GEONOUN
47088	116	157	school	GEONOUN
47088	117	19	Almost	DATE
47088	117	26	12	DATE
47088	119	35	high school	GEONOUN
47088	122	56	Jewish	GEONOUN
47088	124	25	Jewish	GEONOUN
47088	125	3	town	GEONOUN
47088	125	12	Elberfeld	PLACE
47088	125	103	school	GEONOUN
47088	127	11	two years older	DATE
47088	127	42	four years older	DATE
47088	132	45	Germany	COUNTRY
47088	132	124	Amsterdam	CITY
47088	133	102	December 13, 1938	DATE
47088	133	125	train	GEONOUN
47088	133	134	Holland	CITY
47088	134	45	train station	GEONOUN
47088	136	31	a couple of weeks	DATE
47088	136	244	Kristallnacht	EVENT
47088	137	4	the next month in December	DATE
47088	139	23	the night	TIME
47088	139	34	rocks	GEONOUN
47088	139	230	the next morning	TIME
47088	139	288	house	GEONOUN
47088	139	298	several days	DATE
47088	139	428	four or five days	DATE
47088	139	653	porch	GEONOUN
47088	139	706	one week	DATE
47088	140	108	concentration camps	GEONOUN
47088	145	227	Holland	CITY
47088	145	386	camp	GEONOUN
47088	145	411	camp	GEONOUN
47088	145	449	December	DATE
47088	145	469	a week	DATE
47088	145	573	older than 14	DATE
47088	147	35	Emmerich	CITY
47088	148	50	De Steeg	PLACE
47088	151	41	train	GEONOUN
47088	157	62	camp	GEONOUN
47088	158	17	De Steeg	PLACE
47088	159	4	capital	GEONOUN
47088	160	36	camp	GEONOUN
47088	160	65	nurses	GEONOUN
47088	164	12	halls	GEONOUN
47088	164	85	room	GEONOUN
47088	164	99	windows	GEONOUN
47088	165	9	brick building	GEONOUN
47088	165	15	building	GEONOUN
47088	166	60	every day	DATE
47088	180	0	About nine months.	DATE
47088	181	24	7:00 in the morning	TIME
47088	181	96	hall	GEONOUN
47088	181	225	about an hour	TIME
47088	182	28	river house	GEONOUN
47088	182	34	house	GEONOUN
47088	182	66	camp	GEONOUN
47088	182	100	one morning	TIME
47088	182	218	indoors	GEONOUN
47088	182	231	a week	DATE
47088	182	254	de Steeg	PLACE
47088	182	432	only 12	DATE
47088	183	10	between 10 and 12	TIME
47088	186	5	eight to	TIME
47088	191	21	camp	GEONOUN
47088	191	29	Gouda	CITY
47088	191	39	Gouda	CITY
47088	197	80	camp	GEONOUN
47088	199	31	school every day	GEONOUN
47088	199	38	every day	DATE
47088	206	72	De Steeg	PLACE
47088	210	100	Eschwege	CITY
47088	210	144	bar	GEONOUN
47088	210	213	carriage	GEONOUN
47088	211	7	carriage	GEONOUN
47088	212	58	six or eight months	DATE
47088	212	139	camps	GEONOUN
47088	212	211	a couple of months	DATE
47088	212	233	Losser	CITY
47088	212	246	Enschede	CITY
47088	214	49	town	GEONOUN
47088	214	59	village	GEONOUN
47088	214	98	dunes	GEONOUN
47088	214	163	dunes	GEONOUN
47088	214	179	Germany	COUNTRY
47088	215	51	camp	GEONOUN
47088	216	75	spring	GEONOUN
47088	216	86	summer	DATE
47088	217	14	'39. 19	DATE
47088	218	0	'39	DATE
47088	219	78	camp	GEONOUN
47088	221	100	14	DATE
47088	221	212	camp	GEONOUN
47088	221	265	Holland	CITY
47088	221	277	Amsterdam	CITY
47088	223	116	a few months later	DATE
47088	228	64	every day	DATE
47088	240	13	the summer	DATE
47088	240	37	the winter	DATE
47088	240	61	camps	GEONOUN
47088	240	93	summer	DATE
47088	240	100	camps	GEONOUN
47088	245	14	Breukelen	PLACE
47088	247	127	orchards	GEONOUN
47088	247	143	garden	GEONOUN
47088	247	160	farm	GEONOUN
47088	247	259	garden	GEONOUN
47088	249	46	narrow road	GEONOUN
47088	249	53	road	GEONOUN
47088	249	68	trees	GEONOUN
47088	249	95	thatched roof	GEONOUN
47088	249	104	roof	GEONOUN
47088	253	184	years later	DATE
47088	253	200	the United States	COUNTRY
47088	254	22	Arnhem	CITY
47088	255	112	school	GEONOUN
47088	256	31	high school	GEONOUN
47088	256	190	night	TIME
47088	259	65	February 1940	DATE
47088	259	125	house	GEONOUN
47088	259	179	room	GEONOUN
47088	259	205	house	GEONOUN
47088	259	296	attic	GEONOUN
47088	259	325	room	GEONOUN
47088	259	360	room	GEONOUN
47088	259	470	Rotterdam	CITY
47088	259	496	ship	GEONOUN
47088	260	3	a weekend	DATE
47088	262	0	About four months,	DATE
47088	262	19	five months	DATE
47088	262	40	school	GEONOUN
47088	262	82	factory	GEONOUN
47088	262	114	factory	GEONOUN
47088	265	66	Poland	COUNTRY
47088	266	0	1940	DATE
47088	267	3	the United States	COUNTRY
47088	269	43	ship	GEONOUN
47088	269	113	school	GEONOUN
47088	271	67	ship	GEONOUN
47088	271	97	ship	GEONOUN
47088	271	186	Germany	COUNTRY
47088	271	388	rooms	GEONOUN
47088	271	409	the United States	COUNTRY
47088	271	528	ship	GEONOUN
47088	271	568	ship	GEONOUN
47088	276	78	Germany	COUNTRY
47088	277	56	house	GEONOUN
47088	279	80	1934	DATE
47088	279	118	Paris	CITY
47088	279	240	Lyon	CITY
47088	279	334	the United States	COUNTRY
47088	279	364	1906	DATE
47088	279	409	1914	DATE
47088	282	63	room	GEONOUN
47088	284	14	Hoboken	CITY
47088	284	23	New Jersey	US-STATE
47088	285	3	New Jersey	US-STATE
47088	287	0	Hoboken	CITY
47088	287	18	Hudson	CITY
47088	289	28	Jewish	GEONOUN
47088	289	281	Jewish	GEONOUN
47088	289	313	hotel	GEONOUN
47088	289	322	Manhattan	CITY
47088	289	353	three days	DATE
47088	289	382	fleabag	GEONOUN
47088	289	395	hotel	GEONOUN
47088	289	415	Times Square	PLACE
47088	289	469	Jewish	GEONOUN
47088	289	527	hotel	GEONOUN
47088	289	565	every day	DATE
47088	289	580	apartment	GEONOUN
47088	289	601	Manhattan	CITY
47088	289	724	the third day	DATE
47088	289	755	hotel	GEONOUN
47088	289	784	Howard Beach	CITY
47088	289	811	Queens	CITY
47088	289	819	New York	US-STATE
47088	289	931	rooms	GEONOUN
47088	290	23	hotel	GEONOUN
47088	290	59	basement	GEONOUN
47088	290	76	house	GEONOUN
47088	290	92	room	GEONOUN
47088	290	104	ground	GEONOUN
47088	290	170	basement	GEONOUN
47088	292	122	Europe	CONTINENT
47088	292	147	the South Pacific	PLACE
47088	293	0	1941	DATE
47088	294	0	World War II	EVENT
47088	295	0	World War II	EVENT
47088	295	31	a year	DATE
47088	295	41	Howard Beach	CITY
47088	296	10	school	GEONOUN
47088	297	26	school	GEONOUN
47088	297	42	school	GEONOUN
47088	297	58	school	GEONOUN
47088	297	92	14	DATE
47088	297	158	school	GEONOUN
47088	297	204	high school	GEONOUN
47088	297	219	Manhattan	CITY
47088	299	175	the First World War	EVENT
47088	302	116	hotel	GEONOUN
47088	304	69	rooms	GEONOUN
47088	306	117	house	GEONOUN
47088	307	10	high school	GEONOUN
47088	307	29	city	GEONOUN
47088	308	54	garden apartment	GEONOUN
47088	308	61	apartment	GEONOUN
47088	308	74	Kew Gardens	CITY
47088	308	87	New York	US-STATE
47088	310	100	parts	GEONOUN
47088	310	141	New York	US-STATE
47088	315	172	school	GEONOUN
47088	315	237	department	GEONOUN
47088	315	269	department	GEONOUN
47088	315	311	school	GEONOUN
47088	315	321	57th Street	PLACE
47088	315	337	night	TIME
47088	315	348	about a year	DATE
47088	317	20	high school	GEONOUN
47088	318	12	18th Street	PLACE
47088	318	27	New York	US-STATE
47088	319	14	high school	GEONOUN
47088	321	33	England	PLACE
47088	321	72	hometown	GEONOUN
47088	322	39	the South Pacific	PLACE
47088	322	76	New Guinea	PLACE
47088	323	83	house	GEONOUN
47088	323	92	Forest Hills	CITY
47088	323	106	Queens	CITY
47088	323	130	room	GEONOUN
47088	323	437	New York	US-STATE
47088	323	466	school	GEONOUN
47088	325	13	July of 1946	DATE
47088	325	80	Fifth Avenue	PLACE
47088	325	110	block	GEONOUN
47088	325	389	factory	GEONOUN
47088	325	509	block	GEONOUN
47088	326	13	factory	GEONOUN
47088	326	673	factory	GEONOUN
47088	326	720	a few minutes	TIME
47088	326	741	noon	TIME
47088	326	826	six weeks later	DATE
47088	326	863	three months later	DATE
47088	327	24	Germany	COUNTRY
47088	327	182	farm	GEONOUN
47088	327	190	New Hampshire	US-STATE
47088	329	29	house	GEONOUN
47088	329	38	Forest Hills	CITY
47088	329	93	Germany	COUNTRY
47088	330	30	Rego Park	CITY
47088	330	41	Queens	CITY
47088	330	54	basement apartment	GEONOUN
47088	330	63	apartment	GEONOUN
47088	330	89	five years	DATE
47088	330	161	1946	DATE
47088	330	181	apartments	GEONOUN
47088	330	319	basement	GEONOUN
47088	330	349	Rego Park	CITY
47088	330	417	room	GEONOUN
47088	330	448	room	GEONOUN
47088	331	0	A year and a half	DATE
47088	332	38	house	GEONOUN
47088	332	65	Kew Gardens	CITY
47088	332	247	more than a couple of years	DATE
47088	332	313	house	GEONOUN
47088	332	342	39 wonderful years	DATE
47088	332	379	house	GEONOUN
47088	333	0	Kew Gardens	CITY
47088	333	13	Queens	CITY
47088	334	8	Forest Hills	CITY
47088	335	0	New York City	CITY
47088	337	18	Kew Gardens	CITY
47088	337	83	1951	DATE
47088	337	110	Kew Gardens Hospital	PLACE
47088	337	134	1956	DATE
47088	340	4	building	GEONOUN
47088	340	114	23rd Street	PLACE
47088	340	129	Manhattan	CITY
47088	340	154	building	GEONOUN
47088	340	405	every month	DATE
47088	343	15	maybe three years	DATE
47088	346	35	3 SECONDS	DATE
47088	346	56	beach club	GEONOUN
47088	346	62	club	GEONOUN
47088	346	89	20 years	DATE
47088	346	170	weekends	DATE
47088	346	189	this Heritage Hills	PLACE
47088	346	209	20 years ago	DATE
47088	346	244	house	GEONOUN
47088	347	60	town	GEONOUN
47088	348	22	weekend	DATE
47088	348	49	every weekend	DATE
47088	348	82	Fridays	DATE
47088	348	112	early in the morning	TIME
47088	348	153	the whole week	DATE
47088	348	235	city	GEONOUN
47088	348	254	the weekend	DATE
47088	348	274	Heritage	PLACE
47088	348	298	country	GEONOUN
47088	348	320	grounds	GEONOUN
47088	350	20	house	GEONOUN
47088	350	29	Forest Hills	CITY
47088	350	43	Forest Hills Gardens	PLACE
47088	350	109	Jewish	GEONOUN
47088	350	176	Jewish	GEONOUN
47088	350	188	estate	GEONOUN
47088	350	233	edge	GEONOUN
47088	351	27	quite a few years	DATE
47088	351	109	market	GEONOUN
47088	351	257	house	GEONOUN
47088	353	27	16 years	DATE
47088	353	54	Long Island	PLACE
47088	353	84	school	GEONOUN
47088	353	96	several years ago	DATE
47088	355	34	high school	GEONOUN
47088	356	42	California	US-STATE
47088	356	99	a year	DATE
47088	357	32	New Jersey	US-STATE
47088	358	105	nine years old	DATE
47088	358	141	three	DATE
47088	360	137	almost 52 years	DATE
47088	361	123	Halberstadt	CITY
47088	361	142	Harz	PLACE
47088	361	174	the First World War	EVENT
47088	362	198	Lyon	CITY
47088	362	204	France	COUNTRY
47088	363	15	World War II	EVENT
47088	363	52	approximately 1942	DATE
47088	364	399	World War I.	EVENT
47088	365	24	Halberstadt	CITY
47088	365	70	about 1897	DATE
47088	365	219	Germany	COUNTRY
47088	365	285	France	COUNTRY
47088	365	310	Lyon	CITY
47088	366	22	the First World War	EVENT
47088	366	51	1918	DATE
47088	366	91	Elberfeld	PLACE
47088	366	114	house	GEONOUN
47088	366	138	Wuppertal Elberfeld	PLACE
47088	366	169	54	DATE
47088	366	256	bar	GEONOUN
47088	366	278	13	DATE
47088	366	337	age 9	DATE
47088	366	379	11	DATE
47088	366	435	1935	DATE
47088	367	15	Elberfeld	PLACE
47088	367	64	a few days	DATE
47088	367	90	Germany	COUNTRY
47088	367	101	December of 1938	DATE
47088	367	163	Holland	CITY
47088	367	175	De Steeg	PLACE
47088	367	198	camp	GEONOUN
47088	367	306	Jewish	GEONOUN
47088	368	4	the year	DATE
47088	368	16	1938	DATE
47088	368	55	Forest Hills	CITY
47088	368	68	house	GEONOUN
47088	368	140	the year	DATE
47088	368	152	approximately 1948	DATE
47088	368	200	Howard Beach	CITY
47088	368	256	country	GEONOUN
47088	369	18	1940	DATE
47088	369	161	1992	DATE
47088	369	169	Garrison	PLACE
47088	369	179	New York	US-STATE
47088	370	23	a few days	DATE
47088	370	57	1992	DATE
47088	370	143	New Jersey	US-STATE
47088	370	180	1988	DATE
47088	370	257	nine years old	DATE
47088	370	305	three years old	DATE
