FileID	AnswerID	StartCharPos	Entity	Type
47169	3	15	house	GEONOUN
47169	4	75	the 13th of August, 1993	DATE
47169	4	103	Memel	PLACE
47169	4	138	Germany	COUNTRY
47169	4	172	Lithuania	COUNTRY
47169	5	0	1923	DATE
47169	9	0	Today	DATE
47169	9	10	75	DATE
47169	10	14	Memel	PLACE
47169	13	112	the United States	COUNTRY
47169	13	223	Latvia	COUNTRY
47169	13	296	factory	GEONOUN
47169	13	307	Memel	PLACE
47169	13	566	apartment	GEONOUN
47169	14	202	yearly	DATE
47169	14	231	Germany	COUNTRY
47169	14	394	daily	DATE
47169	16	77	Kalvarija	PLACE
47169	16	108	town	GEONOUN
47169	16	116	Lithuania	COUNTRY
47169	17	79	the year	DATE
47169	17	156	1931	DATE
47169	17	163	32	DATE
47169	17	204	Pesach	EVENT
47169	17	241	Pesach	EVENT
47169	17	377	Lithuania	COUNTRY
47169	17	603	Kovno	PLACE
47169	17	614	capital	GEONOUN
47169	17	625	Lithuania	COUNTRY
47169	17	739	Memel	PLACE
47169	17	788	Memel	PLACE
47169	17	800	port	GEONOUN
47169	17	853	Baltic	PLACE
47169	17	903	ocean	GEONOUN
47169	17	930	ocean	GEONOUN
47169	18	66	Bialystok	PLACE
47169	19	51	1930	DATE
47169	19	59	'31	DATE
47169	19	78	10 years old	DATE
47169	19	753	those days	DATE
47169	20	594	the eight days	DATE
47169	20	612	10 days	DATE
47169	20	1088	Israel	COUNTRY
47169	20	1103	Palestine	CITY
47169	20	1242	a year or two years later	DATE
47169	20	1293	Palestine	CITY
47169	20	1407	post	GEONOUN
47169	20	1517	'38	DATE
47169	20	1624	March '39	DATE
47169	20	1948	1953	DATE
47169	21	23	1953	DATE
47169	21	137	the '70s	DATE
47169	21	157	the '80s--	DATE
47169	21	177	the end of the '70s	DATE
47169	21	203	the '80s	DATE
47169	21	598	Israel	COUNTRY
47169	22	55	two and a half years	DATE
47169	22	203	Memel	PLACE
47169	22	210	the year before--	DATE
47169	22	255	'38	DATE
47169	22	318	Memel	PLACE
47169	22	404	hospital	GEONOUN
47169	22	473	Konigsberg--	PLACE
47169	22	826	Lithuania	COUNTRY
47169	22	862	school	GEONOUN
47169	22	965	school	GEONOUN
47169	22	1021	school	GEONOUN
47169	26	35	Tilzit	PLACE
47169	26	52	Germany	COUNTRY
47169	26	137	summer	DATE
47169	26	191	ocean	GEONOUN
47169	26	235	the holidays	DATE
47169	26	311	seashore	GEONOUN
47169	27	4	town	GEONOUN
47169	27	32	town	GEONOUN
47169	27	158	Jewish community	GEONOUN
47169	27	165	community	GEONOUN
47169	29	90	Betar	PLACE
47169	29	432	1933	DATE
47169	29	440	'34	DATE
47169	29	456	Memel	PLACE
47169	29	841	theater	GEONOUN
47169	29	971	house	GEONOUN
47169	31	95	that morning	TIME
47169	32	2	Kehrwiederstrasse	PLACE
47169	32	23	Memel	PLACE
47169	33	51	apartment	GEONOUN
47169	33	141	room	GEONOUN
47169	33	156	room	GEONOUN
47169	33	187	rooms	GEONOUN
47169	37	60	Friday	DATE
47169	37	162	downstairs	GEONOUN
47169	37	176	the morning	TIME
47169	37	397	Havdalah	DATE
47169	38	59	the winter	DATE
47169	38	189	works	GEONOUN
47169	40	178	street	GEONOUN
47169	40	210	street	GEONOUN
47169	41	203	ocean	GEONOUN
47169	41	219	summer	DATE
47169	41	285	every day	DATE
47169	41	302	Shabbos	DATE
47169	41	314	yontif	DATE
47169	42	70	school	GEONOUN
47169	42	80	the morning	TIME
47169	42	269	cheder	PLACE
47169	42	296	cheder	PLACE
47169	43	10	school	GEONOUN
47169	43	30	school	GEONOUN
47169	43	161	high school	GEONOUN
47169	43	182	high school	GEONOUN
47169	43	203	eight years	DATE
47169	44	110	monthly	DATE
47169	45	44	those days	DATE
47169	45	138	school	GEONOUN
47169	45	232	house	GEONOUN
47169	45	308	Jewish	GEONOUN
47169	45	369	school	GEONOUN
47169	45	401	school	GEONOUN
47169	47	284	college	GEONOUN
47169	47	340	college	GEONOUN
47169	48	29	Hatzalah	PLACE
47169	48	62	Maccabi	PLACE
47169	49	49	theater	GEONOUN
47169	49	142	opera house	GEONOUN
47169	49	189	opera house	GEONOUN
47169	49	220	the later years	DATE
47169	49	305	school	GEONOUN
47169	49	360	Aleph-Bet--	PLACE
47169	49	462	Jewish	GEONOUN
47169	49	488	Springfield	CITY
47169	49	675	museum	GEONOUN
47169	49	712	library	GEONOUN
47169	49	751	those days	DATE
47169	50	52	Thursdays	DATE
47169	50	66	Fridays	DATE
47169	50	105	Jewish	GEONOUN
47169	50	139	house	GEONOUN
47169	50	148	house	GEONOUN
47169	54	240	Memel	PLACE
47169	54	553	hours and hours	TIME
47169	54	574	the next day	DATE
47169	54	1104	Simchat Torah	EVENT
47169	54	1138	Shavuot	EVENT
47169	54	1178	Shavuot	DATE
47169	54	1201	Simchat Torah	DATE
47169	54	1228	Purim	DATE
47169	54	1321	ghetto	GEONOUN
47169	55	60	Israel	COUNTRY
47169	56	6	Sukkot	DATE
47169	56	95	every day	DATE
47169	56	146	every morning	TIME
47169	56	635	Hanukkah	DATE
47169	56	703	every day	DATE
47169	56	1296	Yom Kippur	DATE
47169	56	1455	steps	GEONOUN
47169	56	1566	steps	GEONOUN
47169	57	216	boat	GEONOUN
47169	57	230	boat	GEONOUN
47169	57	240	Saturday	DATE
47169	57	433	Friday	DATE
47169	57	447	boat	GEONOUN
47169	57	463	Saturday	DATE
47169	57	499	Friday	DATE
47169	58	35	America	COUNTRY
47169	58	78	boat	GEONOUN
47169	58	170	Lithuania	COUNTRY
47169	58	206	train	GEONOUN
47169	58	315	Palestine	CITY
47169	58	516	hospital	GEONOUN
47169	58	539	hospital	GEONOUN
47169	58	758	Palestine	CITY
47169	59	57	Lithuania	COUNTRY
47169	59	306	the World War I	EVENT
47169	59	520	1938	DATE
47169	59	600	Jewish	GEONOUN
47169	59	736	South Africa--	PLACE
47169	59	754	Rhodesia	PLACE
47169	60	104	South Africa--	PLACE
47169	60	130	Rhodesia	PLACE
47169	60	167	Zimbabwe	COUNTRY
47169	60	199	South Africa	COUNTRY
47169	60	353	New York	US-STATE
47169	60	411	South Africa--	PLACE
47169	61	105	South Africa	COUNTRY
47169	61	303	Sunday	DATE
47169	61	341	Palestine	CITY
47169	62	17	19-- probably	DATE
47169	62	31	'37	DATE
47169	63	25	South Africa	COUNTRY
47169	65	3	Johannesburg	CITY
47169	66	28	the year	DATE
47169	66	105	Latvia	COUNTRY
47169	67	172	'36	DATE
47169	67	180	'37	DATE
47169	67	865	Jewish	GEONOUN
47169	67	948	street	GEONOUN
47169	70	75	store	GEONOUN
47169	70	303	'38	DATE
47169	71	3	1937	DATE
47169	71	9	'38	DATE
47169	74	457	school	GEONOUN
47169	74	528	Advent	DATE
47169	74	583	four Sundays before Christmas	DATE
47169	74	618	every weeks	DATE
47169	74	806	Christmas	DATE
47169	74	927	Hanukkah	DATE
47169	75	7	school	GEONOUN
47169	75	19	Saturdays	DATE
47169	75	47	Saturdays	DATE
47169	75	100	Friday	DATE
47169	75	107	afternoon	TIME
47169	75	140	Sunday	DATE
47169	75	147	morning	TIME
47169	75	316	Sunday	DATE
47169	75	352	8:00 to 9:00	TIME
47169	75	368	9:00 to 10:00	TIME
47169	75	391	school	GEONOUN
47169	75	686	the winter	DATE
47169	76	131	school	GEONOUN
47169	77	7	house	GEONOUN
47169	77	331	house	GEONOUN
47169	77	988	five years old	DATE
47169	78	221	park	GEONOUN
47169	80	107	France	COUNTRY
47169	80	151	Sudetenland	PLACE
47169	80	262	that day, the 22nd of March	DATE
47169	84	11	Vienna	CITY
47169	84	43	room	GEONOUN
47169	86	226	Palestine	CITY
47169	86	242	America	COUNTRY
47169	86	390	Lithuania	COUNTRY
47169	89	74	the next day	DATE
47169	89	90	the second day	DATE
47169	89	133	school	GEONOUN
47169	90	67	school	GEONOUN
47169	92	23	library	GEONOUN
47169	93	91	library	GEONOUN
47169	93	170	the winter	DATE
47169	93	200	November	DATE
47169	93	213	that winter	DATE
47169	94	204	school	GEONOUN
47169	97	17	the day	DATE
47169	98	61	Lithuania	COUNTRY
47169	98	170	the 20--	DATE
47169	98	187	the 22nd of March	DATE
47169	98	297	factory	GEONOUN
47169	98	471	area	GEONOUN
47169	99	254	railroad station	GEONOUN
47169	99	305	Schaulen	PLACE
47169	99	464	Panevezys	PLACE
47169	99	805	12 o'clock lunchtime	TIME
47169	99	859	Memel	PLACE
47169	99	923	Florida	US-STATE
47169	99	1068	street	GEONOUN
47169	101	154	station	GEONOUN
47169	101	193	factory	GEONOUN
47169	101	268	factory	GEONOUN
47169	101	297	England	PLACE
47169	103	356	England	PLACE
47169	103	501	Kretinga	CITY
47169	103	525	Lithuania	COUNTRY
47169	103	563	Schaulen	PLACE
47169	103	589	like three days	DATE
47169	103	732	day	DATE
47169	103	853	a few days	DATE
47169	103	885	Panevezys	PLACE
47169	104	69	room	GEONOUN
47169	105	61	resort	GEONOUN
47169	105	299	Panevezys	PLACE
47169	105	323	apartment	GEONOUN
47169	105	432	Germany	COUNTRY
47169	105	456	Lithuania	COUNTRY
47169	105	541	Palestine	CITY
47169	105	930	Kovno	PLACE
47169	105	936	the following week	DATE
47169	105	1012	Kovno	PLACE
47169	105	1112	sanatorium	GEONOUN
47169	105	1187	apartment	GEONOUN
47169	106	0	1939-- 15 years	DATE
47169	106	60	15 years	DATE
47169	106	157	sanatorium	GEONOUN
47169	106	301	Kovno	PLACE
47169	106	321	apartment	GEONOUN
47169	106	403	Kovno	PLACE
47169	106	580	Panevezys	PLACE
47169	107	3	1940	DATE
47169	107	26	19-- what,	DATE
47169	107	37	1939	DATE
47169	107	88	Lithuania	COUNTRY
47169	107	185	Kovno	PLACE
47169	107	236	school	GEONOUN
47169	110	98	factory	GEONOUN
47169	110	120	farm	GEONOUN
47169	111	55	farm	GEONOUN
47169	111	113	Memel	PLACE
47169	111	119	area	GEONOUN
47169	111	181	New Jersey--	PLACE
47169	111	203	state	GEONOUN
47169	111	629	ship	GEONOUN
47169	111	637	Russia	COUNTRY
47169	112	9	Germany	COUNTRY
47169	112	49	Lithuania	COUNTRY
47169	112	90	rough	GEONOUN
47169	112	263	Memel	PLACE
47169	112	281	Kovno	PLACE
47169	114	6	Kovno	PLACE
47169	114	25	town	GEONOUN
47169	114	80	Memel	PLACE
47169	114	94	Kovno	PLACE
47169	114	134	Kovno	PLACE
47169	114	182	opera	GEONOUN
47169	114	474	opera	GEONOUN
47169	115	52	Jewish	GEONOUN
47169	115	74	Jewish	GEONOUN
47169	115	117	Jewish	GEONOUN
47169	115	211	Schaulen	PLACE
47169	115	483	Jewish	GEONOUN
47169	115	635	night	TIME
47169	115	644	night	TIME
47169	115	650	school	GEONOUN
47169	117	287	'41-- January	DATE
47169	117	308	'39--	DATE
47169	117	318	'40-- '40	DATE
47169	118	3	January	DATE
47169	118	38	the winter	DATE
47169	119	56	the 1st of September	DATE
47169	119	80	1939	DATE
47169	119	90	Poland	COUNTRY
47169	119	251	Jewish	GEONOUN
47169	119	305	Jewish	GEONOUN
47169	122	7	Germany	COUNTRY
47169	122	75	Latvia	COUNTRY
47169	122	251	those days	DATE
47169	126	195	Shanghai	CITY
47169	128	110	Lakewood	CITY
47169	129	14	Memel	PLACE
47169	129	167	ghetto	GEONOUN
47169	129	183	Kovno	PLACE
47169	129	189	ghetto	GEONOUN
47169	129	227	Telz	PLACE
47169	129	331	pit	GEONOUN
47169	129	574	Israel	COUNTRY
47169	130	132	the Kovno	PLACE
47169	130	142	ghetto	GEONOUN
47169	131	53	the 22nd of June, 1941	DATE
47169	132	22	the night	TIME
47169	132	81	station	GEONOUN
47169	132	168	train	GEONOUN
47169	132	335	cellar	GEONOUN
47169	132	373	apartment house	GEONOUN
47169	132	417	Jewish	GEONOUN
47169	132	721	apartments	GEONOUN
47169	134	102	Kovno	PLACE
47169	134	115	main street	GEONOUN
47169	134	128	the Laisvés aleja	PLACE
47169	135	64	church	GEONOUN
47169	135	86	house	GEONOUN
47169	135	212	Jewish	GEONOUN
47169	135	246	street	GEONOUN
47169	135	358	South Africa	COUNTRY
47169	135	654	Jewish	GEONOUN
47169	137	70	Jewish	GEONOUN
47169	137	189	Jewish	GEONOUN
47169	137	234	house	GEONOUN
47169	137	267	factory	GEONOUN
47169	137	327	a couple of hours	TIME
47169	137	407	Kovno	PLACE
47169	137	439	ghetto	GEONOUN
47169	138	52	house	GEONOUN
47169	138	845	Kovno--	PLACE
47169	138	932	Kalvarye	PLACE
47169	138	959	Kovno	PLACE
47169	138	1023	Kovno	PLACE
47169	138	1084	Kovno	PLACE
47169	138	1261	one day	DATE
47169	138	1758	house	GEONOUN
47169	138	2525	farm	GEONOUN
47169	138	2785	the Seventh Fort	PLACE
47169	138	2805	Kovno	PLACE
47169	138	3165	those days	DATE
47169	138	3241	the evenings	TIME
47169	138	3554	the Seventh Fort	PLACE
47169	144	88	ghetto	GEONOUN
47169	145	23	the end of July	DATE
47169	145	107	ghetto	GEONOUN
47169	145	139	Slobodka	CITY
47169	145	176	Jewish	GEONOUN
47169	145	194	Kovno	PLACE
47169	145	239	Slobodka	CITY
47169	146	30	Martin Avenue	PLACE
47169	146	101	the United States	COUNTRY
47169	146	469	ghetto	GEONOUN
47169	146	572	apartments	GEONOUN
47169	146	616	room	GEONOUN
47169	146	635	room	GEONOUN
47169	146	754	rooms	GEONOUN
47169	150	278	the beginning of August	DATE
47169	150	322	the 15th of August	DATE
47169	150	360	ghetto	GEONOUN
47169	150	387	ghetto the 15th of August	GEONOUN
47169	150	394	the 15th of August	DATE
47169	150	421	the 17th or the 18th of August--	DATE
47169	150	486	apartments	GEONOUN
47169	150	543	house	GEONOUN
47169	151	174	house	GEONOUN
47169	151	183	house	GEONOUN
47169	151	252	house	GEONOUN
47169	151	376	Jewish	GEONOUN
47169	151	448	Memel	PLACE
47169	151	505	Memel	PLACE
47169	151	611	Memel	PLACE
47169	151	625	area	GEONOUN
47169	151	635	Memel--	PLACE
47169	151	718	Lithuania	COUNTRY
47169	151	1038	house	GEONOUN
47169	151	1072	house	GEONOUN
47169	152	62	Memel	PLACE
47169	152	98	Memel	PLACE
47169	152	439	house	GEONOUN
47169	152	474	street	GEONOUN
47169	152	966	house	GEONOUN
47169	152	1284	ghetto	GEONOUN
47169	152	1304	ghetto	GEONOUN
47169	153	86	every morning	TIME
47169	154	197	town	GEONOUN
47169	154	205	town	GEONOUN
47169	154	647	every evening	TIME
47169	157	221	field	GEONOUN
47169	157	309	ghetto	GEONOUN
47169	157	547	those days	DATE
47169	159	64	one day	DATE
47169	159	90	today	DATE
47169	159	142	ghetto	GEONOUN
47169	159	222	One day	DATE
47169	159	249	today	DATE
47169	159	809	Kovno	PLACE
47169	160	26	ghetto	GEONOUN
47169	160	49	ghetto	GEONOUN
47169	160	75	today	DATE
47169	160	123	one day	DATE
47169	160	588	library	GEONOUN
47169	163	403	one day	DATE
47169	166	108	ghetto	GEONOUN
47169	166	285	street	GEONOUN
47169	166	310	gutter	GEONOUN
47169	166	384	street	GEONOUN
47169	166	562	ghetto	GEONOUN
47169	166	640	Vilna	PLACE
47169	166	668	ghetto	GEONOUN
47169	166	756	a week	DATE
47169	166	766	10 days	DATE
47169	166	960	house	GEONOUN
47169	166	1128	ghetto	GEONOUN
47169	167	19	1941	DATE
47169	168	140	town	GEONOUN
47169	169	672	Vilna	PLACE
47169	170	458	ghetto	GEONOUN
47169	170	531	airport	GEONOUN
47169	170	580	airport	GEONOUN
47169	170	653	every morning	TIME
47169	170	894	town	GEONOUN
47169	170	907	the evenings	TIME
47169	170	961	town	GEONOUN
47169	170	995	those days	DATE
47169	170	1039	ghetto	GEONOUN
47169	170	1887	Jewish	GEONOUN
47169	170	1922	ghetto	GEONOUN
47169	170	2522	Estland--	PLACE
47169	170	2536	Estonia	COUNTRY
47169	171	108	the 3rd of March, 1942	DATE
47169	173	213	1942	DATE
47169	173	227	1941	DATE
47169	173	235	November	DATE
47169	173	280	7 o'clock in the morning	TIME
47169	173	352	ghetto	GEONOUN
47169	173	421	early in the morning	TIME
47169	173	472	November	DATE
47169	173	486	about 9 o'clock	TIME
47169	173	653	ghetto	GEONOUN
47169	174	52	Berlin	CITY
47169	175	28	Shanz	PLACE
47169	175	79	Kovno	PLACE
47169	175	132	every Saturday	DATE
47169	175	290	ghetto	GEONOUN
47169	175	363	factory	GEONOUN
47169	175	511	department	GEONOUN
47169	176	38	the day	DATE
47169	176	81	ghetto	GEONOUN
47169	176	253	the few days	DATE
47169	176	471	pass	GEONOUN
47169	176	640	street	GEONOUN
47169	176	751	room	GEONOUN
47169	178	244	that day	DATE
47169	178	298	the Ninth Fort	PLACE
47169	179	96	ghetto	GEONOUN
47169	179	574	today	DATE
47169	182	46	the morning	TIME
47169	182	64	8:00	TIME
47169	182	70	8:30	TIME
47169	182	83	4:00	TIME
47169	182	112	night	TIME
47169	185	111	parquet	GEONOUN
47169	185	311	apartment	GEONOUN
47169	186	43	store	GEONOUN
47169	186	88	those days	DATE
47169	186	108	ghetto	GEONOUN
47169	186	231	store	GEONOUN
47169	186	337	ghetto	GEONOUN
47169	186	370	ghetto	GEONOUN
47169	190	13	ghetto	GEONOUN
47169	191	78	ghetto	GEONOUN
47169	192	0	Every day	DATE
47169	194	9	Christmas	DATE
47169	194	19	tree	GEONOUN
47169	195	40	the evening	TIME
47169	200	95	Germany	COUNTRY
47169	201	125	Germany	COUNTRY
47169	201	595	today	DATE
47169	201	647	one day	DATE
47169	201	760	ghetto	GEONOUN
47169	202	38	Jewish	GEONOUN
47169	202	70	ghetto	GEONOUN
47169	204	72	those days	DATE
47169	204	145	1930-- '43	DATE
47169	204	203	America	COUNTRY
47169	204	250	tomorrow	DATE
47169	205	82	One day	DATE
47169	205	156	Lithuania	COUNTRY
47169	205	372	one day	DATE
47169	205	551	One day	DATE
47169	205	645	Switzerland	COUNTRY
47169	205	721	the next day	DATE
47169	205	762	every day	DATE
47169	205	806	every day	DATE
47169	205	879	19	DATE
47169	205	893	1943	DATE
47169	205	935	Estonia	COUNTRY
47169	205	998	those days	DATE
47169	205	1114	shelters	GEONOUN
47169	205	1277	house	GEONOUN
47169	205	1286	house	GEONOUN
47169	207	12	October '43	DATE
47169	207	32	those days	DATE
47169	207	68	every day	DATE
47169	207	450	Estonia	COUNTRY
47169	207	573	40s	DATE
47169	207	656	Kaiserwald	CAMP
47169	207	798	every day	DATE
47169	207	849	every day--	DATE
47169	207	864	one week	DATE
47169	207	936	19--	DATE
47169	207	954	the beginning of 1944	DATE
47169	207	991	the morning	TIME
47169	207	1021	about 10:00	TIME
47169	207	1054	windows	GEONOUN
47169	207	1280	one day	DATE
47169	207	1788	house	GEONOUN
47169	207	1797	house	GEONOUN
47169	209	17	house	GEONOUN
47169	210	76	ghetto	GEONOUN
47169	210	288	Jewish	GEONOUN
47169	210	331	ghetto	GEONOUN
47169	213	84	windows	GEONOUN
47169	213	218	later in the afternoon	TIME
47169	214	17	Metz	CITY
47169	214	96	Germany	COUNTRY
47169	214	113	Austria	COUNTRY
47169	214	159	the night	TIME
47169	214	192	the Ninth Fort	PLACE
47169	214	210	the Seventh Fort	PLACE
47169	214	244	one morning	TIME
47169	214	289	train	GEONOUN
47169	214	349	ghetto	GEONOUN
47169	214	758	the next day	DATE
47169	216	25	factory	GEONOUN
47169	216	102	Germany	COUNTRY
47169	218	16	10 minutes	TIME
47169	219	11	a whole day	DATE
47169	219	64	8:00 to 4:00	TIME
47169	219	80	from 8:00 to 5:00	TIME
47169	219	110	a whole day	DATE
47169	220	9	night	TIME
47169	220	70	night	TIME
47169	222	62	track	GEONOUN
47169	222	150	track	GEONOUN
47169	222	231	Sunday	DATE
47169	222	287	court	GEONOUN
47169	222	461	Canada	COUNTRY
47169	223	7	ghetto	GEONOUN
47169	225	286	Bronx	PLACE
47169	225	405	that week	DATE
47169	227	214	the winter	DATE
47169	228	119	stone	GEONOUN
47169	228	173	the later years	DATE
47169	231	39	house	GEONOUN
47169	231	227	the day--	DATE
47169	231	326	every morning	TIME
47169	234	44	Sundays	DATE
47169	234	180	ghetto	GEONOUN
47169	234	229	his 20s	DATE
47169	235	47	block	GEONOUN
47169	235	85	block	GEONOUN
47169	235	146	ghetto	GEONOUN
47169	235	271	ghetto	GEONOUN
47169	235	386	block	GEONOUN
47169	238	109	ghetto	GEONOUN
47169	240	197	4 o'clock	TIME
47169	240	211	4:30	TIME
47169	241	370	today	DATE
47169	241	408	tomorrow	DATE
47169	243	195	ghetto	GEONOUN
47169	247	89	factory	GEONOUN
47169	248	14	Ponevezh	PLACE
47169	248	39	school	GEONOUN
47169	248	49	Kovno	PLACE
47169	248	62	university	GEONOUN
47169	248	179	Ponevezh	PLACE
47169	248	226	Ponevezh	PLACE
47169	248	256	Kovno	PLACE
47169	249	12	the 20th of November 1906	DATE
47169	250	27	Ponevezh	PLACE
47169	250	99	Kovno	PLACE
47169	251	0	Two weeks.	DATE
47169	252	144	the day after	DATE
47169	252	191	Springfield	CITY
47169	252	260	Purim	DATE
47169	252	314	temple	GEONOUN
47169	252	613	temple	GEONOUN
47169	252	658	50 years ago	DATE
47169	252	707	the next day	DATE
47169	252	835	Holocaust	EVENT
47169	252	848	high school	GEONOUN
47169	256	98	Israel	COUNTRY
47169	257	306	South Africa	COUNTRY
47169	257	409	ghetto	GEONOUN
47169	257	496	Israel	COUNTRY
47169	257	673	Israel	COUNTRY
47169	260	83	house	GEONOUN
47169	260	176	the day--	DATE
47169	260	223	the evening	TIME
47169	261	121	every day	DATE
47169	262	237	museum	GEONOUN
47169	262	269	museum	GEONOUN
47169	262	279	Washington	US-STATE
47169	262	322	three years	DATE
47169	262	403	a couple of weeks before	DATE
47169	262	455	memorial	GEONOUN
47169	263	66	Memel	PLACE
47169	263	234	Lithuania	COUNTRY
47169	263	362	Florida	US-STATE
47169	269	319	America	COUNTRY
47169	269	424	Germany	COUNTRY
47169	269	540	every day	DATE
47169	271	146	Stutthof	CAMP
47169	272	51	Europe	CONTINENT
47169	273	50	England	PLACE
47169	273	94	England	PLACE
47169	273	328	Florida	US-STATE
47169	273	372	Israel	COUNTRY
47169	273	417	England	PLACE
47169	273	455	States	PLACE
47169	274	100	ghetto	GEONOUN
47169	274	123	ghetto	GEONOUN
47169	274	153	Memel	PLACE
47169	274	179	Kovno	PLACE
47169	274	225	Kovno	PLACE
47169	279	11	ghetto	GEONOUN
47169	279	223	a few days	DATE
47169	279	328	ghetto	GEONOUN
47169	279	466	ghetto	GEONOUN
47169	281	102	Ponevezh	PLACE
47169	281	323	Estonia	COUNTRY
47169	281	422	ghetto	GEONOUN
47169	282	95	June '44	DATE
47169	285	74	shelters	GEONOUN
47169	285	393	shelter	GEONOUN
47169	285	691	facilities	GEONOUN
47169	286	30	house	GEONOUN
47169	286	156	basement	GEONOUN
47169	286	203	basement	GEONOUN
47169	286	673	ghetto	GEONOUN
47169	286	730	ghetto	GEONOUN
47169	286	846	train station	GEONOUN
47169	286	917	train	GEONOUN
47169	286	1246	like a half a day	DATE
47169	288	152	windows	GEONOUN
47169	288	351	Israel	COUNTRY
47169	289	938	Gdansk	CAMP
47169	290	14	Stutthof	CAMP
47169	291	93	ghetto	GEONOUN
47169	293	240	barracks	GEONOUN
47169	294	394	barracks	GEONOUN
47169	295	54	New York--	PLACE
47169	296	481	two weeks	DATE
47169	296	498	the morning	TIME
47169	296	655	summer	DATE
47169	296	724	kettle	GEONOUN
47169	296	826	the evening	TIME
47169	296	1227	Stutthof	CAMP
47169	296	1414	Stutthof	CAMP
47169	296	1757	about 10 to 12 days	DATE
47169	296	2228	kettle	GEONOUN
47169	296	2298	camps	GEONOUN
47169	296	2490	the summer	DATE
47169	296	2580	the winter	DATE
47169	296	2771	boat	GEONOUN
47169	296	2794	boat	GEONOUN
47169	296	2934	field	GEONOUN
47169	296	2959	tents	GEONOUN
47169	296	2998	tents	GEONOUN
47169	296	3044	tents	GEONOUN
47169	296	3146	tents	GEONOUN
47169	297	12	June '44	DATE
47169	298	16	the morning	TIME
47169	298	336	tree	GEONOUN
47169	298	534	cave	GEONOUN
47169	298	724	the evening	TIME
47169	298	936	the morning	TIME
47169	298	1184	hole	GEONOUN
47169	298	1244	the whole day	DATE
47169	298	1271	the next morning	TIME
47169	298	1378	November	DATE
47169	300	104	Israel	COUNTRY
47169	300	335	Stutthof	CAMP
47169	300	499	Israel	COUNTRY
47169	300	868	garden	GEONOUN
47169	300	880	trees	GEONOUN
47169	300	909	trees	GEONOUN
47169	300	1000	November	DATE
47169	300	1275	divide	GEONOUN
47169	300	1308	booth	GEONOUN
47169	300	1317	booth	GEONOUN
47169	300	1575	wood	GEONOUN
47169	301	599	tents	GEONOUN
47169	301	688	Europe	CONTINENT
47169	301	739	one day	DATE
47169	301	751	the next day	DATE
47169	301	799	the morning	TIME
47169	301	877	tents	GEONOUN
47169	301	1007	town	GEONOUN
47169	301	1015	town	GEONOUN
47169	301	1028	Trunz	PLACE
47169	301	1119	barracks	GEONOUN
47169	301	1193	the beginning of January	DATE
47169	301	1235	every morning	TIME
47169	301	1296	the morning	TIME
47169	303	8	camp	GEONOUN
47169	304	195	November	DATE
47169	304	281	early in the morning	TIME
47169	304	566	20 years	DATE
47169	304	651	today	DATE
47169	304	657	the day	DATE
47169	304	934	nine	DATE
47169	304	951	11	DATE
47169	304	1032	camp	GEONOUN
47169	304	1217	this day	DATE
47169	306	45	Ponevezh	PLACE
47169	306	451	20 years old	DATE
47169	306	647	the middle of January	DATE
47169	306	838	Stutthof	CAMP
47169	306	978	the day	DATE
47169	306	1005	night	TIME
47169	306	1403	wood	GEONOUN
47169	306	1441	the night	TIME
47169	306	1516	that night	TIME
47169	306	1556	the morning	TIME
47169	306	1893	Jewish	GEONOUN
47169	306	1970	town	GEONOUN
47169	306	2058	road	GEONOUN
47169	306	2097	Ciekocino	PLACE
47169	306	2127	spa	GEONOUN
47169	306	2139	Poland	COUNTRY
47169	306	2248	barracks	GEONOUN
47169	306	2530	hospital	GEONOUN
47169	306	2542	Hohensalza	PLACE
47169	306	2585	Wroclaw	CAMP
47169	306	2628	hospital	GEONOUN
47169	306	2730	every day--	DATE
47169	306	2742	every hour	TIME
47169	306	3190	Krakow	PLACE
47169	306	3266	one day	DATE
47169	306	3306	the 8th of May	DATE
47169	306	3396	Germany	COUNTRY
47169	306	3446	Jewish	GEONOUN
47169	306	3731	Lithuania	COUNTRY
47169	306	3843	station	GEONOUN
47169	306	3871	train	GEONOUN
47169	306	3952	station	GEONOUN
47169	306	3994	platform	GEONOUN
47169	306	4058	Jewish	GEONOUN
47169	306	4203	town	GEONOUN
47169	306	4289	Lithuania	COUNTRY
47169	306	4449	town	GEONOUN
47169	306	4471	town	GEONOUN
47169	306	4484	Lublin	CITY
47169	306	4529	Lithuania	COUNTRY
47169	306	4631	Lublin	CITY
47169	306	4746	Lithuania	COUNTRY
47169	306	5167	zone	GEONOUN
47169	306	5272	Dachau	CITY
47169	306	5337	camps	GEONOUN
47169	306	5426	June	DATE
47169	306	5452	the end of May in '45	DATE
47169	306	5532	Berlin	CITY
47169	306	5547	Berlin	CITY
47169	306	5776	Jewish community	GEONOUN
47169	306	5783	community	GEONOUN
47169	306	5909	every week	DATE
47169	306	5960	one day	DATE
47169	306	6154	One week	DATE
47169	306	6262	today	DATE
47169	306	6307	weeks	DATE
47169	306	6390	the 1st of August	DATE
47169	306	6484	Berlin	CITY
47169	306	6563	night	TIME
47169	307	329	last week	DATE
47169	307	898	ghetto	GEONOUN
47169	307	1377	station	GEONOUN
47169	307	1476	town	GEONOUN
47169	307	1565	zone	GEONOUN
47169	307	1819	train	GEONOUN
47169	307	1877	Munich	CITY
47169	307	1921	Munich	CITY
47169	307	1968	Frankfurt am Main	CITY
47169	307	2097	Frankfurt	PLACE
47169	308	44	zone	GEONOUN
47169	309	190	area	GEONOUN
47169	309	560	Jewish	GEONOUN
47169	309	632	Munich	CITY
47169	309	849	Munich	CITY
47169	309	903	Munich	CITY
47169	309	963	train	GEONOUN
47169	309	976	train	GEONOUN
47169	309	1013	Berlin	CITY
47169	309	1167	July	DATE
47169	309	1173	August	DATE
47169	309	1313	museum	GEONOUN
47169	309	1332	Jewish community	GEONOUN
47169	309	1339	community	GEONOUN
47169	309	1467	the 12th of August, '45	DATE
47169	309	1503	Munich	CITY
47169	309	1547	museum	GEONOUN
47169	309	1619	May	DATE
47169	309	1945	room	GEONOUN
47169	309	2025	New York--	PLACE
47169	309	2045	tomorrow	DATE
47169	309	2054	morning	TIME
47169	309	2185	points	GEONOUN
47169	309	2209	Frankfurt	PLACE
47169	309	2298	Munich	CITY
47169	309	2385	room	GEONOUN
47169	309	2541	courtyard	GEONOUN
47169	309	2642	Jewish	GEONOUN
47169	309	2843	America	COUNTRY
47169	309	3061	Baltimore	CITY
47169	309	3112	the morning	TIME
47169	309	3184	the 13th of August	DATE
47169	309	3249	early in the morning	TIME
47169	309	3458	yesterday	DATE
47169	309	3468	night	TIME
47169	309	3638	steps	GEONOUN
47169	309	3970	Italy	COUNTRY
47169	309	4100	Italy	COUNTRY
47169	309	4357	a Friday	DATE
47169	309	4429	Frankfurt am Main	CITY
47169	309	4483	Paris	CITY
47169	309	4497	Paris	CITY
47169	309	4725	Paris	CITY
47169	309	4770	Vichy	CITY
47169	309	4912	a Friday	DATE
47169	309	5031	France	COUNTRY
47169	309	5039	that day	DATE
47169	309	5276	Paris	CITY
47169	309	5302	France	COUNTRY
47169	309	5353	camp	GEONOUN
47169	309	5468	Palestine	CITY
47169	309	5530	England	PLACE
47169	309	5631	France	COUNTRY
47169	310	25	Munich	CITY
47169	311	109	department	GEONOUN
47169	311	169	house	GEONOUN
47169	311	386	hospital	GEONOUN
47169	311	449	a week	DATE
47169	311	496	the United States	COUNTRY
47169	311	683	Baltimore	CITY
47169	311	790	hospital	GEONOUN
47169	311	1169	Ponevezh	PLACE
47169	311	1187	Ponevezh	PLACE
47169	311	1526	house	GEONOUN
47169	311	1597	hospital	GEONOUN
47169	311	1627	hospital	GEONOUN
47169	311	1704	every day	DATE
47169	311	1920	P.S.	PLACE
47169	311	2051	house	GEONOUN
47169	312	34	department	GEONOUN
47169	313	494	consulate	GEONOUN
47169	314	194	apartment	GEONOUN
47169	314	439	States	PLACE
47169	314	572	Rosh Hashanah	DATE
47169	314	613	Pesach	DATE
47169	314	731	New York	US-STATE
47169	314	1617	bar	GEONOUN
47169	314	1733	reception	GEONOUN
47169	314	1951	Germany	COUNTRY
47169	315	110	consulate	GEONOUN
47169	315	603	States	PLACE
47169	315	636	Munich	CITY
47169	315	654	Stuttgart	CITY
47169	315	734	every 2 weeks	DATE
47169	315	751	every 2 and 1/2 weeks	DATE
47169	315	790	Stuttgart	CITY
47169	315	825	the next day	DATE
47169	315	928	a couple of weeks	DATE
47169	315	947	a couple of months	DATE
47169	315	1043	the United States	COUNTRY
47169	315	1064	the 22nd of September, 1949	DATE
47169	316	20	Springfield	CITY
47169	316	66	Springfield	CITY
47169	316	294	apartment	GEONOUN
47169	316	326	Morris Avenue	PLACE
47169	316	403	house	GEONOUN
47169	316	475	house	GEONOUN
47169	316	501	house	GEONOUN
47169	316	516	downstairs	GEONOUN
47169	316	617	New York	US-STATE
47169	316	626	that one year	DATE
47169	316	692	rooms	GEONOUN
47169	317	250	Israel	COUNTRY
47169	317	433	bar	GEONOUN
47169	318	42	Germany	COUNTRY
47169	318	137	camp	GEONOUN
47169	318	299	the months	DATE
47169	318	317	camp	GEONOUN
47169	318	361	each month	DATE
47169	318	413	flat	GEONOUN
47169	319	75	Germany	COUNTRY
47169	319	115	2 and 1/2 years old	DATE
47169	322	170	Germany	COUNTRY
47169	322	277	bar	GEONOUN
47169	322	313	Germany	COUNTRY
47169	324	48	night	TIME
47169	325	86	1963	DATE
47169	326	175	school	GEONOUN
47169	326	266	town	GEONOUN
47169	326	284	town	GEONOUN
47169	326	410	camps	GEONOUN
47169	326	438	every morning	TIME
47169	326	464	6:00	TIME
47169	326	493	8:00	TIME
47169	326	659	one week	DATE
47169	327	221	a couple of years later	DATE
47169	328	15	the 29th-- the 25th of November, 1995	DATE
47169	331	27	temple	GEONOUN
47169	331	53	Jewish	GEONOUN
47169	331	96	school	GEONOUN
47169	331	318	school	GEONOUN
47169	331	535	school	GEONOUN
47169	331	610	school	GEONOUN
47169	331	813	'39	DATE
47169	331	847	'42	DATE
47169	331	898	4, 4 1/2 years	DATE
47169	331	934	concentration camp	GEONOUN
47169	331	2194	four hours	TIME
47169	331	2249	20 minutes	TIME
47169	331	2291	20 minutes	TIME
47169	332	311	college	GEONOUN
47169	332	807	eight years old	DATE
47169	332	1212	8 years old	DATE
47169	332	1528	15	DATE
47169	332	1563	18	DATE
47169	332	2539	today	DATE
47169	332	2553	tomorrow	DATE
47169	332	2580	Israel	COUNTRY
47169	332	2593	France	COUNTRY
47169	333	108	camps	GEONOUN
47169	333	252	corner	GEONOUN
47169	340	86	49	DATE
47169	340	114	six years old	DATE
47169	340	148	1889	DATE
47169	340	184	1895	DATE
47169	340	215	Tukums	CITY
47169	340	225	Latvia	COUNTRY
47169	342	11	19	DATE
47169	342	23	1927	DATE
47169	343	29	Memel	PLACE
47169	343	51	Kalvarija	PLACE
47169	344	18	1934	DATE
47169	344	26	'5	DATE
47169	344	32	Kalvarija	PLACE
47169	344	72	Palestine	CITY
47169	346	18	1949	DATE
47169	347	3	Munich	CITY
47169	348	51	1945	DATE
47169	349	3	1945	DATE
47169	349	79	Palestine	CITY
47169	349	97	Italy	COUNTRY
47169	349	441	bar	GEONOUN
47169	349	468	April 1991-- no, 1990	DATE
47169	349	713	bar	GEONOUN
47169	350	375	1995	DATE
47169	350	386	'96	DATE
47169	350	393	'95	DATE
47169	350	409	three years	DATE
47169	350	445	'95	DATE
47169	353	297	the United States	COUNTRY
47169	353	390	Jewish	GEONOUN
47169	354	206	college	GEONOUN
