FileID	AnswerID	StartCharPos	Entity	Type
47176	4	15	Paris	CITY
47176	4	22	France	COUNTRY
47176	5	4	1934	DATE
47176	6	18	January 31, 1934	DATE
47176	7	5	64	DATE
47176	9	23	Bendzin	PLACE
47176	9	43	town	GEONOUN
47176	9	60	town	GEONOUN
47176	9	70	Krakow	PLACE
47176	9	95	Germany	COUNTRY
47176	10	7	Poland	COUNTRY
47176	11	61	Jewish	GEONOUN
47176	13	25	town	GEONOUN
47176	13	37	Wladyslaw	PLACE
47176	13	68	Poland	COUNTRY
47176	13	219	Hamburg	CITY
47176	13	273	Germany	COUNTRY
47176	15	14	yesterday	DATE
47176	15	67	town	GEONOUN
47176	15	79	Kalisz	CITY
47176	16	69	France	COUNTRY
47176	16	131	France	COUNTRY
47176	16	141	the 1930s	DATE
47176	16	246	house	GEONOUN
47176	16	481	the holidays	DATE
47176	16	593	America	COUNTRY
47176	16	601	many years previous	DATE
47176	16	664	boat	GEONOUN
47176	16	682	France	COUNTRY
47176	16	733	the United States	COUNTRY
47176	16	772	1950	DATE
47176	17	129	sanatorium	GEONOUN
47176	17	143	Switzerland	COUNTRY
47176	17	206	the 1920s	DATE
47176	17	312	age 20	DATE
47176	17	342	Switzerland	COUNTRY
47176	17	367	sanatorium	GEONOUN
47176	17	647	Hanover	CITY
47176	17	659	Germany	COUNTRY
47176	17	822	those days	DATE
47176	17	1082	France	COUNTRY
47176	17	1189	New York	US-STATE
47176	17	1201	1952	DATE
47176	17	1386	Germany	COUNTRY
47176	18	555	Hamburg	CITY
47176	18	746	Algeria	COUNTRY
47176	18	969	Hamburg	CITY
47176	18	1113	Paris	CITY
47176	19	56	five years	DATE
47176	19	147	the war years	DATE
47176	20	54	apartment	GEONOUN
47176	20	67	Paris	CITY
47176	20	97	about three or four	DATE
47176	20	142	Paris	CITY
47176	20	157	town	GEONOUN
47176	20	169	Saint-Gratien	CITY
47176	20	198	Enghien-les-Bains	PLACE
47176	20	308	house	GEONOUN
47176	20	381	those days	DATE
47176	21	59	nursery school	GEONOUN
47176	21	67	school	GEONOUN
47176	21	77	the morning	TIME
47176	22	5	house	GEONOUN
47176	22	33	house	GEONOUN
47176	22	46	garden	GEONOUN
47176	22	101	garden	GEONOUN
47176	22	130	tree	GEONOUN
47176	22	156	tree	GEONOUN
47176	22	256	steps	GEONOUN
47176	22	285	rooms	GEONOUN
47176	22	311	house	GEONOUN
47176	22	324	garden	GEONOUN
47176	22	555	house	GEONOUN
47176	23	64	house	GEONOUN
47176	23	157	four and five years old	DATE
47176	23	208	room	GEONOUN
47176	23	260	upstairs	GEONOUN
47176	23	312	room	GEONOUN
47176	23	347	house	GEONOUN
47176	23	399	garden	GEONOUN
47176	23	432	garden	GEONOUN
47176	24	23	these years	DATE
47176	25	35	room	GEONOUN
47176	25	458	those years	DATE
47176	25	510	school	GEONOUN
47176	25	621	fell	GEONOUN
47176	25	707	hospital	GEONOUN
47176	26	53	days	DATE
47176	26	321	garden	GEONOUN
47176	26	529	Friday	DATE
47176	26	770	store	GEONOUN
47176	26	891	store	GEONOUN
47176	26	1258	store	GEONOUN
47176	26	1366	store	GEONOUN
47176	26	1468	store	GEONOUN
47176	27	556	narrow	GEONOUN
47176	27	849	plain	GEONOUN
47176	27	884	night	TIME
47176	28	114	four-year-old	DATE
47176	29	116	Shabbat	EVENT
47176	29	623	opera	GEONOUN
47176	29	731	school	GEONOUN
47176	29	741	Shabbat	DATE
47176	29	761	school	GEONOUN
47176	30	163	Jewish	GEONOUN
47176	30	281	town	GEONOUN
47176	30	323	Jewish	GEONOUN
47176	30	367	area	GEONOUN
47176	30	402	Westchester	CITY
47176	30	492	Paris	CITY
47176	30	514	about 20 minutes	TIME
47176	32	48	theater	GEONOUN
47176	34	553	inner	GEONOUN
47176	34	1140	today	DATE
47176	40	38	Hamburg	CITY
47176	40	231	France	COUNTRY
47176	40	312	garden	GEONOUN
47176	40	322	Saint-Gratien	CITY
47176	41	141	1937	DATE
47176	41	147	'	DATE
47176	41	148	38	DATE
47176	41	286	France	COUNTRY
47176	41	348	mid '30s	DATE
47176	41	446	garden	GEONOUN
47176	41	456	Saint-Gratien	CITY
47176	41	491	Paris	CITY
47176	41	524	1938	DATE
47176	41	541	'39	DATE
47176	41	604	Toulouse	CITY
47176	41	623	the year	DATE
47176	41	636	1940	DATE
47176	41	885	Toulouse	CITY
47176	41	914	the year 1943	DATE
47176	41	931	the 7th of March	DATE
47176	41	1329	Auschwitz	CAMP
47176	41	1344	the Comte of Drancy	PLACE
47176	41	1475	Grenade-sur-Garonne	PLACE
47176	41	1591	Poland	COUNTRY
47176	41	1824	Jewish	GEONOUN
47176	41	1843	Le Chateau	PLACE
47176	41	1890	convent	GEONOUN
47176	41	2302	chateau	GEONOUN
47176	41	2348	Toulouse	CITY
47176	41	2544	about 1948, '49	DATE
47176	41	2577	Paris	CITY
47176	41	2828	Toulouse	CITY
47176	41	2850	post	GEONOUN
47176	41	2877	about probably 1946, '47	DATE
47176	41	3276	Europe	CONTINENT
47176	41	3284	America	COUNTRY
47176	41	3386	New York	US-STATE
47176	41	3402	about 18, 19 years old	DATE
47176	41	3835	the year	DATE
47176	41	3858	1958	DATE
47176	41	3916	the Tanglewood Music Festival	EVENT
47176	41	4800	those terrible years	DATE
47176	41	4847	convent	GEONOUN
47176	41	4877	1991	DATE
47176	41	4992	courtyard	GEONOUN
47176	41	5119	about 50 years before	DATE
47176	41	5175	Auschwitz	CAMP
47176	41	5216	the two years	DATE
47176	41	5261	concentration camp	GEONOUN
47176	41	5653	November of 1995	DATE
47176	41	5790	Holocaust	EVENT
47176	41	6043	school	GEONOUN
47176	41	6185	Holocaust	EVENT
47176	41	6345	five years old	DATE
47176	41	6399	three	DATE
47176	41	6435	two and a half	DATE
47176	43	199	Spain	COUNTRY
47176	43	301	narrow	GEONOUN
47176	43	450	Ferstenfeld	PLACE
47176	43	484	village	GEONOUN
47176	43	495	Austria	COUNTRY
47176	43	508	Ferstenfeld	PLACE
47176	43	539	field	GEONOUN
47176	43	610	centuries ago	DATE
47176	43	695	field	GEONOUN
47176	43	848	Spain	COUNTRY
47176	43	1022	today	DATE
47176	43	1396	those days	DATE
47176	43	1827	catacombs	GEONOUN
47176	43	1918	opera	GEONOUN
47176	43	1977	opera	GEONOUN
47176	43	2162	opera	GEONOUN
47176	44	303	Saint-Gratien	CITY
47176	44	564	Paris	CITY
47176	44	629	every day	DATE
47176	44	856	school	GEONOUN
47176	44	866	a Saturday	DATE
47176	44	882	Sunday	DATE
47176	44	1027	1939	DATE
47176	44	1179	1940	DATE
47176	44	1196	Paris	CITY
47176	44	1362	a weekend--	DATE
47176	44	1432	the weekend	DATE
47176	44	1564	tree	GEONOUN
47176	44	1576	garden	GEONOUN
47176	44	1692	branch	GEONOUN
47176	44	1702	branch	GEONOUN
47176	44	1712	branch	GEONOUN
47176	45	283	village	GEONOUN
47176	45	326	Jewish	GEONOUN
47176	45	632	prison	GEONOUN
47176	45	658	prison camp	GEONOUN
47176	45	665	camp	GEONOUN
47176	45	934	Paris	CITY
47176	45	1068	France	COUNTRY
47176	45	1146	Germany	COUNTRY
47176	47	160	Paris	CITY
47176	47	390	tree	GEONOUN
47176	47	511	tree	GEONOUN
47176	47	547	hole	GEONOUN
47176	47	1250	road	GEONOUN
47176	47	1270	road	GEONOUN
47176	47	1302	France	COUNTRY
47176	48	143	those days	DATE
47176	48	180	steps	GEONOUN
47176	48	255	steps	GEONOUN
47176	48	458	steps	GEONOUN
47176	49	628	road	GEONOUN
47176	49	1202	pass	GEONOUN
47176	49	1407	road	GEONOUN
47176	49	1551	France	COUNTRY
47176	49	1613	barricade	GEONOUN
47176	49	1643	barricade	GEONOUN
47176	49	2167	room	GEONOUN
47176	50	564	night	TIME
47176	50	801	road	GEONOUN
47176	50	1105	fields	GEONOUN
47176	50	1299	Spain	COUNTRY
47176	50	1333	Spain	COUNTRY
47176	50	1679	village	GEONOUN
47176	50	1694	Oloron	PLACE
47176	50	1734	Spain	COUNTRY
47176	50	1757	house	GEONOUN
47176	50	1843	house	GEONOUN
47176	50	1933	Spain	COUNTRY
47176	50	1962	Spain	COUNTRY
47176	50	2080	mountains	GEONOUN
47176	50	2093	night	TIME
47176	50	2107	the day	DATE
47176	50	2146	caves	GEONOUN
47176	50	2156	night	TIME
47176	53	64	five	DATE
47176	53	890	Oma	PLACE
47176	53	899	school	GEONOUN
47176	53	907	Mierka	PLACE
47176	53	930	village	GEONOUN
47176	53	980	road	GEONOUN
47176	53	1002	street	GEONOUN
47176	54	134	Saint-Gratien	CITY
47176	54	245	Oloron	PLACE
47176	54	361	road	GEONOUN
47176	54	393	house	GEONOUN
47176	54	956	road	GEONOUN
47176	54	1109	camp	GEONOUN
47176	54	1612	pass	GEONOUN
47176	54	1674	pass	GEONOUN
47176	54	1895	Toulouse	CITY
47176	54	2025	chain	GEONOUN
47176	54	2121	town	GEONOUN
47176	54	2152	chain	GEONOUN
47176	54	2250	chain	GEONOUN
47176	54	2300	Spain	COUNTRY
47176	54	2324	Oloron	PLACE
47176	54	2458	Spain	COUNTRY
47176	56	4	Orolon	PLACE
47176	58	132	path	GEONOUN
47176	58	270	path	GEONOUN
47176	58	623	tree	GEONOUN
47176	59	642	Spain	COUNTRY
47176	59	974	Spain	COUNTRY
47176	59	1084	house	GEONOUN
47176	59	1444	the night	TIME
47176	59	1472	the day	DATE
47176	59	1592	Spain	COUNTRY
47176	59	1767	mountains	GEONOUN
47176	59	1782	quite a few days	DATE
47176	59	1818	the night	TIME
47176	59	1939	the day	DATE
47176	59	1969	cave	GEONOUN
47176	59	2111	quite a few days	DATE
47176	59	2212	Spain	COUNTRY
47176	59	2228	Spain	COUNTRY
47176	59	2267	Cuba	COUNTRY
47176	59	2276	South America	CONTINENT
47176	59	2294	Brazil	COUNTRY
47176	59	2302	Argentina	COUNTRY
47176	59	3439	Toulouse	CITY
47176	59	3470	France	COUNTRY
47176	59	3488	France	COUNTRY
47176	59	3512	Pyrenees Mountains	PLACE
47176	59	3563	city	GEONOUN
47176	59	3584	city	GEONOUN
47176	59	3603	France	COUNTRY
47176	59	3664	now	DATE
47176	59	3704	La Ville Rose	PLACE
47176	59	3758	city	GEONOUN
47176	59	3783	opera house	GEONOUN
47176	59	3819	city	GEONOUN
47176	59	3917	Holland	CITY
47176	59	3944	Holland	CITY
47176	59	3998	South France	PLACE
47176	59	4051	South France	PLACE
47176	59	4123	South France	PLACE
47176	59	4158	Amsterdam	CITY
47176	59	4206	apartment	GEONOUN
47176	59	4325	France	COUNTRY
47176	59	4396	apartment	GEONOUN
47176	59	5080	foot	GEONOUN
47176	59	5471	fell	GEONOUN
47176	59	5547	about six or seven	DATE
47176	59	5636	Amsterdam	CITY
47176	59	5791	Toulouse	CITY
47176	59	5991	those days	DATE
47176	59	6005	Toulouse	CITY
47176	59	6493	apartment	GEONOUN
47176	59	6623	apartment	GEONOUN
47176	59	6636	Toulouse	CITY
47176	59	6701	city hall	GEONOUN
47176	59	6761	Toulouse	CITY
47176	59	6811	those days	DATE
47176	59	6954	Toulouse	CITY
47176	59	6976	village	GEONOUN
47176	59	6991	Grenade-sur-Garonne	PLACE
47176	59	7043	village	GEONOUN
47176	59	7071	Toulouse	CITY
47176	59	7092	about a half an hour	TIME
47176	59	7120	train	GEONOUN
47176	59	7313	housing	GEONOUN
47176	59	7620	Grenade-sur-Garonne	PLACE
47176	59	7655	village	GEONOUN
47176	59	7693	house	GEONOUN
47176	59	7704	corner	GEONOUN
47176	59	7812	street	GEONOUN
47176	59	7939	house	GEONOUN
47176	59	8043	rooms	GEONOUN
47176	59	8057	house	GEONOUN
47176	59	8068	house	GEONOUN
47176	59	8096	earth	GEONOUN
47176	59	8115	earth	GEONOUN
47176	59	8139	room	GEONOUN
47176	59	8207	room	GEONOUN
47176	59	8257	room	GEONOUN
47176	59	8432	corridor	GEONOUN
47176	59	8582	garden	GEONOUN
47176	59	8614	garden	GEONOUN
47176	59	8854	carpentry	GEONOUN
47176	59	9078	wood	GEONOUN
47176	59	9154	hole	GEONOUN
47176	59	9205	hole	GEONOUN
47176	59	9223	bench	GEONOUN
47176	60	33	room	GEONOUN
47176	60	60	earth	GEONOUN
47176	60	222	Pau	CITY
47176	60	256	city	GEONOUN
47176	60	277	France	COUNTRY
47176	60	370	Pau	CITY
47176	60	401	Pau	CITY
47176	60	426	Toulouse	CITY
47176	60	489	room	GEONOUN
47176	60	505	room	GEONOUN
47176	60	555	house	GEONOUN
47176	60	598	house	GEONOUN
47176	60	620	house	GEONOUN
47176	60	770	school	GEONOUN
47176	61	296	bar	GEONOUN
47176	61	359	farms	GEONOUN
47176	61	642	France	COUNTRY
47176	61	712	fell	GEONOUN
47176	61	737	country	GEONOUN
47176	61	1171	bar	GEONOUN
47176	61	1197	farm	GEONOUN
47176	61	1205	farm	GEONOUN
47176	61	1213	farm	GEONOUN
47176	61	1353	farm	GEONOUN
47176	61	1440	school	GEONOUN
47176	61	1610	the whole day	DATE
47176	61	1753	late at night	TIME
47176	61	1826	Jewish	GEONOUN
47176	61	1849	village	GEONOUN
47176	61	1932	house	GEONOUN
47176	61	2224	the night	TIME
47176	61	2335	house	GEONOUN
47176	61	2648	room	GEONOUN
47176	61	2661	room	GEONOUN
47176	61	2949	six years old	DATE
47176	61	3149	town	GEONOUN
47176	61	3181	town	GEONOUN
47176	61	3294	town	GEONOUN
47176	61	3330	orchards	GEONOUN
47176	61	3430	school	GEONOUN
47176	61	3952	farm country	GEONOUN
47176	61	3957	country	GEONOUN
47176	61	4040	backyard	GEONOUN
47176	61	4126	cages	GEONOUN
47176	61	4424	the morning	TIME
47176	62	11	Grenade-sur-Garonne--	PLACE
47176	62	33	Garonne	PLACE
47176	62	46	river	GEONOUN
47176	62	61	river	GEONOUN
47176	62	154	beach	GEONOUN
47176	62	231	steps	GEONOUN
47176	62	306	Garonne	PLACE
47176	62	1236	farms	GEONOUN
47176	62	1260	countryside	GEONOUN
47176	62	1318	city	GEONOUN
47176	62	1669	house	GEONOUN
47176	62	1678	Grenade	PLACE
47176	62	1880	farms	GEONOUN
47176	62	1953	every night	TIME
47176	62	1987	house	GEONOUN
47176	62	2013	restaurant	GEONOUN
47176	62	2053	house	GEONOUN
47176	62	2221	house	GEONOUN
47176	62	2286	Jewish	GEONOUN
47176	63	80	house	GEONOUN
47176	63	430	room	GEONOUN
47176	66	110	school	GEONOUN
47176	66	133	school	GEONOUN
47176	66	164	Grenade-sur-Garonne--	PLACE
47176	66	201	school	GEONOUN
47176	66	244	school	GEONOUN
47176	67	53	school	GEONOUN
47176	67	87	village	GEONOUN
47176	67	234	school	GEONOUN
47176	67	282	yard	GEONOUN
47176	67	304	yard	GEONOUN
47176	67	350	yard	GEONOUN
47176	67	473	France	COUNTRY
47176	67	751	school	GEONOUN
47176	67	1149	block	GEONOUN
47176	67	1245	opera	GEONOUN
47176	67	1717	city	GEONOUN
47176	67	1856	town	GEONOUN
47176	67	2114	every day	DATE
47176	67	2349	town	GEONOUN
47176	67	3160	every morning	TIME
47176	67	3220	neck	GEONOUN
47176	67	3421	cage	GEONOUN
47176	67	3636	fell	GEONOUN
47176	67	3650	hole	GEONOUN
47176	67	3659	fell	GEONOUN
47176	67	3671	hole	GEONOUN
47176	67	3808	house	GEONOUN
47176	67	4463	neck	GEONOUN
47176	67	4874	tonight	TIME
47176	67	5167	town	GEONOUN
47176	68	110	night	TIME
47176	68	123	fields	GEONOUN
47176	68	190	the night	TIME
47176	68	208	early in the morning	TIME
47176	68	256	houses	GEONOUN
47176	68	365	morning	TIME
47176	68	737	Toulouse	CITY
47176	68	802	convent	GEONOUN
47176	68	1218	convent	GEONOUN
47176	68	1303	convent	GEONOUN
47176	69	52	Toulouse	CITY
47176	69	66	convent	GEONOUN
47176	69	355	train	GEONOUN
47176	69	366	Grenade	PLACE
47176	69	377	Toulouse	CITY
47176	69	399	train	GEONOUN
47176	69	432	half an hour	TIME
47176	70	27	Grenade	PLACE
47176	72	246	train	GEONOUN
47176	72	382	convent	GEONOUN
47176	72	556	those days	DATE
47176	72	730	room	GEONOUN
47176	72	1607	every Sunday	DATE
47176	72	1621	Sunday	DATE
47176	72	1664	every Sunday	DATE
47176	72	1934	dormitory	GEONOUN
47176	72	1953	room	GEONOUN
47176	72	2132	school	GEONOUN
47176	72	2191	night	TIME
47176	72	2217	overnight	TIME
47176	72	2273	the weekends	DATE
47176	72	2347	Jewish	GEONOUN
47176	72	2887	Toulouse	CITY
47176	72	2993	convent	GEONOUN
47176	72	3192	monastery	GEONOUN
47176	72	3214	monastery	GEONOUN
47176	72	3297	convent	GEONOUN
47176	72	3512	Jewish	GEONOUN
47176	72	4127	monastery	GEONOUN
47176	72	4202	monastery	GEONOUN
47176	72	4715	mountains	GEONOUN
47176	72	5051	monastery	GEONOUN
47176	72	5085	monastery	GEONOUN
47176	72	5188	Grenade	PLACE
47176	72	5259	Grenade	PLACE
47176	72	5317	convent	GEONOUN
47176	73	382	convent	GEONOUN
47176	73	603	mountain	GEONOUN
47176	74	13	refectory	GEONOUN
47176	74	32	refectory	GEONOUN
47176	74	87	refectory	GEONOUN
47176	74	328	refectory	GEONOUN
47176	77	62	6:00 or 7:00	TIME
47176	77	132	convent	GEONOUN
47176	77	162	convent	GEONOUN
47176	81	558	convent	GEONOUN
47176	81	682	convent	GEONOUN
47176	81	1110	walls	GEONOUN
47176	81	1151	setting	GEONOUN
47176	83	144	church	GEONOUN
47176	83	159	convent	GEONOUN
47176	83	319	crown	GEONOUN
47176	83	618	aisle	GEONOUN
47176	83	931	chapel	GEONOUN
47176	83	1927	summer	DATE
47176	83	2138	convent	GEONOUN
47176	83	2193	the holidays--	DATE
47176	83	2241	the holidays	DATE
47176	83	2323	Grenade	PLACE
47176	83	2383	Grenade	PLACE
47176	83	2521	house	GEONOUN
47176	83	2706	convent	GEONOUN
47176	83	2748	house	GEONOUN
47176	83	2779	house	GEONOUN
47176	83	2789	the morning	TIME
47176	83	2832	house	GEONOUN
47176	83	2873	street	GEONOUN
47176	83	2916	earth	GEONOUN
47176	83	3029	village	GEONOUN
47176	83	3049	South France	PLACE
47176	83	3089	one morning	TIME
47176	83	3121	house	GEONOUN
47176	83	3147	house	GEONOUN
47176	83	3247	house	GEONOUN
47176	83	3456	village	GEONOUN
47176	83	3553	town	GEONOUN
47176	83	4029	Grenade	PLACE
47176	83	4113	all day	DATE
47176	83	5001	the afternoon	TIME
47176	83	5585	train	GEONOUN
47176	83	5625	convent	GEONOUN
47176	84	21	house	GEONOUN
47176	84	176	plain	GEONOUN
47176	84	833	house	GEONOUN
47176	84	893	house	GEONOUN
47176	84	969	house	GEONOUN
47176	84	1008	Jewish	GEONOUN
47176	84	1124	train	GEONOUN
47176	84	1160	convent	GEONOUN
47176	85	138	convent	GEONOUN
47176	86	31	hole	GEONOUN
47176	87	8	1943	DATE
47176	87	22	eight	DATE
47176	88	584	inner	GEONOUN
47176	88	670	fall	GEONOUN
47176	88	1389	convent	GEONOUN
47176	88	1659	environment	GEONOUN
47176	88	1707	environment	GEONOUN
47176	88	2929	today	DATE
47176	88	3028	night	TIME
47176	89	113	refectory	GEONOUN
47176	89	235	today	DATE
47176	89	1144	dormitory	GEONOUN
47176	89	1344	the morning	TIME
47176	89	1640	night	TIME
47176	89	1664	the morning	TIME
47176	89	1782	sink	GEONOUN
47176	89	2210	room	GEONOUN
47176	89	2240	room	GEONOUN
47176	89	2593	concentration camp	GEONOUN
47176	89	2617	Auschwitz	CAMP
47176	89	2976	over two years	DATE
47176	89	3171	prison	GEONOUN
47176	89	3245	Drancy	CITY
47176	89	3291	Auschwitz	CAMP
47176	89	3807	five	DATE
47176	89	3812	this month	DATE
47176	89	3892	that age	DATE
47176	90	82	convent	GEONOUN
47176	91	76	1945	DATE
47176	91	279	convent	GEONOUN
47176	91	288	Pere Agatange	PLACE
47176	91	675	village	GEONOUN
47176	91	742	Jewish	GEONOUN
47176	93	96	convent	GEONOUN
47176	93	324	convent	GEONOUN
47176	93	819	convent	GEONOUN
47176	93	835	the two years	DATE
47176	93	889	the summer	DATE
47176	93	949	convent	GEONOUN
47176	93	961	Pamiers	CITY
47176	93	998	Toulouse	CITY
47176	93	1154	mount	GEONOUN
47176	93	1397	three months	DATE
47176	93	2117	convent	GEONOUN
47176	93	2329	convent	GEONOUN
47176	93	2442	Pamiers	CITY
47176	93	2521	Jewish	GEONOUN
47176	93	3089	Pamiers	CITY
47176	93	3144	Grenade	EVENT
47176	93	3236	farms	GEONOUN
47176	93	3265	convent	GEONOUN
47176	93	3588	fields	GEONOUN
47176	93	4131	Toulouse	CITY
47176	93	4277	farm	GEONOUN
47176	93	4338	farm	GEONOUN
47176	93	4750	Jewish	GEONOUN
47176	93	4790	Jewish	GEONOUN
47176	93	4841	Israel	COUNTRY
47176	93	4863	Cyprus	COUNTRY
47176	93	4931	Israel	COUNTRY
47176	93	4949	Israel	COUNTRY
47176	93	4964	Palestine	CITY
47176	93	5112	Jewish	GEONOUN
47176	93	5302	castle	GEONOUN
47176	93	5324	Le Chateau	PLACE
47176	93	5338	Toulouse	CITY
47176	93	5368	chateau	GEONOUN
47176	93	5415	Jewish	GEONOUN
47176	93	5442	America	COUNTRY
47176	93	5451	France	COUNTRY
47176	93	5562	Jewish	GEONOUN
47176	93	5625	Palestine	CITY
47176	93	5723	Palestine	CITY
47176	93	5909	convent	GEONOUN
47176	93	6612	upstairs	GEONOUN
47176	93	6638	rooms	GEONOUN
47176	93	7413	room	GEONOUN
47176	93	7743	Jewish	GEONOUN
47176	93	7763	Jewish	GEONOUN
47176	93	8063	room	GEONOUN
47176	93	8750	chateau	GEONOUN
47176	93	9237	Palestine	CITY
47176	93	9267	Cyprus	COUNTRY
47176	93	9307	boat	GEONOUN
47176	93	9379	boat	GEONOUN
47176	93	9482	room	GEONOUN
47176	95	596	Palestine	CITY
47176	95	994	convent	GEONOUN
47176	95	1029	three years later	DATE
47176	95	1158	train	GEONOUN
47176	95	1331	train	GEONOUN
47176	95	1607	convent	GEONOUN
47176	95	1642	house	GEONOUN
47176	95	2747	all day long	DATE
47176	95	2810	concentration camps	GEONOUN
47176	95	3100	all day long	DATE
47176	95	3208	camp	GEONOUN
47176	95	3235	camp	GEONOUN
47176	95	3636	Birkenau	CAMP
47176	95	3657	Auschwitz	CAMP
47176	95	3750	Auschwitz	CAMP
47176	95	4084	Drancy	CITY
47176	95	4106	camp	GEONOUN
47176	95	4114	Paris	CITY
47176	95	4166	Birkenau	CAMP
47176	95	4176	Auschwitz-Birkenau	PLACE
47176	95	4274	block	GEONOUN
47176	95	4450	Birkenau	CAMP
47176	95	4490	many years--	DATE
47176	95	4523	many months	DATE
47176	95	4642	Monowitz	CAMP
47176	95	4681	Gleiwitz	CAMP
47176	95	4720	Buchenwald	CAMP
47176	95	4786	1945	DATE
47176	95	4927	fell	GEONOUN
47176	95	4945	fell	GEONOUN
47176	95	4977	fell	GEONOUN
47176	95	5429	a minute	TIME
47176	95	5877	Buchenwald	CAMP
47176	95	5896	Buchenwald	CAMP
47176	95	6128	Germany	COUNTRY
47176	95	6176	camp	GEONOUN
47176	95	6243	camp	GEONOUN
47176	95	6328	Buchenwald	CAMP
47176	95	6381	the next day	DATE
47176	95	6549	camp	GEONOUN
47176	95	6588	street	GEONOUN
47176	95	6665	camp	GEONOUN
47176	95	6756	France	COUNTRY
47176	95	6831	France	COUNTRY
47176	95	6972	train	GEONOUN
47176	96	1	1945	DATE
47176	96	13	11	DATE
47176	96	17	10	DATE
47176	96	21	11	DATE
47176	96	165	Grenade	PLACE
47176	96	292	village	GEONOUN
47176	96	328	Drancy	CITY
47176	96	1174	track	GEONOUN
47176	96	1259	village	GEONOUN
47176	96	1300	farms	GEONOUN
47176	96	1521	hole	GEONOUN
47176	96	1533	garden	GEONOUN
47176	97	84	environment	GEONOUN
47176	97	140	environment	GEONOUN
47176	97	955	one day	DATE
47176	97	1044	station	GEONOUN
47176	97	1556	every 12 hours	TIME
47176	97	1575	every whatever hours	TIME
47176	97	1885	the morning	TIME
47176	97	1909	Toulouse	CITY
47176	97	2047	camp	GEONOUN
47176	97	2055	Ravensbrück	PLACE
47176	97	2139	Sweden	COUNTRY
47176	97	2329	Sweden	COUNTRY
47176	97	3020	Paris	CITY
47176	97	3358	Paris	CITY
47176	97	4062	train	GEONOUN
47176	97	5149	train	GEONOUN
47176	97	5160	Paris	CITY
47176	97	5183	a 12-hour	TIME
47176	97	5197	overnight	TIME
47176	97	5213	whole-day	DATE
47176	97	5351	house	GEONOUN
47176	97	5603	house	GEONOUN
47176	97	5831	village	GEONOUN
47176	97	6033	Jewish	GEONOUN
47176	97	6238	Garonne	PLACE
47176	97	6682	the day	DATE
47176	97	6842	Paris	CITY
47176	97	7101	the next day	DATE
47176	97	7445	the middle of the night	TIME
47176	97	7491	house	GEONOUN
47176	97	7572	house	GEONOUN
47176	97	7597	15-minute	TIME
47176	97	7629	the night	TIME
47176	97	8195	the middle of the night	TIME
47176	97	8267	the next morning	TIME
47176	97	8387	the morning	TIME
47176	97	8574	July 7, 1945	DATE
47176	97	8623	room	GEONOUN
47176	97	8629	July 7 1943	DATE
47176	97	8668	the day--	DATE
47176	97	8681	the day	DATE
47176	97	8708	the hour	TIME
47176	97	8755	the morning	TIME
47176	97	8795	the morning	TIME
47176	97	10210	fell	GEONOUN
47176	97	10755	school	GEONOUN
47176	97	10806	the night	TIME
47176	97	10852	room	GEONOUN
47176	97	11001	school	GEONOUN
47176	97	11758	school	GEONOUN
47176	97	12438	Sweden	COUNTRY
47176	97	12539	Auschwitz	CAMP
47176	97	12617	1945	DATE
47176	97	12635	Germany	COUNTRY
47176	97	12831	Auschwitz	CAMP
47176	97	12963	camp	GEONOUN
47176	97	13353	every day	DATE
47176	97	13512	falls	GEONOUN
47176	97	13835	fall	GEONOUN
47176	97	13905	Ravensbrück	PLACE
47176	97	13935	Ravensbrück	PLACE
47176	97	14179	one day	DATE
47176	97	14330	camp	GEONOUN
47176	97	14338	Sweden	COUNTRY
47176	97	14695	Birkenau	CAMP
47176	97	15561	soil	GEONOUN
47176	97	15592	Sweden	COUNTRY
47176	97	15859	dump	GEONOUN
47176	97	15879	grave	GEONOUN
47176	98	433	the last day of his life	DATE
47176	99	41	Grenade	PLACE
47176	99	134	Grenade	PLACE
47176	99	208	Toulouse	CITY
47176	99	259	Amsterdam	CITY
47176	99	309	America	COUNTRY
47176	99	359	Pau	CITY
47176	99	486	Normandy	PLACE
47176	99	541	concentration camp	GEONOUN
47176	99	563	Poland	COUNTRY
47176	99	837	Toulouse	CITY
47176	99	912	school	GEONOUN
47176	99	1094	opera	GEONOUN
47176	99	1103	Toulouse	CITY
47176	99	1326	school	GEONOUN
47176	100	14	Toulouse	CITY
47176	100	53	Toulouse	CITY
47176	100	163	Toulouse--	PLACE
47176	100	303	Toulouse	CITY
47176	100	409	bridge	GEONOUN
47176	100	480	bridge	GEONOUN
47176	100	550	Toulouse	CITY
47176	100	637	town	GEONOUN
47176	101	1	The years	DATE
47176	101	14	Paris	CITY
47176	101	142	Toulouse	CITY
47176	102	324	Paris	CITY
47176	102	358	house	GEONOUN
47176	102	372	Saint-Gratien	CITY
47176	102	421	France	COUNTRY
47176	102	708	Paris	CITY
47176	102	1014	Belleville	CITY
47176	102	1042	Jewish	GEONOUN
47176	102	1060	Paris	CITY
47176	102	1223	apartment	GEONOUN
47176	102	1244	street	GEONOUN
47176	102	1551	buildings	GEONOUN
47176	102	1685	hall	GEONOUN
47176	102	1705	buildings	GEONOUN
47176	102	1723	windows	GEONOUN
47176	102	1829	room	GEONOUN
47176	102	1877	room	GEONOUN
47176	102	1999	room	GEONOUN
47176	102	2016	the day	DATE
47176	102	2070	room	GEONOUN
47176	102	2099	night	TIME
47176	102	2695	barricaded	GEONOUN
47176	102	2710	house	GEONOUN
47176	102	2736	barricaded	GEONOUN
47176	102	2751	house	GEONOUN
47176	102	2885	apartment	GEONOUN
47176	102	2947	courtyard	GEONOUN
47176	102	3130	room	GEONOUN
47176	102	3308	room one day	GEONOUN
47176	102	3313	one day	DATE
47176	102	3322	another day	DATE
47176	102	3335	another day	DATE
47176	102	3392	courtyard	GEONOUN
47176	102	3425	courtyard	GEONOUN
47176	102	3568	one day	DATE
47176	102	3828	apartment	GEONOUN
47176	102	4236	windows	GEONOUN
47176	102	4417	one week	DATE
47176	102	4560	apartment	GEONOUN
47176	102	4701	apartment	GEONOUN
47176	102	4748	apartment	GEONOUN
47176	102	4761	Paris	CITY
47176	102	4809	store	GEONOUN
47176	102	4818	store	GEONOUN
47176	102	4850	market	GEONOUN
47176	102	4858	Saint-Ouen	CITY
47176	102	4888	market	GEONOUN
47176	102	4901	Saint-Ouen	CITY
47176	102	4926	store	GEONOUN
47176	102	4937	store	GEONOUN
47176	102	4988	store	GEONOUN
47176	102	5018	house	GEONOUN
47176	102	5115	store	GEONOUN
47176	102	5129	store	GEONOUN
47176	102	5170	store	GEONOUN
47176	102	5232	store	GEONOUN
47176	102	5248	store	GEONOUN
47176	102	5399	garage	GEONOUN
47176	102	5433	garage	GEONOUN
47176	102	5460	store	GEONOUN
47176	102	5536	store	GEONOUN
47176	102	5924	today	DATE
47176	102	6104	Passy	PLACE
47176	102	6233	store	GEONOUN
47176	102	6322	store	GEONOUN
47176	102	6446	room	GEONOUN
47176	102	6520	store	GEONOUN
47176	102	6555	night	TIME
47176	102	6566	walls	GEONOUN
47176	102	6659	the morning	TIME
47176	102	6676	walls	GEONOUN
47176	102	6887	store	GEONOUN
47176	103	16	school	GEONOUN
47176	103	115	school	GEONOUN
47176	103	323	convent	GEONOUN
47176	103	375	Grenade	PLACE
47176	103	396	Toulouse	CITY
47176	103	1125	school	GEONOUN
47176	103	1142	Paris	CITY
47176	103	1179	school	GEONOUN
47176	103	1334	school	GEONOUN
47176	103	1479	14	DATE
47176	103	1487	13	DATE
47176	103	1493	14	DATE
47176	103	1603	Holland	CITY
47176	103	1769	houses	GEONOUN
47176	103	1779	Rue de la Paix	PLACE
47176	103	1797	Paris	CITY
47176	103	2269	Paris	CITY
47176	103	2505	night	TIME
47176	103	2861	France	COUNTRY
47176	103	3311	country	GEONOUN
47176	104	18	the United States--	PLACE
47176	104	101	Paris	CITY
47176	104	774	foot	GEONOUN
47176	104	849	all night long	TIME
47176	104	1049	Rue de la Paix	PLACE
47176	104	1201	America	COUNTRY
47176	104	1234	America	COUNTRY
47176	104	1245	1940	DATE
47176	104	1287	France	COUNTRY
47176	104	1393	camp	GEONOUN
47176	104	1673	Jewish	GEONOUN
47176	104	1792	a holiday	DATE
47176	104	1812	Jewish	GEONOUN
47176	104	1854	store	GEONOUN
47176	104	2066	hole	GEONOUN
47176	104	2239	Hawaii	US-STATE
47176	104	2653	store	GEONOUN
47176	104	2769	America	COUNTRY
47176	104	2811	Vienna	CITY
47176	104	2819	Austria	COUNTRY
47176	104	2861	fell	GEONOUN
47176	104	2907	19	DATE
47176	104	2994	fell	GEONOUN
47176	104	3034	Paris	CITY
47176	104	3044	a year	DATE
47176	104	3152	hotel	GEONOUN
47176	104	3684	apartment	GEONOUN
47176	104	3697	Passy	PLACE
47176	104	3753	apartment	GEONOUN
47176	104	3798	store	GEONOUN
47176	104	3838	temple	GEONOUN
47176	104	3859	Paris	CITY
47176	104	3898	that day	DATE
47176	104	4081	Toulouse	CITY
47176	105	57	America	COUNTRY
47176	105	262	America	COUNTRY
47176	105	426	5 to 10 years	DATE
47176	105	636	America	COUNTRY
47176	105	665	that year	DATE
47176	105	679	1950	DATE
47176	105	725	1949	DATE
47176	105	788	the whole summer	DATE
47176	105	897	consulate	GEONOUN
47176	105	969	America	COUNTRY
47176	105	1025	Place Vendome--	PLACE
47176	105	1049	Place Vendome	PLACE
47176	105	1064	Place de la Concorde	PLACE
47176	105	1113	building	GEONOUN
47176	105	1127	embassy	GEONOUN
47176	105	1138	Paris	CITY
47176	105	1762	ship	GEONOUN
47176	105	1837	train	GEONOUN
47176	105	1876	train	GEONOUN
47176	105	2145	America	COUNTRY
47176	105	2511	every day	DATE
47176	106	61	America	COUNTRY
47176	106	326	school	GEONOUN
47176	106	354	New York City	CITY
47176	106	662	Lincoln Center	PLACE
47176	106	694	the 30s	DATE
47176	106	713	38th Street	PLACE
47176	107	88	1950	DATE
47176	107	125	Riverdale	CITY
47176	107	228	Cathedral Parkway	PLACE
47176	107	249	111th Street	PLACE
47176	107	271	Amsterdam	CITY
47176	107	285	Broadway	PLACE
47176	107	302	apartment	GEONOUN
47176	107	458	hospital	GEONOUN
47176	107	541	Broadway	PLACE
47176	107	826	town	GEONOUN
47176	107	874	factory	GEONOUN
47176	107	915	Queens	CITY
47176	107	940	Holocaust	EVENT
47176	107	1508	the summer holidays	DATE
47176	107	1572	springs	GEONOUN
47176	107	1668	springs	GEONOUN
47176	107	1677	springs	GEONOUN
47176	107	1686	springs	GEONOUN
47176	107	1740	train	GEONOUN
47176	107	2018	only 15	DATE
47176	108	657	evenings	TIME
47176	108	678	the day	DATE
47176	108	707	school	GEONOUN
47176	108	963	one year	DATE
47176	108	1185	a month	DATE
47176	108	1264	nine months--	DATE
47176	108	1685	France	COUNTRY
47176	108	1905	France	COUNTRY
47176	108	2008	age 19	DATE
47176	108	2121	the United States--	PLACE
47176	108	2235	every day	DATE
47176	108	2637	field	GEONOUN
47176	108	2742	Paris	CITY
47176	108	2925	20	DATE
47176	108	3583	building	GEONOUN
47176	108	3617	restaurant	GEONOUN
47176	108	3632	downstairs	GEONOUN
47176	108	3660	entrance	GEONOUN
47176	108	3915	New York's	PLACE
47176	108	3962	the '50s	DATE
47176	108	4084	field	GEONOUN
47176	109	365	the last minute	TIME
47176	109	496	last minute	TIME
47176	109	966	40 years	DATE
47176	109	975	this year--	DATE
47176	109	995	40 years	DATE
47176	109	1073	Holocaust	EVENT
47176	109	1101	Romania	COUNTRY
47176	109	1214	Holocaust	EVENT
47176	109	1238	Israel	COUNTRY
47176	109	1259	Israel	COUNTRY
47176	109	1530	ship	GEONOUN
47176	109	1576	ship	GEONOUN
47176	109	1738	the whole night	TIME
47176	109	1961	Europe	CONTINENT
47176	109	1969	The next day	DATE
47176	110	27	ship	GEONOUN
47176	110	48	Israel	COUNTRY
47176	110	69	Israel	COUNTRY
47176	110	94	Jewish	GEONOUN
47176	111	20	Israel	COUNTRY
47176	111	45	'48	DATE
47176	111	197	school	GEONOUN
47176	111	207	Italy	COUNTRY
47176	111	279	Israel	COUNTRY
47176	111	363	a year	DATE
47176	112	115	two and a half years later	DATE
47176	112	395	Europe	CONTINENT
47176	112	405	Israel	COUNTRY
47176	113	625	temple	GEONOUN
47176	113	647	temple	GEONOUN
47176	113	664	temple	GEONOUN
47176	113	708	Jewish	GEONOUN
47176	113	940	house	GEONOUN
47176	114	116	yesterday	DATE
47176	114	160	Iraq	COUNTRY
47176	116	28	1991	DATE
47176	116	1285	school	GEONOUN
47176	116	1475	seven	DATE
47176	116	1969	school	GEONOUN
47176	116	2034	seven-year-old	DATE
47176	116	2289	school	GEONOUN
47176	117	92	only about two and a half years ago--	DATE
47176	117	223	depression	GEONOUN
47176	117	346	over a year	DATE
47176	117	618	about 10 years	DATE
47176	117	1715	about a year	DATE
47176	117	1853	every day	DATE
47176	117	1995	many years	DATE
47176	117	2474	five	DATE
47176	117	2584	two years old	DATE
47176	118	60	convent	GEONOUN
47176	118	75	Grenade	PLACE
47176	118	373	Saint-Gratien	CITY
47176	118	511	store	GEONOUN
47176	118	531	store	GEONOUN
47176	119	75	Toulouse	CITY
47176	119	100	Toulouse	CITY
47176	119	256	train	GEONOUN
47176	119	265	Auschwitz	CAMP
47176	119	324	Auschwitz-Birkenau	PLACE
47176	119	420	block	GEONOUN
47176	119	501	block	GEONOUN
47176	119	552	Berlin	CITY
47176	119	606	Holocaust	EVENT
47176	119	627	monument	GEONOUN
47176	119	662	Holocaust	EVENT
47176	119	685	Germany	COUNTRY
47176	119	1087	New York	US-STATE
47176	119	1104	department	GEONOUN
47176	119	1370	Jewish	GEONOUN
