FileID	AnswerID	StartCharPos	Entity	Type
47172	2	11	March 21, 1922	DATE
47172	2	30	Fürth	CITY
47172	2	65	Nuremberg	CAMP
47172	2	78	Germany	COUNTRY
47172	3	3	current	GEONOUN
47172	3	18	76	DATE
47172	4	121	area	GEONOUN
47172	4	149	Fürth	CITY
47172	4	187	town	GEONOUN
47172	4	199	Hammelburg	PLACE
47172	4	225	Würzburg	CITY
47172	4	266	Germany	COUNTRY
47172	5	809	country house	GEONOUN
47172	5	857	Nuremberg	CAMP
47172	5	971	the summer	DATE
47172	6	26	the late '20s	DATE
47172	6	43	Germany	COUNTRY
47172	6	84	facilities	GEONOUN
47172	6	156	house	GEONOUN
47172	6	214	every morning	TIME
47172	6	322	chamber	GEONOUN
47172	6	907	country	GEONOUN
47172	6	1399	farms	GEONOUN
47172	6	1420	house	GEONOUN
47172	8	66	setting	GEONOUN
47172	8	79	house	GEONOUN
47172	8	103	house	GEONOUN
47172	8	163	thatched	GEONOUN
47172	8	182	roof	GEONOUN
47172	8	235	roof	GEONOUN
47172	8	271	several hundred year old	DATE
47172	8	303	tree	GEONOUN
47172	8	343	setting	GEONOUN
47172	9	29	house	GEONOUN
47172	9	51	country	GEONOUN
47172	9	117	Nuremberg	CAMP
47172	10	4	house	GEONOUN
47172	10	28	Fürth	CITY
47172	10	61	house	GEONOUN
47172	10	111	house	GEONOUN
47172	10	164	apartment block	GEONOUN
47172	10	174	block	GEONOUN
47172	10	309	ground	GEONOUN
47172	10	331	apartment	GEONOUN
47172	10	411	apartments	GEONOUN
47172	10	430	Germany	COUNTRY
47172	10	493	rooms	GEONOUN
47172	10	551	courtyard	GEONOUN
47172	10	645	courtyard	GEONOUN
47172	10	722	courtyard	GEONOUN
47172	10	739	balcony	GEONOUN
47172	10	934	balcony	GEONOUN
47172	10	1124	a certain day	DATE
47172	11	337	courtyard	GEONOUN
47172	12	65	around '28	DATE
47172	12	109	six years old	DATE
47172	12	138	school	GEONOUN
47172	13	357	Germany	COUNTRY
47172	13	382	rise	GEONOUN
47172	13	489	school	GEONOUN
47172	13	540	five-year-olds	DATE
47172	13	556	four or five-year-olds	DATE
47172	13	620	nursery	GEONOUN
47172	13	1024	Jewish	GEONOUN
47172	13	1059	Jewish	GEONOUN
47172	13	1099	Jewish	GEONOUN
47172	14	189	the age of six	DATE
47172	14	325	city	GEONOUN
47172	14	418	Ranna	PLACE
47172	14	425	R-A-N-N-A	PLACE
47172	14	460	Nuremberg	CAMP
47172	14	493	inn	GEONOUN
47172	14	1012	A few years later	DATE
47172	15	124	school	GEONOUN
47172	15	134	Fürth	CITY
47172	15	144	the first three years	DATE
47172	15	180	school	GEONOUN
47172	15	200	from 1928 to 1931	DATE
47172	15	324	school	GEONOUN
47172	15	657	1931	DATE
47172	16	256	Germany	COUNTRY
47172	16	442	Jewish	GEONOUN
47172	16	491	synagogue	GEONOUN
47172	16	504	the United States	COUNTRY
47172	16	566	Jewish	GEONOUN
47172	16	587	Germany	COUNTRY
47172	16	709	Jewish	GEONOUN
47172	16	999	Fürth--	PLACE
47172	16	1020	Frankfurt	PLACE
47172	16	1297	Friday	DATE
47172	16	1347	Jewish	GEONOUN
47172	16	1496	Fürth	CITY
47172	16	1562	synagogue	GEONOUN
47172	16	1580	Friday	DATE
47172	16	1618	Saturday	DATE
47172	16	1719	Jewish	GEONOUN
47172	16	1769	synagogue	GEONOUN
47172	16	1851	Rosh Hashanah	DATE
47172	16	1869	Yom Kippur	DATE
47172	16	1930	Friday	DATE
47172	16	2086	Jewish	GEONOUN
47172	16	2101	Jewish	GEONOUN
47172	16	2633	country	GEONOUN
47172	18	3	1931	DATE
47172	18	83	Frankfurt	PLACE
47172	18	178	Germany	COUNTRY
47172	18	366	city	GEONOUN
47172	18	456	building	GEONOUN
47172	18	499	premises	GEONOUN
47172	18	524	Frankfurt	PLACE
47172	18	666	Fürth	CITY
47172	18	723	city	GEONOUN
47172	18	731	Frankfurt	PLACE
47172	18	915	Frankfurt	PLACE
47172	18	941	Fürth	CITY
47172	18	1101	Frankfurt	PLACE
47172	18	1269	Hammelburg	PLACE
47172	19	105	environment	GEONOUN
47172	19	292	community	GEONOUN
47172	19	323	Fürth	CITY
47172	19	820	Frankfurt	PLACE
47172	19	956	community	GEONOUN
47172	19	981	1931	DATE
47172	20	104	night	TIME
47172	20	562	Jewish	GEONOUN
47172	20	814	house	GEONOUN
47172	20	872	Jewish	GEONOUN
47172	20	1047	house	GEONOUN
47172	21	183	Jewish	GEONOUN
47172	23	388	Enlightenment	EVENT
47172	23	567	Germany	COUNTRY
47172	24	510	Frankfurt	PLACE
47172	24	526	'32 to '36	DATE
47172	24	701	one year--	DATE
47172	24	721	three years	DATE
47172	24	747	school	GEONOUN
47172	24	766	school	GEONOUN
47172	24	784	four years	DATE
47172	24	809	school	GEONOUN
47172	24	853	school	GEONOUN
47172	24	879	Fürth	CITY
47172	24	934	fourth year	DATE
47172	24	1098	one year	DATE
47172	24	1112	school	GEONOUN
47172	24	1173	Jewish school	GEONOUN
47172	24	1180	school	GEONOUN
47172	24	1297	school	GEONOUN
47172	24	1323	Jewish school	GEONOUN
47172	24	1330	school	GEONOUN
47172	24	1630	that year	DATE
47172	24	1694	school	GEONOUN
47172	24	1769	school	GEONOUN
47172	24	1796	Musterschule	PLACE
47172	24	1965	school	GEONOUN
47172	24	2041	Germany	COUNTRY
47172	25	7	1932	DATE
47172	26	19	school	GEONOUN
47172	26	72	Jewish	GEONOUN
47172	26	190	school	GEONOUN
47172	26	356	Jewish	GEONOUN
47172	26	399	'32	DATE
47172	26	406	'33	DATE
47172	26	819	Jewish	GEONOUN
47172	27	26	tree	GEONOUN
47172	27	38	schoolyard	GEONOUN
47172	27	365	Germany	COUNTRY
47172	27	516	later years	DATE
47172	27	539	Holocaust	EVENT
47172	28	356	Jewish	GEONOUN
47172	28	379	school	GEONOUN
47172	29	200	school	GEONOUN
47172	29	314	Jewish school	GEONOUN
47172	29	321	school	GEONOUN
47172	29	1132	points	GEONOUN
47172	30	636	14	DATE
47172	30	769	inner	GEONOUN
47172	32	181	Germany	COUNTRY
47172	32	484	inner	GEONOUN
47172	32	865	these early years--	DATE
47172	32	896	Germany	COUNTRY
47172	32	1070	Germany	COUNTRY
47172	32	1235	'32	DATE
47172	32	1295	'35	DATE
47172	32	1403	'36	DATE
47172	32	1600	Germany	COUNTRY
47172	33	343	today	DATE
47172	33	379	today	DATE
47172	35	4	Jewish	GEONOUN
47172	35	29	Jewish synagogue	GEONOUN
47172	35	36	synagogue	GEONOUN
47172	35	155	building	GEONOUN
47172	35	525	school	GEONOUN
47172	35	664	school	GEONOUN
47172	36	290	synagogue	GEONOUN
47172	36	496	Jewish	GEONOUN
47172	36	525	bar	GEONOUN
47172	36	621	passage	GEONOUN
47172	37	139	bar	GEONOUN
47172	37	574	train	GEONOUN
47172	37	600	bar	GEONOUN
47172	38	365	Jewish	GEONOUN
47172	38	452	fell	GEONOUN
47172	38	1307	privy	GEONOUN
47172	38	1601	school	GEONOUN
47172	39	94	Germany	COUNTRY
47172	39	225	the United States--	PLACE
47172	39	292	1932	DATE
47172	39	359	South Africa	COUNTRY
47172	39	380	1932	DATE
47172	39	453	South Africa	COUNTRY
47172	39	741	1936	DATE
47172	39	1387	Switzerland	COUNTRY
47172	39	1424	the United States	COUNTRY
47172	39	1608	the United States	COUNTRY
47172	40	245	Fürth	CITY
47172	40	274	Frankfurt	PLACE
47172	40	315	Italy	COUNTRY
47172	40	331	Italy	COUNTRY
47172	40	338	Bolzano	CITY
47172	40	366	Italy	COUNTRY
47172	40	379	Tyrol	PLACE
47172	40	463	Italy	COUNTRY
47172	40	595	Italy	COUNTRY
47172	40	655	school	GEONOUN
47172	40	670	December	DATE
47172	40	713	Germany	COUNTRY
47172	40	1139	train	GEONOUN
47172	40	1148	Switzerland	COUNTRY
47172	40	1193	the next few weeks	DATE
47172	40	1571	convent	GEONOUN
47172	40	1618	Italy	COUNTRY
47172	40	1773	Bellinzona	CITY
47172	40	1808	Switzerland	COUNTRY
47172	40	1874	Switzerland	COUNTRY
47172	40	2023	Switzerland	COUNTRY
47172	40	2058	Switzerland	COUNTRY
47172	40	2103	school	GEONOUN
47172	40	2135	fall	GEONOUN
47172	41	15	train	GEONOUN
47172	41	37	train	GEONOUN
47172	41	52	Zurich	PLACE
47172	41	504	state	GEONOUN
47172	41	708	house	GEONOUN
47172	41	717	Bellinzona	CITY
47172	41	894	sink	GEONOUN
47172	41	985	school	GEONOUN
47172	42	40	the end of December	DATE
47172	42	63	very early January	DATE
47172	42	87	the end of the	DATE
47172	42	102	school	GEONOUN
47172	42	155	about half a year	DATE
47172	42	194	Milano	PLACE
47172	43	121	Germany	COUNTRY
47172	44	279	Holland	CITY
47172	44	928	the late '30s	DATE
47172	44	955	Jewish	GEONOUN
47172	44	1026	France	COUNTRY
47172	44	1034	Italy	COUNTRY
47172	44	1041	England	PLACE
47172	44	1050	Holland	CITY
47172	44	1705	country	GEONOUN
47172	44	1808	capital	GEONOUN
47172	44	1910	banks	GEONOUN
47172	46	24	room	GEONOUN
47172	46	398	between '36 and '38	DATE
47172	46	642	England	PLACE
47172	46	683	1937	DATE
47172	46	726	England	PLACE
47172	46	861	bank	GEONOUN
47172	47	253	store windows	GEONOUN
47172	47	259	windows	GEONOUN
47172	47	291	store	GEONOUN
47172	47	459	store	GEONOUN
47172	47	512	street	GEONOUN
47172	47	724	factory	GEONOUN
47172	47	735	Bolzano	CITY
47172	47	901	'38	DATE
47172	47	930	Italy	COUNTRY
47172	47	1005	Jewish	GEONOUN
47172	47	1063	Italy	COUNTRY
47172	47	1154	Italy	COUNTRY
47172	47	1187	France	COUNTRY
47172	49	138	Italy	COUNTRY
47172	49	417	Holland	CITY
47172	49	512	Holland	CITY
47172	49	589	September of 1938	DATE
47172	49	610	Holland	CITY
47172	51	49	Amsterdam	CITY
47172	53	179	Germany	COUNTRY
47172	53	398	Italy	COUNTRY
47172	53	504	school	GEONOUN
47172	53	537	ruin	GEONOUN
47172	53	898	Italy	COUNTRY
47172	54	143	privy	GEONOUN
47172	54	212	room	GEONOUN
47172	54	405	Amsterdam	CITY
47172	54	580	Holland	CITY
47172	54	815	store	GEONOUN
47172	54	879	Amsterdam	CITY
47172	54	1030	Amsterdam	CITY
47172	54	1090	Amsterdam	CITY
47172	54	1227	November '38	DATE
47172	54	1244	Kristallnacht	EVENT
47172	54	1314	Holland	CITY
47172	54	1402	houses	GEONOUN
47172	54	1422	apartments	GEONOUN
47172	54	1590	Holland	CITY
47172	54	1639	apartments	GEONOUN
47172	54	1707	Amsterdam	CITY
47172	54	1757	Amsterdam	CITY
47172	54	1843	area	GEONOUN
47172	54	1851	Amsterdam	CITY
47172	54	1876	The River	PLACE
47172	54	1886	area	GEONOUN
47172	54	1946	Netherlands	COUNTRY
47172	54	2107	Frankfurt	PLACE
47172	54	2444	chamber	GEONOUN
47172	54	2669	a couple of weeks	DATE
47172	55	14	late in September	DATE
47172	55	35	early October of 1938	DATE
47172	55	79	the month of September	DATE
47172	56	46	apartment	GEONOUN
47172	57	32	Jewish	GEONOUN
47172	57	110	Jewish	GEONOUN
47172	57	180	city	GEONOUN
47172	57	258	Germany	COUNTRY
47172	57	380	Jewish	GEONOUN
47172	57	638	community	GEONOUN
47172	57	676	area	GEONOUN
47172	58	251	South Africa	COUNTRY
47172	58	317	'38	DATE
47172	59	9	Holland	CITY
47172	59	49	'39	DATE
47172	59	77	May of 1940	DATE
47172	59	119	September '38	DATE
47172	59	136	May 1940	DATE
47172	59	246	premises	GEONOUN
47172	59	270	Germany	COUNTRY
47172	59	455	room	GEONOUN
47172	59	537	the day	DATE
47172	60	13	school	GEONOUN
47172	60	338	ship	GEONOUN
47172	60	418	two-year	DATE
47172	60	541	Holland	CITY
47172	61	68	Jewish	GEONOUN
47172	61	347	Jewish	GEONOUN
47172	61	538	pass	GEONOUN
47172	61	791	1939	DATE
47172	61	797	about a year	DATE
47172	61	1162	1939	DATE
47172	61	1181	school	GEONOUN
47172	61	1202	school	GEONOUN
47172	61	1235	1941	DATE
47172	61	1393	the immigration years	DATE
47172	61	1418	Italy	COUNTRY
47172	61	1453	Italy	COUNTRY
47172	62	59	synagogue	GEONOUN
47172	62	263	building	GEONOUN
47172	62	275	Frankfurt	PLACE
47172	62	471	Jewish synagogue	GEONOUN
47172	62	478	synagogue	GEONOUN
47172	63	91	Holland	CITY
47172	63	164	every month	DATE
47172	63	326	hours	TIME
47172	63	379	rooms	GEONOUN
47172	63	443	another few months	DATE
47172	63	490	Holland	CITY
47172	64	121	Jewish	GEONOUN
47172	64	872	Italy	COUNTRY
47172	64	1054	May 1940	DATE
47172	64	1064	May 10, 1940	DATE
47172	64	1108	May	DATE
47172	64	1196	airport	GEONOUN
47172	64	1214	Amsterdam	CITY
47172	64	1636	country	GEONOUN
47172	64	1653	England	PLACE
47172	65	91	Holland	CITY
47172	65	279	port	GEONOUN
47172	65	316	boat	GEONOUN
47172	65	635	about an hour	TIME
47172	66	64	a few hours	TIME
47172	67	34	the very first few weeks--	DATE
47172	67	611	1941	DATE
47172	67	725	cafe	GEONOUN
47172	67	790	Jewish	GEONOUN
47172	67	1461	Germany	COUNTRY
47172	67	1557	a week	DATE
47172	67	1641	Jewish	GEONOUN
47172	67	1699	Jewish	GEONOUN
47172	69	158	last night	TIME
47172	69	245	city	GEONOUN
47172	69	404	room	GEONOUN
47172	69	418	apartment	GEONOUN
47172	69	716	1941	DATE
47172	70	3	February of 1941	DATE
47172	72	26	1940	DATE
47172	72	121	university	GEONOUN
47172	72	222	Leiden	CITY
47172	72	241	Utrecht	CITY
47172	73	39	university	GEONOUN
47172	73	467	university	GEONOUN
47172	73	796	1941	DATE
47172	73	1026	several weeks	DATE
47172	73	1124	school	GEONOUN
47172	73	1186	house	GEONOUN
47172	73	1272	town	GEONOUN
47172	73	1537	early June of 1941	DATE
47172	74	286	Mauthausen	PLACE
47172	74	297	concentration camp	GEONOUN
47172	74	333	Germany	COUNTRY
47172	74	345	Austria	COUNTRY
47172	76	24	Jewish council	GEONOUN
47172	76	31	council	GEONOUN
47172	76	159	Jewish council	GEONOUN
47172	76	166	council	GEONOUN
47172	76	237	Holland	CITY
47172	76	487	the morning	TIME
47172	76	575	several weeks	DATE
47172	76	662	school	GEONOUN
47172	76	786	Jewish	GEONOUN
47172	76	931	room	GEONOUN
47172	76	979	school	GEONOUN
47172	76	1087	Jewish	GEONOUN
47172	76	1124	room	GEONOUN
47172	76	1146	school	GEONOUN
47172	76	1225	entrance	GEONOUN
47172	78	26	school	GEONOUN
47172	79	193	Jewish	GEONOUN
47172	79	594	city	GEONOUN
47172	79	630	area	GEONOUN
47172	79	638	Holland	CITY
47172	81	137	corner	GEONOUN
47172	81	158	room	GEONOUN
47172	81	454	1941	DATE
47172	81	466	19	DATE
47172	81	543	city	GEONOUN
47172	81	608	room	GEONOUN
47172	82	4	area	GEONOUN
47172	82	12	Holland	CITY
47172	82	56	the Veluwe,	PLACE
47172	82	85	Veluwe	PLACE
47172	82	113	area	GEONOUN
47172	82	226	country	GEONOUN
47172	82	293	Zuiderzee	PLACE
47172	82	412	farmland	GEONOUN
47172	82	469	area	GEONOUN
47172	82	502	area	GEONOUN
47172	82	576	forest	GEONOUN
47172	82	641	area	GEONOUN
47172	82	669	area	GEONOUN
47172	83	373	room	GEONOUN
47172	84	63	room	GEONOUN
47172	84	121	Jewish	GEONOUN
47172	84	376	land	GEONOUN
47172	84	394	area	GEONOUN
47172	84	430	house	GEONOUN
47172	84	453	several weeks	DATE
47172	84	476	farmhouse	GEONOUN
47172	84	619	5 o'clock or earlier in the morning	TIME
47172	84	754	courtyard	GEONOUN
47172	84	776	house	GEONOUN
47172	84	800	barn	GEONOUN
47172	84	1499	a few days	DATE
47172	84	1623	area	GEONOUN
47172	84	1740	Amsterdam	CITY
47172	84	2011	shelter	GEONOUN
47172	85	139	Holland	CITY
47172	85	469	city	GEONOUN
47172	85	517	Jewish	GEONOUN
47172	85	577	train	GEONOUN
47172	86	22	October of 1941	DATE
47172	86	235	house	GEONOUN
47172	86	248	edge	GEONOUN
47172	86	274	village	GEONOUN
47172	86	439	forest	GEONOUN
47172	86	468	trees	GEONOUN
47172	87	271	forest	GEONOUN
47172	88	11	the winter--	DATE
47172	88	45	fall	GEONOUN
47172	88	63	the winter	DATE
47172	88	75	fall	GEONOUN
47172	88	101	spring	GEONOUN
47172	88	117	room	GEONOUN
47172	88	137	room	GEONOUN
47172	88	164	attic	GEONOUN
47172	88	174	attic room	GEONOUN
47172	88	180	room	GEONOUN
47172	88	222	room	GEONOUN
47172	88	414	basin	GEONOUN
47172	88	504	room	GEONOUN
47172	88	513	the summertime	DATE
47172	88	555	room	GEONOUN
47172	88	616	summer	DATE
47172	88	670	hut	GEONOUN
47172	88	690	wood	GEONOUN
47172	88	724	hut	GEONOUN
47172	88	760	house	GEONOUN
47172	88	837	Amsterdam	CITY
47172	88	991	the summer	DATE
47172	89	92	Holland	CITY
47172	89	121	1941	DATE
47172	89	353	Jewish	GEONOUN
47172	90	28	pass	GEONOUN
47172	91	54	house	GEONOUN
47172	91	105	Jewish	GEONOUN
47172	91	527	a week	DATE
47172	91	565	room	GEONOUN
47172	91	714	a week	DATE
47172	93	463	village	GEONOUN
47172	93	690	house	GEONOUN
47172	93	963	Amsterdam	CITY
47172	93	1257	Amsterdam	CITY
47172	93	1329	boat	GEONOUN
47172	93	1472	checkpoint	GEONOUN
47172	93	1498	boat	GEONOUN
47172	93	1519	IJsselmeer	PLACE
47172	93	1539	harbor	GEONOUN
47172	93	1549	Amsterdam	CITY
47172	93	1588	ferry	GEONOUN
47172	93	1629	Amsterdam	CITY
47172	93	1743	Jewish	GEONOUN
47172	93	1765	house	GEONOUN
47172	93	1959	land	GEONOUN
47172	94	30	street	GEONOUN
47172	94	48	Heemraadschapslaan	PLACE
47172	94	86	Heemraadschapslaan	PLACE
47172	94	125	Amstelveen	CITY
47172	94	154	Amsterdam	CITY
47172	95	40	the 29th of October of 1942	DATE
47172	97	219	Jewish	GEONOUN
47172	97	1250	room	GEONOUN
47172	97	1291	house	GEONOUN
47172	97	1312	diamond	GEONOUN
47172	97	1420	Jewish	GEONOUN
47172	97	1462	environment	GEONOUN
47172	97	1624	country	GEONOUN
47172	97	1633	Greece	COUNTRY
47172	97	1869	room	GEONOUN
47172	97	1912	room	GEONOUN
47172	98	4	diamond	GEONOUN
47172	99	304	room	GEONOUN
47172	99	480	building	GEONOUN
47172	99	1023	May of 1942	DATE
47172	99	1065	country	GEONOUN
47172	99	1341	Jewish	GEONOUN
47172	101	7	Holland	CITY
47172	103	33	May '43	DATE
47172	103	66	October of 1942	DATE
47172	103	86	November of 1942	DATE
47172	103	208	night	TIME
47172	103	305	night	TIME
47172	103	360	the day	DATE
47172	103	425	the night	TIME
47172	103	472	November 1942	DATE
47172	103	829	November 17	DATE
47172	103	860	night	TIME
47172	103	921	hiding place	GEONOUN
47172	103	961	November 16	DATE
47172	103	1046	one day	DATE
47172	103	1203	camp	GEONOUN
47172	103	1215	the Dutch Theater	PLACE
47172	103	1234	the Joodse Schouwburg	PLACE
47172	103	1259	Amsterdam	CITY
47172	103	1291	theater	GEONOUN
47172	103	1381	theater	GEONOUN
47172	103	1442	facilities	GEONOUN
47172	103	1480	train	GEONOUN
47172	103	1509	camp	GEONOUN
47172	103	1521	Westerbork	CAMP
47172	103	1622	camp hospital	GEONOUN
47172	103	1627	hospital	GEONOUN
47172	103	1697	Auschwitz	CAMP
47172	103	1836	May	DATE
47172	103	1854	May 1943	DATE
47172	104	6	the same evening	TIME
47172	106	198	May of 1943	DATE
47172	106	287	hospital	GEONOUN
47172	106	337	camp	GEONOUN
47172	106	379	country	GEONOUN
47172	106	447	Amsterdam	CITY
47172	106	492	camp hospital	GEONOUN
47172	106	497	hospital	GEONOUN
47172	106	649	Jewish council	GEONOUN
47172	106	656	council	GEONOUN
47172	106	686	Amsterdam	CITY
47172	106	705	camp	GEONOUN
47172	106	847	that day	DATE
47172	106	944	hiding place	GEONOUN
47172	106	995	Jewish	GEONOUN
47172	106	1019	Amstelveen	CITY
47172	106	1054	Jewish council	GEONOUN
47172	106	1061	council	GEONOUN
47172	106	1267	camp	GEONOUN
47172	106	1484	ship	GEONOUN
47172	106	1537	Germany	COUNTRY
47172	107	161	barracks	GEONOUN
47172	107	202	facilities	GEONOUN
47172	107	432	Poland	COUNTRY
47172	107	446	Auschwitz	CAMP
47172	107	581	camp	GEONOUN
47172	107	796	downhill	GEONOUN
47172	107	2176	Holland	CITY
47172	107	2197	France	COUNTRY
47172	107	2215	Pyrenees	PLACE
47172	107	2229	Spain	COUNTRY
47172	107	2236	Spain	COUNTRY
47172	107	2341	prison	GEONOUN
47172	107	2361	Spain	COUNTRY
47172	107	2590	prison	GEONOUN
47172	107	2639	reach	GEONOUN
47172	107	2697	consulate	GEONOUN
47172	107	2803	England	PLACE
47172	108	220	early October of 1943	DATE
47172	109	200	the Nazi	DATE
47172	109	209	school	GEONOUN
47172	110	115	a year	DATE
47172	110	181	the day	DATE
47172	110	272	railroad station	GEONOUN
47172	110	462	train	GEONOUN
47172	110	1057	Amsterdam	CITY
47172	110	1209	room	GEONOUN
47172	110	1233	room	GEONOUN
47172	110	1248	attic	GEONOUN
47172	110	1288	Amsterdam	CITY
47172	110	1352	Amstelveen	CITY
47172	110	1632	house	GEONOUN
47172	110	1641	night	TIME
47172	110	1989	the end of October	DATE
47172	110	2036	mission	GEONOUN
47172	110	2289	Tarbes	CITY
47172	110	2332	Lourdes	CITY
47172	110	2364	Pyrenees	PLACE
47172	110	2548	mountains	GEONOUN
47172	110	2574	Pyrenees	PLACE
47172	110	2783	pass	GEONOUN
47172	110	2919	train	GEONOUN
47172	110	2950	train	GEONOUN
47172	110	2959	Paris	CITY
47172	110	2982	pass	GEONOUN
47172	110	3194	a few days	DATE
47172	110	3208	Paris	CITY
47172	110	3300	Paris	CITY
47172	110	3497	Jewish	GEONOUN
47172	110	3712	Jewish	GEONOUN
47172	113	170	Paris	CITY
47172	113	251	Paris	CITY
47172	113	545	a few days	DATE
47172	113	559	Paris	CITY
47172	113	603	the Eiffel Tower	PLACE
47172	113	658	Paris	CITY
47172	113	703	Paris	CITY
47172	113	785	a few days	DATE
47172	113	826	Paris	CITY
47172	113	858	France	COUNTRY
47172	113	914	a hot day	DATE
47172	113	936	France	COUNTRY
47172	113	983	house	GEONOUN
47172	113	1510	Holland	CITY
47172	113	1608	camp	GEONOUN
47172	113	1616	Germany	COUNTRY
47172	113	2022	area	GEONOUN
47172	115	158	pass	GEONOUN
47172	115	360	spur	GEONOUN
47172	115	497	Tarbes	CITY
47172	115	718	Holland	CITY
47172	115	947	train	GEONOUN
47172	115	999	France	COUNTRY
47172	115	1016	Belgium	COUNTRY
47172	115	1048	Belgium	COUNTRY
47172	115	1059	Holland	CITY
47172	115	1104	Holland	CITY
47172	115	1188	Holland	CITY
47172	115	1211	Germany	COUNTRY
47172	115	1225	Belgium	COUNTRY
47172	115	1385	country	GEONOUN
47172	115	1394	Holland	CITY
47172	115	1482	Belgium	COUNTRY
47172	115	1500	Holland	CITY
47172	115	1739	Belgium	COUNTRY
47172	115	1750	Holland	CITY
47172	115	1780	train	GEONOUN
47172	115	1993	Paris	CITY
47172	115	2016	train	GEONOUN
47172	115	2044	Amsterdam	CITY
47172	115	2076	an extra day	DATE
47172	115	2113	train	GEONOUN
47172	115	2152	Holland	CITY
47172	115	2164	Maastricht	CITY
47172	115	2201	overnight	TIME
47172	115	2241	Holland	CITY
47172	115	2312	train	GEONOUN
47172	115	2335	train	GEONOUN
47172	115	2371	train	GEONOUN
47172	115	2392	train	GEONOUN
47172	115	2634	train	GEONOUN
47172	115	2695	Holland	CITY
47172	115	2706	a few minutes	TIME
47172	115	2767	train	GEONOUN
47172	115	2890	pass	GEONOUN
47172	115	2980	pass	GEONOUN
47172	115	3376	pass	GEONOUN
47172	115	3489	tomorrow	DATE
47172	115	3498	morning	TIME
47172	115	3509	Hamburg	CITY
47172	115	3908	Paris	CITY
47172	115	4169	Hamburg	CITY
47172	115	4214	Brussels	CITY
47172	115	4231	Brussels	CITY
47172	115	4554	Belgium	COUNTRY
47172	115	4823	Brussels	CITY
47172	115	4843	the Oberkommando der Wehrmacht	PLACE
47172	115	4904	building	GEONOUN
47172	115	4961	buildings	GEONOUN
47172	115	4992	Belgium	COUNTRY
47172	115	5193	Holland	CITY
47172	115	5223	Paris	CITY
47172	115	5259	pass	GEONOUN
47172	115	5675	about an hour	TIME
47172	115	5690	an hour and a half	TIME
47172	115	5710	an hour	TIME
47172	115	5746	4 SECONDS	TIME
47172	115	5790	that hour	TIME
47172	115	5960	Paris	CITY
47172	115	6201	park	GEONOUN
47172	115	6263	buildings	GEONOUN
47172	115	6299	park	GEONOUN
47172	115	6412	entrance	GEONOUN
47172	115	6894	3 SECONDS	DATE
47172	115	6939	an hour	TIME
47172	115	6964	a minute	TIME
47172	115	7113	station	GEONOUN
47172	115	7291	train	GEONOUN
47172	115	7316	Amsterdam	CITY
47172	115	7432	fell	GEONOUN
47172	115	7524	Paris	CITY
47172	115	7569	Spain	COUNTRY
47172	115	7776	hideout	GEONOUN
47172	115	8342	weeks	DATE
47172	115	8349	several weeks	DATE
47172	115	8364	two weeks	DATE
47172	115	8503	house	GEONOUN
47172	115	8747	hideout	GEONOUN
47172	115	9251	today	DATE
47172	115	9472	Amsterdam	CITY
47172	115	9507	room	GEONOUN
47172	115	9964	1944	DATE
47172	115	10041	February of 1944	DATE
47172	115	10074	Auschwitz	CAMP
47172	116	44	Camp Westerbork	PLACE
47172	116	87	September of 1944	DATE
47172	116	128	June	DATE
47172	116	137	D-day	DATE
47172	116	197	Holland	CITY
47172	116	260	Rhine	PLACE
47172	116	274	Waal	CITY
47172	116	283	September	DATE
47172	116	487	the Battle of the Bulge	EVENT
47172	116	709	harbor	GEONOUN
47172	116	733	Amsterdam	CITY
47172	116	747	Rotterdam	CITY
47172	116	921	Germany	COUNTRY
47172	116	1000	Westerbork	CAMP
47172	116	1080	the Eastern Front	PLACE
47172	116	1266	September '44	DATE
47172	116	1343	Amsterdam	CITY
47172	116	1496	Amsterdam	CITY
47172	116	1578	shelter	GEONOUN
47172	116	1673	Amsterdam	CITY
47172	117	100	Amsterdam	CITY
47172	118	99	Amsterdam	CITY
47172	121	59	train	GEONOUN
47172	121	79	train	GEONOUN
47172	121	110	the Eastern Front	PLACE
47172	121	254	Paris	CITY
47172	121	403	East	PLACE
47172	121	1088	Auschwitz	CAMP
47172	122	8	September '44	DATE
47172	123	32	October of-- of '43	DATE
47172	123	306	factory	GEONOUN
47172	123	417	Germany	COUNTRY
47172	123	485	factory	GEONOUN
47172	123	965	ground	GEONOUN
47172	123	1095	several months	DATE
47172	123	1115	every weekend	DATE
47172	123	1130	early in the morning	TIME
47172	123	1154	Saturday	DATE
47172	123	1251	the weekend	DATE
47172	123	1311	Sunday	DATE
47172	123	1318	night	TIME
47172	123	1596	March of 1944	DATE
47172	123	1637	March	DATE
47172	123	1707	20	DATE
47172	123	1711	25	DATE
47172	123	1784	village	GEONOUN
47172	123	2191	Amsterdam	CITY
47172	123	2343	Amsterdam	CITY
47172	123	2360	Zwanenburg	PLACE
47172	123	2389	Amsterdam	CITY
47172	123	2403	Haarlem	CITY
47172	123	2423	room	GEONOUN
47172	123	2451	September	DATE
47172	123	2728	Amsterdam	CITY
47172	123	2753	Westerbork	CAMP
47172	124	11	Amsterdam	CITY
47172	124	124	hiding place	GEONOUN
47172	124	235	Amsterdam	CITY
47172	125	39	city apartment	GEONOUN
47172	125	44	apartment	GEONOUN
47172	125	109	a winter	DATE
47172	125	272	room	GEONOUN
47172	125	358	hole	GEONOUN
47172	125	447	area	GEONOUN
47172	125	563	wood	GEONOUN
47172	125	680	the winter	DATE
47172	125	812	only two hours	TIME
47172	125	886	Holland	CITY
47172	125	904	Germany	COUNTRY
47172	125	946	camps	GEONOUN
47172	125	1028	Auschwitz	CAMP
47172	125	1041	early '45	DATE
47172	126	707	night	TIME
47172	126	1159	Amsterdam	CITY
47172	126	1176	that winter	DATE
47172	126	1315	wood factory	GEONOUN
47172	126	1320	factory	GEONOUN
47172	126	1349	Amsterdam	CITY
47172	126	1458	concentration camp	GEONOUN
47172	126	1554	Amsterdam	CITY
47172	126	1617	One day	DATE
47172	126	1923	spring	GEONOUN
47172	126	2193	every week	DATE
47172	126	2443	one week	DATE
47172	127	279	10th of May	DATE
47172	127	296	4th of--	DATE
47172	127	314	a minute	TIME
47172	127	344	the 5th	DATE
47172	127	398	two days	DATE
47172	127	433	Germany	COUNTRY
47172	127	466	Amsterdam	CITY
47172	127	612	city	GEONOUN
47172	128	407	city	GEONOUN
47172	128	521	city	GEONOUN
47172	128	529	Amsterdam	CITY
47172	128	578	palace	GEONOUN
47172	128	678	block	GEONOUN
47172	128	1104	early June	DATE
47172	128	1331	Auschwitz	CAMP
47172	129	45	about probably two weeks	DATE
47172	129	308	Germany	COUNTRY
47172	129	316	every day	DATE
47172	129	358	concentration camps	GEONOUN
47172	129	406	every day	DATE
47172	129	423	station	GEONOUN
47172	129	587	Auschwitz	CAMP
47172	129	683	November of 1944	DATE
47172	129	765	Jewish	GEONOUN
47172	129	851	Harburg	CITY
47172	129	934	fence	GEONOUN
47172	129	1025	Holland	CITY
47172	129	1314	station	GEONOUN
47172	129	1423	camp	GEONOUN
47172	129	1725	Bergen-Belsen	CAMP
47172	129	2115	Auschwitz	CAMP
47172	129	2599	camps	GEONOUN
47172	129	2675	a week	DATE
47172	129	2704	Holland	CITY
47172	129	2861	these weeks, first few weeks	DATE
47172	129	2912	late May	DATE
47172	129	2922	early June	DATE
47172	129	3312	building	GEONOUN
47172	129	3602	Amstelveen	CITY
47172	129	3749	several months	DATE
47172	129	3807	house	GEONOUN
47172	129	3848	house	GEONOUN
47172	129	3862	hiding place	GEONOUN
47172	129	3967	Ravensbrück	PLACE
47172	129	3985	concentration camp	GEONOUN
47172	129	4120	Holland	CITY
47172	129	4187	prison	GEONOUN
47172	129	4198	a few weeks	DATE
47172	131	83	narrow	GEONOUN
47172	131	223	university	GEONOUN
47172	131	253	university	GEONOUN
47172	131	330	high school	GEONOUN
47172	131	346	1940	DATE
47172	131	383	fall	GEONOUN
47172	131	426	a month or so	DATE
47172	131	616	pass	GEONOUN
47172	131	726	high school	GEONOUN
47172	131	739	fifth year--	DATE
47172	131	755	23 years of age	DATE
47172	131	792	17	DATE
47172	131	940	1946	DATE
47172	131	993	university	GEONOUN
47172	131	1054	Holland	CITY
47172	131	1084	university	GEONOUN
47172	131	1098	Delft	CITY
47172	131	1942	university	GEONOUN
47172	131	1956	1946	DATE
47172	131	2059	December of 1953	DATE
47172	133	108	Amsterdam	CITY
47172	133	423	Geneva	CITY
47172	133	514	facility	GEONOUN
47172	133	568	train	GEONOUN
47172	133	577	England	PLACE
47172	133	698	Liverpool	CITY
47172	133	717	several months	DATE
47172	133	735	Liverpool	CITY
47172	133	857	a year	DATE
47172	133	867	the United States	COUNTRY
47172	133	1031	the United States	COUNTRY
47172	133	1100	the United States	COUNTRY
47172	133	1127	a year	DATE
47172	133	1137	Bloomington	CITY
47172	133	1150	Indiana	US-STATE
47172	133	1179	a year	DATE
47172	133	1194	Geneva	CITY
47172	133	1297	Holland	CITY
47172	133	1353	university	GEONOUN
47172	133	1377	complex	GEONOUN
47172	133	1449	university	GEONOUN
47172	133	1472	Holland	CITY
47172	133	1666	the United States	COUNTRY
47172	133	1770	two years	DATE
47172	133	1783	1959	DATE
47172	133	1819	Portland	CITY
47172	133	1881	19--	DATE
47172	133	1889	the end of 1987	DATE
47172	134	27	school	GEONOUN
47172	134	37	Germany	COUNTRY
47172	134	100	my years	DATE
47172	134	370	Holland	CITY
47172	134	405	school	GEONOUN
47172	134	615	Holland	CITY
47172	134	624	Ph.D.	DATE
47172	134	905	the United States	COUNTRY
47172	135	46	the United States	COUNTRY
47172	135	78	1955, '56	DATE
47172	135	123	Bloomington	CITY
47172	135	153	America	COUNTRY
47172	135	161	campus	GEONOUN
47172	135	288	World War II	EVENT
47172	135	327	Portland	CITY
47172	135	412	reception	GEONOUN
47172	135	1600	school	GEONOUN
47172	135	1872	land	GEONOUN
47172	136	56	London	CITY
47172	136	71	Amsterdam	CITY
47172	136	106	London	CITY
47172	136	229	1948	DATE
47172	136	276	London	CITY
47172	136	310	Amsterdam	CITY
47172	136	323	1952	DATE
47172	136	404	1956	DATE
47172	136	412	Geneva	CITY
47172	137	719	inner	GEONOUN
47172	137	1286	environment	GEONOUN
47172	137	1328	Germany	COUNTRY
47172	139	457	country	GEONOUN
47172	139	484	narrow	GEONOUN
47172	139	557	the Cold War	EVENT
47172	139	815	several years	DATE
47172	139	1131	field	GEONOUN
47172	139	1263	country	GEONOUN
47172	140	950	Geneva	CITY
47172	140	2091	camp	GEONOUN
47172	141	792	Holocaust	EVENT
47172	141	991	the United States	COUNTRY
47172	141	1770	battlefield	GEONOUN
47172	141	2039	wells	GEONOUN
47172	141	2048	the Middle East	PLACE
47172	141	2100	Vietnam	COUNTRY
47172	143	28	pass	GEONOUN
47172	143	59	Netherlands	COUNTRY
47172	143	324	September	DATE
47172	143	354	fall	GEONOUN
47172	145	172	store	GEONOUN
47172	145	436	Holland	CITY
47172	145	447	night	TIME
47172	145	470	night	TIME
47172	145	557	the day	DATE
47172	145	587	hotel	GEONOUN
47172	145	617	room	GEONOUN
47172	145	779	not available	GEONOUN
47172	145	817	Holland	CITY
47172	146	101	concentration camp Westerbork	GEONOUN
47172	146	120	Westerbork	CAMP
47172	147	311	Paris	CITY
47172	147	399	train	GEONOUN
47172	147	463	1943	DATE
47172	147	469	'44	DATE
47172	148	167	works	GEONOUN
47172	148	412	Brussels	CITY
47172	148	461	Belgium	COUNTRY
47172	148	473	Holland	CITY
47172	148	497	pass	GEONOUN
47172	148	505	pass	GEONOUN
47172	149	24	edge	GEONOUN
47172	149	97	railroad	GEONOUN
47172	149	132	entrance	GEONOUN
47172	149	146	Holland	CITY
47172	150	14	pass	GEONOUN
47172	150	29	Durchslassschein West	PLACE
47172	150	75	passage	GEONOUN
47172	150	167	Germany	COUNTRY
47172	150	180	Holland	CITY
47172	150	391	France	COUNTRY
47172	150	595	1943	DATE
47172	150	818	track	GEONOUN
47172	150	1141	Every week	DATE
47172	150	1313	the horrible hunger winter in 1944, '45,	DATE
47172	151	86	'44	DATE
47172	151	98	'43	DATE
47172	151	130	'44	DATE
