FileID	AnswerID	StartCharPos	Entity	Type
47328	3	16	Europe	CONTINENT
47328	3	74	US	PLACE
47328	4	0	October 10th, 1938	DATE
47328	5	11	60	DATE
47328	6	0	Paris	CITY
47328	6	7	France	COUNTRY
47328	9	21	Poland	COUNTRY
47328	11	32	Jewish	GEONOUN
47328	13	62	Paris	CITY
47328	13	72	France	COUNTRY
47328	15	3	Poland	COUNTRY
47328	15	16	town	GEONOUN
47328	15	28	Sokolow	PLACE
47328	16	19	Jewish	GEONOUN
47328	17	51	France	COUNTRY
47328	20	64	August of 1940	DATE
47328	23	56	'38	DATE
47328	23	82	Germany	COUNTRY
47328	23	100	Poland	COUNTRY
47328	23	110	September of '39	DATE
47328	23	137	France	COUNTRY
47328	23	156	later that year	DATE
47328	23	176	early '40	DATE
47328	23	319	the '40s	DATE
47328	23	368	town	GEONOUN
47328	23	380	Vert-Galant	PLACE
47328	23	607	Paris	CITY
47328	23	783	France	COUNTRY
47328	23	880	Jewish	GEONOUN
47328	24	66	mid-'40-- '41	DATE
47328	24	91	early '42	DATE
47328	24	153	farm	GEONOUN
47328	24	668	Paris	CITY
47328	24	787	state	GEONOUN
47328	24	1004	house	GEONOUN
47328	24	1023	ditch	GEONOUN
47328	24	1041	house	GEONOUN
47328	24	1332	1984	DATE
47328	24	1358	Paris	CITY
47328	24	1789	the year	DATE
47328	24	1943	'84	DATE
47328	24	2090	July of '42	DATE
47328	24	2119	'42	DATE
47328	24	2201	Drancy	CITY
47328	24	2232	Auschwitz	CAMP
47328	24	2361	France	COUNTRY
47328	24	2371	1984	DATE
47328	24	2475	hospital	GEONOUN
47328	24	2559	France	COUNTRY
47328	24	2658	hospital	GEONOUN
47328	24	2670	Paris	CITY
47328	24	2720	hospital	GEONOUN
47328	24	2753	farm	GEONOUN
47328	24	2783	a day later	DATE
47328	24	2799	two days later	DATE
47328	24	2843	hospital	GEONOUN
47328	24	2870	Jewish	GEONOUN
47328	24	3038	France	COUNTRY
47328	24	3048	'84	DATE
47328	27	10	'44, '45	DATE
47328	28	41	farm	GEONOUN
47328	28	136	farm	GEONOUN
47328	31	125	'84	DATE
47328	31	310	Jewish	GEONOUN
47328	31	321	Jewish	GEONOUN
47328	33	38	late '45	DATE
47328	33	50	early '46	DATE
47328	33	86	seven years old	DATE
47328	33	230	'	DATE
47328	33	231	84	DATE
47328	33	444	'84	DATE
47328	33	801	late '45	DATE
47328	33	813	early '46	DATE
47328	34	14	'46 or so	DATE
47328	34	66	Normandy	PLACE
47328	34	84	Rocher-Saint--	PLACE
47328	34	176	school	GEONOUN
47328	34	203	ocean	GEONOUN
47328	34	491	cliff	GEONOUN
47328	34	507	ocean	GEONOUN
47328	34	554	steps	GEONOUN
47328	35	171	1947	DATE
47328	35	180	Taverny	CITY
47328	35	215	Paris	CITY
47328	35	289	school	GEONOUN
47328	35	589	school	GEONOUN
47328	35	615	school	GEONOUN
47328	35	669	Jewish	GEONOUN
47328	35	699	Shabbat	DATE
47328	35	719	Shabbat	DATE
47328	37	42	the United States	COUNTRY
47328	37	69	10	DATE
47328	37	103	a few more years	DATE
47328	37	272	States	PLACE
47328	37	317	the United States	COUNTRY
47328	37	338	1948	DATE
47328	37	465	1948	DATE
47328	37	551	'73	DATE
47328	37	563	'74	DATE
47328	37	568	'75	DATE
47328	37	750	the Washington Mall	PLACE
47328	37	773	Washington	US-STATE
47328	37	785	DC	PLACE
47328	38	21	France	COUNTRY
47328	38	218	the United States	COUNTRY
47328	38	334	'48	DATE
47328	38	372	10 years old	DATE
47328	38	543	'41 or so	DATE
47328	38	556	'45	DATE
47328	38	665	the United States	COUNTRY
47328	39	145	1984	DATE
47328	39	227	'84	DATE
47328	39	235	1983	DATE
47328	39	255	the American Gathering of	EVENT
47328	39	281	Jewish	GEONOUN
47328	39	311	Washington	US-STATE
47328	39	323	DC	PLACE
47328	39	603	concentration camps	GEONOUN
47328	39	687	late teens	DATE
47328	39	730	early 20s	DATE
47328	40	379	about eight or nine years older--	DATE
47328	41	726	the '42	DATE
47328	41	742	'	DATE
47328	41	743	42	DATE
47328	43	480	Jewish community	GEONOUN
47328	43	487	community	GEONOUN
47328	45	168	winter	DATE
47328	48	14	Jewish	GEONOUN
47328	48	88	from between 8 or 9	DATE
47328	48	117	12	DATE
47328	49	132	community	GEONOUN
47328	49	349	those few years	DATE
47328	50	196	Jewish	GEONOUN
47328	50	267	New York	US-STATE
47328	50	586	6	DATE
47328	50	589	7	DATE
47328	50	592	8	DATE
47328	50	595	9	DATE
47328	50	688	Taverny	CITY
47328	53	262	range	GEONOUN
47328	55	80	Paris	CITY
47328	57	71	Taverny	CITY
47328	57	82	1947	DATE
47328	57	109	'47	DATE
47328	57	114	late '47	DATE
47328	57	170	a few-- a few weeks	DATE
47328	57	191	a few months	DATE
47328	57	227	the United States	COUNTRY
47328	58	235	the United States	COUNTRY
47328	58	343	school	GEONOUN
47328	59	99	Boucahue	PLACE
47328	59	169	Wolomin	PLACE
47328	59	206	Poland	COUNTRY
47328	61	72	country	GEONOUN
47328	61	329	Israel	COUNTRY
47328	61	402	France	COUNTRY
47328	64	50	the United States	COUNTRY
47328	64	104	country	GEONOUN
47328	66	487	council	GEONOUN
47328	66	579	Auschwitz	CAMP
47328	66	865	the United States	COUNTRY
47328	66	886	'48	DATE
47328	66	949	several years	DATE
47328	67	0	1984	DATE
47328	70	48	Auschwitz	CAMP
47328	71	70	Holocaust	EVENT
47328	72	25	October of-- of '48	DATE
47328	72	54	October 3rd or 4th	DATE
47328	72	84	ship	GEONOUN
47328	72	133	October 23	DATE
47328	72	152	almost two weeks	DATE
47328	73	254	boat	GEONOUN
47328	73	320	boat	GEONOUN
47328	74	124	Paris	CITY
47328	74	226	Paris	CITY
47328	74	341	Marseilles	PLACE
47328	75	97	about 10 years old	DATE
47328	76	32	Paris	CITY
47328	77	62	train	GEONOUN
47328	77	94	Marseilles	PLACE
47328	77	122	Cherbourg	PLACE
47328	79	5	the States	PLACE
47328	80	133	ship	GEONOUN
47328	80	190	Yom Kippur	DATE
47328	80	202	the day of fast	DATE
47328	80	286	a very stormy day	DATE
47328	80	492	the two weeks	DATE
47328	80	686	the 23rd	DATE
47328	80	729	Staten Island	CITY
47328	80	796	early in the morning	TIME
47328	80	818	6, 7 o'clock in the morning	TIME
47328	80	952	boat	GEONOUN
47328	80	1119	New York	US-STATE
47328	80	1162	port	GEONOUN
47328	80	1189	the Hudson River	PLACE
47328	80	1319	New York	US-STATE
47328	80	1353	Newark	CITY
47328	80	1361	New Jersey	US-STATE
47328	82	314	the first day	DATE
47328	82	471	college	GEONOUN
47328	82	542	scene the first day	GEONOUN
47328	82	548	the first day	DATE
47328	83	141	school the first year	GEONOUN
47328	83	148	the first year	DATE
47328	83	241	the end of the year	DATE
47328	83	324	one year	DATE
47328	83	344	school	GEONOUN
47328	83	401	school	GEONOUN
47328	83	416	West Orange	CITY
47328	83	429	New Jersey	US-STATE
47328	83	478	school	GEONOUN
47328	84	0	Jewish	GEONOUN
47328	85	18	Russia	COUNTRY
47328	85	73	the 1910s	DATE
47328	86	74	synagogue	GEONOUN
47328	88	155	years	DATE
47328	88	165	years	DATE
47328	88	175	years	DATE
47328	88	185	years	DATE
47328	88	245	environment	GEONOUN
47328	88	426	school	GEONOUN
47328	90	75	Europe	CONTINENT
47328	90	176	school	GEONOUN
47328	91	36	'48	DATE
47328	91	73	bar	GEONOUN
47328	91	88	1951	DATE
47328	91	103	13	DATE
47328	91	117	high school	GEONOUN
47328	91	132	'55 through '56	DATE
47328	91	216	Jewish	GEONOUN
47328	91	242	Newark	CITY
47328	91	250	New Jersey	US-STATE
47328	91	290	Jewish	GEONOUN
47328	91	324	Newark	CITY
47328	91	346	the Vailsburg Park	PLACE
47328	91	400	Jewish	GEONOUN
47328	91	449	Jewish high school	GEONOUN
47328	91	456	high school	GEONOUN
47328	91	483	high school	GEONOUN
47328	91	502	Jewish	GEONOUN
47328	91	520	Newark	CITY
47328	91	713	college	GEONOUN
47328	91	767	Maryland	US-STATE
47328	91	779	1968	DATE
47328	92	25	field	GEONOUN
47328	95	8	America	COUNTRY
47328	95	17	Jewish	GEONOUN
47328	96	36	'67	DATE
47328	96	65	'70	DATE
47328	97	17	1970	DATE
47328	97	34	Columbia	CITY
47328	97	44	Maryland	US-STATE
47328	97	70	those years	DATE
47328	98	41	Holocaust	EVENT
47328	101	194	Holocaust	EVENT
47328	101	208	concentration camps	GEONOUN
47328	103	18	Europe	CONTINENT
47328	103	93	the United States	COUNTRY
47328	105	80	Holocaust	EVENT
47328	106	43	concentration camps	GEONOUN
47328	106	145	the '70s	DATE
47328	106	389	Holland	CITY
47328	106	410	France	COUNTRY
47328	106	511	Washington	US-STATE
47328	106	522	area	GEONOUN
47328	106	677	the United States	COUNTRY
47328	106	706	10	DATE
47328	106	747	10	DATE
47328	106	769	Europe	CONTINENT
47328	106	867	concentration camps	GEONOUN
47328	106	953	1983	DATE
47328	106	969	this American Gathering	EVENT
47328	106	1344	1985	DATE
47328	106	1368	'83	DATE
47328	106	1399	Europe	CONTINENT
47328	106	1409	'84	DATE
47328	106	1552	1985	DATE
47328	109	7	1983	DATE
47328	109	55	those early years	DATE
47328	109	81	the '80s	DATE
47328	109	162	'83	DATE
47328	109	276	the United States	COUNTRY
47328	109	297	the late '60s	DATE
47328	111	169	the United States	COUNTRY
47328	112	0	The late '	DATE
47328	112	51	the '60s	DATE
47328	112	222	parts	GEONOUN
47328	112	241	New York	US-STATE
47328	112	251	New Jersey	US-STATE
47328	112	262	area	GEONOUN
47328	115	29	1966	DATE
47328	116	3	Paris	CITY
47328	119	166	the war years	DATE
47328	120	59	track	GEONOUN
47328	121	95	'66	DATE
47328	121	102	the United States	COUNTRY
47328	121	138	track	GEONOUN
47328	121	156	about 12 years	DATE
47328	121	176	the late '70s, early '80s	DATE
47328	121	406	'83	DATE
47328	121	425	'83	DATE
47328	121	430	late '83	DATE
47328	121	507	Paris	CITY
47328	124	59	those years	DATE
47328	124	224	Europe	CONTINENT
47328	124	418	'84	DATE
47328	124	576	'38	DATE
47328	124	584	36 years--	DATE
47328	124	595	46 years later	DATE
47328	125	95	France	COUNTRY
47328	126	138	Israel	COUNTRY
47328	126	176	Israel	COUNTRY
47328	126	382	seven days	DATE
47328	126	396	Paris	CITY
47328	129	75	Paris	CITY
47328	129	161	the first day	DATE
47328	129	334	apartment	GEONOUN
47328	129	477	The next day	DATE
47328	129	521	Saturday	DATE
47328	129	530	morning	TIME
47328	129	576	Sunday	DATE
47328	129	623	Taverny	CITY
47328	129	751	'83	DATE
47328	129	834	Taverny	CITY
47328	129	1052	rocks	GEONOUN
47328	129	1166	school	GEONOUN
47328	129	1289	park	GEONOUN
47328	129	1451	Sunday	DATE
47328	129	1470	Monday	DATE
47328	129	1640	States	PLACE
47328	129	1647	a few months earlier	DATE
47328	129	1733	Switzerland	COUNTRY
47328	129	1880	only one day	DATE
47328	129	1900	that week	DATE
47328	129	1982	Tuesday	DATE
47328	129	1997	Monday	DATE
47328	129	2040	Geneva	CITY
47328	129	2092	Paris	CITY
47328	129	2101	Geneva	CITY
47328	129	2156	years	DATE
47328	129	2303	the years	DATE
47328	129	2426	Wednesday	DATE
47328	129	2459	Tuesday	DATE
47328	129	2468	Wednesday	DATE
47328	129	2543	Paris	CITY
47328	129	2638	street	GEONOUN
47328	130	350	70	DATE
47328	130	354	75	DATE
47328	131	192	that same Wednesday	DATE
47328	132	81	just a few weeks ago	DATE
47328	132	144	1944	DATE
47328	132	169	'84	DATE
47328	141	52	Paris	CITY
47328	141	102	Paris	CITY
47328	141	132	the week	DATE
47328	141	150	Paris	CITY
47328	142	7	1983	DATE
47328	142	16	the American Gathering	EVENT
47328	142	56	inner	GEONOUN
47328	142	173	August of '83	DATE
47328	142	303	Israel	COUNTRY
47328	142	405	August of 1983	DATE
47328	142	491	Paris	CITY
47328	142	501	Israel	COUNTRY
47328	142	533	Paris	CITY
47328	142	583	Israel	COUNTRY
47328	142	658	June of '84	DATE
47328	143	235	hotel	GEONOUN
47328	145	39	so many days	DATE
47328	145	174	1942	DATE
47328	145	186	nine years old--	DATE
47328	145	366	apartment	GEONOUN
47328	145	467	Jewish	GEONOUN
47328	145	484	Paris	CITY
47328	145	739	May of 1941	DATE
47328	145	763	camp	GEONOUN
47328	145	771	Pithiviers	PLACE
47328	145	870	every day	DATE
47328	145	1098	the terrible day of July 16, 1942	DATE
47328	145	1140	Thursday	DATE
47328	145	1189	Black Thursday	DATE
47328	145	1214	Jewish	GEONOUN
47328	145	1342	the 25th of June, 1942	DATE
47328	145	1374	Jewish	GEONOUN
47328	145	1468	Paris	CITY
47328	145	1716	Jewish	GEONOUN
47328	145	1789	a few years ago'--	DATE
47328	145	1871	a few years	DATE
47328	145	2174	one year	DATE
47328	145	2188	hospital	GEONOUN
47328	145	2223	Auschwitz	CAMP
47328	145	2246	May of 1945	DATE
47328	145	2335	house	GEONOUN
47328	145	2387	building	GEONOUN
47328	145	2693	Jewish	GEONOUN
47328	145	2742	hours	TIME
47328	145	2758	hours	TIME
47328	145	2832	special hours	TIME
47328	145	2912	May 1942	DATE
47328	145	3237	France	COUNTRY
47328	145	3245	May '41	DATE
47328	145	3258	July 16, 1942	DATE
47328	145	3324	every day	DATE
47328	145	3373	narrow	GEONOUN
47328	145	3399	tree	GEONOUN
47328	145	3990	March of 1983	DATE
47328	145	4022	Jerusalem	CITY
47328	145	4408	France	COUNTRY
47328	145	4475	1978	DATE
47328	145	4969	Auschwitz	CAMP
47328	145	5001	June 25, 1942	DATE
47328	145	5041	train	GEONOUN
47328	145	5215	train	GEONOUN
47328	145	5231	the 31st of July, '42	DATE
47328	145	5338	train	GEONOUN
47328	145	5368	train	GEONOUN
47328	145	5377	the 18th of July, '43	DATE
47328	145	6203	Paris	CITY
47328	145	6213	Jerusalem	CITY
47328	145	6452	28	DATE
47328	145	6534	25	DATE
47328	145	6559	23	DATE
47328	145	7168	more than four months	DATE
47328	145	7268	October	DATE
47328	146	462	July 14 of 1942	DATE
47328	146	505	July 18	DATE
47328	148	131	'84	DATE
47328	148	148	'85	DATE
47328	148	359	Washington	US-STATE
47328	148	380	area	GEONOUN
47328	148	442	Boston	CITY
47328	148	453	Philadelphia	CITY
47328	148	470	Los Angeles	CITY
47328	148	521	46	DATE
47328	148	540	the 40s	DATE
47328	148	740	the mid-'80s	DATE
47328	150	89	Holocaust	EVENT
47328	155	41	15	DATE
47328	155	47	16	DATE
47328	155	74	14	DATE
47328	155	78	15	DATE
47328	155	82	16	DATE
47328	155	164	concentration camps	GEONOUN
47328	155	321	camps	GEONOUN
47328	155	411	Holocaust	EVENT
47328	155	455	concentration camps	GEONOUN
47328	157	190	Jewish	GEONOUN
47328	158	103	Jewish community	GEONOUN
47328	158	110	community	GEONOUN
47328	159	566	high school	GEONOUN
47328	160	120	Holocaust	EVENT
47328	160	188	Holocaust	EVENT
47328	162	19	1974	DATE
47328	162	94	current	GEONOUN
47328	162	111	1984	DATE
47328	162	148	Paris	CITY
47328	162	158	Israel	COUNTRY
47328	162	190	two years later	DATE
47328	163	203	1985	DATE
47328	163	360	the United States	COUNTRY
47328	163	393	10 or 11 years later	DATE
47328	163	461	the United States	COUNTRY
47328	163	536	'87	DATE
47328	163	687	annual	DATE
47328	163	876	the last 10, 11 years	DATE
47328	163	935	this coming October	DATE
47328	163	969	the United States	COUNTRY
47328	163	991	Canada	COUNTRY
47328	163	1183	community	GEONOUN
47328	163	1296	Holocaust	EVENT
47328	163	1478	this year's--	DATE
47328	163	1535	October	DATE
47328	164	515	community	GEONOUN
47328	164	579	the last number of years	DATE
47328	164	616	works	GEONOUN
47328	166	60	'67	DATE
47328	166	68	1970	DATE
47328	166	107	1980	DATE
47328	166	137	1980	DATE
47328	166	160	1980	DATE
47328	166	189	1984	DATE
47328	166	195	early '84	DATE
47328	169	16	Brooklyn	CITY
47328	169	28	1948	DATE
47328	169	47	the same day	DATE
47328	169	70	October 10	DATE
47328	169	179	Jewish	GEONOUN
47328	169	196	Long Island	PLACE
47328	169	262	Jewish	GEONOUN
47328	169	350	school	GEONOUN
47328	169	371	school	GEONOUN
47328	169	405	Jewish camps	GEONOUN
47328	169	412	camps	GEONOUN
47328	169	425	the summer	DATE
47328	169	464	college	GEONOUN
47328	169	505	college	GEONOUN
47328	169	516	the '60s	DATE
47328	169	566	'	DATE
47328	169	567	60s	DATE
47328	169	674	19	DATE
47328	169	680	20	DATE
47328	170	51	the '70s	DATE
47328	170	116	1974-- '73-- '74	DATE
47328	173	83	Columbia	CITY
47328	173	106	Arlington	CITY
47328	173	117	Virginia	US-STATE
47328	175	110	town	GEONOUN
47328	177	5	the '70s	DATE
47328	181	79	Holocaust	EVENT
47328	181	107	concentration camps	GEONOUN
47328	181	666	concentration camps	GEONOUN
47328	181	690	Poland	COUNTRY
47328	181	701	Auschwitz	CAMP
47328	181	829	the day	DATE
47328	181	923	concentration camps	GEONOUN
47328	181	1185	four or five years	DATE
47328	181	1265	school	GEONOUN
47328	183	18	the '70s	DATE
47328	183	47	the mid-'80s	DATE
47328	183	232	the '80s	DATE
47328	184	186	the late '70s	DATE
47328	185	126	1970	DATE
47328	185	136	the early '70s	DATE
47328	185	187	the '60s	DATE
47328	187	182	environment	GEONOUN
47328	187	216	city	GEONOUN
47328	187	366	4th of July	DATE
47328	187	393	Columbia	CITY
47328	189	124	Germany	COUNTRY
47328	189	1175	Jewish	GEONOUN
47328	190	52	Holocaust	EVENT
47328	190	78	Holocaust	EVENT
47328	190	171	the United States	COUNTRY
47328	191	597	the last few hours	TIME
47328	192	165	1991	DATE
47328	195	363	Belgium	COUNTRY
47328	195	411	1928	DATE
47328	195	544	Holocaust	EVENT
47328	195	676	1939	DATE
47328	195	696	Belgium	COUNTRY
47328	195	757	Holocaust	EVENT
47328	195	807	1940	DATE
47328	195	815	'41	DATE
47328	195	823	Paris	CITY
47328	195	830	France	COUNTRY
47328	195	1309	Auschwitz	CAMP
47328	195	1356	late '41	DATE
47328	195	1369	early '42	DATE
47328	195	1383	Paris	CITY
47328	195	1390	France	COUNTRY
47328	195	1492	about 1941	DATE
47328	195	1506	Paris	CITY
47328	195	1513	France	COUNTRY
47328	195	1773	late '41	DATE
47328	195	1786	early '42	DATE
47328	195	1800	Pithiviers	PLACE
47328	195	1823	camp	GEONOUN
47328	195	1831	France	COUNTRY
47328	195	1960	Auschwitz	CAMP
47328	195	2001	1941	DATE
47328	195	2010	'42	DATE
47328	195	2018	Pithiviers	PLACE
47328	195	2041	camp	GEONOUN
47328	195	2049	France	COUNTRY
47328	195	2243	Auschwitz	CAMP
47328	195	2321	Pithiviers	PLACE
47328	195	2336	Drancy	CITY
47328	195	2379	1942	DATE
47328	195	2388	'	DATE
47328	195	2389	43	DATE
47328	195	2402	'44	DATE
47328	195	2499	1984	DATE
47328	195	3051	1943	DATE
47328	195	3059	'44	DATE
47328	195	3067	Vert-Galant	PLACE
47328	195	3303	September or October of 1945	DATE
47328	195	3336	Vert-Galant	PLACE
47328	195	3349	France	COUNTRY
47328	195	3585	1990	DATE
47328	195	3606	Columbia	CITY
47328	195	3616	Maryland	US-STATE
47328	195	3922	1986	DATE
47328	195	3928	the 1st of November	DATE
47328	195	3964	19-- September 2nd, 1984	DATE
47328	195	4060	March the 29th, 1980	DATE
47328	195	4115	college	GEONOUN
47328	195	4150	hotel	GEONOUN
47328	195	4167	school	GEONOUN
47328	195	4194	the weekend	DATE
47328	195	4214	Jewish	GEONOUN
47328	195	4230	Rosh Hashanah	DATE
47328	195	4355	Paris	CITY
47328	195	4365	Israel	COUNTRY
47328	195	5113	Jewish	GEONOUN
47328	195	5318	Howard County	PLACE
47328	195	5340	Jewish community	GEONOUN
47328	195	5347	community	GEONOUN
47328	195	5360	Howard County	PLACE
47328	195	5903	parts	GEONOUN
47328	195	5912	the weekend	DATE
47328	195	6054	today	DATE
47328	195	7303	Jewish	GEONOUN
47328	195	7354	Jewish	GEONOUN
47328	195	7822	a few years younger	DATE
47328	195	8567	area	GEONOUN
47328	195	8691	pass	GEONOUN
47328	195	9457	Holocaust	EVENT
47328	195	9529	Holocaust	EVENT
47328	195	9781	raise	GEONOUN
47328	195	9973	Europe	CONTINENT
47328	195	10114	museum	GEONOUN
47328	195	10243	museum	GEONOUN
