FileID	AnswerID	StartCharPos	Entity	Type
47372	6	11	the 8th of June, 1924	DATE
47372	8	14	Janów	PLACE
47372	9	20	Poland	COUNTRY
47372	9	43	Poland	COUNTRY
47372	9	74	1939	DATE
47372	10	6	today	DATE
47372	10	17	Ukraine	COUNTRY
47372	10	49	Soviet Union	PLACE
47372	11	0	Meilich	PLACE
47372	14	113	Holocaust	EVENT
47372	17	362	house	GEONOUN
47372	17	419	town	GEONOUN
47372	17	481	town	GEONOUN
47372	17	602	town	GEONOUN
47372	17	701	Lwów	PLACE
47372	17	742	town	GEONOUN
47372	17	823	railway	GEONOUN
47372	17	880	Lwów	PLACE
47372	17	915	town	GEONOUN
47372	17	943	school	GEONOUN
47372	17	959	town	GEONOUN
47372	17	988	lake	GEONOUN
47372	17	1009	the summer	DATE
47372	17	1055	Lwów	PLACE
47372	17	1158	lake	GEONOUN
47372	17	1232	Jewish	GEONOUN
47372	17	1370	town	GEONOUN
47372	17	1446	roof	GEONOUN
47372	18	19	main street	GEONOUN
47372	19	64	main street	GEONOUN
47372	19	96	town	GEONOUN
47372	19	177	main street	GEONOUN
47372	20	19	house	GEONOUN
47372	20	44	house	GEONOUN
47372	20	57	town	GEONOUN
47372	21	28	outhouse	GEONOUN
47372	21	71	Saturday	DATE
47372	21	80	night	TIME
47372	21	202	every day	DATE
47372	22	567	school	GEONOUN
47372	23	31	town	GEONOUN
47372	23	229	the First World War	EVENT
47372	23	280	Russia	COUNTRY
47372	23	410	grave	GEONOUN
47372	24	101	three years	DATE
47372	25	12	Austria	COUNTRY
47372	26	136	train	GEONOUN
47372	27	13	Jewish	GEONOUN
47372	27	66	Poland	COUNTRY
47372	27	138	synagogue	GEONOUN
47372	27	297	synagogue	GEONOUN
47372	27	312	Janów	PLACE
47372	27	337	the First World War	EVENT
47372	27	397	a few years old	DATE
47372	27	529	street	GEONOUN
47372	27	607	synagogue	GEONOUN
47372	28	47	today	DATE
47372	30	137	Friday	DATE
47372	30	212	synagogue	GEONOUN
47372	30	517	Shabbat	DATE
47372	31	0	Tauba	PLACE
47372	36	43	village	GEONOUN
47372	36	104	tavern	GEONOUN
47372	36	144	Lwów	PLACE
47372	36	168	Lwów	PLACE
47372	37	575	two years	DATE
47372	37	2123	every week	DATE
47372	37	2379	Australia	COUNTRY
47372	37	2393	Sydney	CITY
47372	41	101	Jewish	GEONOUN
47372	42	30	the first day	DATE
47372	42	60	school	GEONOUN
47372	42	371	the 20s	DATE
47372	42	532	town	GEONOUN
47372	42	565	forests	GEONOUN
47372	42	593	forests	GEONOUN
47372	43	128	house	GEONOUN
47372	44	71	school	GEONOUN
47372	44	270	the winter	DATE
47372	44	328	house	GEONOUN
47372	44	347	house	GEONOUN
47372	44	609	school	GEONOUN
47372	46	43	Warsaw	CITY
47372	47	14	the day	DATE
47372	47	88	France	COUNTRY
47372	48	148	hospital	GEONOUN
47372	48	183	the last minute	TIME
47372	48	531	Jewish	GEONOUN
47372	48	583	Jewish	GEONOUN
47372	51	9	Janów	PLACE
47372	51	27	seven-year	DATE
47372	51	45	school	GEONOUN
47372	51	73	school	GEONOUN
47372	51	141	high school	GEONOUN
47372	51	309	school	GEONOUN
47372	51	325	the end of the year	DATE
47372	51	356	pass	GEONOUN
47372	51	377	high school	GEONOUN
47372	51	392	Lwów	PLACE
47372	51	415	the first, second, and third year	DATE
47372	51	504	the Soviet Union--	PLACE
47372	51	568	the Soviet Union	PLACE
47372	51	658	high school	GEONOUN
47372	51	673	Lwów	PLACE
47372	51	703	Janów	PLACE
47372	51	753	'41	DATE
47372	51	761	high school	GEONOUN
47372	52	99	many years	DATE
47372	53	82	15	DATE
47372	53	89	Poland	COUNTRY
47372	53	126	15	DATE
47372	53	226	18	DATE
47372	53	291	school	GEONOUN
47372	57	42	Pesach	EVENT
47372	57	93	Pesach	DATE
47372	57	149	eight days	DATE
47372	58	116	village	GEONOUN
47372	58	426	house	GEONOUN
47372	58	484	veranda	GEONOUN
47372	58	547	roof	GEONOUN
47372	58	557	ceiling	GEONOUN
47372	58	572	veranda	GEONOUN
47372	58	588	roof	GEONOUN
47372	58	734	October	DATE
47372	58	745	Poland	COUNTRY
47372	60	188	green holidays	DATE
47372	60	300	Six weeks--	DATE
47372	60	312	six weeks	DATE
47372	60	357	the Feast of Tabernacles	EVENT
47372	60	462	house	GEONOUN
47372	61	169	spring	GEONOUN
47372	62	3	school	GEONOUN
47372	62	19	school	GEONOUN
47372	62	100	school	GEONOUN
47372	62	217	school	GEONOUN
47372	65	31	the winter	DATE
47372	66	206	the summer	DATE
47372	66	298	the summer	DATE
47372	67	9	the summer	DATE
47372	67	38	the holidays	DATE
47372	67	107	lake	GEONOUN
47372	68	103	lake	GEONOUN
47372	69	32	about eight-minute	TIME
47372	73	51	Germany	COUNTRY
47372	73	91	Poland	COUNTRY
47372	73	171	the two, three years	DATE
47372	73	237	Sundays	DATE
47372	73	266	lake	GEONOUN
47372	73	297	club	GEONOUN
47372	76	127	Jewish	GEONOUN
47372	78	118	Jewish	GEONOUN
47372	78	162	Jewish	GEONOUN
47372	82	116	Lwów	PLACE
47372	85	48	the day the-- the--	DATE
47372	85	178	road	GEONOUN
47372	85	436	15	DATE
47372	85	485	the first day	DATE
47372	85	507	the second day--	DATE
47372	85	542	the first day--	DATE
47372	85	584	Lwów	PLACE
47372	85	608	town	GEONOUN
47372	85	620	Lwów	PLACE
47372	85	684	the West Poland	PLACE
47372	85	1001	Janów	PLACE
47372	85	1362	a few days	DATE
47372	85	1413	town	GEONOUN
47372	85	1450	a few days	DATE
47372	85	1464	a couple days--	DATE
47372	85	1527	town	GEONOUN
47372	85	1537	house	GEONOUN
47372	85	1601	crater	GEONOUN
47372	85	1624	house	GEONOUN
47372	85	1646	Holocaust	EVENT
47372	89	0	'	DATE
47372	89	1	39	DATE
47372	89	21	the 1st September '39	DATE
47372	89	98	about the 10th	DATE
47372	89	141	Janów	PLACE
47372	89	161	the 12th	DATE
47372	90	24	the 3rd September	DATE
47372	90	73	school	GEONOUN
47372	90	125	school	GEONOUN
47372	90	191	town	GEONOUN
47372	90	292	Janów	PLACE
47372	90	381	the Soviet Union	PLACE
47372	91	9	the 21st or 22nd	DATE
47372	95	383	railway	GEONOUN
47372	98	124	Europe	CONTINENT
47372	99	26	Poland	COUNTRY
47372	102	51	Janów	PLACE
47372	102	69	high school	GEONOUN
47372	102	93	high school	GEONOUN
47372	102	174	Lwów	PLACE
47372	102	182	school	GEONOUN
47372	102	215	high school	GEONOUN
47372	102	272	Janów	PLACE
47372	102	339	Janów	PLACE
47372	104	259	school	GEONOUN
47372	104	491	Soviet Union	PLACE
47372	104	516	nighttime	TIME
47372	104	537	nighttime	TIME
47372	104	576	Siberia	PLACE
47372	104	593	parts	GEONOUN
47372	104	602	the Soviet Union	PLACE
47372	105	91	one night	TIME
47372	106	40	factory	GEONOUN
47372	111	175	school	GEONOUN
47372	111	199	school	GEONOUN
47372	111	283	the Soviet Union	PLACE
47372	115	52	apartment	GEONOUN
47372	118	52	school	GEONOUN
47372	118	152	Jewish	GEONOUN
47372	120	15	a Sunday	DATE
47372	120	210	'39	DATE
47372	120	223	a very short few days	DATE
47372	120	275	Janów	PLACE
47372	122	70	'39	DATE
47372	122	136	Janów	PLACE
47372	123	19	the summer	DATE
47372	123	54	the 22nd of July	DATE
47372	123	112	the end of July	DATE
47372	125	80	the day go	DATE
47372	126	61	a day	DATE
47372	126	215	Lwów	PLACE
47372	126	233	prison	GEONOUN
47372	128	162	a few days	DATE
47372	128	778	house	GEONOUN
47372	128	975	winter	DATE
47372	128	1096	hours	TIME
47372	128	1160	Jewish cemetery	GEONOUN
47372	128	1167	cemetery	GEONOUN
47372	128	1297	Janów	PLACE
47372	128	1354	house	GEONOUN
47372	128	1387	foot path	GEONOUN
47372	128	1392	path	GEONOUN
47372	128	1506	stone	GEONOUN
47372	128	1546	cemetery	GEONOUN
47372	131	528	Auschwitz	CAMP
47372	134	21	school	GEONOUN
47372	134	120	school	GEONOUN
47372	135	60	'42	DATE
47372	135	465	the night	TIME
47372	135	827	overnight	TIME
47372	135	842	the next morning	TIME
47372	135	1184	bog	GEONOUN
47372	136	27	Janów	PLACE
47372	136	37	Lwów	PLACE
47372	136	50	Lwów	PLACE
47372	137	33	town	GEONOUN
47372	137	132	nighttime	TIME
47372	137	173	house	GEONOUN
47372	137	1102	14 years old	DATE
47372	138	26	train	GEONOUN
47372	138	290	Holocaust	EVENT
47372	139	0	A few months	DATE
47372	139	36	the season	DATE
47372	139	216	camp	GEONOUN
47372	139	258	camp	GEONOUN
47372	139	444	city	GEONOUN
47372	139	565	all day	DATE
47372	141	53	house	GEONOUN
47372	141	110	Jewish	GEONOUN
47372	141	158	house	GEONOUN
47372	141	235	house	GEONOUN
47372	141	814	Jewish	GEONOUN
47372	141	860	Germany	COUNTRY
47372	141	1028	house	GEONOUN
47372	141	1122	school	GEONOUN
47372	141	1299	house every day	GEONOUN
47372	141	1305	every day	DATE
47372	141	1439	room	GEONOUN
47372	141	1499	the day	DATE
47372	141	1554	town	GEONOUN
47372	141	1594	forest	GEONOUN
47372	141	1636	room	GEONOUN
47372	141	1673	house	GEONOUN
47372	141	1684	room	GEONOUN
47372	141	1778	house	GEONOUN
47372	141	1928	house	GEONOUN
47372	141	2281	house	GEONOUN
47372	142	292	Janów	PLACE
47372	142	364	fields	GEONOUN
47372	142	401	town	GEONOUN
47372	142	426	outhouse	GEONOUN
47372	142	443	outhouse	GEONOUN
47372	142	457	the night	TIME
47372	142	689	the evening	TIME
47372	142	906	Jewish	GEONOUN
47372	142	976	overnight	TIME
47372	148	310	Lwów	PLACE
47372	149	127	Janów	PLACE
47372	149	168	houses	GEONOUN
47372	149	229	house	GEONOUN
47372	149	317	ghetto	GEONOUN
47372	149	386	ghetto	GEONOUN
47372	149	401	ghetto	GEONOUN
47372	149	411	Gródek Jagiellonski	PLACE
47372	151	0	A few weeks	DATE
47372	151	13	a few weeks	DATE
47372	153	69	few weeks	DATE
47372	154	81	houses	GEONOUN
47372	157	95	Janów	PLACE
47372	157	109	Judenrein	PLACE
47372	157	165	ghetto	GEONOUN
47372	157	224	a minute	TIME
47372	157	356	house	GEONOUN
47372	157	603	Germany	COUNTRY
47372	157	723	only 18	DATE
47372	157	963	Germany	COUNTRY
47372	157	1049	Lwów	PLACE
47372	157	1070	street	GEONOUN
47372	157	1169	camp	GEONOUN
47372	157	1226	Germany	COUNTRY
47372	159	185	the morning	TIME
47372	159	503	room	GEONOUN
47372	159	623	room	GEONOUN
47372	159	633	corner	GEONOUN
47372	159	709	Lwów	PLACE
47372	159	724	ghetto	GEONOUN
47372	160	25	ghetto	GEONOUN
47372	160	67	the night	TIME
47372	164	199	Germany	COUNTRY
47372	164	534	Janów	PLACE
47372	164	838	house	GEONOUN
47372	164	1029	house	GEONOUN
47372	164	1304	house	GEONOUN
47372	165	149	Lwów	PLACE
47372	165	427	Lwów	PLACE
47372	165	440	camp	GEONOUN
47372	165	453	the evening--	TIME
47372	165	502	room	GEONOUN
47372	165	594	barracks	GEONOUN
47372	165	653	corner	GEONOUN
47372	165	768	Jewish	GEONOUN
47372	165	934	Jewish	GEONOUN
47372	167	284	tomorrow	DATE
47372	167	320	Germany	COUNTRY
47372	167	413	the morning	TIME
47372	167	568	the morning	TIME
47372	167	672	Germany	COUNTRY
47372	169	174	room	GEONOUN
47372	170	91	one day	DATE
47372	170	120	a couple of days	DATE
47372	171	147	Germany	COUNTRY
47372	173	68	train	GEONOUN
47372	173	306	Jewish	GEONOUN
47372	173	438	road	GEONOUN
47372	175	272	Florida	US-STATE
47372	175	284	the summer--	DATE
47372	175	300	the winter	DATE
47372	175	316	a few months after	DATE
47372	176	91	Auschwitz	CAMP
47372	176	448	Jewish	GEONOUN
47372	177	220	Germany	COUNTRY
47372	177	294	Germany	COUNTRY
47372	177	307	Metz	CITY
47372	177	326	France	COUNTRY
47372	177	349	Germany	COUNTRY
47372	177	358	Germany	COUNTRY
47372	178	7	the 27th of November	DATE
47372	178	39	winter	DATE
47372	180	26	barracks	GEONOUN
47372	180	113	Lwów	PLACE
47372	180	217	Jewish	GEONOUN
47372	180	433	train	GEONOUN
47372	181	276	Metz	CITY
47372	181	303	train	GEONOUN
47372	182	68	train	GEONOUN
47372	183	52	factory	GEONOUN
47372	183	72	factory	GEONOUN
47372	184	230	lunchtime	TIME
47372	184	508	the morning	TIME
47372	184	675	hall	GEONOUN
47372	186	35	barracks	GEONOUN
47372	187	73	Jewish	GEONOUN
47372	188	79	Germany	COUNTRY
47372	188	113	Jewish	GEONOUN
47372	189	285	Poland	COUNTRY
47372	189	453	room	GEONOUN
47372	189	518	Jewish	GEONOUN
47372	189	572	room	GEONOUN
47372	189	908	fence	GEONOUN
47372	190	92	camp	GEONOUN
47372	190	346	Jewish	GEONOUN
47372	191	50	Jewish	GEONOUN
47372	191	71	only 14	DATE
47372	191	170	nighttime	TIME
47372	191	312	Jewish last night	GEONOUN
47372	191	319	last night	TIME
47372	191	392	Jewish	GEONOUN
47372	192	0	Only a few months	DATE
47372	193	28	Arbeitsamt	PLACE
47372	193	82	village	GEONOUN
47372	194	306	house	GEONOUN
47372	195	145	Jewish	GEONOUN
47372	198	140	state	GEONOUN
47372	198	185	state	GEONOUN
47372	202	10	school	GEONOUN
47372	203	3	Poland	COUNTRY
47372	204	165	France	COUNTRY
47372	204	201	the day	DATE
47372	204	214	today	DATE
47372	206	12	four years	DATE
47372	206	61	four	DATE
47372	207	53	field	GEONOUN
47372	207	233	field	GEONOUN
47372	207	275	field	GEONOUN
47372	208	41	'78-- 1978	DATE
47372	208	56	all those years	DATE
47372	208	528	'78	DATE
47372	208	542	Israel	COUNTRY
47372	208	580	town	GEONOUN
47372	208	712	Olenka	PLACE
47372	209	3	Germany	COUNTRY
47372	209	427	Poland	COUNTRY
47372	210	52	Israel	COUNTRY
47372	211	160	train	GEONOUN
47372	216	491	only many, many years after	DATE
47372	216	759	one day	DATE
47372	221	7	camp	GEONOUN
47372	221	165	Germany	COUNTRY
47372	221	442	Jewish	GEONOUN
47372	222	292	Jewish	GEONOUN
47372	222	1237	village	GEONOUN
47372	222	1450	Germany	COUNTRY
47372	222	1554	village	GEONOUN
47372	222	1591	Jewish	GEONOUN
47372	222	2150	Jewish	GEONOUN
47372	222	2197	village	GEONOUN
47372	222	2218	one day	DATE
47372	222	2388	Germany	COUNTRY
47372	224	374	Jewish	GEONOUN
47372	226	13	room	GEONOUN
47372	226	27	room	GEONOUN
47372	226	71	library	GEONOUN
47372	226	99	library	GEONOUN
47372	226	193	the morning	TIME
47372	227	72	six months	DATE
47372	227	101	six months	DATE
47372	227	205	10, 12	DATE
47372	227	669	hospital	GEONOUN
47372	228	5	Sunday	DATE
47372	228	12	afternoon	TIME
47372	228	71	Jewish	GEONOUN
47372	228	101	area	GEONOUN
47372	228	123	Rhine	PLACE
47372	228	134	Weinstrasse	PLACE
47372	228	185	fields	GEONOUN
47372	228	205	village	GEONOUN
47372	228	225	village	GEONOUN
47372	229	50	church	GEONOUN
47372	229	291	church	GEONOUN
47372	229	548	church	GEONOUN
47372	230	102	Germany	COUNTRY
47372	230	134	Poland	COUNTRY
47372	231	149	village	GEONOUN
47372	231	177	Jewish	GEONOUN
47372	234	33	IG Farben	PLACE
47372	234	97	town	GEONOUN
47372	234	113	factory	GEONOUN
47372	234	137	factory	GEONOUN
47372	234	192	the next day	DATE
47372	234	253	barracks	GEONOUN
47372	237	25	shelters	GEONOUN
47372	237	94	shelters	GEONOUN
47372	240	26	factory	GEONOUN
47372	240	47	factory	GEONOUN
47372	240	89	Poland	COUNTRY
47372	240	156	Stalingrad	PLACE
47372	240	198	spring	GEONOUN
47372	240	209	late winter	DATE
47372	240	247	Stalingrad	PLACE
47372	240	265	'43	DATE
47372	240	323	ghetto	GEONOUN
47372	240	555	Germany	COUNTRY
47372	241	21	Janów	PLACE
47372	241	53	ghetto	GEONOUN
47372	241	91	February '43	DATE
47372	241	225	ghetto	GEONOUN
47372	243	30	shelter	GEONOUN
47372	243	60	street	GEONOUN
47372	243	278	shelter	GEONOUN
47372	244	16	street	GEONOUN
47372	246	10	nighttime	TIME
47372	248	128	six months	DATE
47372	248	161	two	DATE
47372	248	166	two and a half	DATE
47372	249	514	Olenka	PLACE
47372	249	524	Poland	COUNTRY
47372	251	149	Jewish	GEONOUN
47372	252	113	Warsaw	CITY
47372	253	25	January 1947	DATE
47372	254	173	France	COUNTRY
47372	254	325	apartment	GEONOUN
47372	254	407	apartment	GEONOUN
47372	254	468	Jewish	GEONOUN
47372	254	716	apartment	GEONOUN
47372	254	831	market	GEONOUN
47372	254	881	room	GEONOUN
47372	254	914	room	GEONOUN
47372	254	973	January	DATE
47372	254	1056	Toulouse	CITY
47372	254	1101	the year	DATE
47372	254	1183	two years after	DATE
47372	255	0	'49	DATE
47372	255	5	just two years after	DATE
47372	256	119	apartment	GEONOUN
47372	256	195	rooms	GEONOUN
47372	256	263	every day	DATE
47372	256	330	park	GEONOUN
47372	257	160	factory	GEONOUN
47372	257	247	Africa	CONTINENT
47372	257	268	Algeria	COUNTRY
47372	257	277	Algeria	COUNTRY
47372	257	512	Australia	COUNTRY
47372	258	20	Paris	CITY
47372	258	42	one day	DATE
47372	258	72	Australia	COUNTRY
47372	258	217	France	COUNTRY
47372	258	306	Europe	CONTINENT
47372	258	346	Argentina	COUNTRY
47372	258	394	Venezuela	COUNTRY
47372	258	502	Australia	COUNTRY
47372	258	562	embassy	GEONOUN
47372	258	685	the years	DATE
47372	258	799	Australia	COUNTRY
47372	259	259	barracks	GEONOUN
47372	259	275	barracks	GEONOUN
47372	259	380	Melbourne	CITY
47372	259	586	Melbourne	CITY
47372	259	673	camp	GEONOUN
47372	259	714	apartment	GEONOUN
47372	260	9	'51	DATE
47372	260	83	room	GEONOUN
47372	260	120	room	GEONOUN
47372	260	366	six months	DATE
47372	260	409	Australia	COUNTRY
47372	260	441	factory	GEONOUN
47372	260	536	four years	DATE
47372	260	597	points	GEONOUN
47372	260	629	2	DATE
47372	260	637	2	DATE
47372	260	666	4 and 1/2	DATE
47372	260	701	every morning	TIME
47372	260	859	4 and 1/2	TIME
47372	260	1175	Melbourne	CITY
47372	260	1524	'61	DATE
47372	260	1592	39	DATE
47372	260	1606	37	DATE
47372	260	1671	12	DATE
47372	260	1689	14	DATE
47372	260	1773	today	DATE
47372	261	56	Lwów	PLACE
47372	261	74	Jewish	GEONOUN
47372	261	97	Lwów	PLACE
47372	261	143	town	GEONOUN
47372	261	175	Jewish	GEONOUN
47372	261	224	Janów	PLACE
47372	261	487	Auschwitz	CAMP
47372	261	535	camps	GEONOUN
47372	263	176	synagogue	GEONOUN
47372	263	196	Rosh Hashanah,	DATE
47372	263	211	Yom Kippur	DATE
47372	265	107	31	DATE
47372	267	3	'78--	DATE
47372	267	12	'78	DATE
47372	269	59	Australia	COUNTRY
47372	269	92	factory	GEONOUN
47372	269	164	Jewish	GEONOUN
47372	269	219	town	GEONOUN
47372	269	319	Jewish	GEONOUN
47372	269	437	town	GEONOUN
47372	269	543	departments	GEONOUN
47372	269	616	a few years	DATE
47372	272	3	'78	DATE
47372	272	60	Australia	COUNTRY
47372	272	85	Israel	COUNTRY
47372	272	132	Israel	COUNTRY
47372	272	228	France	COUNTRY
47372	272	330	the 80s	DATE
47372	272	345	late 80s	DATE
47372	272	489	six year old	DATE
47372	272	516	a six-year-old	DATE
47372	272	583	two years, I think,	DATE
47372	272	661	a minute	TIME
47372	272	724	France	COUNTRY
47372	272	896	Europe	CONTINENT
47372	272	985	Janów	PLACE
47372	272	1026	Lwów	PLACE
47372	272	1060	Austria	COUNTRY
47372	272	1069	Czechoslovakia	COUNTRY
47372	272	1085	Poland	COUNTRY
47372	272	1096	Russia	COUNTRY
47372	272	1117	Moscow	CITY
47372	272	1129	Leningrad	PLACE
47372	272	1144	Kiev	PLACE
47372	272	1167	Lwów	PLACE
47372	272	1223	the morning	TIME
47372	272	1294	Janów	PLACE
47372	272	1381	Janów	PLACE
47372	272	1481	house	GEONOUN
47372	272	1562	house	GEONOUN
47372	272	1664	Russia	COUNTRY
47372	272	1840	so many years	DATE
47372	273	9	'78	DATE
47372	273	27	Israel	COUNTRY
47372	273	56	Brazil	COUNTRY
47372	273	152	Palestine	CITY
47372	273	218	the following year	DATE
47372	273	264	Rio de Janeiro	CITY
47372	273	454	New York	US-STATE
47372	273	483	hotel	GEONOUN
47372	273	529	Springfield	CITY
47372	273	542	New Jersey	US-STATE
47372	275	69	town	GEONOUN
47372	275	278	school	GEONOUN
47372	275	325	school	GEONOUN
47372	275	347	school	GEONOUN
47372	275	397	high school	GEONOUN
47372	275	518	high school	GEONOUN
47372	275	537	Janów	PLACE
47372	275	572	Lwów	PLACE
47372	276	13	Kazakhstan	COUNTRY
47372	276	39	factory	GEONOUN
47372	276	138	Soviet Union	PLACE
47372	277	9	'79	DATE
47372	277	55	the Rio de Janeiro	PLACE
47372	277	90	1980	DATE
47372	277	98	Australia	COUNTRY
47372	277	219	Israel	COUNTRY
47372	277	242	the beginning of '80, 1980	DATE
47372	277	289	1980	DATE
47372	277	294	later in the year	DATE
47372	277	346	a few years	DATE
47372	278	21	the 22nd of November	DATE
47372	278	60	November	DATE
47372	278	80	22nd November, 1985	DATE
47372	279	34	works	GEONOUN
47372	281	35	24-- 23	DATE
47372	281	61	November	DATE
47372	281	74	November	DATE
47372	281	96	24	DATE
47372	281	118	21	DATE
47372	281	237	3 and 1/2 and	DATE
47372	281	251	a 5 and 1/2 months	DATE
47372	283	17	Australia	COUNTRY
47372	283	73	Australia	COUNTRY
47372	283	129	Melbourne	CITY
47372	287	84	Jewish	GEONOUN
47372	287	105	Jewish	GEONOUN
47372	287	266	synagogue	GEONOUN
47372	288	72	Jewish	GEONOUN
47372	288	179	raise	GEONOUN
47372	288	190	Jewish	GEONOUN
47372	288	309	Jewish	GEONOUN
47372	288	369	station	GEONOUN
47372	288	535	Jewish	GEONOUN
47372	288	582	Jewish	GEONOUN
47372	289	358	every year	DATE
