FileID	AnswerID	StartCharPos	Entity	Type
47383	9	6	the 1st of October, 1924	DATE
47383	10	3	Berhomete	PLACE
47383	10	22	city	GEONOUN
47383	10	79	Russia	COUNTRY
47383	11	18	the Second World War	EVENT
47383	12	0	Bukovina	PLACE
47383	16	82	Holocaust	EVENT
47383	17	138	1921	DATE
47383	18	119	Holocaust	EVENT
47383	18	171	Israel	COUNTRY
47383	21	17	school	GEONOUN
47383	21	99	Mizrachi	PLACE
47383	22	18	Jewish	GEONOUN
47383	22	248	city	GEONOUN
47383	23	166	Czernowitz	PLACE
47383	23	178	Czernowitz	PLACE
47383	23	213	capital	GEONOUN
47383	23	228	state	GEONOUN
47383	23	247	Bukovina	PLACE
47383	25	12	Jewish	GEONOUN
47383	25	76	Simchat Torah	EVENT
47383	25	130	temple	GEONOUN
47383	25	205	houses	GEONOUN
47383	25	236	house	GEONOUN
47383	25	300	house	GEONOUN
47383	26	103	house	GEONOUN
47383	26	118	temple	GEONOUN
47383	27	83	three years old	DATE
47383	30	121	one year	DATE
47383	30	151	the second year	DATE
47383	31	149	the day	DATE
47383	31	212	house	GEONOUN
47383	31	229	17	DATE
47383	31	260	Czernowitz	PLACE
47383	32	184	store	GEONOUN
47383	32	201	store	GEONOUN
47383	33	77	reach	GEONOUN
47383	34	73	Shabbos	DATE
47383	35	106	Shabbat	DATE
47383	36	201	town	GEONOUN
47383	38	120	store	GEONOUN
47383	38	129	Shabbat	DATE
47383	38	198	store	GEONOUN
47383	38	401	Shabbat	DATE
47383	38	456	store	GEONOUN
47383	38	465	Shabbat	DATE
47383	40	34	1940	DATE
47383	41	159	street	GEONOUN
47383	41	198	store	GEONOUN
47383	41	262	school	GEONOUN
47383	41	409	school	GEONOUN
47383	44	112	Austria	COUNTRY
47383	44	144	Bukovina	PLACE
47383	44	164	Austria	COUNTRY
47383	44	183	Austria	COUNTRY
47383	44	268	Austria	COUNTRY
47383	45	19	country	GEONOUN
47383	45	35	the First War	EVENT
47383	45	65	Austria	COUNTRY
47383	45	136	Second War	EVENT
47383	45	162	Bukovina	PLACE
47383	45	179	Romania	COUNTRY
47383	45	381	plain	GEONOUN
47383	46	146	school	GEONOUN
47383	46	183	house	GEONOUN
47383	46	207	street	GEONOUN
47383	46	242	house	GEONOUN
47383	47	179	Russia	COUNTRY
47383	47	255	school	GEONOUN
47383	47	265	Czernowitz	PLACE
47383	48	16	cheder	PLACE
47383	48	35	three years old	DATE
47383	48	248	cheder	PLACE
47383	49	75	every day	DATE
47383	49	86	an hour	TIME
47383	49	201	plain	GEONOUN
47383	50	160	store	GEONOUN
47383	53	129	'38	DATE
47383	53	181	'39	DATE
47383	53	298	1940	DATE
47383	54	179	1940	DATE
47383	54	213	Poland	COUNTRY
47383	54	258	Poland	COUNTRY
47383	54	382	town	GEONOUN
47383	54	562	town	GEONOUN
47383	55	48	Europe	CONTINENT
47383	55	180	country	GEONOUN
47383	55	367	Bukovina	PLACE
47383	56	12	1940	DATE
47383	56	22	the end of 1940	DATE
47383	56	128	store	GEONOUN
47383	56	247	store	GEONOUN
47383	57	61	Czernowitz	PLACE
47383	57	108	store	GEONOUN
47383	57	162	rocks	GEONOUN
47383	57	184	river	GEONOUN
47383	57	221	street	GEONOUN
47383	57	315	Czernowitz	PLACE
47383	58	12	the beginning of '40-- '40-- '41	DATE
47383	60	400	train	GEONOUN
47383	60	409	Czernowitz	PLACE
47383	60	530	school	GEONOUN
47383	60	709	two weeks	DATE
47383	60	808	Czernowitz	PLACE
47383	60	866	wood	GEONOUN
47383	60	882	Czernowitz	PLACE
47383	60	1008	house	GEONOUN
47383	60	1202	store	GEONOUN
47383	61	46	Russia	COUNTRY
47383	63	277	store	GEONOUN
47383	65	19	factory	GEONOUN
47383	65	416	That day	DATE
47383	65	550	Russia	COUNTRY
47383	65	794	Storojinet	PLACE
47383	65	817	city	GEONOUN
47383	65	892	Yedinitz	PLACE
47383	65	910	city	GEONOUN
47383	65	942	Moldova	COUNTRY
47383	65	968	Bessarabia	PLACE
47383	65	1024	Moldova	COUNTRY
47383	65	1057	a few weeks later	DATE
47383	65	1108	ghetto	GEONOUN
47383	65	1119	Czernowitz	PLACE
47383	65	1153	Jewish	GEONOUN
47383	66	27	the end of '41	DATE
47383	66	65	'41	DATE
47383	67	32	Yedinitz	PLACE
47383	67	179	Marculesti	PLACE
47383	67	207	Marculesti	PLACE
47383	71	32	Czernowitz	PLACE
47383	72	109	Poland	COUNTRY
47383	72	227	17 years old	DATE
47383	72	293	18	DATE
47383	72	401	18	DATE
47383	73	12	concentration camp	GEONOUN
47383	75	45	Marculesti	PLACE
47383	75	106	concentration camp	GEONOUN
47383	75	149	Bessarabia	PLACE
47383	75	329	18	DATE
47383	77	28	Czernowitz	PLACE
47383	78	24	around 3 or 4 weeks	DATE
47383	79	3	train	GEONOUN
47383	79	108	train	GEONOUN
47383	79	137	train	GEONOUN
47383	80	80	Czernowitz	PLACE
47383	80	100	train	GEONOUN
47383	80	162	houses	GEONOUN
47383	80	201	Russia	COUNTRY
47383	80	659	3 and 1/2 years	DATE
47383	80	690	concentration camp	GEONOUN
47383	80	712	Transnistria	PLACE
47383	81	20	3 or 4 weeks	DATE
47383	82	22	Yampol	PLACE
47383	82	30	Yampol	PLACE
47383	82	40	Ukraine	COUNTRY
47383	83	98	fell	GEONOUN
47383	83	149	2 days	DATE
47383	83	157	2 or 3 days	DATE
47383	83	181	night	TIME
47383	83	246	Yampol	PLACE
47383	83	278	Tsybulevka	PLACE
47383	83	353	barns	GEONOUN
47383	83	496	ceiling	GEONOUN
47383	83	724	3 months	DATE
47383	83	1011	the worst winter	DATE
47383	83	1105	winter	DATE
47383	84	15	'42	DATE
47383	84	23	the end of '42	DATE
47383	84	123	ground	GEONOUN
47383	84	185	wood	GEONOUN
47383	84	284	ground	GEONOUN
47383	85	5	grave	GEONOUN
47383	85	268	room	GEONOUN
47383	85	306	chicken coop	GEONOUN
47383	85	404	chicken coop	GEONOUN
47383	86	13	barn	GEONOUN
47383	86	57	barn	GEONOUN
47383	86	86	chicken coop	GEONOUN
47383	86	670	river	GEONOUN
47383	86	1110	farm	GEONOUN
47383	86	1411	every day	DATE
47383	86	1612	town	GEONOUN
47383	87	13	concentration camp	GEONOUN
47383	87	506	a few days	DATE
47383	87	575	walls	GEONOUN
47383	87	737	fence	GEONOUN
47383	87	760	fence	GEONOUN
47383	87	1394	the evening	TIME
47383	88	68	fence	GEONOUN
47383	89	76	town	GEONOUN
47383	90	68	chicken coop	GEONOUN
47383	93	276	room	GEONOUN
47383	95	86	camp	GEONOUN
47383	97	107	three years	DATE
47383	97	169	town	GEONOUN
47383	97	302	town	GEONOUN
47383	97	447	Majdanek	PLACE
47383	97	472	concentration camp	GEONOUN
47383	100	23	'43	DATE
47383	100	188	Balta	CITY
47383	100	269	Israel	COUNTRY
47383	100	319	like 2, 3 weeks	DATE
47383	104	126	Russia	COUNTRY
47383	104	244	retreat	GEONOUN
47383	104	326	Balta	CITY
47383	104	438	boat	GEONOUN
47383	104	446	Israel	COUNTRY
47383	104	479	boat	GEONOUN
47383	104	632	two weeks	DATE
47383	104	667	Two weeks	DATE
47383	104	715	Balta	CITY
47383	104	889	attic	GEONOUN
47383	105	142	Balta	CITY
47383	107	300	Iasi	PLACE
47383	107	359	Ukraine	COUNTRY
47383	107	414	Balta	CITY
47383	107	559	Tsybulevka	PLACE
47383	107	868	Tsybulevka	PLACE
47383	107	899	A whole day	DATE
47383	107	1092	house	GEONOUN
47383	107	1221	3 days	DATE
47383	107	1249	Tsybulevka	PLACE
47383	109	9	Balta	CITY
47383	110	25	attic	GEONOUN
47383	110	101	steps	GEONOUN
47383	110	212	house	GEONOUN
47383	110	252	attic	GEONOUN
47383	110	333	the morning	TIME
47383	112	43	attic	GEONOUN
47383	113	10	around two weeks	DATE
47383	114	255	store	GEONOUN
47383	114	474	Tsybulevka	PLACE
47383	114	1707	night	TIME
47383	116	165	camp	GEONOUN
47383	116	186	camp	GEONOUN
47383	120	17	'40-- end of '44	DATE
47383	121	38	Romania	COUNTRY
47383	121	50	Iasi	PLACE
47383	121	198	2, 3 days	DATE
47383	121	354	a few days	DATE
47383	121	417	town	GEONOUN
47383	121	443	Briceni	PLACE
47383	121	452	Briceni	PLACE
47383	121	464	Bessarabia	PLACE
47383	121	530	South Bukovina	PLACE
47383	121	550	North	PLACE
47383	121	561	South Bukovina	PLACE
47383	121	673	Easter, 1944	DATE
47383	121	745	Iasi	PLACE
47383	121	751	Iasi	PLACE
47383	121	770	city	GEONOUN
47383	121	993	Bucharest	CITY
47383	121	1011	Bucharest	CITY
47383	121	1062	barracks	GEONOUN
47383	121	1331	Bucharest	CITY
47383	124	10	Bucharest	CITY
47383	127	11	1944	DATE
47383	127	62	the end of '44	DATE
47383	127	93	Bucharest	CITY
47383	127	134	barracks	GEONOUN
47383	127	175	Bucharest	CITY
47383	127	211	Bucharest	CITY
47383	127	260	camps	GEONOUN
47383	127	404	Jewish	GEONOUN
47383	127	681	barracks	GEONOUN
47383	127	807	Israel	COUNTRY
47383	128	17	1945	DATE
47383	129	55	barracks	GEONOUN
47383	129	107	Israel	COUNTRY
47383	130	260	Israel	COUNTRY
47383	130	503	house	GEONOUN
47383	130	667	tomorrow	DATE
47383	130	722	Sunday	DATE
47383	130	734	Monday	DATE
47383	130	799	Monday	DATE
47383	130	914	barracks	GEONOUN
47383	130	1218	market	GEONOUN
47383	130	1301	apartment	GEONOUN
47383	130	1316	apartment	GEONOUN
47383	130	1343	yesterday	DATE
47383	130	1371	patio	GEONOUN
47383	131	0	1945	DATE
47383	131	6	August the 3rd	DATE
47383	134	8	two months	DATE
47383	134	36	Bucharest	CITY
47383	135	3	Palestine	CITY
47383	135	43	Cyprus	COUNTRY
47383	135	265	Constanza	CITY
47383	135	410	Israel	COUNTRY
47383	135	428	Israel	COUNTRY
47383	135	503	one day	DATE
47383	135	699	train	GEONOUN
47383	135	708	Bucharest	CITY
47383	135	791	barn	GEONOUN
47383	135	836	the evening	TIME
47383	135	865	Hungary	COUNTRY
47383	136	812	Budapest	CITY
47383	136	847	Hungary	COUNTRY
47383	136	898	two weeks	DATE
47383	136	941	Austria	COUNTRY
47383	136	1060	Austria	COUNTRY
47383	136	1089	Vienna	CITY
47383	136	1313	a month	DATE
47383	136	1324	Vienna	CITY
47383	136	1354	Vienna	CITY
47383	136	1373	Steiermark	PLACE
47383	136	1417	summer	DATE
47383	137	4	'45	DATE
47383	138	32	a whole year	DATE
47383	138	70	Steiermark	PLACE
47383	138	134	Innsbruck	CITY
47383	138	152	Alps	PLACE
47383	138	200	night	TIME
47383	138	213	Alps	PLACE
47383	138	258	Italy	COUNTRY
47383	139	13	Innsbruck	CITY
47383	139	43	Innsbruck	CITY
47383	140	51	Steiermark	PLACE
47383	140	124	Alps	PLACE
47383	140	336	Israel	COUNTRY
47383	140	373	Paris	CITY
47383	140	598	Italy	COUNTRY
47383	140	633	town	GEONOUN
47383	140	689	Milan	CITY
47383	140	703	Milan	CITY
47383	140	878	boat	GEONOUN
47383	140	1016	boat	GEONOUN
47383	140	1092	France	COUNTRY
47383	140	1129	Jewish	GEONOUN
47383	140	1146	France	COUNTRY
47383	140	1246	Ecuador	COUNTRY
47383	140	1369	Ecuador	COUNTRY
47383	140	1408	Milano	PLACE
47383	140	1466	Ecuador	COUNTRY
47383	140	1498	Israel	COUNTRY
47383	140	1545	Cyprus	COUNTRY
47383	140	1590	Ecuador	COUNTRY
47383	140	1741	Ecuador	COUNTRY
47383	141	20	New York	US-STATE
47383	141	200	Ecuador	COUNTRY
47383	142	3	'40-- 1946	DATE
47383	142	21	1940	DATE
47383	142	39	1947	DATE
47383	142	48	the beginning,	DATE
47383	142	63	January	DATE
47383	143	0	Three and a half years	DATE
47383	143	49	Ecuador	COUNTRY
47383	145	12	Quito	CITY
47383	145	22	Ecuador	COUNTRY
47383	146	3	1949	DATE
47383	147	3	1951	DATE
47383	147	102	Bukovina	PLACE
47383	147	230	the United States	COUNTRY
47383	147	277	Miami	CITY
47383	147	377	New York	US-STATE
47383	147	390	August	DATE
47383	147	587	Los Angeles	CITY
47383	147	714	America	COUNTRY
47383	149	27	Bessarabia	PLACE
47383	149	87	Kishinev	PLACE
47383	149	141	school	GEONOUN
47383	149	159	school	GEONOUN
47383	149	174	summer	DATE
47383	151	149	three years	DATE
47383	152	92	eight and a half years	DATE
47383	156	71	1980	DATE
47383	157	38	15 years old	DATE
47383	157	52	November	DATE
47383	157	72	13	DATE
47383	159	135	school	GEONOUN
47383	160	3	Ecuador	COUNTRY
47383	160	258	building	GEONOUN
47383	161	3	1970	DATE
47383	163	8	1973	DATE
47383	163	85	one year	DATE
47383	166	125	house	GEONOUN
47383	166	184	room	GEONOUN
47383	166	201	hospital	GEONOUN
47383	166	251	four weeks	DATE
47383	166	280	house	GEONOUN
47383	166	340	two and a half years	DATE
47383	166	400	'80-- '88	DATE
47383	171	296	temple	GEONOUN
47383	172	55	Israel	COUNTRY
47383	172	167	town	GEONOUN
47383	172	547	the United States	COUNTRY
47383	172	619	country	GEONOUN
47383	172	691	Israel	COUNTRY
47383	173	130	Jewish	GEONOUN
47383	173	293	Jewish	GEONOUN
47383	174	102	13 years old	DATE
47383	174	226	13 years old	DATE
47383	174	316	bar	GEONOUN
47383	174	404	bar	GEONOUN
47383	174	427	bar	GEONOUN
47383	176	28	night	TIME
47383	182	294	Jewish	GEONOUN
47383	187	81	America	COUNTRY
47383	193	32	Auschwitz	CAMP
47383	193	129	Auschwitz	CAMP
47383	193	250	Hungary	COUNTRY
47383	193	313	labor camp	GEONOUN
47383	193	409	1943	DATE
47383	195	109	Berhomete	PLACE
47383	195	154	1921	DATE
47383	195	167	Berhomete	PLACE
47383	195	178	Romania	COUNTRY
47383	195	370	1959	DATE
47383	195	378	Los Angeles	CITY
47383	195	391	California	US-STATE
47383	195	493	1984	DATE
47383	195	502	Los Angeles	CITY
47383	195	515	California	US-STATE
47383	196	335	1988	DATE
47383	196	343	Los Angeles	CITY
47383	196	356	California	US-STATE
