FileID	AnswerID	StartCharPos	Entity	Type
47396	1	14	Syracuse	CITY
47396	1	24	New York	US-STATE
47396	2	39	college	GEONOUN
47396	3	40	country	GEONOUN
47396	3	51	the early 17th century	DATE
47396	3	114	about 1723	DATE
47396	3	131	'25	DATE
47396	3	167	Fishkill	PLACE
47396	3	177	New York	US-STATE
47396	3	285	the Mohawk Valley	PLACE
47396	3	306	1638	DATE
47396	3	375	Thanksgiving	DATE
47396	3	409	Massachusetts	US-STATE
47396	3	423	colony	GEONOUN
47396	3	433	1620	DATE
47396	3	463	the American Revolution	EVENT
47396	3	533	crown	GEONOUN
47396	3	619	country	GEONOUN
47396	3	650	Canada	COUNTRY
47396	7	137	Richfield Springs	PLACE
47396	7	156	New York	US-STATE
47396	8	12	Syracuse	CITY
47396	8	24	the early 1920s	DATE
47396	9	34	school	GEONOUN
47396	9	257	Sydney	CITY
47396	10	38	Battersea	CITY
47396	10	49	Ontario	CITY
47396	10	333	every year	DATE
47396	11	31	Syracuse	CITY
47396	11	71	Canada	COUNTRY
47396	11	131	Canada	COUNTRY
47396	11	186	Syracuse	CITY
47396	11	254	restaurant	GEONOUN
47396	12	34	Jacksonville	CITY
47396	12	48	Florida	US-STATE
47396	13	6	five years	DATE
47396	13	65	about seven years	DATE
47396	13	116	the Mohawk Valley	PLACE
47396	13	137	Ilion	PLACE
47396	15	17	high school	GEONOUN
47396	15	32	Sydney	CITY
47396	15	152	90-Day	DATE
47396	15	218	90-day	DATE
47396	15	255	World War II	EVENT
47396	15	330	six months or so	DATE
47396	16	12	early 1943	DATE
47396	16	45	February 1, 1943	DATE
47396	17	16	New York City	CITY
47396	17	30	area	GEONOUN
47396	19	203	summers	DATE
47396	19	255	New York City	CITY
47396	19	296	only 11 years old	DATE
47396	19	340	LaGuardia	PLACE
47396	19	352	New York City	CITY
47396	19	421	city today	GEONOUN
47396	19	426	today	DATE
47396	19	475	city	GEONOUN
47396	20	155	Sunday	DATE
47396	20	162	afternoon	TIME
47396	21	135	New York City	CITY
47396	21	257	college	GEONOUN
47396	22	57	Camp Upton	PLACE
47396	22	69	Upton	PLACE
47396	22	103	facility	GEONOUN
47396	23	3	Long Island	PLACE
47396	23	42	Atlantic City	CITY
47396	24	0	About six weeks	DATE
47396	24	49	those days	DATE
47396	24	269	about six months	DATE
47396	24	374	Fort Leonard--	PLACE
47396	24	403	Jefferson Barracks	PLACE
47396	24	425	Missouri	US-STATE
47396	26	159	32 hours	TIME
47396	28	113	Europe	CONTINENT
47396	28	121	Europe	CONTINENT
47396	28	145	camp	GEONOUN
47396	28	158	Europe	CONTINENT
47396	28	187	1943	DATE
47396	28	242	North Africa	PLACE
47396	28	295	continent	GEONOUN
47396	30	41	the age of 18	DATE
47396	31	277	Jefferson Barracks	PLACE
47396	31	297	Missouri	US-STATE
47396	31	332	St. Louis	CITY
47396	31	520	Grinnell	PLACE
47396	31	530	Iowa	US-STATE
47396	31	716	Grinnell	PLACE
47396	31	749	almost a full	DATE
47396	31	763	school	GEONOUN
47396	31	817	my freshman year	DATE
47396	32	606	About three weeks later	DATE
47396	32	745	railroad	GEONOUN
47396	32	769	100 years old	DATE
47396	32	847	Fort Leonard Wood	CITY
47396	32	868	Missouri	US-STATE
47396	33	116	48 hours	DATE
47396	33	198	town	GEONOUN
47396	33	243	town	GEONOUN
47396	35	43	Fort Leonard Wood	CITY
47396	35	310	Europe	CONTINENT
47396	35	393	about nine weeks	DATE
47396	35	422	spring	GEONOUN
47396	35	441	early summer of 1944	DATE
47396	35	528	Georgia	COUNTRY
47396	35	757	Brussels	CITY
47396	35	793	England	PLACE
47396	35	842	G25	PLACE
47396	35	942	the United States	COUNTRY
47396	35	1075	Alaska	US-STATE
47396	35	1096	the Battle of the Bulge	EVENT
47396	35	1123	Belgium	COUNTRY
47396	35	1189	hut	GEONOUN
47396	35	1292	20, 22, 23 hours	TIME
47396	35	1320	three, four hours	TIME
47396	35	1632	the Battle of the Bulge	EVENT
47396	36	132	daily	DATE
47396	36	182	Europe	CONTINENT
47396	36	306	Europe	CONTINENT
47396	36	316	D-Day	DATE
47396	36	383	North Africa	PLACE
47396	38	140	Europe	CONTINENT
47396	39	48	Europe	CONTINENT
47396	39	86	Eindhoven	CITY
47396	39	104	Holland	CITY
47396	39	312	10 years	DATE
47396	39	385	Europe	CONTINENT
47396	40	18	spring	GEONOUN
47396	43	17	occasional few hours	TIME
47396	43	325	a few days	DATE
47396	43	438	fell	GEONOUN
47396	43	717	plain	GEONOUN
47396	44	92	Belgium	COUNTRY
47396	44	113	France	COUNTRY
47396	47	243	Europe	CONTINENT
47396	49	157	country	GEONOUN
47396	51	222	Germany	COUNTRY
47396	51	388	the American Embassy	PLACE
47396	52	3	Brussels	CITY
47396	52	16	Rue de la Loi	PLACE
47396	52	47	one day	DATE
47396	52	62	embassy	GEONOUN
47396	52	143	upstairs	GEONOUN
47396	52	157	room	GEONOUN
47396	52	378	one day	DATE
47396	54	10	53 years	DATE
47396	55	272	four or five weeks	DATE
47396	55	296	one day	DATE
47396	55	959	about three weeks	DATE
47396	55	1024	about three weeks	DATE
47396	57	377	Germany	COUNTRY
47396	57	519	Germany	COUNTRY
47396	60	31	embassy	GEONOUN
47396	60	340	about 45 minutes later	TIME
47396	60	364	30 to 45 minutes later	TIME
47396	64	6	about 20	DATE
47396	66	19	street corner	GEONOUN
47396	66	176	area	GEONOUN
47396	66	274	spot	GEONOUN
47396	68	18	area	GEONOUN
47396	68	40	area	GEONOUN
47396	68	71	Liege	PLACE
47396	68	81	Brussels	CITY
47396	68	113	France	COUNTRY
47396	68	139	Charleroi	CITY
47396	68	152	Belgium	COUNTRY
47396	68	215	area	GEONOUN
47396	68	242	Brussels	CITY
47396	68	303	spot	GEONOUN
47396	68	536	spot	GEONOUN
47396	68	548	street	GEONOUN
47396	68	688	spot	GEONOUN
47396	69	76	evenings	TIME
47396	69	140	the day	DATE
47396	69	175	night	TIME
47396	69	318	detached	GEONOUN
47396	69	386	bordello	GEONOUN
47396	69	412	district	GEONOUN
47396	69	429	Brussels	CITY
47396	69	497	backwoods	GEONOUN
47396	69	510	Delaware County	PLACE
47396	70	120	reception	GEONOUN
47396	70	162	the Belgian Arc de Triomphe	PLACE
47396	70	713	wood	GEONOUN
47396	70	746	wood	GEONOUN
47396	70	943	country	GEONOUN
47396	70	954	Belgium	COUNTRY
47396	70	1113	Thursday	DATE
47396	70	1122	night	TIME
47396	70	1149	penthouse apartment	GEONOUN
47396	70	1159	apartment	GEONOUN
47396	71	75	the week--	DATE
47396	73	100	house	GEONOUN
47396	76	58	the Abbaye d'Orval	PLACE
47396	76	122	Germany	COUNTRY
47396	76	148	camps	GEONOUN
47396	77	91	Germany	COUNTRY
47396	78	94	camps	GEONOUN
47396	78	124	Brussels	CITY
47396	78	160	prison camps	GEONOUN
47396	78	167	camps	GEONOUN
47396	78	302	prison	GEONOUN
47396	79	26	camp	GEONOUN
47396	82	189	Germany	COUNTRY
47396	85	13	court	GEONOUN
47396	87	82	facilities	GEONOUN
47396	87	293	area	GEONOUN
47396	87	369	points	GEONOUN
47396	87	547	facilities	GEONOUN
47396	87	664	five, six years	DATE
47396	87	683	Europe	CONTINENT
47396	89	10	Brussels	CITY
47396	89	41	street	GEONOUN
47396	90	14	town	GEONOUN
47396	91	110	train	GEONOUN
47396	91	341	facilities	GEONOUN
47396	91	504	a couple of days	DATE
47396	91	637	the Gare du Nord	PLACE
47396	91	713	Jewish	GEONOUN
47396	92	10	May	DATE
47396	93	3	1945	DATE
47396	93	54	April	DATE
47396	93	161	about May 10 to 15	DATE
47396	93	199	area	GEONOUN
47396	93	316	facilities	GEONOUN
47396	93	431	facilities	GEONOUN
47396	93	486	facilities	GEONOUN
47396	93	667	train	GEONOUN
47396	93	692	as much as two days	DATE
47396	93	925	facilities	GEONOUN
47396	94	15	Belsen	PLACE
47396	94	57	camps	GEONOUN
47396	94	81	camps	GEONOUN
47396	94	90	Western Germany	PLACE
47396	94	129	Dachau	CITY
47396	95	427	train	GEONOUN
47396	95	866	Ardennes	PLACE
47396	95	919	resort	GEONOUN
47396	96	18	Brussels	CITY
47396	96	120	street	GEONOUN
47396	96	252	Brussels	CITY
47396	96	355	a couple of days later	DATE
47396	96	529	resort	GEONOUN
47396	96	555	four days	DATE
47396	96	634	four days	DATE
47396	97	125	about [PAUSES FOR 3 SECONDS	DATE
47396	97	160	August of that year	DATE
47396	97	404	Metz	CITY
47396	97	410	France	COUNTRY
47396	97	554	the United States	COUNTRY
47396	97	654	site	GEONOUN
47396	97	899	area	GEONOUN
47396	97	1085	States	PLACE
47396	97	1681	Wehrmacht	EVENT
47396	101	39	the Battle of the Bulge	EVENT
47396	102	203	yards	GEONOUN
47396	102	278	detached	GEONOUN
47396	104	90	Antwerp	PLACE
47396	104	673	building	GEONOUN
47396	105	56	Antwerp	PLACE
47396	105	97	halls	GEONOUN
47396	105	497	roof	GEONOUN
47396	105	507	theater	GEONOUN
47396	106	81	roof	GEONOUN
47396	106	97	Antwerp	PLACE
47396	106	105	theater	GEONOUN
47396	106	257	the Battle of the Bulge	EVENT
47396	106	306	the Battle in the Rhineland	EVENT
47396	106	797	area	GEONOUN
47396	106	864	one night	TIME
47396	106	1035	that night	TIME
47396	106	1127	theater	GEONOUN
47396	106	1231	the following morning	TIME
47396	106	1417	last night	TIME
47396	106	1464	today	DATE
47396	106	1888	France	COUNTRY
47396	106	1906	Belgium	COUNTRY
47396	106	1949	area	GEONOUN
47396	106	2084	compounds	GEONOUN
47396	106	2153	country	GEONOUN
47396	106	2823	bushes	GEONOUN
47396	110	62	Europe	CONTINENT
47396	112	54	room	GEONOUN
47396	116	49	crossroad	GEONOUN
47396	116	154	late in the day	TIME
47396	116	178	night	TIME
47396	119	15	May	DATE
47396	119	27	August	DATE
47396	119	66	Brussels	CITY
47396	120	4	Brussels	CITY
47396	123	140	Germany	COUNTRY
47396	123	217	Bavaria	PLACE
47396	123	245	Bavaria	PLACE
47396	123	257	five days	DATE
47396	123	313	prison camp	GEONOUN
47396	123	320	camp	GEONOUN
47396	124	49	France	COUNTRY
47396	124	69	parts	GEONOUN
47396	124	78	Belgium	COUNTRY
47396	124	163	Metz	CITY
47396	124	191	Munchen	CAMP
47396	124	223	area	GEONOUN
47396	124	269	road	GEONOUN
47396	124	336	Ruhr	PLACE
47396	124	581	locker room	GEONOUN
47396	124	588	room	GEONOUN
47396	124	787	World War I.	EVENT
47396	124	1068	fork	GEONOUN
47396	124	1086	edge	GEONOUN
47396	124	1319	horizon	GEONOUN
47396	125	9	Europe	CONTINENT
47396	125	22	the end of March of 1946	DATE
47396	128	136	museum	GEONOUN
47396	128	332	Metz	CITY
47396	129	381	about three years ago	DATE
47396	131	38	March 27, 1946	DATE
47396	131	77	Grinnell	PLACE
47396	131	393	Sidney	CITY
47396	131	511	about a year	DATE
47396	131	604	Buffalo	CITY
47396	131	692	area	GEONOUN
47396	131	780	building	GEONOUN
47396	131	914	Peenemunde	PLACE
47396	131	989	setting	GEONOUN
47396	131	2258	fall	GEONOUN
47396	131	2270	Earth	PLACE
47396	131	2410	New Hampshire	US-STATE
47396	131	2902	landings	GEONOUN
47396	131	3260	1972	DATE
47396	131	3842	facilities	GEONOUN
47396	131	3886	environment	GEONOUN
47396	133	14	about a year and a half	DATE
47396	135	43	1952	DATE
47396	136	222	seven	DATE
47396	136	258	12	DATE
47396	136	414	campground last summer	GEONOUN
47396	136	425	last summer	DATE
47396	138	176	about 10 minutes	TIME
47396	145	42	1925	DATE
47396	145	93	a year	DATE
47396	146	22	Syracuse	CITY
47396	147	46	about the age of five or six	DATE
47396	148	21	Canastota	PLACE
47396	148	32	New York	US-STATE
47396	148	54	about 1928 or	DATE
47396	148	68	1929	DATE
47396	148	173	about 1930 or 1931	DATE
47396	148	205	Canastota	PLACE
47396	148	216	New York	US-STATE
47396	148	334	Ontario	CITY
47396	148	343	about 1931 or 1932	DATE
47396	148	557	school	GEONOUN
47396	148	582	Clockville	PLACE
47396	148	594	New York	US-STATE
47396	148	607	about 1933	DATE
47396	148	751	World War II	EVENT
47396	149	130	1943	DATE
47396	149	178	October	DATE
47396	150	20	golf course	GEONOUN
47396	150	35	Sidney	CITY
47396	150	43	New York	US-STATE
47396	150	103	early 1944	DATE
47396	150	118	late '43	DATE
47396	150	241	Minneapolis	CITY
47396	150	254	Minnesota	US-STATE
47396	150	411	the summer of, I believe,	DATE
47396	150	437	1950	DATE
47396	150	636	our wedding day	DATE
47396	150	655	August 23, 1952	DATE
