FileID	AnswerID	StartCharPos	Entity	Type
47400	4	3	Kaunas	CITY
47400	5	5	Lithuania	COUNTRY
47400	6	0	Lithuania	COUNTRY
47400	7	0	Kaunas	CITY
47400	7	53	Kaunas	CITY
47400	8	3	August the 12th, 1924	DATE
47400	15	10	three years	DATE
47400	15	29	four years	DATE
47400	15	47	two years	DATE
47400	20	54	13	DATE
47400	20	211	13 years old	DATE
47400	23	24	school	GEONOUN
47400	25	14	school	GEONOUN
47400	27	46	club	GEONOUN
47400	27	147	Europe	CONTINENT
47400	27	432	school	GEONOUN
47400	28	14	house	GEONOUN
47400	28	24	steps	GEONOUN
47400	28	58	room	GEONOUN
47400	28	77	room	GEONOUN
47400	28	161	room	GEONOUN
47400	29	21	house	GEONOUN
47400	29	44	houses	GEONOUN
47400	29	143	houses	GEONOUN
47400	36	36	Israel	COUNTRY
47400	36	46	1973	DATE
47400	36	79	Russia	COUNTRY
47400	36	100	Kaunas	CITY
47400	36	149	40 years	DATE
47400	36	174	50 years	DATE
47400	36	222	40 years	DATE
47400	36	337	airport	GEONOUN
47400	36	373	40 years	DATE
47400	36	405	Canada	COUNTRY
47400	36	416	Toronto	CITY
47400	36	472	Israel	COUNTRY
47400	37	52	Israel	COUNTRY
47400	37	62	1974	DATE
47400	37	77	1973	DATE
47400	37	187	Israel	COUNTRY
47400	37	235	Israel	COUNTRY
47400	37	465	two years ago	DATE
47400	37	487	the United State	PLACE
47400	38	79	winter	DATE
47400	38	129	the summer	DATE
47400	38	157	orchards	GEONOUN
47400	38	183	school	GEONOUN
47400	38	191	every summer	DATE
47400	38	233	orchards	GEONOUN
47400	38	257	country	GEONOUN
47400	38	273	country	GEONOUN
47400	38	328	orchards	GEONOUN
47400	38	571	two months	DATE
47400	38	761	market	GEONOUN
47400	39	15	orchards	GEONOUN
47400	39	60	house	GEONOUN
47400	40	26	like two, three hours	TIME
47400	40	69	city	GEONOUN
47400	40	103	village	GEONOUN
47400	40	114	country	GEONOUN
47400	43	79	1937	DATE
47400	45	3	1937	DATE
47400	45	47	house	GEONOUN
47400	49	31	wood	GEONOUN
47400	49	107	rooms	GEONOUN
47400	49	138	room	GEONOUN
47400	49	173	wood	GEONOUN
47400	49	195	wood	GEONOUN
47400	54	87	house	GEONOUN
47400	56	29	the morning	TIME
47400	59	34	school	GEONOUN
47400	59	83	school	GEONOUN
47400	59	101	13 years old	DATE
47400	60	14	factory	GEONOUN
47400	61	111	19	DATE
47400	61	215	maybe two days	DATE
47400	61	253	Lithuania	COUNTRY
47400	61	267	Kaunas	CITY
47400	62	75	Simchas Torah	PLACE
47400	65	7	Choral	PLACE
47400	65	20	Choral	PLACE
47400	65	39	Kaunas	CITY
47400	65	85	Choral	PLACE
47400	65	183	Choral	PLACE
47400	68	15	every morning	TIME
47400	68	99	the morning	TIME
47400	68	111	the first day	DATE
47400	68	263	backyard	GEONOUN
47400	68	534	Yom Kippur	DATE
47400	68	679	the day in the month	DATE
47400	68	763	hospital	GEONOUN
47400	68	863	Stutthof	CAMP
47400	68	929	hospital	GEONOUN
47400	70	135	Lodz	PLACE
47400	71	11	street	GEONOUN
47400	73	6	Jewish	GEONOUN
47400	73	70	Jewish	GEONOUN
47400	74	105	Florida	US-STATE
47400	77	25	Jewish school	GEONOUN
47400	77	32	school	GEONOUN
47400	77	63	school	GEONOUN
47400	77	93	Jewish	GEONOUN
47400	77	107	school	GEONOUN
47400	77	126	Jewish	GEONOUN
47400	81	84	every night	TIME
47400	84	34	orchards	GEONOUN
47400	84	71	the summer	DATE
47400	87	68	1937	DATE
47400	87	74	'38	DATE
47400	87	80	39	DATE
47400	88	3	Kaunas	CITY
47400	88	94	Kaunas	CITY
47400	88	117	city	GEONOUN
47400	88	145	Paris	CITY
47400	88	180	country	GEONOUN
47400	88	189	Lithuania	COUNTRY
47400	88	214	country	GEONOUN
47400	88	316	country	GEONOUN
47400	88	380	Jewish	GEONOUN
47400	88	415	Jewish	GEONOUN
47400	88	437	1937	DATE
47400	88	523	Kaunas	CITY
47400	88	610	1940	DATE
47400	88	617	1940	DATE
47400	88	657	1941	DATE
47400	90	18	19--	DATE
47400	90	70	19--	DATE
47400	90	86	1937	DATE
47400	92	4	A year later	DATE
47400	93	11	a year--	DATE
47400	93	41	Jewish	GEONOUN
47400	94	212	'38, '39	DATE
47400	94	310	1940	DATE
47400	94	324	1941	DATE
47400	95	25	1940	DATE
47400	96	33	1941	DATE
47400	99	30	one day	DATE
47400	99	101	street	GEONOUN
47400	99	111	street	GEONOUN
47400	103	46	factory	GEONOUN
47400	103	117	Siberia	PLACE
47400	103	164	Siberia	PLACE
47400	106	76	nighttime	TIME
47400	106	114	One week	DATE
47400	106	136	the day	DATE
47400	106	172	nighttimes	TIME
47400	106	191	factory	GEONOUN
47400	106	287	factory	GEONOUN
47400	110	34	synagogue	GEONOUN
47400	111	85	Siberia	PLACE
47400	111	508	18 years	DATE
47400	115	7	Jewish theater	GEONOUN
47400	115	14	theater	GEONOUN
47400	115	38	summer	DATE
47400	115	45	theater	GEONOUN
47400	115	81	Laisves Aleja	PLACE
47400	115	118	Kaunas	CITY
47400	115	182	park	GEONOUN
47400	115	200	park	GEONOUN
47400	115	214	summer	DATE
47400	115	221	theater	GEONOUN
47400	115	465	theater	GEONOUN
47400	115	821	theater	GEONOUN
47400	116	79	theater	GEONOUN
47400	116	189	Europe	CONTINENT
47400	117	50	the United States	COUNTRY
47400	119	3	Kaunas	CITY
47400	120	53	Jewish	GEONOUN
47400	121	3	Kaunas	CITY
47400	121	15	a year,	DATE
47400	121	23	1 year	DATE
47400	125	19	1941	DATE
47400	126	17	the summer	DATE
47400	128	132	the first day	DATE
47400	128	507	ghetto	GEONOUN
47400	128	541	ghetto	GEONOUN
47400	128	555	19-- 1941	DATE
47400	128	609	the summer	DATE
47400	128	660	exactly the month	DATE
47400	128	705	ghetto	GEONOUN
47400	130	11	house	GEONOUN
47400	132	52	room	GEONOUN
47400	132	217	ghetto	GEONOUN
47400	132	233	ghetto	GEONOUN
47400	132	249	1943	DATE
47400	133	4	ghetto	GEONOUN
47400	133	174	every morning	TIME
47400	133	258	airport	GEONOUN
47400	134	23	1941	DATE
47400	136	29	1943	DATE
47400	136	74	ghetto	GEONOUN
47400	136	84	Stutthof	CAMP
47400	139	30	Stutthof	CAMP
47400	139	59	Stutthof	CAMP
47400	139	95	camp	GEONOUN
47400	140	14	ghetto	GEONOUN
47400	141	20	ghetto	GEONOUN
47400	141	52	ghetto	GEONOUN
47400	141	107	middle of the night	TIME
47400	141	193	the day	DATE
47400	146	91	village	GEONOUN
47400	146	265	one day	DATE
47400	147	134	airport	GEONOUN
47400	160	18	a week	DATE
47400	161	66	a week	DATE
47400	162	12	a week	DATE
47400	169	49	airport	GEONOUN
47400	170	5	the morning	TIME
47400	170	43	6 o'clock, 7	TIME
47400	170	78	7 o'clock in the morning	TIME
47400	171	6	Every day	DATE
47400	172	13	a year	DATE
47400	173	35	Jewish	GEONOUN
47400	175	12	ghetto	GEONOUN
47400	176	143	Jewish	GEONOUN
47400	178	103	street	GEONOUN
47400	178	118	Jurbarko	PLACE
47400	178	150	main street	GEONOUN
47400	178	206	street	GEONOUN
47400	184	242	19	DATE
47400	186	113	13	DATE
47400	186	146	camp	GEONOUN
47400	186	210	farm	GEONOUN
47400	187	143	ghetto	GEONOUN
47400	187	274	hospital	GEONOUN
47400	187	329	every day	DATE
47400	187	647	fell	GEONOUN
47400	190	109	the Ninth Fort	PLACE
47400	190	147	the Ninth Fort	PLACE
47400	191	42	field	GEONOUN
47400	192	14	The Ninth Fort	PLACE
47400	193	38	Lithuania	COUNTRY
47400	196	48	street	GEONOUN
47400	197	11	2-- 2 girls	DATE
47400	197	43	2 years old	DATE
47400	200	79	country	GEONOUN
47400	200	112	country	GEONOUN
47400	200	121	Germany	COUNTRY
47400	206	36	Auschwitz	CAMP
47400	207	23	Auschwitz	CAMP
47400	209	101	23	DATE
47400	209	122	Dachau	CITY
47400	209	133	concentration camp	GEONOUN
47400	210	13	23 years old	DATE
47400	211	56	concentration camp	GEONOUN
47400	211	125	Dachau	CITY
47400	211	157	Dachau	CITY
47400	214	31	Stutthof	CAMP
47400	215	11	ghetto	GEONOUN
47400	216	73	street	GEONOUN
47400	221	9	ghetto	GEONOUN
47400	222	7	Jewish	GEONOUN
47400	226	168	church	GEONOUN
47400	226	371	church	GEONOUN
47400	228	52	church	GEONOUN
47400	229	23	Long Island	PLACE
47400	234	5	1941	DATE
47400	234	15	1943	DATE
47400	235	7	the end of 1943	DATE
47400	238	0	The winter	DATE
47400	241	41	ghetto	GEONOUN
47400	241	105	Stutthof	CAMP
47400	241	418	15 years old	DATE
47400	244	31	Every night	TIME
47400	244	63	ghetto	GEONOUN
47400	244	112	chimneys	GEONOUN
47400	247	27	ghetto	GEONOUN
47400	247	80	basements	GEONOUN
47400	247	119	basement	GEONOUN
47400	247	143	basement	GEONOUN
47400	247	232	basement	GEONOUN
47400	250	13	houses	GEONOUN
47400	250	70	houses	GEONOUN
47400	251	79	every night	TIME
47400	252	41	ghetto	GEONOUN
47400	254	7	ghetto	GEONOUN
47400	257	21	ghetto	GEONOUN
47400	267	23	ghetto	GEONOUN
47400	267	54	house	GEONOUN
47400	269	2	hospital	GEONOUN
47400	269	63	a few-- few-- two weeks	DATE
47400	269	265	the Ninth Fort	PLACE
47400	270	50	the Ninth Fort	PLACE
47400	275	15	house	GEONOUN
47400	275	63	end of 1943	DATE
47400	275	95	ghetto	GEONOUN
47400	275	123	Stutthof	CAMP
47400	275	209	Jewish	GEONOUN
47400	275	262	hospital	GEONOUN
47400	277	54	52 years old	DATE
47400	277	190	Stutthof	CAMP
47400	277	205	Stutthof	CAMP
47400	277	223	about 3, 4 weeks	DATE
47400	277	243	Stutthof	CAMP
47400	277	285	camps	GEONOUN
47400	278	14	airport	GEONOUN
47400	279	191	bench	GEONOUN
47400	280	23	train	GEONOUN
47400	280	86	train	GEONOUN
47400	281	38	ghetto	GEONOUN
47400	281	115	ghetto	GEONOUN
47400	282	33	3, 4 hours	TIME
47400	283	11	the day	DATE
47400	283	58	camp	GEONOUN
47400	283	114	camp	GEONOUN
47400	283	189	end of 1943	DATE
47400	283	240	mountain	GEONOUN
47400	283	263	mountain	GEONOUN
47400	283	371	Washington	US-STATE
47400	283	387	museum	GEONOUN
47400	283	604	country	GEONOUN
47400	283	613	the United States	COUNTRY
47400	283	752	ship	GEONOUN
47400	283	848	ocean	GEONOUN
47400	284	566	chain	GEONOUN
47400	284	632	barracks	GEONOUN
47400	284	711	the morning	TIME
47400	284	962	premises	GEONOUN
47400	284	1141	Stutthof	CAMP
47400	284	1175	3 to 4 weeks	DATE
47400	285	92	camp	GEONOUN
47400	285	143	Torun	CAMP
47400	285	152	Danzig	CAMP
47400	287	10	summer	DATE
47400	287	22	summer	DATE
47400	288	24	ship	GEONOUN
47400	288	36	Danzig	CAMP
47400	288	47	Torun	CAMP
47400	288	76	camp	GEONOUN
47400	288	88	Torun	CAMP
47400	289	64	camp	GEONOUN
47400	289	78	Shavel	PLACE
47400	289	106	Kaunas	CITY
47400	289	195	area	GEONOUN
47400	290	244	tents	GEONOUN
47400	290	335	Danzig	CAMP
47400	292	0	A whole day	DATE
47400	292	28	Jewish	GEONOUN
47400	292	86	ground	GEONOUN
47400	294	172	farms	GEONOUN
47400	294	537	Siberia	PLACE
47400	294	576	Siberia	PLACE
47400	294	781	the United States	COUNTRY
47400	294	912	Germany	COUNTRY
47400	295	143	Germany	COUNTRY
47400	295	181	Germany	COUNTRY
47400	295	258	Jewish	GEONOUN
47400	298	46	Danzig	CAMP
47400	298	63	Danzig	CAMP
47400	298	87	Torun	CAMP
47400	298	133	Danzig	CAMP
47400	298	148	Torun	CAMP
47400	298	182	camp	GEONOUN
47400	298	239	the end of 1944	DATE
47400	298	279	February 1945	DATE
47400	298	316	1940-- 1945	DATE
47400	298	388	February, 1945	DATE
47400	298	424	May, 1945	DATE
47400	299	206	the day	DATE
47400	300	39	2 o'clock	TIME
47400	301	0	7 o'clock in the morning	TIME
47400	302	29	Shavel	PLACE
47400	302	40	Rochel	PLACE
47400	303	146	camps	GEONOUN
47400	304	43	barracks	GEONOUN
47400	305	92	winter	DATE
47400	305	166	the night	TIME
47400	305	206	7 o'clock	TIME
47400	305	334	house	GEONOUN
47400	305	373	house	GEONOUN
47400	305	411	camp	GEONOUN
47400	305	467	camp	GEONOUN
47400	305	505	edge	GEONOUN
47400	305	541	camp	GEONOUN
47400	307	67	a minute	TIME
47400	307	194	camp	GEONOUN
47400	311	85	Shavel	PLACE
47400	311	216	Memel	PLACE
47400	311	280	fall	GEONOUN
47400	311	577	15 years old	DATE
47400	311	773	years	DATE
47400	311	861	barn	GEONOUN
47400	311	879	nighttime	TIME
47400	311	899	barn	GEONOUN
47400	311	1151	the middle of the night	TIME
47400	311	1218	barn	GEONOUN
47400	311	1289	middle of the night	TIME
47400	311	1382	the night	TIME
47400	311	1396	the morning	TIME
47400	311	1598	hill	GEONOUN
47400	311	1613	hill	GEONOUN
47400	311	1685	windows	GEONOUN
47400	313	2	greenhouse	GEONOUN
47400	314	2	greenhouse	GEONOUN
47400	314	125	hill	GEONOUN
47400	314	140	house	GEONOUN
47400	314	205	hill	GEONOUN
47400	314	240	house	GEONOUN
47400	315	55	80 years old	DATE
47400	315	122	the late 40s or 50s	DATE
47400	318	26	Darmstadt	CITY
47400	318	50	Danzig	CAMP
47400	318	62	Darmstadt	CITY
47400	318	103	Danzig	CAMP
47400	319	31	Darmstadt	CITY
47400	322	65	Germany	COUNTRY
47400	328	7	winter	DATE
47400	328	39	January	DATE
47400	328	48	February	DATE
47400	329	9	a day	DATE
47400	329	45	barn	GEONOUN
47400	329	66	nighttime	TIME
47400	329	110	barn	GEONOUN
47400	334	61	house	GEONOUN
47400	334	250	Vilna	PLACE
47400	334	264	Vilna	PLACE
47400	334	385	Lodz	PLACE
47400	334	390	a year	DATE
47400	334	650	camp	GEONOUN
47400	334	697	farm	GEONOUN
47400	334	775	Jewish	GEONOUN
47400	334	1724	Germany	COUNTRY
47400	334	1779	train	GEONOUN
47400	334	1795	Germany	COUNTRY
47400	334	1882	19, 20 years	DATE
47400	334	1934	field	GEONOUN
47400	334	2191	field	GEONOUN
47400	334	2209	barn	GEONOUN
47400	334	2247	barns	GEONOUN
47400	334	2324	forest	GEONOUN
47400	334	2406	forest	GEONOUN
47400	334	2501	barn	GEONOUN
47400	334	2609	Jewish	GEONOUN
47400	334	2749	forest	GEONOUN
47400	334	2964	concentration camp	GEONOUN
47400	334	3236	city	GEONOUN
47400	334	3438	concentration camps	GEONOUN
47400	335	244	Jewish	GEONOUN
47400	335	529	trees	GEONOUN
47400	335	836	room	GEONOUN
47400	335	1067	Jewish	GEONOUN
47400	339	21	Jewish	GEONOUN
47400	339	135	Torun	CAMP
47400	339	147	hospital	GEONOUN
47400	339	202	nurses	GEONOUN
47400	339	291	nurses	GEONOUN
47400	339	532	a few weeks	DATE
47400	339	607	camp	GEONOUN
47400	339	670	camp	GEONOUN
47400	340	123	Kaunas	CITY
47400	340	154	Kaunas	CITY
47400	340	187	Vilna	PLACE
47400	340	213	Vilna	PLACE
47400	340	254	Kaunas	CITY
47400	340	276	Kaunas	CITY
47400	340	300	Lodz	PLACE
47400	340	313	station	GEONOUN
47400	340	358	Jewish	GEONOUN
47400	340	430	February	DATE
47400	340	464	May	DATE
47400	340	488	train station	GEONOUN
47400	340	526	Jewish	GEONOUN
47400	340	551	Lodz	PLACE
47400	340	583	Kovno	PLACE
47400	340	593	Kaunas	CITY
47400	340	624	Torun	CAMP
47400	340	685	Lodz	PLACE
47400	340	799	a year	DATE
47400	340	807	A year	DATE
47400	340	823	Lodz	PLACE
47400	342	118	houses	GEONOUN
47400	342	252	Poland	COUNTRY
47400	342	414	Lodz	PLACE
47400	343	87	zone	GEONOUN
47400	343	96	Israel	COUNTRY
47400	343	127	zone	GEONOUN
47400	343	186	19-- beginning of '46	DATE
47400	343	223	a whole year	DATE
47400	343	249	Lodz	PLACE
47400	343	317	1947	DATE
47400	343	323	the 12th of June	DATE
47400	343	392	the United State	PLACE
47400	343	413	1949	DATE
47400	343	437	Germany	COUNTRY
47400	343	461	Bensheim	CITY
47400	344	26	Bensheim	CITY
47400	346	25	Lodz	PLACE
47400	346	57	Bremen	CITY
47400	346	131	Bensheim	CITY
47400	347	141	Lodz	PLACE
47400	347	149	Bensheim	CITY
47400	347	164	Germany	COUNTRY
47400	347	266	ship	GEONOUN
47400	348	39	train	GEONOUN
47400	350	148	Kielce	CITY
47400	351	9	Lodz	PLACE
47400	351	24	Kielce	CITY
47400	351	190	Kielce	CITY
47400	352	3	Bensheim	CITY
47400	352	49	19-- no,	DATE
47400	352	71	a year	DATE
47400	352	81	Bensheim	CITY
47400	352	120	camp	GEONOUN
47400	352	126	Lampertheim	CITY
47400	352	173	Zeilsheim	PLACE
47400	352	194	Frankfurt am Main	CITY
47400	352	240	Zeilsheim	PLACE
47400	352	265	2 or 3 weeks	DATE
47400	352	305	Bensheim	CITY
47400	352	320	Bensheim	CITY
47400	352	351	Lampertheim	CITY
47400	352	373	Bensheim	CITY
47400	352	382	camp	GEONOUN
47400	352	419	Lampertheim	CITY
47400	352	445	1949	DATE
47400	352	451	beginning of '49	DATE
47400	354	9	Jewish	GEONOUN
47400	354	44	camp	GEONOUN
47400	355	22	house	GEONOUN
47400	355	48	house	GEONOUN
47400	355	134	rooms	GEONOUN
47400	355	211	America	COUNTRY
47400	355	255	America	COUNTRY
47400	355	293	America	COUNTRY
47400	357	9	the United States	COUNTRY
47400	358	16	Jewish	GEONOUN
47400	358	37	Jewish	GEONOUN
47400	358	62	camps	GEONOUN
47400	359	14	Jewish	GEONOUN
47400	361	7	Germany	COUNTRY
47400	361	22	Lampertheim	CITY
47400	361	35	Bensheim	CITY
47400	361	64	Germany	COUNTRY
47400	362	3	1949	DATE
47400	362	12	July	DATE
47400	363	183	ship	GEONOUN
47400	363	202	ship	GEONOUN
47400	363	288	ship	GEONOUN
47400	363	373	island	GEONOUN
47400	363	535	station	GEONOUN
47400	363	550	24 hours	TIME
47400	363	754	hotel	GEONOUN
47400	363	779	103rd Street	PLACE
47400	363	817	maybe 2 months	DATE
47400	363	903	restaurant	GEONOUN
47400	363	990	3 SECONDS	DATE
47400	363	1014	2 months	DATE
47400	363	1034	the 2 months	DATE
47400	363	1066	hotel	GEONOUN
47400	363	1073	Amsterdam Avenue	PLACE
47400	363	1167	Amsterdam	CITY
47400	363	1185	hotel	GEONOUN
47400	363	1282	2 or 3 months	DATE
47400	363	1365	Howard Avenue	PLACE
47400	363	1392	room	GEONOUN
47400	363	1445	a few years	DATE
47400	363	1516	Howard Avenue	PLACE
47400	363	1594	Church Avenue	PLACE
47400	363	1612	Rockaway Parkway	PLACE
47400	363	1639	house	GEONOUN
47400	363	1687	store	GEONOUN
47400	364	169	Siberia	PLACE
47400	365	54	every month	DATE
47400	365	177	nights	TIME
47400	367	267	Cuba	COUNTRY
47400	367	295	Lithuania	COUNTRY
47400	367	342	Cuba	COUNTRY
47400	367	380	the 60s	DATE
47400	368	54	the years	DATE
47400	368	159	concentration camps	GEONOUN
47400	370	245	Israel	COUNTRY
47400	371	185	country	GEONOUN
47400	371	194	Lithuania	COUNTRY
47400	371	220	Jewish	GEONOUN
47400	377	140	the United States	COUNTRY
