FileID	AnswerID	StartCharPos	Entity	Type
47481	5	14	17th of August, 1929	DATE
47481	5	38	Kamenicany	PLACE
47481	5	61	village	GEONOUN
47481	5	113	town	GEONOUN
47481	5	125	Hlinsko	PLACE
47481	6	30	69	DATE
47481	7	40	Kamenicany	PLACE
47481	7	139	post office	GEONOUN
47481	7	403	the winter	DATE
47481	7	517	property	GEONOUN
47481	7	625	1928	DATE
47481	7	665	1929	DATE
47481	7	681	a Great Depression	EVENT
47481	7	708	1935	DATE
47481	8	88	village	GEONOUN
47481	8	110	Studnice	PLACE
47481	8	262	1902	DATE
47481	8	290	1908	DATE
47481	8	334	Prague	CITY
47481	8	430	Kamenicany	PLACE
47481	8	516	property	GEONOUN
47481	9	184	pass	GEONOUN
47481	9	295	theater	GEONOUN
47481	9	310	village	GEONOUN
47481	9	469	Vienna	CITY
47481	9	487	Prague	CITY
47481	9	523	Germany	COUNTRY
47481	9	649	Kamenicany	PLACE
47481	9	663	Prague	CITY
47481	9	674	Vienna	CITY
47481	9	740	about a few years older	DATE
47481	9	795	Auschwitz	CAMP
47481	9	936	Kamenicany	PLACE
47481	9	1062	England	PLACE
47481	9	1179	Prague	CITY
47481	9	1383	Poland	COUNTRY
47481	9	1469	about 16 years--	DATE
47481	9	1486	16	DATE
47481	9	1490	17 years old	DATE
47481	9	1532	Prague	CITY
47481	9	1851	property	GEONOUN
47481	9	2250	15 or 16 years old	DATE
47481	10	60	Jewish	GEONOUN
47481	10	97	Jewish	GEONOUN
47481	10	319	school	GEONOUN
47481	10	333	village	GEONOUN
47481	10	355	Terezin	CAMP
47481	10	433	camp	GEONOUN
47481	10	465	camp	GEONOUN
47481	10	721	Kamenicany	PLACE
47481	10	758	Poland	COUNTRY
47481	10	824	about four	DATE
47481	10	951	Luze	PLACE
47481	10	1038	grave	GEONOUN
47481	10	1073	1968	DATE
47481	10	1131	Jewish cemetery	GEONOUN
47481	10	1138	cemetery	GEONOUN
47481	10	1150	Luze	PLACE
47481	11	20	synagogue	GEONOUN
47481	11	33	Hlinsko	PLACE
47481	11	261	Jewish	GEONOUN
47481	11	320	Jewish	GEONOUN
47481	11	514	so many years ago	DATE
47481	12	162	Jewish	GEONOUN
47481	12	226	Prague	CITY
47481	12	285	Jewish	GEONOUN
47481	13	54	1947	DATE
47481	13	97	about 1966	DATE
47481	13	159	Prague	CITY
47481	13	230	every year	DATE
47481	13	304	Jewish community	GEONOUN
47481	13	311	community	GEONOUN
47481	13	381	country	GEONOUN
47481	13	589	Prague	CITY
47481	13	694	community	GEONOUN
47481	13	714	more than 1,000 years	DATE
47481	13	794	Prague	CITY
47481	13	888	the Roman Empire	PLACE
47481	13	1032	the Roman Empire	PLACE
47481	13	1070	Roman Empire	PLACE
47481	14	113	about three years old	DATE
47481	14	222	houses	GEONOUN
47481	15	44	about 1934	DATE
47481	15	531	river	GEONOUN
47481	15	544	Chrudimka	PLACE
47481	15	600	house	GEONOUN
47481	15	675	building	GEONOUN
47481	15	687	mills	GEONOUN
47481	18	41	village	GEONOUN
47481	18	130	village	GEONOUN
47481	18	248	almost every night	TIME
47481	18	364	community	GEONOUN
47481	18	421	high school	GEONOUN
47481	18	440	village	GEONOUN
47481	18	537	early in the century	DATE
47481	18	611	village	GEONOUN
47481	18	629	library	GEONOUN
47481	18	684	school	GEONOUN
47481	18	694	village	GEONOUN
47481	18	715	houses	GEONOUN
47481	19	18	school	GEONOUN
47481	19	29	about two or three years	DATE
47481	19	57	Kamenicany	PLACE
47481	19	102	Prague	CITY
47481	19	133	school	GEONOUN
47481	19	143	Prague	CITY
47481	19	206	school	GEONOUN
47481	19	233	about two or three years	DATE
47481	19	431	end of the year--	DATE
47481	19	449	school	GEONOUN
47481	19	566	Prague	CITY
47481	19	630	Jewish	GEONOUN
47481	21	18	Prague	CITY
47481	21	40	village	GEONOUN
47481	21	129	Depression	EVENT
47481	21	226	Prague	CITY
47481	21	264	Prague	CITY
47481	21	311	1938	DATE
47481	21	481	about a year or	DATE
47481	21	497	18 months	DATE
47481	22	87	Prague	CITY
47481	22	184	about 1940	DATE
47481	22	199	1940	DATE
47481	22	307	Prague	CITY
47481	22	465	November 1941	DATE
47481	22	510	Terezin	CAMP
47481	25	59	castle	GEONOUN
47481	27	16	19	DATE
47481	27	73	a year later	DATE
47481	27	93	six months later	DATE
47481	29	31	school	GEONOUN
47481	29	56	Michla	PLACE
47481	30	10	Michla	PLACE
47481	30	52	synagogue	GEONOUN
47481	30	85	community	GEONOUN
47481	30	191	Michla	PLACE
47481	30	219	Prague	CITY
47481	30	232	Michla	PLACE
47481	30	276	Michla	PLACE
47481	30	299	Prague	CITY
47481	33	22	Depression	EVENT
47481	33	116	works	GEONOUN
47481	34	144	school	GEONOUN
47481	34	285	the day	DATE
47481	35	23	school	GEONOUN
47481	35	124	Richder	PLACE
47481	37	526	Prague	CITY
47481	37	600	the day--	DATE
47481	37	893	Prague	CITY
47481	37	941	Terezin	CAMP
47481	37	1115	train	GEONOUN
47481	37	1138	station	GEONOUN
47481	37	1151	Terezin	CAMP
47481	37	1207	Terezin	CAMP
47481	37	1229	railway	GEONOUN
47481	37	1593	Kladno--	PLACE
47481	37	1640	town	GEONOUN
47481	37	1684	Prague	CITY
47481	38	90	the 24th of November 1998	DATE
47481	38	130	Sydney	CITY
47481	38	138	Australia	COUNTRY
47481	39	104	school	GEONOUN
47481	39	180	house	GEONOUN
47481	39	189	the evening	TIME
47481	39	291	the First World War	EVENT
47481	39	605	Jewish	GEONOUN
47481	39	754	the Czech Republic	PLACE
47481	39	857	Prague	CITY
47481	39	979	Jewish	GEONOUN
47481	39	1268	about 1939	DATE
47481	40	316	Prague	CITY
47481	41	77	nighttime	TIME
47481	41	193	1939	DATE
47481	41	201	'40	DATE
47481	41	274	about 16	DATE
47481	41	415	Prague	CITY
47481	41	446	a couple years older	DATE
47481	41	642	Michla	PLACE
47481	41	675	Prague	CITY
47481	41	785	a dark, gray day	DATE
47481	41	1015	nine or 10 years old	DATE
47481	41	1232	spot	GEONOUN
47481	41	1244	street	GEONOUN
47481	41	1524	school	GEONOUN
47481	41	1587	school	GEONOUN
47481	41	1667	school	GEONOUN
47481	41	1679	school	GEONOUN
47481	41	1756	morning	TIME
47481	41	1774	afternoon	TIME
47481	41	1845	barracks	GEONOUN
47481	41	1887	depression	GEONOUN
47481	42	234	school	GEONOUN
47481	42	452	parts	GEONOUN
47481	42	569	school	GEONOUN
47481	43	209	street	GEONOUN
47481	43	223	Prague	CITY
47481	43	234	Parizska Street	PLACE
47481	43	270	apartment	GEONOUN
47481	43	430	camps	GEONOUN
47481	43	439	Poland	COUNTRY
47481	44	165	Prague	CITY
47481	44	235	Jewish community	GEONOUN
47481	44	242	community	GEONOUN
47481	45	147	Hagibor	PLACE
47481	45	168	Jewish club	GEONOUN
47481	45	175	club	GEONOUN
47481	45	183	Prague	CITY
47481	45	205	fields	GEONOUN
47481	45	238	fields	GEONOUN
47481	45	361	Prague	CITY
47481	45	402	country	GEONOUN
47481	45	439	the night before	TIME
47481	45	498	the morning	TIME
47481	45	591	Hagibor	PLACE
47481	46	52	Terezin	CAMP
47481	46	165	Terezin	CAMP
47481	46	178	ghetto	GEONOUN
47481	47	331	a few days later	DATE
47481	49	64	Jewish community	GEONOUN
47481	49	71	community	GEONOUN
47481	49	502	the '60s	DATE
47481	49	527	Prague	CITY
47481	49	649	Jewish	GEONOUN
47481	49	668	ghetto	GEONOUN
47481	49	678	Terezin	CAMP
47481	49	739	Terezin	CAMP
47481	49	773	Auschwitz	CAMP
47481	49	833	Prague	CITY
47481	49	1189	Czechoslovakia	COUNTRY
47481	49	1242	Slovakia	COUNTRY
47481	49	1261	about 1939	DATE
47481	49	1295	state	GEONOUN
47481	49	1506	Poland	COUNTRY
47481	49	1527	Slovakia	COUNTRY
47481	49	1558	Austria	COUNTRY
47481	49	1576	Germany	COUNTRY
47481	49	1676	Czechoslovakia	COUNTRY
47481	50	15	school	GEONOUN
47481	50	83	months	DATE
47481	52	24	Terezin	CAMP
47481	52	44	city	GEONOUN
47481	52	52	town	GEONOUN
47481	52	92	barracks	GEONOUN
47481	52	110	ghetto	GEONOUN
47481	52	304	barracks	GEONOUN
47481	52	329	farm	GEONOUN
47481	52	357	walls	GEONOUN
47481	52	370	barracks	GEONOUN
47481	52	419	yard	GEONOUN
47481	52	469	farm	GEONOUN
47481	54	188	school	GEONOUN
47481	55	70	train	GEONOUN
47481	56	368	village	GEONOUN
47481	56	629	prison	GEONOUN
47481	56	900	about 12 hours	TIME
47481	56	1045	bushes	GEONOUN
47481	56	1466	Auschwitz	CAMP
47481	56	1537	Auschwitz	CAMP
47481	57	76	school	GEONOUN
47481	57	180	17	DATE
47481	57	301	school	GEONOUN
47481	58	807	Germany	COUNTRY
47481	58	1075	Jewish	GEONOUN
47481	58	1094	Jewish	GEONOUN
47481	58	1424	Wehrmacht	PLACE
47481	58	1446	the Eastern Front	PLACE
47481	58	1564	Moravia	PLACE
47481	60	23	arcade	GEONOUN
47481	60	35	bank	GEONOUN
47481	60	61	city	GEONOUN
47481	62	130	the morning	TIME
47481	62	210	factory	GEONOUN
47481	62	414	market	GEONOUN
47481	62	726	rooms	GEONOUN
47481	62	739	flat	GEONOUN
47481	63	18	flat	GEONOUN
47481	64	10	Vrsovice	PLACE
47481	64	73	building	GEONOUN
47481	64	141	flat	GEONOUN
47481	64	149	Michla	PLACE
47481	64	358	building	GEONOUN
47481	64	422	flat	GEONOUN
47481	64	614	flat	GEONOUN
47481	65	82	the 24th of November, 1998	DATE
47481	65	123	Sydney	CITY
47481	65	131	Australia	COUNTRY
47481	66	85	Terezin	CAMP
47481	66	96	Kladno	CITY
47481	66	126	town	GEONOUN
47481	67	44	town	GEONOUN
47481	67	155	Kladno	CITY
47481	68	20	country	GEONOUN
47481	68	64	Kladno	CITY
47481	68	349	almost weekly	DATE
47481	68	925	building	GEONOUN
47481	68	1108	the day	DATE
47481	68	1176	Prague	CITY
47481	68	1246	road	GEONOUN
47481	68	1574	the day	DATE
47481	68	1612	the day	DATE
47481	68	1716	church	GEONOUN
47481	68	1740	Prague	CITY
47481	68	1778	catacombs	GEONOUN
47481	68	2067	Prague	CITY
47481	68	2134	Prague	CITY
47481	68	2168	Bohmen und Mahren	PLACE
47481	68	2187	Bohemia	PLACE
47481	68	2199	Moravia	PLACE
47481	68	2694	Prague	CITY
47481	69	358	the evening	TIME
47481	69	509	village	GEONOUN
47481	69	520	Lidice	PLACE
47481	69	592	Kladno	CITY
47481	69	672	Lidice	PLACE
47481	69	697	Kladno	CITY
47481	69	752	Lidice	PLACE
47481	69	774	Kladno	CITY
47481	69	909	mines	GEONOUN
47481	69	1161	Theresienstadt	CAMP
47481	69	1203	Auschwitz	CAMP
47481	70	84	the Czech Republic	PLACE
47481	70	284	camp	GEONOUN
47481	70	509	spare	GEONOUN
47481	70	1068	a day	DATE
47481	70	1364	nighttime	TIME
47481	70	1478	Jewish	GEONOUN
47481	70	1554	Belgická ?]	PLACE
47481	70	1606	city	GEONOUN
47481	70	1972	about 1943, '44	DATE
47481	70	2494	5th of May 1945	DATE
47481	70	2832	train	GEONOUN
47481	70	2848	train	GEONOUN
47481	70	2870	train	GEONOUN
47481	70	2906	yards	GEONOUN
47481	70	2971	barricades	GEONOUN
47481	70	3183	Prague	CITY
47481	70	3219	block	GEONOUN
47481	70	3299	barracks	GEONOUN
47481	70	3536	barricades	GEONOUN
47481	70	3621	about five days	DATE
47481	70	3744	cellar	GEONOUN
47481	70	3770	house	GEONOUN
47481	70	3787	cellar	GEONOUN
47481	70	3803	barricade	GEONOUN
47481	70	3821	yards	GEONOUN
47481	70	3884	the First World War	EVENT
47481	70	4044	hill	GEONOUN
47481	70	4125	reach	GEONOUN
47481	70	4252	cellar	GEONOUN
47481	70	4304	the First Republic	PLACE
47481	70	4375	cellar	GEONOUN
47481	70	4471	Australia	COUNTRY
47481	70	4508	'47, '48	DATE
47481	70	4721	cellar	GEONOUN
47481	70	4919	house	GEONOUN
47481	70	4949	barricades	GEONOUN
47481	70	4981	cellar	GEONOUN
47481	70	5311	London	CITY
47481	70	5384	Prague	CITY
47481	70	5637	quite a few years	DATE
47481	70	5758	about 55	DATE
47481	70	5779	those days	DATE
47481	71	232	village	GEONOUN
47481	72	40	village	GEONOUN
47481	72	106	Prague	CITY
47481	72	273	the last minute	TIME
47481	75	13	barricades	GEONOUN
47481	75	87	school	GEONOUN
47481	75	114	hotel	GEONOUN
47481	75	123	Podmokly	PLACE
47481	75	150	Sudetenland	PLACE
47481	75	313	Prague	CITY
47481	75	337	Prague	CITY
47481	75	372	about late 1947	DATE
47481	76	76	Europe	CONTINENT
47481	77	223	Australia	COUNTRY
47481	77	251	Jewish community	GEONOUN
47481	77	258	community	GEONOUN
47481	77	290	middle of '47	DATE
47481	79	8	'47	DATE
47481	79	19	17	DATE
47481	79	23	18 years	DATE
47481	79	126	a couple of days	DATE
47481	80	36	Jewish	GEONOUN
47481	80	115	America	COUNTRY
47481	80	329	America	COUNTRY
47481	81	51	Canada	COUNTRY
47481	81	62	Australia	COUNTRY
47481	81	305	Australia	COUNTRY
47481	81	365	school	GEONOUN
47481	82	107	Australia	COUNTRY
47481	82	254	Czechoslovakia	COUNTRY
47481	82	462	train	GEONOUN
47481	82	474	Prague	CITY
47481	83	57	Podkarpatská Rus	PLACE
47481	83	124	Mukacevo	PLACE
47481	85	13	Jewish	GEONOUN
47481	86	41	Auschwitz	CAMP
47481	86	132	Prague	CITY
47481	86	179	Prague	CITY
47481	86	215	the Czech Republic	PLACE
47481	87	218	Auschwitz	CAMP
47481	87	512	Prague	CITY
47481	87	621	Australia	COUNTRY
47481	87	642	Hobart	CITY
47481	87	777	10 months' time	DATE
47481	87	1016	Sydney	CITY
47481	87	1026	New Zealand	COUNTRY
47481	87	1067	wharves	GEONOUN
47481	88	11	Paris	CITY
47481	89	7	'47	DATE
47481	89	31	Alliance Francaise	PLACE
47481	89	240	Paris	CITY
47481	89	249	Marseilles	PLACE
47481	89	266	Marseilles	PLACE
47481	89	309	ship	GEONOUN
47481	89	346	Haifa	CITY
47481	89	407	Christmas	DATE
47481	89	433	a Christmas	DATE
47481	89	467	Haifa	CITY
47481	89	505	harbor	GEONOUN
47481	90	49	buildings	GEONOUN
47481	90	132	buildings	GEONOUN
47481	92	173	Hadar HaCarmel	PLACE
47481	92	196	boarding house	GEONOUN
47481	92	292	quarry	GEONOUN
47481	92	313	about a day	DATE
47481	92	802	roof	GEONOUN
47481	93	88	the Czech Republic	PLACE
47481	93	112	Czechoslovakia	COUNTRY
47481	93	161	Israel	COUNTRY
47481	93	225	Czechoslovakia	COUNTRY
47481	96	8	Haifa	CITY
47481	96	29	about a month	DATE
47481	96	217	Sydney	CITY
47481	96	344	boat	GEONOUN
47481	96	352	ship	GEONOUN
47481	96	416	Suez	CITY
47481	96	452	Melbourne	CITY
47481	96	519	Fremantle	PLACE
47481	96	533	a few hours	TIME
47481	96	552	a day	DATE
47481	96	675	cottages	GEONOUN
47481	96	744	Melbourne	CITY
47481	96	754	a few days later	DATE
47481	96	863	Hobart	CITY
47481	98	43	Jewish community	GEONOUN
47481	98	50	community	GEONOUN
47481	98	183	Sydney	CITY
47481	98	294	Hobart	CITY
47481	98	339	city	GEONOUN
47481	98	412	Jewish	GEONOUN
47481	98	430	a few days	DATE
47481	98	477	boarding house	GEONOUN
47481	98	505	room	GEONOUN
47481	98	525	house	GEONOUN
47481	98	561	Second World War	EVENT
47481	98	637	factory	GEONOUN
47481	98	655	a day or two days later	DATE
47481	99	213	high school	GEONOUN
47481	99	312	England	PLACE
47481	101	24	those days	DATE
47481	101	192	Canberra	CITY
47481	102	215	Jewish	GEONOUN
47481	103	75	boarding house	GEONOUN
47481	103	137	Hobart	CITY
47481	103	364	Jewish factory	GEONOUN
47481	103	371	factory	GEONOUN
47481	103	485	about 15 years old	DATE
47481	103	550	15-year-old	DATE
47481	103	678	about a week	DATE
47481	103	860	board	GEONOUN
47481	103	1014	mills	GEONOUN
47481	103	1058	about three months'	DATE
47481	103	1205	Sydney	CITY
47481	103	1276	boarding house	GEONOUN
47481	103	1379	Hobart	CITY
47481	103	1416	Saturday	DATE
47481	103	1425	morning	TIME
47481	103	1451	synagogue	GEONOUN
47481	103	1646	train	GEONOUN
47481	103	1732	Australia	COUNTRY
47481	103	1745	America	COUNTRY
47481	103	1901	town	GEONOUN
47481	103	1930	ship	GEONOUN
47481	103	1957	harbor	GEONOUN
47481	103	2075	Hobart	CITY
47481	103	2142	metropolis	GEONOUN
47481	103	2194	village	GEONOUN
47481	103	2269	houses	GEONOUN
47481	103	2408	coffee shop	GEONOUN
47481	103	2458	Rowe Street	PLACE
47481	103	2495	MLC Centre	PLACE
47481	103	2738	fell	GEONOUN
47481	104	250	about 1950	DATE
47481	104	494	about 1950	DATE
47481	104	600	today	DATE
47481	104	781	about 1949	DATE
47481	104	932	six months or so	DATE
47481	104	1048	camps	GEONOUN
47481	104	1073	Snowy River	PLACE
47481	104	1098	tents	GEONOUN
47481	104	1118	barracks	GEONOUN
47481	104	1162	two winters	DATE
47481	104	1248	timber	GEONOUN
47481	104	1361	Oberon	PLACE
47481	104	1411	timber	GEONOUN
47481	104	1421	Oberon	PLACE
47481	104	1639	Sydney	CITY
47481	104	1832	about 1954	DATE
47481	104	1863	coffee shop	GEONOUN
47481	104	1878	King Street	PLACE
47481	104	2293	Sydney	CITY
47481	104	2328	Sydney	CITY
47481	104	2432	Snowy	PLACE
47481	104	2501	Sydney	CITY
47481	104	2731	Monday	DATE
47481	104	2761	Monday	DATE
47481	104	2785	Monday	DATE
47481	104	3002	board	GEONOUN
47481	104	3035	about three and a half years'	DATE
47481	107	6	34	DATE
47481	107	56	radio station	GEONOUN
47481	107	73	Sarajevo	CITY
47481	110	81	Temple Emanuel	PLACE
47481	110	286	Jewish	GEONOUN
47481	110	443	Jewish	GEONOUN
47481	110	569	Jewish	GEONOUN
47481	111	27	synagogue	GEONOUN
47481	111	63	Newtown	PLACE
47481	111	71	synagogue	GEONOUN
47481	111	128	about 20 years	DATE
47481	111	170	Yom Kippur	DATE
47481	111	211	every year	DATE
47481	112	38	many years ago	DATE
47481	112	170	Prague	CITY
47481	115	694	Terezin	CAMP
47481	115	715	Auschwitz	CAMP
47481	115	801	30s	DATE
47481	115	884	concentration camp	GEONOUN
47481	115	1097	Melbourne	CITY
47481	115	1118	Melbourne	CITY
47481	116	155	a year or two years ago	DATE
47481	116	287	four or five months ago	DATE
47481	121	224	about eight months or so	DATE
47481	121	482	about 30? 28? 30 years ago	DATE
47481	121	1522	Czechoslovakia	COUNTRY
47481	121	1642	Australia	COUNTRY
47481	123	18	house	GEONOUN
47481	123	50	ground	GEONOUN
47481	123	102	store	GEONOUN
47481	123	131	entrance	GEONOUN
47481	123	156	pub	GEONOUN
47481	123	168	restaurant	GEONOUN
47481	123	216	corner	GEONOUN
47481	123	279	post office	GEONOUN
47481	123	346	ballroom	GEONOUN
47481	123	367	building	GEONOUN
47481	123	402	buildings	GEONOUN
47481	125	27	house	GEONOUN
47481	126	16	Kamenicany	PLACE
47481	126	45	village	GEONOUN
47481	127	69	about 1920	DATE
47481	127	103	Jewish cemetery	GEONOUN
47481	127	110	cemetery	GEONOUN
47481	127	122	Luze	PLACE
47481	127	128	L-U-Z-E.	PLACE
47481	127	152	Vcelakov	PLACE
47481	127	189	village	GEONOUN
47481	127	239	Kamenicany	PLACE
47481	127	378	Jewish cemetery	GEONOUN
47481	127	385	cemetery	GEONOUN
47481	127	397	Hlinsko	PLACE
47481	127	414	monument	GEONOUN
47481	129	18	Hlinsko	PLACE
47481	129	74	Hlinsko	PLACE
47481	129	85	Luze	PLACE
47481	130	53	about 1939, '40	DATE
47481	130	106	park	GEONOUN
47481	130	175	Prague	CITY
47481	132	135	school	GEONOUN
47481	132	214	Terezin	CAMP
47481	132	272	labor camp	GEONOUN
47481	132	322	camp	GEONOUN
47481	132	378	Kamenicany	PLACE
47481	132	396	Sudetenland	PLACE
47481	133	90	Prague	CITY
47481	133	281	Poland	COUNTRY
47481	134	289	Poland	COUNTRY
47481	137	288	track	GEONOUN
47481	138	142	Kamenicany	PLACE
47481	138	186	about 1927, '28	DATE
47481	138	235	four years ago	DATE
47481	138	277	Prague	CITY
47481	139	64	a few years older	DATE
47481	139	208	Terezin	CAMP
47481	139	266	labor camp	GEONOUN
47481	139	329	about 1929	DATE
47481	139	368	about 1931	DATE
47481	139	380	Today	DATE
47481	139	424	the Czech Republic	PLACE
47481	140	87	1940	DATE
47481	140	99	'41	DATE
47481	140	143	Prague	CITY
47481	144	181	about 1945,	DATE
47481	144	199	'46	DATE
47481	144	207	Prague	CITY
47481	145	26	ship	GEONOUN
47481	145	47	Europe	CONTINENT
47481	145	57	Australia	COUNTRY
47481	147	50	the Snowy River	PLACE
47481	147	69	Australia	COUNTRY
47481	147	148	about 1949, '50	DATE
47481	148	3	Cleveland	CITY
