FileID	AnswerID	StartCharPos	Entity	Type
47550	5	0	April 22, '17	DATE
47550	7	14	Vienna	CITY
47550	8	3	Vienna	CITY
47550	8	22	Vienna	CITY
47550	12	31	Vienna	CITY
47550	13	0	Glasergasse	PLACE
47550	13	25	Bezirk	PLACE
47550	13	33	Glasergasse	PLACE
47550	14	229	street	GEONOUN
47550	14	380	the Vienna Woods	PLACE
47550	14	493	street	GEONOUN
47550	15	19	apartment	GEONOUN
47550	15	45	apartment	GEONOUN
47550	15	65	apartment house	GEONOUN
47550	15	122	New York	US-STATE
47550	15	134	Chicago	CITY
47550	17	22	hotel	GEONOUN
47550	17	99	hotel	GEONOUN
47550	17	142	country	GEONOUN
47550	18	0	Jewish	GEONOUN
47550	18	153	Sabbath	DATE
47550	18	181	Jewish	GEONOUN
47550	19	120	house	GEONOUN
47550	19	151	bar	GEONOUN
47550	19	244	synagogue	GEONOUN
47550	19	288	the big holidays	DATE
47550	19	337	every day	DATE
47550	19	375	synagogue	GEONOUN
47550	19	405	Friday	DATE
47550	19	461	Vienna	CITY
47550	19	588	Friday	DATE
47550	20	29	Yom Kippur	DATE
47550	20	197	the holidays	DATE
47550	20	221	Passover	EVENT
47550	20	261	fall	GEONOUN
47550	20	404	2:00 in the morning	TIME
47550	20	451	every holiday	DATE
47550	21	102	Jewish	GEONOUN
47550	22	85	Jewish	GEONOUN
47550	22	194	house	GEONOUN
47550	22	546	Israel	COUNTRY
47550	22	566	Palestine	CITY
47550	23	17	school	GEONOUN
47550	23	37	Burgerschule	PLACE
47550	24	7	school	GEONOUN
47550	25	90	school	GEONOUN
47550	25	144	Jewish	GEONOUN
47550	25	260	Jewish	GEONOUN
47550	25	288	room	GEONOUN
47550	25	373	room	GEONOUN
47550	25	384	Jewish	GEONOUN
47550	25	428	Jewish	GEONOUN
47550	25	573	school	GEONOUN
47550	27	287	three years	DATE
47550	28	94	the United States	COUNTRY
47550	29	51	club	GEONOUN
47550	29	200	Palestine	CITY
47550	31	0	Vienna	CITY
47550	31	118	park	GEONOUN
47550	31	182	the Vienna Woods	PLACE
47550	31	300	opera	GEONOUN
47550	31	382	school	GEONOUN
47550	31	431	Vienna	CITY
47550	31	466	Vienna	CITY
47550	32	258	street	GEONOUN
47550	32	281	street	GEONOUN
47550	34	202	Jewish	GEONOUN
47550	34	226	Jewish	GEONOUN
47550	34	276	Shabbat	DATE
47550	34	333	house	GEONOUN
47550	34	355	Sabbath	DATE
47550	35	3	Vienna	CITY
47550	35	73	one day	DATE
47550	35	129	house	GEONOUN
47550	35	191	Jewish	GEONOUN
47550	35	256	Germany	COUNTRY
47550	35	317	Jewish	GEONOUN
47550	35	540	the year	DATE
47550	35	566	1938	DATE
47550	35	614	Thursday	DATE
47550	35	685	Jewish	GEONOUN
47550	35	857	day before	DATE
47550	35	1014	Salzburg	CITY
47550	35	1133	Austria	COUNTRY
47550	35	1155	a Thursday	DATE
47550	35	1170	Friday	DATE
47550	35	1488	street	GEONOUN
47550	35	1594	school	GEONOUN
47550	35	1788	the 13th of March	DATE
47550	35	1889	Friday	DATE
47550	35	1896	night	TIME
47550	35	1954	Saturday	DATE
47550	35	1963	morning	TIME
47550	35	2148	Jewish	GEONOUN
47550	35	2199	store	GEONOUN
47550	35	2233	Jewish	GEONOUN
47550	35	2433	a couple days	DATE
47550	35	2628	Jewish	GEONOUN
47550	35	2760	Jewish	GEONOUN
47550	35	2982	Jewish	GEONOUN
47550	37	123	the 2nd District	PLACE
47550	37	148	Praterstrasse	PLACE
47550	37	319	apartments	GEONOUN
47550	37	638	Switzerland	COUNTRY
47550	37	698	Switzerland	COUNTRY
47550	37	858	street	GEONOUN
47550	37	1074	Switzerland	COUNTRY
47550	37	1095	Basel	CITY
47550	37	1115	Freiburg--	PLACE
47550	37	1159	Switzerland	COUNTRY
47550	37	1280	Vienna	CITY
47550	37	1513	Mauthausen	PLACE
47550	37	1528	Dachau	CITY
47550	37	1570	camps	GEONOUN
47550	39	222	Dachau	CITY
47550	39	293	Dachau	CITY
47550	39	381	Jewish	GEONOUN
47550	39	454	Poland	COUNTRY
47550	39	511	Vienna	CITY
47550	39	633	Jewish	GEONOUN
47550	39	987	late at night	TIME
47550	39	1034	Jewish	GEONOUN
47550	39	1333	points	GEONOUN
47550	39	1559	Poland	COUNTRY
47550	39	1606	Poland	COUNTRY
47550	39	1616	Germany	COUNTRY
47550	39	1642	Vienna	CITY
47550	41	120	Vienna	CITY
47550	41	416	Jewish	GEONOUN
47550	41	596	Vienna	CITY
47550	41	667	Vienna	CITY
47550	41	705	Kaffeehaus	PLACE
47550	41	747	all day--	DATE
47550	41	810	Kaffeehaus	PLACE
47550	41	865	the Second District	PLACE
47550	41	989	one evening	TIME
47550	41	1053	Vienna	CITY
47550	41	1150	Czechoslovakia	COUNTRY
47550	41	1244	Czechoslovakia	COUNTRY
47550	41	1477	Jewish	GEONOUN
47550	41	1499	China	COUNTRY
47550	41	1807	Czechoslovakia	COUNTRY
47550	41	2070	Czechoslovakia	COUNTRY
47550	41	2102	Theresienstadt	CAMP
47550	41	2529	Treblinka	PLACE
47550	41	2556	3 SECONDS	DATE
47550	41	2754	school	GEONOUN
47550	41	2815	the Second District--	PLACE
47550	41	2837	Sperlgasse	PLACE
47550	41	2858	Sperlschule	PLACE
47550	41	2893	quite a few months	DATE
47550	41	3151	Jewish hospital	GEONOUN
47550	41	3158	hospital	GEONOUN
47550	41	3273	hospital	GEONOUN
47550	41	3468	school	GEONOUN
47550	41	3485	Jewish	GEONOUN
47550	41	3803	train	GEONOUN
47550	45	176	Friday	DATE
47550	45	187	Saturday	DATE
47550	45	196	night	TIME
47550	45	227	Vienna	CITY
47550	45	259	opera house	GEONOUN
47550	45	374	Jewish	GEONOUN
47550	45	433	Jewish	GEONOUN
47550	45	466	opera house	GEONOUN
47550	45	1228	weeks	DATE
47550	45	1238	weeks	DATE
47550	45	1685	district	GEONOUN
47550	45	1704	Jewish	GEONOUN
47550	45	2041	pass	GEONOUN
47550	45	2269	synagogue	GEONOUN
47550	45	2383	street	GEONOUN
47550	45	2464	synagogue	GEONOUN
47550	45	2494	synagogue	GEONOUN
47550	45	2704	a most horrible night	TIME
47550	45	2929	country	GEONOUN
47550	45	3188	school	GEONOUN
47550	45	3599	the first night	TIME
47550	45	3666	the Mariahilfer Strasse	PLACE
47550	45	3726	the Seventh District	PLACE
47550	45	3883	train	GEONOUN
47550	45	3929	train station	GEONOUN
47550	45	4074	the first night	TIME
47550	45	4297	the winter	DATE
47550	45	4335	walls	GEONOUN
47550	45	4348	train	GEONOUN
47550	45	4416	train	GEONOUN
47550	45	4426	six days	DATE
47550	45	4533	Riga	CITY
47550	45	4539	Latvia	COUNTRY
47550	45	4592	train	GEONOUN
47550	45	4795	Berlin	CITY
47550	45	4824	many years	DATE
47550	45	4890	hotel	GEONOUN
47550	45	4948	train	GEONOUN
47550	45	5439	ghetto	GEONOUN
47550	45	5481	50	DATE
47550	45	5538	train	GEONOUN
47550	45	5661	ghetto	GEONOUN
47550	45	6146	train	GEONOUN
47550	45	6210	ghetto	GEONOUN
47550	45	6296	cabin	GEONOUN
47550	45	6876	house	GEONOUN
47550	45	6896	room	GEONOUN
47550	45	6940	the Prager Strasse	PLACE
47550	45	7005	Czechoslovakia	COUNTRY
47550	45	7025	Czechoslovakia	COUNTRY
47550	45	7050	Prague	CITY
47550	45	7068	city	GEONOUN
47550	45	7076	Prague	CITY
47550	45	7108	the Prager Strasse	PLACE
47550	45	7208	a couple days later	DATE
47550	45	7328	Vienna	CITY
47550	45	7359	street	GEONOUN
47550	45	7371	Leipziger Strasse	PLACE
47550	45	7438	the Leipziger Strasse	PLACE
47550	45	7472	Germany	COUNTRY
47550	45	7508	Leipzig	CITY
47550	45	7533	Vienna	CITY
47550	45	7598	Riga	CITY
47550	45	7632	Vienna	CITY
47550	45	7734	apartment	GEONOUN
47550	45	7953	50s	DATE
47550	45	7997	rooms	GEONOUN
47550	45	8181	Vienna	CITY
47550	45	8392	ghetto	GEONOUN
47550	45	8431	Moskauer Strasse	PLACE
47550	45	8474	ghetto	GEONOUN
47550	45	8508	Jewish	GEONOUN
47550	45	8550	cemetery	GEONOUN
47550	45	8592	houses	GEONOUN
47550	45	8799	Germany	COUNTRY
47550	45	8840	a Friday	DATE
47550	45	8904	Fridays	DATE
47550	45	8921	Jewish	GEONOUN
47550	45	9102	apartment	GEONOUN
47550	45	9261	apartment	GEONOUN
47550	45	9290	Jewish	GEONOUN
47550	45	9445	fence	GEONOUN
47550	45	9679	one day	DATE
47550	45	9745	Vienna	CITY
47550	45	9818	Vienna	CITY
47550	45	9991	downstairs	GEONOUN
47550	45	10011	yard	GEONOUN
47550	45	10135	apartment	GEONOUN
47550	45	10350	a few hours	TIME
47550	45	10725	room	GEONOUN
47550	45	10850	house	GEONOUN
47550	45	11056	May	DATE
47550	45	11123	May	DATE
47550	45	11202	Europe	CONTINENT
47550	45	11221	Austria	COUNTRY
47550	45	11245	Czechoslovakia	COUNTRY
47550	46	3	'42	DATE
47550	46	8	the end of '42	DATE
47550	46	37	'43	DATE
47550	46	606	every day	DATE
47550	46	636	ghetto	GEONOUN
47550	46	675	city	GEONOUN
47550	46	866	Cologne	CAMP
47550	46	889	Dortmund	CITY
47550	46	927	Germany	COUNTRY
47550	46	1256	hospital	GEONOUN
47550	46	1422	ghetto	GEONOUN
47550	46	1487	plain	GEONOUN
47550	46	1630	evening	TIME
47550	46	1655	ghetto	GEONOUN
47550	46	1766	fence	GEONOUN
47550	49	454	plain	GEONOUN
47550	49	1196	area	GEONOUN
47550	49	1263	ghetto	GEONOUN
47550	49	2041	town	GEONOUN
47550	49	2149	factory	GEONOUN
47550	49	2237	Vienna	CITY
47550	49	2292	Jewish	GEONOUN
47550	49	2414	Vienna	CITY
47550	49	2715	Vienna	CITY
47550	49	2835	Vienna	CITY
47550	49	3219	Jewish	GEONOUN
47550	49	3345	concentration camp	GEONOUN
47550	49	3381	Riga	CITY
47550	49	3643	Dunamunde	PLACE
47550	49	3663	Dunamunde	PLACE
47550	50	64	train	GEONOUN
47550	50	81	camp	GEONOUN
47550	50	104	Jungfernhof	CAMP
47550	50	158	Vienna	CITY
47550	50	246	40s	DATE
47550	50	275	ghetto	GEONOUN
47550	50	502	Kaiserwald	CAMP
47550	50	624	the winter	DATE
47550	50	769	ground	GEONOUN
47550	50	816	grave	GEONOUN
47550	51	3	the 5th of February	DATE
47550	51	284	Schlock	PLACE
47550	51	384	ground	GEONOUN
47550	51	436	Russia	COUNTRY
47550	51	513	wood	GEONOUN
47550	51	593	ground	GEONOUN
47550	52	83	the Baltic Sea	PLACE
47550	52	121	waterway	GEONOUN
47550	52	373	hut	GEONOUN
47550	52	453	Riga	CITY
47550	52	480	Schlock	PLACE
47550	52	587	camp	GEONOUN
47550	52	810	a month	DATE
47550	53	595	Riga	CITY
47550	56	399	Riga	CITY
47550	56	412	ghetto	GEONOUN
47550	57	78	'44	DATE
47550	57	103	'43	DATE
47550	57	120	'44	DATE
47550	57	146	Riga	CITY
47550	57	183	camp	GEONOUN
47550	57	249	ghetto	GEONOUN
47550	57	276	Kaiserwald	CAMP
47550	59	42	ghetto	GEONOUN
47550	60	117	Riga	CITY
47550	61	117	ghetto	GEONOUN
47550	61	159	Riga	CITY
47550	61	181	Kaiserwald	CAMP
47550	61	261	ghetto	GEONOUN
47550	61	494	Warschau	PLACE
47550	61	534	Warschau	PLACE
47550	61	641	camps	GEONOUN
47550	61	776	Riga Ghetto	PLACE
47550	61	924	Jewish	GEONOUN
47550	61	955	Jewish	GEONOUN
47550	61	972	ghetto	GEONOUN
47550	61	1003	Riga	CITY
47550	61	1116	mud	GEONOUN
47550	61	1221	apartment	GEONOUN
47550	61	1322	Warschau	PLACE
47550	61	1435	Kaiserwald	CAMP
47550	61	1454	Kaiserwald	CAMP
47550	61	1635	camp	GEONOUN
47550	61	1686	railroad station	GEONOUN
47550	61	1773	Kaiserwald	CAMP
47550	62	134	Kaiserwald	CAMP
47550	62	424	Libau--	PLACE
47550	62	458	Latvia	COUNTRY
47550	62	1184	a minute	TIME
47550	62	1553	ghetto	GEONOUN
47550	63	59	Precu	PLACE
47550	63	159	Kaiserwald	CAMP
47550	65	155	fountain	GEONOUN
47550	65	465	one day	DATE
47550	66	172	months	DATE
47550	66	226	Precu	PLACE
47550	66	285	railroad	GEONOUN
47550	66	778	prison	GEONOUN
47550	66	788	Germany	COUNTRY
47550	66	909	prison	GEONOUN
47550	66	919	Germany	COUNTRY
47550	66	1039	prison	GEONOUN
47550	67	32	prison	GEONOUN
47550	67	242	railroad	GEONOUN
47550	68	135	one day	DATE
47550	68	324	Kaiserwald--	PLACE
47550	68	475	Kaiserwald	CAMP
47550	68	733	Jewish	GEONOUN
47550	68	1648	barracks	GEONOUN
47550	68	1730	Vienna	CITY
47550	68	2032	the next morning	TIME
47550	68	2082	Kaiserwald	CAMP
47550	68	2101	forest	GEONOUN
47550	71	94	one day	DATE
47550	71	200	Riga	CITY
47550	71	330	ship	GEONOUN
47550	71	366	Riga	CITY
47550	71	403	ship	GEONOUN
47550	71	513	Germany	COUNTRY
47550	73	143	Poland	COUNTRY
47550	73	162	Latvia	COUNTRY
47550	73	374	city	GEONOUN
47550	73	392	city	GEONOUN
47550	73	423	city	GEONOUN
47550	74	17	Jewish	GEONOUN
47550	74	380	ghetto	GEONOUN
47550	77	134	train	GEONOUN
47550	78	16	the Riga Ghetto	PLACE
47550	78	122	Jewish	GEONOUN
47550	78	155	ghetto	GEONOUN
47550	78	163	One day	DATE
47550	78	265	Warschau	PLACE
47550	79	193	spit	GEONOUN
47550	79	206	spit	GEONOUN
47550	80	53	25	DATE
47550	80	75	Jewish	GEONOUN
47550	80	178	Jewish	GEONOUN
47550	80	240	Jewish	GEONOUN
47550	80	271	Berlin	CITY
47550	80	319	Berlin	CITY
47550	80	432	Washington	US-STATE
47550	80	580	Jewish	GEONOUN
47550	80	648	ghetto	GEONOUN
47550	80	690	Kaiserwald	CAMP
47550	80	749	Kaiserwald	CAMP
47550	80	765	Jewish	GEONOUN
47550	81	165	a year	DATE
47550	82	25	Jewish	GEONOUN
47550	82	112	Jewish	GEONOUN
47550	82	142	every year	DATE
47550	82	165	Yom Kippur	DATE
47550	82	272	camp	GEONOUN
47550	83	131	ship	GEONOUN
47550	83	555	Jewish	GEONOUN
47550	83	567	store	GEONOUN
47550	84	92	Riga--	PLACE
47550	84	249	ship	GEONOUN
47550	84	352	room	GEONOUN
47550	84	408	ship	GEONOUN
47550	84	557	ship	GEONOUN
47550	84	743	ship	GEONOUN
47550	84	780	the Baltic Sea	PLACE
47550	84	803	Germany--	PLACE
47550	84	829	East Germany	PLACE
47550	84	872	Gdansk	CAMP
47550	84	948	Danzig	CAMP
47550	84	974	Danzig	CAMP
47550	84	1038	Polnisch	PLACE
47550	84	1078	Gdansk	CAMP
47550	84	1123	Kaiserwald	CAMP
47550	84	1172	Kaiserwald	CAMP
47550	84	1209	Stutthof	CAMP
47550	84	1243	camp	GEONOUN
47550	84	1284	mountain	GEONOUN
47550	84	1568	a couple months or weeks	DATE
47550	84	1656	chamber	GEONOUN
47550	84	1691	three days	DATE
47550	84	1770	Reichsbahn	PLACE
47550	84	1790	Riga	CITY
47550	84	1855	East Germany	PLACE
47550	84	1894	about five hours	TIME
47550	84	1916	Berlin	CITY
47550	84	1964	city	GEONOUN
47550	84	1974	Stolp	PLACE
47550	84	2000	Reichsbahn	PLACE
47550	84	2027	railroad	GEONOUN
47550	84	2127	railroad	GEONOUN
47550	85	3	train	GEONOUN
47550	85	72	Yom Kippur	DATE
47550	85	744	Yom Kippur	DATE
47550	85	1440	months	DATE
47550	86	8	railroad	GEONOUN
47550	86	89	train	GEONOUN
47550	87	37	the day	DATE
47550	87	50	train	GEONOUN
47550	87	113	train	GEONOUN
47550	87	145	platform	GEONOUN
47550	87	393	ground	GEONOUN
47550	87	439	plain	GEONOUN
47550	87	575	railroad	GEONOUN
47550	87	623	Christmas Day	DATE
47550	88	90	France	COUNTRY
47550	88	147	France	COUNTRY
47550	88	587	bank	GEONOUN
47550	88	842	one day	DATE
47550	88	907	one night	TIME
47550	88	944	One night	TIME
47550	88	969	a Saturday	DATE
47550	88	992	about four or five	TIME
47550	88	1028	Stutthof	CAMP
47550	88	1081	Stutthof	CAMP
47550	88	1093	Stolp	PLACE
47550	88	1126	room	GEONOUN
47550	88	1223	Stuttgart	CITY
47550	88	1375	Saturday	DATE
47550	90	838	Jewish	GEONOUN
47550	90	956	between 16 and 18	DATE
47550	90	1116	range	GEONOUN
47550	90	1186	downstairs	GEONOUN
47550	90	1815	barracks	GEONOUN
47550	90	2100	Stutthof	CAMP
47550	90	2207	Stolp	PLACE
47550	90	2338	15 days	DATE
47550	90	2355	the morning	TIME
47550	90	2421	the day	DATE
47550	90	2578	camps	GEONOUN
47550	90	2615	camps	GEONOUN
47550	90	2656	Jewish	GEONOUN
47550	90	2774	ground	GEONOUN
47550	90	2994	camp	GEONOUN
47550	90	3016	Stutthof--	PLACE
47550	90	3032	Danzig	CAMP
47550	90	3059	Burggraben	CAMP
47550	90	3087	camp	GEONOUN
47550	90	3135	Jewish	GEONOUN
47550	90	3244	forest	GEONOUN
47550	90	3284	post	GEONOUN
47550	90	3468	camp	GEONOUN
47550	90	3955	camp	GEONOUN
47550	90	4196	barracks	GEONOUN
47550	90	4978	Riga	CITY
47550	90	5025	Lithuania	COUNTRY
47550	92	749	the next day	DATE
47550	92	933	ground	GEONOUN
47550	92	1130	Wilno	PLACE
47550	92	1196	48 hours	DATE
47550	92	1599	48 hours	DATE
47550	92	1764	late in the afternoon	TIME
47550	92	1804	barracks	GEONOUN
47550	92	2107	Lithuania	COUNTRY
47550	92	2121	fell	GEONOUN
47550	92	2158	mud	GEONOUN
47550	93	180	battlefield	GEONOUN
47550	93	241	town	GEONOUN
47550	93	302	the night	TIME
47550	93	402	the next day	DATE
47550	93	1163	camps	GEONOUN
47550	95	12	Poland	COUNTRY
47550	95	53	Gdansk	CAMP
47550	95	76	Poland	COUNTRY
47550	96	37	March 22, '45	DATE
47550	96	98	the next day	DATE
47550	96	269	town	GEONOUN
47550	96	302	two weeks	DATE
47550	96	313	every night	TIME
47550	96	407	Jewish	GEONOUN
47550	96	429	Stanislaw	PLACE
47550	96	513	Jewish	GEONOUN
47550	97	165	Jewish	GEONOUN
47550	97	428	house	GEONOUN
47550	97	633	Jewish	GEONOUN
47550	97	675	the night	TIME
47550	97	933	train	GEONOUN
47550	97	1075	Poland	COUNTRY
47550	97	1098	Warschau--	PLACE
47550	97	1159	Warschau	PLACE
47550	97	1199	Warschau	PLACE
47550	97	1230	Poland	COUNTRY
47550	97	1249	Kraków	CITY
47550	97	1302	Kraków	CITY
47550	97	1317	Czechoslovakia	COUNTRY
47550	97	1373	Kraków	CITY
47550	97	1406	Prague	CITY
47550	97	1431	restaurant	GEONOUN
47550	97	1563	a couple months	DATE
47550	97	1611	Germany	COUNTRY
47550	98	140	train	GEONOUN
47550	98	176	train	GEONOUN
47550	98	194	Munich	CITY
47550	98	665	a holiday	DATE
47550	98	726	room	GEONOUN
47550	98	759	synagogue	GEONOUN
47550	98	818	Jewish	GEONOUN
47550	98	1126	America	COUNTRY
47550	98	1222	town	GEONOUN
47550	98	1230	Bavaria	PLACE
47550	99	77	Switzerland	COUNTRY
47550	99	185	Switzerland	COUNTRY
47550	99	648	Vienna	CITY
47550	99	674	the United State	PLACE
47550	99	924	Switzerland	COUNTRY
47550	99	1036	Switzerland	COUNTRY
47550	99	1052	Konstanz	CITY
47550	99	1065	Switzerland	COUNTRY
47550	99	1111	pass	GEONOUN
47550	100	34	Basel	CITY
47550	100	56	Konstanz	CITY
47550	100	225	Germany	COUNTRY
47550	100	269	Switzerland	COUNTRY
47550	100	314	Germany	COUNTRY
47550	101	116	camp	GEONOUN
47550	102	82	Poland	COUNTRY
47550	104	73	Vienna	CITY
47550	104	105	train	GEONOUN
47550	105	62	Warschau	PLACE
47550	107	40	March	DATE
47550	107	84	April	DATE
47550	108	0	'45	DATE
47550	108	35	Kultusgemeinde	PLACE
47550	108	87	every day	DATE
47550	108	131	Warschau	PLACE
47550	108	155	Warschau	PLACE
47550	108	171	house	GEONOUN
47550	108	210	bridge	GEONOUN
47550	108	242	Prag	PLACE
47550	108	312	house	GEONOUN
47550	108	451	every morning	TIME
47550	108	513	Jewish	GEONOUN
47550	108	541	gutter	GEONOUN
47550	109	261	today	DATE
47550	110	9	Oklahoma	US-STATE
47550	110	35	Oklahoma	US-STATE
47550	113	20	Jewish	GEONOUN
47550	113	174	Denver	CITY
47550	113	182	Colorado	US-STATE
47550	113	222	Denver	CITY
47550	113	230	Colorado	US-STATE
47550	113	255	New Orleans	CITY
47550	113	302	Oklahoma City	CITY
47550	113	334	ship	GEONOUN
47550	113	457	Stolp	PLACE
47550	113	520	Russia	COUNTRY
47550	113	572	16 years old	DATE
47550	113	695	Russia	COUNTRY
47550	115	22	Stolp	PLACE
47550	115	199	Oklahoma City	CITY
47550	116	4	ship	GEONOUN
47550	116	36	ship	GEONOUN
47550	117	3	February 18, 1952	DATE
47550	117	51	apartment	GEONOUN
47550	117	90	apartment	GEONOUN
47550	117	211	five	DATE
47550	117	359	every day	DATE
47550	117	392	the morning	TIME
47550	117	671	Oklahoma City	CITY
47550	118	359	today	DATE
47550	119	733	house	GEONOUN
47550	119	1175	Oklahoma City	CITY
47550	120	3	'59	DATE
47550	121	16	9 years old	DATE
47550	121	44	12	DATE
47550	122	50	20 hours	TIME
47550	122	66	seven days	DATE
47550	122	120	Sabbath	DATE
47550	122	180	house	GEONOUN
47550	122	266	city	GEONOUN
47550	122	286	house	GEONOUN
47550	122	440	Washington	US-STATE
47550	122	527	park	GEONOUN
47550	122	546	that Herman Restaurant	PLACE
47550	122	578	one day	DATE
47550	122	809	garage	GEONOUN
47550	122	838	house	GEONOUN
47550	122	861	garage	GEONOUN
47550	122	931	house	GEONOUN
47550	122	1251	two years	DATE
47550	122	1643	city	GEONOUN
47550	124	32	courthouse	GEONOUN
47550	124	88	district	GEONOUN
47550	124	219	courthouse	GEONOUN
47550	124	239	court	GEONOUN
47550	125	7	19	DATE
47550	125	31	20	DATE
47550	125	37	September	DATE
47550	125	64	college	GEONOUN
47550	126	96	nine years old	DATE
47550	126	227	today	DATE
47550	126	361	today	DATE
47550	126	393	today	DATE
47550	126	448	a bit over 40 years	DATE
47550	126	644	nine years old	DATE
47550	126	693	Every week	DATE
47550	126	798	all those years	DATE
47550	126	1737	school	GEONOUN
47550	126	1802	the East Side	PLACE
47550	126	2125	room	GEONOUN
47550	126	2172	every day	DATE
47550	126	2323	college	GEONOUN
47550	126	2385	Wyoming	US-STATE
47550	126	2408	restaurant	GEONOUN
47550	126	2526	the summer	DATE
47550	126	2672	weeks	DATE
47550	126	2956	Denver	CITY
47550	126	2964	Colorado	US-STATE
47550	126	3214	Denver	CITY
47550	126	3229	Wyoming	US-STATE
47550	128	16	1980	DATE
47550	128	40	a Saturday	DATE
47550	128	96	Sunday	DATE
47550	128	103	morning	TIME
47550	129	128	Switzerland	COUNTRY
47550	129	297	3:00 in the morning	TIME
47550	129	372	tomorrow	DATE
47550	129	456	house	GEONOUN
47550	129	680	six weeks	DATE
47550	129	1027	every week	DATE
47550	129	1133	a couple of days	DATE
47550	129	1218	court	GEONOUN
47550	129	1264	room	GEONOUN
47550	129	1279	room	GEONOUN
47550	129	1355	windows	GEONOUN
47550	129	1372	a windy day	DATE
47550	129	1605	reach	GEONOUN
47550	129	1632	the evening	TIME
47550	131	44	the United States	COUNTRY
47550	131	95	university	GEONOUN
47550	131	180	Newark	CITY
47550	131	208	every day	DATE
47550	131	514	that day	DATE
47550	131	645	Israel	COUNTRY
47550	131	687	the United States	COUNTRY
47550	131	934	Russia	COUNTRY
47550	131	969	state	GEONOUN
47550	132	58	construction	GEONOUN
47550	132	118	construction	GEONOUN
47550	132	202	construction	GEONOUN
47550	132	253	airport	GEONOUN
47550	132	264	Riga	CITY
47550	132	325	Ostfront	PLACE
47550	132	372	Riga	CITY
47550	132	509	camp	GEONOUN
47550	132	638	land	GEONOUN
47550	132	850	building	GEONOUN
47550	132	1196	today	DATE
47550	132	1255	my 20s	DATE
47550	132	1419	raise	GEONOUN
47550	133	19	two years ago	DATE
47550	133	40	hospital	GEONOUN
47550	133	270	those last two years	DATE
47550	133	311	house	GEONOUN
47550	133	475	synagogue	GEONOUN
47550	133	557	today	DATE
47550	134	367	every day	DATE
47550	134	378	every day	DATE
47550	134	389	seven days	DATE
47550	135	291	Jewish	GEONOUN
47550	136	72	some day	DATE
47550	137	25	Vienna	CITY
47550	137	47	Vienna	CITY
47550	137	98	a few minutes	TIME
47550	137	131	Vienna	CITY
47550	138	242	Theresienstadt	CAMP
47550	138	291	90	DATE
47550	138	343	Vienna	CITY
47550	138	443	every Sunday	DATE
47550	138	512	street	GEONOUN
47550	138	565	Vienna	CITY
47550	144	44	the '20s	DATE
47550	145	196	Vienna	CITY
47550	145	335	Vienna	CITY
47550	145	413	the day	DATE
47550	146	211	three years old	DATE
47550	146	284	courthouse	GEONOUN
47550	147	3	Vienna	CITY
47550	147	18	courthouse	GEONOUN
47550	148	28	1938	DATE
47550	148	53	'38	DATE
47550	148	68	'39, 1938	DATE
47550	149	84	Vienna	CITY
47550	150	82	every week	DATE
47550	150	119	Vienna	CITY
47550	150	149	Vienna	CITY
47550	153	13	Germany	COUNTRY
47550	153	63	synagogue	GEONOUN
47550	153	84	Jewish	GEONOUN
47550	153	159	concentration camps	GEONOUN
47550	153	199	Poland	COUNTRY
47550	153	215	Latvia	COUNTRY
47550	153	228	Lithuania	COUNTRY
47550	153	278	Jewish	GEONOUN
47550	159	12	Bamberg	CITY
47550	160	3	'57	DATE
47550	160	21	'47	DATE
47550	161	21	Bad Kissingen	CITY
47550	161	47	Germany	COUNTRY
47550	161	160	a couple weeks	DATE
47550	161	227	Bavaria	PLACE
47550	161	246	Bad Kissingen	CITY
47550	162	24	46	DATE
47550	163	25	Oklahoma City	CITY
47550	163	42	1954	DATE
47550	163	64	backyard	GEONOUN
47550	163	135	Oklahoma City	CITY
47550	163	162	zoo	GEONOUN
47550	163	212	Switzerland	COUNTRY
47550	164	15	'63	DATE
47550	166	11	Oklahoma City	CITY
47550	166	163	16	DATE
47550	167	1	66	DATE
47550	168	117	about nine-- nine years old	DATE
47550	168	162	district	GEONOUN
47550	169	23	Oklahoma	US-STATE
47550	170	14	10-- 10-- 10 years ago	DATE
47550	172	68	high school almost two years ago	GEONOUN
47550	172	80	almost two years ago	DATE
