FileID	AnswerID	StartCharPos	Entity	Type
47552	1	170	South America	CONTINENT
47552	4	0	12 December, 1926	DATE
47552	6	15	town	GEONOUN
47552	6	35	Nagyatad	PLACE
47552	6	45	N-A-G-Y-A-T-A-D	PLACE
47552	7	10	Hungary	COUNTRY
47552	9	34	1931	DATE
47552	9	42	December the 3rd	DATE
47552	12	39	houses	GEONOUN
47552	12	188	house	GEONOUN
47552	12	205	yard	GEONOUN
47552	12	270	house	GEONOUN
47552	12	318	about two years ago	DATE
47552	12	361	about 150, 130 years ago	DATE
47552	12	436	house	GEONOUN
47552	13	12	1934	DATE
47552	13	48	74	DATE
47552	14	39	houses	GEONOUN
47552	14	55	house	GEONOUN
47552	14	77	age 10	DATE
47552	14	102	house	GEONOUN
47552	14	131	store	GEONOUN
47552	14	232	house	GEONOUN
47552	14	245	extension	GEONOUN
47552	14	262	house	GEONOUN
47552	17	33	13	DATE
47552	17	39	14	DATE
47552	17	78	one month	DATE
47552	18	99	house	GEONOUN
47552	18	120	Pécs	CITY
47552	18	214	clinic	GEONOUN
47552	18	269	clinic	GEONOUN
47552	18	441	town	GEONOUN
47552	18	523	60-odd years later	DATE
47552	18	621	town	GEONOUN
47552	18	694	capital	GEONOUN
47552	18	842	school	GEONOUN
47552	18	870	5 and 1/2	DATE
47552	18	905	Jewish community	GEONOUN
47552	18	912	community	GEONOUN
47552	18	957	Jewish	GEONOUN
47552	18	975	school	GEONOUN
47552	18	985	town	GEONOUN
47552	18	1030	World War I	EVENT
47552	18	1051	community	GEONOUN
47552	18	1162	college	GEONOUN
47552	18	1174	Budapest	CITY
47552	18	1195	Jewish	GEONOUN
47552	18	1212	college	GEONOUN
47552	18	1318	country school	GEONOUN
47552	18	1326	school house	GEONOUN
47552	18	1333	house	GEONOUN
47552	18	1389	school	GEONOUN
47552	18	1410	school room	GEONOUN
47552	18	1417	room	GEONOUN
47552	18	1569	village	GEONOUN
47552	18	1584	school	GEONOUN
47552	20	49	Jewish school	GEONOUN
47552	20	56	school	GEONOUN
47552	20	121	Jewish school	GEONOUN
47552	20	128	school	GEONOUN
47552	20	168	Jewish	GEONOUN
47552	20	353	Hungary	COUNTRY
47552	20	368	Palestine	CITY
47552	20	527	country	GEONOUN
47552	20	551	Palestine	CITY
47552	20	687	temple Friday	GEONOUN
47552	20	694	Friday	DATE
47552	20	714	Saturday	DATE
47552	20	723	mornings	TIME
47552	20	887	the high holidays	DATE
47552	20	919	Rosh Hashanah	DATE
47552	20	937	Yom Kippur	DATE
47552	20	966	Pesach	DATE
47552	20	994	Sukkot	DATE
47552	20	1481	temple Friday	GEONOUN
47552	20	1488	Friday	DATE
47552	20	1495	evenings	DATE
47552	20	1520	Saturday	DATE
47552	21	71	eight years old	DATE
47552	21	108	a few years later--	DATE
47552	21	136	four years later--	DATE
47552	21	181	temple	GEONOUN
47552	21	297	community	GEONOUN
47552	21	321	Jewish community	GEONOUN
47552	21	328	community	GEONOUN
47552	21	429	every Saturday morning	TIME
47552	22	238	29	DATE
47552	22	393	30 or 40 days later	DATE
47552	23	89	eight years old	DATE
47552	24	122	about 10 or 11 years old	DATE
47552	24	368	Austria	COUNTRY
47552	24	466	about eight or nine	DATE
47552	24	587	Germany	COUNTRY
47552	27	295	four or five weeks	DATE
47552	29	27	town	GEONOUN
47552	29	91	six months	DATE
47552	29	264	community	GEONOUN
47552	29	286	village	GEONOUN
47552	35	26	11	DATE
47552	35	30	12	DATE
47552	35	166	street	GEONOUN
47552	35	220	Chicago	CITY
47552	36	322	my 12th year	DATE
47552	36	398	town	GEONOUN
47552	36	415	town	GEONOUN
47552	36	449	high school	GEONOUN
47552	38	246	around 30 years of age	DATE
47552	39	85	houses	GEONOUN
47552	40	57	1900	DATE
47552	40	65	1901	DATE
47552	40	75	1901	DATE
47552	40	136	between 5th and 12th grade	DATE
47552	40	166	high school	GEONOUN
47552	41	108	environment	GEONOUN
47552	41	188	three months	DATE
47552	41	207	my Christmas vacation	DATE
47552	41	233	my Easter vacation	DATE
47552	41	328	city	GEONOUN
47552	41	421	bank	GEONOUN
47552	41	456	bank	GEONOUN
47552	41	542	World War I.	EVENT
47552	41	632	house	GEONOUN
47552	41	762	a 12 to 18-- 18 years old	DATE
47552	41	812	school	GEONOUN
47552	44	25	school	GEONOUN
47552	46	131	11, 12, 13 years	DATE
47552	47	18	Friday	DATE
47552	47	25	evening	TIME
47552	47	103	the early years	DATE
47552	47	149	Seder	EVENT
47552	48	15	Jewish	GEONOUN
47552	48	58	school	GEONOUN
47552	48	194	Chicago	CITY
47552	48	291	the regular	TIME
47552	48	303	school	GEONOUN
47552	48	456	Jewish	GEONOUN
47552	48	502	an hour	TIME
47552	48	566	schoolyard	GEONOUN
47552	48	889	about age 13	DATE
47552	48	905	14	DATE
47552	49	9	bar	GEONOUN
47552	51	49	school	GEONOUN
47552	51	126	the preceding three or four weeks	DATE
47552	51	221	temple	GEONOUN
47552	51	243	Saturday	DATE
47552	51	437	high school	GEONOUN
47552	51	502	Jewish	GEONOUN
47552	53	15	the very early years	DATE
47552	53	142	the years	DATE
47552	53	317	the last two or three years	DATE
47552	53	451	early 60s	DATE
47552	53	470	mid 60s	DATE
47552	53	507	coach	GEONOUN
47552	53	645	coach	GEONOUN
47552	53	790	school	GEONOUN
47552	53	868	Jewish	GEONOUN
47552	54	31	bank	GEONOUN
47552	54	63	bank	GEONOUN
47552	54	135	bank	GEONOUN
47552	54	257	banks	GEONOUN
47552	54	353	Jewish	GEONOUN
47552	54	399	bank	GEONOUN
47552	55	0	1938	DATE
47552	55	21	Anschluss	EVENT
47552	55	57	Austria	COUNTRY
47552	55	66	Hungary	COUNTRY
47552	55	102	Germany	COUNTRY
47552	55	240	Jewish	GEONOUN
47552	55	425	Jewish	GEONOUN
47552	55	518	Jewish	GEONOUN
47552	55	671	Jewish	GEONOUN
47552	55	717	Jewish	GEONOUN
47552	55	749	fell	GEONOUN
47552	55	831	World War I	EVENT
47552	55	1064	Jewish	GEONOUN
47552	55	1219	Munich	CITY
47552	55	1246	12	DATE
47552	55	1337	Munich	CITY
47552	55	1392	Czechoslovakia	COUNTRY
47552	55	1502	Hungary	COUNTRY
47552	55	1518	Slovakia	COUNTRY
47552	55	1541	World War I	EVENT
47552	55	1565	Hungary	COUNTRY
47552	55	1831	Hungary	COUNTRY
47552	55	1997	country	GEONOUN
47552	55	2075	country	GEONOUN
47552	55	2256	room	GEONOUN
47552	56	5	1939	DATE
47552	56	16	about 1941	DATE
47552	57	51	the end of 1941	DATE
47552	57	98	Moscow	CITY
47552	57	193	retreat	GEONOUN
47552	57	212	Moscow	CITY
47552	57	282	Stalingrad	PLACE
47552	57	652	North Africa	PLACE
47552	57	993	early teens	DATE
47552	58	43	Jewish	GEONOUN
47552	58	266	town	GEONOUN
47552	58	314	community	GEONOUN
47552	58	348	the mid 1700s	DATE
47552	59	48	overflow	GEONOUN
47552	59	104	Hungary	COUNTRY
47552	59	135	Jewish	GEONOUN
47552	59	273	land	GEONOUN
47552	59	446	wood	GEONOUN
47552	60	213	tavern	GEONOUN
47552	60	374	1941	DATE
47552	60	384	late 1941	DATE
47552	60	477	Holocaust	EVENT
47552	60	523	Holocaust	EVENT
47552	60	646	the Carpathian Mountains	PLACE
47552	60	680	Ukraine	COUNTRY
47552	60	1155	village	GEONOUN
47552	60	1170	1793	DATE
47552	60	1420	glaziers	GEONOUN
47552	60	1464	the United States	COUNTRY
47552	61	52	community	GEONOUN
47552	61	98	Moravia	PLACE
47552	61	337	Ukraine	COUNTRY
47552	61	366	concentration camp	GEONOUN
47552	61	449	fell	GEONOUN
47552	62	194	country	GEONOUN
47552	62	460	Jewish	GEONOUN
47552	62	603	Hungary	COUNTRY
47552	62	671	Poland	COUNTRY
47552	62	708	Poland	COUNTRY
47552	62	720	Hungary	COUNTRY
47552	62	782	present day	DATE
47552	62	794	Israel	COUNTRY
47552	62	805	Turkey	COUNTRY
47552	62	842	Europe	CONTINENT
47552	62	1053	Slovakia	COUNTRY
47552	62	1071	Austria	COUNTRY
47552	63	63	Austria	COUNTRY
47552	63	82	Anschluss	EVENT
47552	63	157	Hungary	COUNTRY
47552	63	213	Anschluss	EVENT
47552	63	253	Anschluss	EVENT
47552	63	266	Vienna	CITY
47552	64	63	1941	DATE
47552	64	71	'42	DATE
47552	64	119	Jewish	GEONOUN
47552	64	540	Jewish	GEONOUN
47552	64	556	school	GEONOUN
47552	64	632	my early	DATE
47552	64	641	school	GEONOUN
47552	64	658	high school	GEONOUN
47552	64	850	Jewish	GEONOUN
47552	64	985	Jewish	GEONOUN
47552	64	1135	Jewish	GEONOUN
47552	64	1438	Pécs	CITY
47552	64	1502	track	GEONOUN
47552	65	0	1943	DATE
47552	65	6	1944	DATE
47552	65	21	Nagyatad	PLACE
47552	65	65	two or three years	DATE
47552	65	119	Ukraine	COUNTRY
47552	65	487	the United States	COUNTRY
47552	65	562	the United States	COUNTRY
47552	65	734	World War I	EVENT
47552	65	751	the golden year	DATE
47552	65	959	years	DATE
47552	65	1270	road	GEONOUN
47552	65	1376	age 16, 17	DATE
47552	65	1586	school	GEONOUN
47552	65	2115	Jewish	GEONOUN
47552	65	2148	age 14	DATE
47552	65	2241	high school	GEONOUN
47552	65	2313	approximately a year	DATE
47552	65	2504	country terrain	GEONOUN
47552	65	2512	terrain	GEONOUN
47552	65	2562	Jewish	GEONOUN
47552	66	0	1942, 1943	DATE
47552	66	66	field	GEONOUN
47552	66	89	the next week	DATE
47552	66	438	early 1944	DATE
47552	66	467	Jewish	GEONOUN
47552	66	490	school	GEONOUN
47552	66	526	basement	GEONOUN
47552	66	542	school	GEONOUN
47552	66	592	shelter	GEONOUN
47552	66	615	the months directly preceding	DATE
47552	68	103	Africa	CONTINENT
47552	68	154	Hungary	COUNTRY
47552	68	205	Italy	COUNTRY
47552	68	253	Hungary	COUNTRY
47552	70	75	September 1, 1939	DATE
47552	70	134	Poland	COUNTRY
47552	70	318	1943	DATE
47552	70	332	1943	DATE
47552	70	401	15 days past	DATE
47552	72	0	Hungary	COUNTRY
47552	72	29	country	GEONOUN
47552	72	137	the first years	DATE
47552	72	196	Jewish	GEONOUN
47552	72	376	Germany	COUNTRY
47552	72	682	high school	GEONOUN
47552	72	791	high school	GEONOUN
47552	72	819	college	GEONOUN
47552	72	907	1942	DATE
47552	72	916	Jewish	GEONOUN
47552	72	1038	pass	GEONOUN
47552	72	1102	high school	GEONOUN
47552	72	1161	plumbers	GEONOUN
47552	72	1224	foundry	GEONOUN
47552	72	1402	a few years	DATE
47552	72	1417	university	GEONOUN
47552	73	96	Vienna	CITY
47552	73	138	the first weeks	DATE
47552	73	161	Anschluss	EVENT
47552	73	174	Vienna	CITY
47552	74	79	street	GEONOUN
47552	74	265	1942	DATE
47552	74	273	early '43	DATE
47552	75	582	A few weeks	DATE
47552	75	640	Hungary	COUNTRY
47552	75	728	Hungary	COUNTRY
47552	75	1051	all those years	DATE
47552	75	1070	high school	GEONOUN
47552	75	1209	Jewish	GEONOUN
47552	75	1306	high school	GEONOUN
47552	75	1473	Hungary	COUNTRY
47552	75	1642	school	GEONOUN
47552	75	1825	Jewish	GEONOUN
47552	75	1920	school	GEONOUN
47552	75	1982	Jewish	GEONOUN
47552	75	2002	Jewish	GEONOUN
47552	76	45	40, 50 years later	DATE
47552	76	123	Jewish	GEONOUN
47552	76	248	Hungary	COUNTRY
47552	76	625	school	GEONOUN
47552	76	785	Jewish	GEONOUN
47552	78	192	evenings	TIME
47552	78	618	post	GEONOUN
47552	78	736	house	GEONOUN
47552	78	765	every two weeks	DATE
47552	78	930	those years	DATE
47552	78	1011	high school	GEONOUN
47552	79	206	village	GEONOUN
47552	79	274	city	GEONOUN
47552	79	373	around 16	DATE
47552	84	111	every two weeks	DATE
47552	85	47	house	GEONOUN
47552	85	134	store	GEONOUN
47552	85	187	Hungary	COUNTRY
47552	85	206	post office	GEONOUN
47552	85	326	post office	GEONOUN
47552	85	347	post office	GEONOUN
47552	85	408	post office	GEONOUN
47552	87	159	age 14	DATE
47552	87	169	15	DATE
47552	87	212	age 12 or 13	DATE
47552	90	17	10 to 12 years	DATE
47552	90	74	gap	GEONOUN
47552	92	0	'43	DATE
47552	92	17	'42	DATE
47552	93	60	Axis	PLACE
47552	93	76	Hungary	COUNTRY
47552	93	355	March 19 1944	DATE
47552	93	390	Hungary	COUNTRY
47552	93	651	a week or two	DATE
47552	93	699	Jewish	GEONOUN
47552	93	809	housing	GEONOUN
47552	93	1032	Auschwitz	CAMP
47552	94	6	late April 1920-- 1944	DATE
47552	94	154	Jewish	GEONOUN
47552	94	174	community	GEONOUN
47552	94	222	camp	GEONOUN
47552	94	230	Nagykanizsa	CITY
47552	94	262	city	GEONOUN
47552	94	290	Nagyatad	PLACE
47552	94	317	the regular	DATE
47552	94	329	school	GEONOUN
47552	94	390	high school	GEONOUN
47552	96	73	high school	GEONOUN
47552	96	206	city	GEONOUN
47552	97	29	Hungary	COUNTRY
47552	97	237	community	GEONOUN
47552	98	245	15 or 20 minutes	TIME
47552	98	358	barracks	GEONOUN
47552	98	397	train	GEONOUN
47552	98	434	camp	GEONOUN
47552	101	10	the morning	TIME
47552	101	22	around 11:00	TIME
47552	101	119	community	GEONOUN
47552	103	422	school	GEONOUN
47552	103	478	about a week	DATE
47552	103	592	board	GEONOUN
47552	103	1017	April 26th	DATE
47552	103	1051	school	GEONOUN
47552	103	1175	train that evening	GEONOUN
47552	103	1181	that evening	TIME
47552	103	1242	all night	TIME
47552	103	1264	railroad station	GEONOUN
47552	103	1309	village	GEONOUN
47552	103	1325	town	GEONOUN
47552	103	1728	train	GEONOUN
47552	103	1754	station	GEONOUN
47552	103	1768	village	GEONOUN
47552	103	1830	station	GEONOUN
47552	103	2005	Jewish community	GEONOUN
47552	103	2012	community	GEONOUN
47552	103	2040	the night	TIME
47552	103	2095	house	GEONOUN
47552	103	2173	store	GEONOUN
47552	105	4	house	GEONOUN
47552	105	60	house	GEONOUN
47552	107	119	fountain	GEONOUN
47552	107	473	entrance	GEONOUN
47552	108	72	yards	GEONOUN
47552	110	496	The night	TIME
47552	110	538	two nights before	DATE
47552	110	610	region	GEONOUN
47552	110	620	Hungary	COUNTRY
47552	110	692	Jewish	GEONOUN
47552	110	704	around midnight	TIME
47552	110	748	10 minutes	TIME
47552	110	825	synagogue	GEONOUN
47552	110	884	synagogue	GEONOUN
47552	110	1062	synagogue overnight	GEONOUN
47552	110	1072	overnight	TIME
47552	110	1114	town	GEONOUN
47552	110	1207	town	GEONOUN
47552	110	1385	courtyard	GEONOUN
47552	112	223	facilities	GEONOUN
47552	112	286	about four or five days	DATE
47552	115	71	house	GEONOUN
47552	115	150	track	GEONOUN
47552	115	157	railroad	GEONOUN
47552	115	199	town whorehouse	GEONOUN
47552	115	204	whorehouse	GEONOUN
47552	115	695	street	GEONOUN
47552	115	849	store	GEONOUN
47552	115	1372	town	GEONOUN
47552	115	1458	about a day or two	DATE
47552	115	1732	train	GEONOUN
47552	115	1752	train	GEONOUN
47552	115	1779	town	GEONOUN
47552	115	1787	Barcs	PLACE
47552	119	52	community	GEONOUN
47552	119	254	Auschwitz	CAMP
47552	120	60	Barcs	PLACE
47552	120	80	railroad station	GEONOUN
47552	120	100	Barcs	PLACE
47552	120	127	railroad station	GEONOUN
47552	120	161	yard	GEONOUN
47552	120	261	mill	GEONOUN
47552	120	295	mill	GEONOUN
47552	120	312	World War I	EVENT
47552	120	413	area	GEONOUN
47552	120	456	Hungary	COUNTRY
47552	120	469	Croatia	COUNTRY
47552	120	534	camp	GEONOUN
47552	120	575	camp	GEONOUN
47552	120	610	camp	GEONOUN
47552	120	699	area	GEONOUN
47552	120	723	approximately a month	DATE
47552	120	801	building	GEONOUN
47552	120	895	ground	GEONOUN
47552	120	1158	the three weeks	DATE
47552	120	1245	community	GEONOUN
47552	120	1349	barracks	GEONOUN
47552	120	1366	morning	TIME
47552	120	1463	camp	GEONOUN
47552	120	1521	mill	GEONOUN
47552	120	1537	edge	GEONOUN
47552	120	1545	the Drava River	PLACE
47552	120	1576	every morning	TIME
47552	120	1597	river	GEONOUN
47552	120	1887	town	GEONOUN
47552	120	1974	town	GEONOUN
47552	120	1993	plumbers	GEONOUN
47552	120	2062	town	GEONOUN
47552	120	2115	the evening	TIME
47552	120	2274	camp	GEONOUN
47552	121	165	camp	GEONOUN
47552	121	327	a whole day	DATE
47552	121	391	camp	GEONOUN
47552	121	406	almost a month	DATE
47552	122	158	the third week	DATE
47552	122	361	age 16	DATE
47552	123	140	camp	GEONOUN
47552	123	177	World War I.	EVENT
47552	125	104	Israel	COUNTRY
47552	125	171	Israel	COUNTRY
47552	125	189	four or five days later	DATE
47552	125	236	camp	GEONOUN
47552	127	182	camp	GEONOUN
47552	128	337	camp	GEONOUN
47552	128	402	yard	GEONOUN
47552	128	518	camp	GEONOUN
47552	128	591	next day	DATE
47552	128	621	train	GEONOUN
47552	128	769	board	GEONOUN
47552	128	779	train	GEONOUN
47552	128	883	train	GEONOUN
47552	128	1483	station	GEONOUN
47552	128	1509	yard	GEONOUN
47552	128	1518	a few hours	TIME
47552	129	19	area	GEONOUN
47552	129	97	windows	GEONOUN
47552	129	219	train	GEONOUN
47552	130	4	train	GEONOUN
47552	131	231	train	GEONOUN
47552	132	21	the morning	TIME
47552	132	39	the afternoon	TIME
47552	133	3	the afternoon	TIME
47552	133	18	the late afternoon	TIME
47552	133	47	the first night	TIME
47552	135	0	May 27, 1944	DATE
47552	135	36	The next morning	TIME
47552	135	81	city	GEONOUN
47552	135	89	Hungary	COUNTRY
47552	135	98	Sopron--	PLACE
47552	135	150	Vienna	CITY
47552	135	317	Germany	COUNTRY
47552	135	405	Vienna	CITY
47552	135	424	Vienna	CITY
47552	135	457	Vienna	CITY
47552	135	511	Vienna	CITY
47552	135	540	city	GEONOUN
47552	135	587	present-day	DATE
47552	135	605	Austria	COUNTRY
47552	135	619	Czechoslovakia	COUNTRY
47552	135	658	The next morning	TIME
47552	135	705	yard	GEONOUN
47552	135	721	Moravská Ostrava	PLACE
47552	135	764	yard	GEONOUN
47552	135	831	track	GEONOUN
47552	135	853	track	GEONOUN
47552	135	1130	train	GEONOUN
47552	135	1174	about two or three hours	TIME
47552	135	1204	train	GEONOUN
47552	135	1276	yard	GEONOUN
47552	135	1309	train	GEONOUN
47552	135	1330	around 11 o'clock in the morning	TIME
47552	135	1423	train	GEONOUN
47552	135	1440	Jewish	GEONOUN
47552	135	1462	Hungary	COUNTRY
47552	135	1585	Hungary	COUNTRY
47552	135	1899	May 29th	DATE
47552	135	1919	Whitsunday ?] Day	DATE
47552	135	1975	train	GEONOUN
47552	136	70	train	GEONOUN
47552	137	135	the late afternoon--	TIME
47552	137	165	8 o'clock	TIME
47552	137	178	9 o'clock	TIME
47552	137	189	the days	DATE
47552	137	236	train	GEONOUN
47552	137	484	train	GEONOUN
47552	137	735	tomorrow	DATE
47552	137	772	platform	GEONOUN
47552	137	784	Auschwitz	CAMP
47552	137	1125	Years later	DATE
47552	137	1733	Auschwitz	CAMP
47552	138	363	room	GEONOUN
47552	138	383	barracks	GEONOUN
47552	138	416	mountains	GEONOUN
47552	138	489	mountains	GEONOUN
47552	138	808	10 minutes	TIME
47552	138	926	room	GEONOUN
47552	138	956	room	GEONOUN
47552	138	1065	two days	DATE
47552	138	1097	train	GEONOUN
47552	138	1669	camp	GEONOUN
47552	138	1720	camp	GEONOUN
47552	138	2232	early morning	TIME
47552	138	2404	around 5:00 or 6:00 in the morning	TIME
47552	138	2749	camp	GEONOUN
47552	138	2778	block	GEONOUN
47552	138	3149	fell	GEONOUN
47552	138	3437	9:00 or 10:00 in the morning	TIME
47552	138	3781	16 or 18 hours	TIME
47552	138	4111	Auschwitz	CAMP
47552	138	4259	Hungary	COUNTRY
47552	138	4894	barracks	GEONOUN
47552	138	5128	Auschwitz	CAMP
47552	138	5170	crematorium	GEONOUN
47552	138	5303	the evening	TIME
47552	138	5339	night	TIME
47552	138	5616	two or three hours	TIME
47552	138	5912	buildings	GEONOUN
47552	138	6020	barracks	GEONOUN
47552	138	6141	edge	GEONOUN
47552	138	6153	camp	GEONOUN
47552	138	6175	chimney	GEONOUN
47552	138	6410	crematorium	GEONOUN
47552	138	6479	camp	GEONOUN
47552	138	6898	the 19th of June	DATE
47552	139	106	high school	GEONOUN
47552	139	192	plumber	GEONOUN
47552	140	27	Hungary	COUNTRY
47552	140	133	camp	GEONOUN
47552	140	238	block	GEONOUN
47552	142	140	the fifth or sixth day	DATE
47552	142	281	landscape	GEONOUN
47552	142	301	landscape	GEONOUN
47552	142	419	forest lake	GEONOUN
47552	142	426	lake	GEONOUN
47552	142	600	Hungary	COUNTRY
47552	143	30	Pécs	CITY
47552	144	244	forest lake	GEONOUN
47552	144	251	lake	GEONOUN
47552	145	417	a month	DATE
47552	145	426	a month and a half later	DATE
47552	145	477	Hungary	COUNTRY
47552	145	510	stable	GEONOUN
47552	145	531	Auschwitz	CAMP
47552	146	50	house	GEONOUN
47552	147	3	Auschwitz	CAMP
47552	147	101	Auschwitz	CAMP
47552	147	316	Auschwitz	CAMP
47552	147	338	state	GEONOUN
47552	147	480	state	GEONOUN
47552	147	499	approximately three weeks	DATE
47552	147	657	chimney	GEONOUN
47552	147	705	fence	GEONOUN
47552	148	143	the day I--	DATE
47552	148	168	Auschwitz	CAMP
47552	148	182	the day	DATE
47552	149	41	Auschwitz	CAMP
47552	151	26	about 16	DATE
47552	151	36	17	DATE
47552	151	64	40	DATE
47552	151	68	45	DATE
47552	151	146	area	GEONOUN
47552	153	74	Whitsunday	DATE
47552	153	88	Monday	DATE
47552	153	99	Pentecost Monday	DATE
47552	153	128	the day	DATE
47552	153	151	Auschwitz	CAMP
47552	153	179	Bavaria	PLACE
47552	153	230	the 19th of-- of June, 1944	DATE
47552	154	101	current	GEONOUN
47552	154	140	the day	DATE
47552	156	21	every day	DATE
47552	156	59	camp	GEONOUN
47552	156	140	barracks	GEONOUN
47552	156	208	train	GEONOUN
47552	157	54	morning	TIME
47552	157	452	platform	GEONOUN
47552	157	473	roundabout	GEONOUN
47552	157	514	camp	GEONOUN
47552	157	543	train	GEONOUN
47552	157	713	three days	DATE
47552	159	13	early summer day	DATE
47552	159	57	train	GEONOUN
47552	159	91	railroad station	GEONOUN
47552	159	157	yard	GEONOUN
47552	159	211	railroad station	GEONOUN
47552	159	277	train	GEONOUN
47552	159	317	Silesia--	PLACE
47552	159	342	industrial area	GEONOUN
47552	159	383	town	GEONOUN
47552	159	405	factory	GEONOUN
47552	160	56	train	GEONOUN
47552	161	3	night	TIME
47552	161	48	the day	DATE
47552	161	413	two and a half days	DATE
47552	161	445	the morning	TIME
47552	161	466	Silesia	PLACE
47552	161	475	Next day	DATE
47552	161	507	today	DATE
47552	161	513	the Czech Republic	PLACE
47552	161	565	Vienna	CITY
47552	161	582	evening	TIME
47552	161	596	Vienna	CITY
47552	161	652	Slovakia	COUNTRY
47552	161	705	the World War I	EVENT
47552	161	836	Hungary	COUNTRY
47552	161	861	train	GEONOUN
47552	161	875	Vienna	CITY
47552	161	911	airfield	GEONOUN
47552	162	233	the night	TIME
47552	162	289	Alps	PLACE
47552	162	331	the next morning	TIME
47552	162	365	area	GEONOUN
47552	162	373	Salzburg	CITY
47552	162	432	a few hours	TIME
47552	162	460	Dachau--	PLACE
47552	162	475	Munich	CITY
47552	162	483	Another few hours	TIME
47552	162	563	Munich	CITY
47552	162	636	railroad station	GEONOUN
47552	163	77	the morning	TIME
47552	163	119	mountains	GEONOUN
47552	163	146	hills	GEONOUN
47552	164	125	countryside	GEONOUN
47552	165	53	Auschwitz	CAMP
47552	165	218	Auschwitz	CAMP
47552	165	296	barracks	GEONOUN
47552	165	323	room	GEONOUN
47552	165	543	late in the afternoon	TIME
47552	165	591	Kaufering	CAMP
47552	165	602	Kaufering	CAMP
47552	165	617	village	GEONOUN
47552	165	653	Munich	CITY
47552	165	757	Kaufering	CAMP
47552	165	783	camps	GEONOUN
47552	166	10	railroad station	GEONOUN
47552	166	38	camp	GEONOUN
47552	166	170	camp	GEONOUN
47552	166	225	tents	GEONOUN
47552	166	280	huts	GEONOUN
47552	166	352	buildings	GEONOUN
47552	166	515	Auschwitz	CAMP
47552	166	632	Auschwitz	CAMP
47552	166	670	camp	GEONOUN
47552	166	708	that evening	TIME
47552	166	924	next morning	TIME
47552	166	1074	camp	GEONOUN
47552	166	1082	Dachau	CITY
47552	166	1132	Dachau	CITY
47552	166	1223	Dachau	CITY
47552	166	1375	factory	GEONOUN
47552	166	1395	hall	GEONOUN
47552	166	1440	building	GEONOUN
47552	166	1677	airbase	GEONOUN
47552	166	1691	Grosster	PLACE
47552	166	1703	Lechfeld	CAMP
47552	167	351	ditch	GEONOUN
47552	167	469	hole	GEONOUN
47552	167	493	vault	GEONOUN
47552	167	505	foot	GEONOUN
47552	168	140	construction	GEONOUN
47552	168	173	24 hours	TIME
47552	168	214	night	TIME
47552	168	224	day	DATE
47552	168	379	the first day	DATE
47552	168	467	railroad	GEONOUN
47552	168	520	several days	DATE
47552	168	746	narrow track	GEONOUN
47552	168	753	track	GEONOUN
47552	168	875	train	GEONOUN
47552	168	999	track	GEONOUN
47552	168	1145	ground	GEONOUN
47552	168	1251	foot	GEONOUN
47552	168	1274	train	GEONOUN
47552	168	1326	hillside	GEONOUN
47552	168	1406	train	GEONOUN
47552	168	1418	train	GEONOUN
47552	168	1432	building	GEONOUN
47552	168	1446	hill	GEONOUN
47552	170	10	excavation	GEONOUN
47552	170	172	train	GEONOUN
47552	170	238	train	GEONOUN
47552	170	334	train	GEONOUN
47552	170	410	train	GEONOUN
47552	170	613	mountain	GEONOUN
47552	170	765	train	GEONOUN
47552	171	317	edge	GEONOUN
47552	171	329	mountain	GEONOUN
47552	171	359	train	GEONOUN
47552	171	487	night	TIME
47552	171	625	excavation	GEONOUN
47552	171	703	train	GEONOUN
47552	171	762	excavation site	GEONOUN
47552	171	773	site	GEONOUN
47552	173	690	day	DATE
47552	173	944	One night	TIME
47552	173	1035	board	GEONOUN
47552	173	1126	foot	GEONOUN
47552	173	1170	foot	GEONOUN
47552	174	34	next morning	TIME
47552	174	81	camp	GEONOUN
47552	174	137	patch	GEONOUN
47552	176	158	foot	GEONOUN
47552	178	141	camp	GEONOUN
47552	178	257	Dachau	CITY
47552	179	85	patch	GEONOUN
47552	179	317	Jewish	GEONOUN
47552	179	434	village	GEONOUN
47552	179	515	parts	GEONOUN
47552	179	524	Hungary	COUNTRY
47552	180	41	site	GEONOUN
47552	180	118	camp	GEONOUN
47552	180	135	site	GEONOUN
47552	180	196	platform	GEONOUN
47552	180	246	site	GEONOUN
47552	180	443	a day	DATE
47552	180	1126	a quarter of an hour	TIME
47552	181	66	building	GEONOUN
47552	181	79	hill	GEONOUN
47552	181	85	building	GEONOUN
47552	182	17	railroad	GEONOUN
47552	182	56	road building	GEONOUN
47552	182	61	building	GEONOUN
47552	182	175	railroad	GEONOUN
47552	182	235	foot	GEONOUN
47552	182	243	foot	GEONOUN
47552	182	443	railroad	GEONOUN
47552	182	524	foot	GEONOUN
47552	182	535	foot	GEONOUN
47552	182	638	railroad builders	GEONOUN
47552	182	647	builders	GEONOUN
47552	182	803	falls	GEONOUN
47552	182	1127	railroad builders	GEONOUN
47552	182	1136	builders	GEONOUN
47552	182	1180	railroad	GEONOUN
47552	182	1557	half an hour	TIME
47552	183	0	About 12 hours	TIME
47552	185	156	night	TIME
47552	185	179	daytime	TIME
47552	186	35	night	TIME
47552	186	140	camp	GEONOUN
47552	186	148	the early morning	TIME
47552	186	219	morning	TIME
47552	186	392	tents	GEONOUN
47552	186	517	camp	GEONOUN
47552	186	555	camp	GEONOUN
47552	186	615	barracks	GEONOUN
47552	187	89	camp	GEONOUN
47552	188	96	camp	GEONOUN
47552	188	155	camp	GEONOUN
47552	188	171	camp	GEONOUN
47552	188	248	night	TIME
47552	188	288	barracks	GEONOUN
47552	188	355	building	GEONOUN
47552	188	388	shelter	GEONOUN
47552	188	413	Kaufering	CAMP
47552	188	430	edge	GEONOUN
47552	188	442	town	GEONOUN
47552	188	450	Landsberg	CAMP
47552	188	924	fields	GEONOUN
47552	188	934	night	TIME
47552	189	278	every morning	TIME
47552	189	350	camp hospital	GEONOUN
47552	189	355	hospital	GEONOUN
47552	189	609	one night	TIME
47552	189	673	next day	DATE
47552	189	710	every six weeks or so	DATE
47552	189	840	railroad station	GEONOUN
47552	189	930	hospital camp	GEONOUN
47552	189	939	camp	GEONOUN
47552	189	986	Auschwitz	CAMP
47552	189	1059	every morning	TIME
47552	189	1123	camp	GEONOUN
47552	189	1201	Auschwitz	CAMP
47552	190	201	hospital camp	GEONOUN
47552	190	210	camp	GEONOUN
47552	190	247	hospital camp	GEONOUN
47552	190	256	camp	GEONOUN
47552	190	660	camp	GEONOUN
47552	190	722	camp	GEONOUN
47552	190	760	camp	GEONOUN
47552	190	896	camp	GEONOUN
47552	190	928	camp	GEONOUN
47552	190	934	Dachau	CITY
47552	190	1020	Dachau	CITY
47552	190	1096	camp	GEONOUN
47552	190	1286	room	GEONOUN
47552	190	1366	camp	GEONOUN
47552	190	1892	World War I.	EVENT
47552	190	2082	camp	GEONOUN
47552	190	2101	camp	GEONOUN
47552	190	2145	camp	GEONOUN
47552	190	2168	the first day	DATE
47552	190	2222	camp	GEONOUN
47552	190	2433	camp	GEONOUN
47552	190	2579	camp	GEONOUN
47552	190	2659	camp	GEONOUN
47552	190	2780	track	GEONOUN
47552	190	3027	Early mornings	TIME
47552	190	3069	night	TIME
47552	190	3217	camp	GEONOUN
47552	190	3559	every morning	TIME
47552	190	3763	Auschwitz	CAMP
47552	190	3793	camp	GEONOUN
47552	190	4035	next day	DATE
47552	190	4114	hospital	GEONOUN
47552	190	4142	hospital	GEONOUN
47552	190	4446	Auschwitz	CAMP
47552	190	4517	New York	US-STATE
47552	190	4526	two years ago	DATE
47552	190	4620	late 80s	DATE
47552	192	361	construction site	GEONOUN
47552	192	374	site	GEONOUN
47552	192	445	flat	GEONOUN
47552	192	476	prefab houses	GEONOUN
47552	192	483	houses	GEONOUN
47552	192	516	earth	GEONOUN
47552	192	531	hillside	GEONOUN
47552	192	548	knoll	GEONOUN
47552	192	1150	track	GEONOUN
47552	192	1452	pass	GEONOUN
47552	192	1499	foot	GEONOUN
47552	192	1522	track	GEONOUN
47552	192	1675	foot	GEONOUN
47552	192	1743	foot	GEONOUN
47552	192	1861	foot	GEONOUN
47552	192	2068	foot	GEONOUN
47552	192	2107	the rest of the day	DATE
47552	192	2186	edge	GEONOUN
47552	192	2198	building	GEONOUN
47552	192	2274	camp	GEONOUN
47552	192	2335	foot	GEONOUN
47552	192	2408	foot	GEONOUN
47552	192	2473	that night	TIME
47552	192	2867	camp	GEONOUN
47552	192	2907	camp infirmary	GEONOUN
47552	192	2912	infirmary	GEONOUN
47552	192	2965	foot	GEONOUN
47552	192	3006	railroad	GEONOUN
47552	192	3046	foot	GEONOUN
47552	192	3102	two days	DATE
47552	192	3118	camp infirmary	GEONOUN
47552	192	3123	infirmary	GEONOUN
47552	192	3144	two days	DATE
47552	193	9	November 16, 1944	DATE
47552	194	3	Kaufering	CAMP
47552	194	14	5 months	DATE
47552	194	24	5 and 1/2 full months	DATE
47552	194	47	5 and 1/2 months	DATE
47552	194	81	maybe 3 days	DATE
47552	195	209	that very day	DATE
47552	195	321	that evening	TIME
47552	195	381	hut	GEONOUN
47552	195	671	Next morning	TIME
47552	195	804	another four or five days	DATE
47552	195	932	two weeks later	DATE
47552	195	1109	camp	GEONOUN
47552	195	1145	camp	GEONOUN
47552	196	27	camp	GEONOUN
47552	196	81	camp	GEONOUN
47552	196	174	camps	GEONOUN
47552	198	172	building	GEONOUN
47552	198	206	shelter	GEONOUN
47552	199	11	another day	DATE
47552	199	60	the day	DATE
47552	199	148	hut	GEONOUN
47552	199	281	camp	GEONOUN
47552	199	312	camp	GEONOUN
47552	199	387	camp	GEONOUN
47552	199	470	camps	GEONOUN
47552	199	578	camps	GEONOUN
47552	200	78	huts	GEONOUN
47552	200	86	barracks	GEONOUN
47552	200	132	earth	GEONOUN
47552	200	173	roof	GEONOUN
47552	200	236	trough	GEONOUN
47552	200	353	trough	GEONOUN
47552	200	366	corridor	GEONOUN
47552	200	436	trough	GEONOUN
47552	200	574	roof	GEONOUN
47552	202	132	camp	GEONOUN
47552	202	143	labor camp	GEONOUN
47552	203	2	Jewish	GEONOUN
47552	203	51	France	COUNTRY
47552	204	205	camps	GEONOUN
47552	204	236	camp	GEONOUN
47552	204	520	approximately six weeks	DATE
47552	204	641	colony	GEONOUN
47552	211	63	camp	GEONOUN
47552	211	91	hut	GEONOUN
47552	211	264	approximately four to six weeks	DATE
47552	211	521	a day and a half	DATE
47552	211	842	the present day	DATE
47552	211	880	now	DATE
47552	212	0	Weeks after	DATE
47552	217	88	those initial days	DATE
47552	217	256	soil	GEONOUN
47552	217	339	camp	GEONOUN
47552	221	195	late February or	DATE
47552	221	212	early March	DATE
47552	221	367	roof	GEONOUN
47552	221	379	hut	GEONOUN
47552	221	475	slope	GEONOUN
47552	221	488	roof	GEONOUN
47552	221	798	the entire year	DATE
47552	221	828	concentration camp	GEONOUN
47552	221	990	roof	GEONOUN
47552	221	1029	two years ago	DATE
47552	222	3	Germany	COUNTRY
47552	224	36	Argentina	COUNTRY
47552	224	50	Buenos Aires	CITY
47552	226	109	building	GEONOUN
47552	226	166	shelter	GEONOUN
47552	226	197	building	GEONOUN
47552	226	235	ground	GEONOUN
47552	226	330	tunnel	GEONOUN
47552	226	578	one day	DATE
47552	226	685	years	DATE
47552	226	723	a few months ago	DATE
47552	226	826	Germany	COUNTRY
47552	227	13	camp	GEONOUN
47552	227	33	Hurlach--	PLACE
47552	227	69	village	GEONOUN
47552	227	117	camp	GEONOUN
47552	227	163	railroad	GEONOUN
47552	227	259	forest	GEONOUN
47552	227	315	huts	GEONOUN
47552	227	390	every day	DATE
47552	227	479	camps	GEONOUN
47552	227	513	camps	GEONOUN
47552	227	526	area	GEONOUN
47552	227	635	Transylvania	PLACE
47552	227	716	camp	GEONOUN
47552	227	758	town	GEONOUN
47552	227	1243	camp	GEONOUN
47552	227	1540	hut	GEONOUN
47552	227	2083	the second half of April, 1945	DATE
47552	227	2297	every day	DATE
47552	227	2311	two or three successive days	DATE
47552	227	2444	camp	GEONOUN
47552	227	2495	Vienna	CITY
47552	227	2557	camp	GEONOUN
47552	227	2640	camp	GEONOUN
47552	227	2719	pass	GEONOUN
47552	227	2760	a day later	DATE
47552	227	2827	that afternoon	TIME
47552	227	3092	Berlin	CITY
47552	227	3121	Vienna	CITY
47552	227	3154	The morning	TIME
47552	227	3273	camp	GEONOUN
47552	227	3325	camp	GEONOUN
47552	227	3483	camp	GEONOUN
47552	228	40	camp	GEONOUN
47552	228	54	the evening	TIME
47552	228	93	camp	GEONOUN
47552	228	210	fence	GEONOUN
47552	228	369	camp	GEONOUN
47552	228	475	camp	GEONOUN
47552	228	496	railroad	GEONOUN
47552	229	150	camp	GEONOUN
47552	229	175	railroad	GEONOUN
47552	229	524	the night	TIME
47552	229	580	the morning	TIME
47552	229	593	around 6 o'clock	TIME
47552	229	654	train	GEONOUN
47552	229	680	platform	GEONOUN
47552	229	716	yard	GEONOUN
47552	229	775	train	GEONOUN
47552	229	911	ground	GEONOUN
47552	229	1179	train	GEONOUN
47552	229	1254	yards	GEONOUN
47552	229	1429	train	GEONOUN
47552	229	2167	forest	GEONOUN
47552	229	2238	pass	GEONOUN
47552	229	2257	train	GEONOUN
47552	229	2303	train	GEONOUN
47552	229	2324	train	GEONOUN
47552	230	77	shelter	GEONOUN
47552	230	116	tree	GEONOUN
47552	231	219	trail	GEONOUN
47552	231	261	five minutes	TIME
47552	231	627	wood	GEONOUN
47552	231	723	forest	GEONOUN
47552	231	755	about five, six hours	TIME
47552	231	810	camp	GEONOUN
47552	231	826	camp	GEONOUN
47552	231	834	Landsberg	CAMP
47552	231	866	camp	GEONOUN
47552	231	878	area	GEONOUN
47552	231	884	Landsberg	CAMP
47552	232	34	watchtowers	GEONOUN
47552	232	340	the night	TIME
47552	232	397	barracks	GEONOUN
47552	232	430	the morning	TIME
47552	232	483	barracks	GEONOUN
47552	232	496	the morning	TIME
47552	232	541	barracks	GEONOUN
47552	232	608	watchtowers	GEONOUN
47552	232	726	camp	GEONOUN
47552	232	1198	camp	GEONOUN
47552	232	1256	edge	GEONOUN
47552	232	1328	road	GEONOUN
47552	233	351	that first day	DATE
47552	233	464	shelter	GEONOUN
47552	234	0	That same day	DATE
47552	234	125	shelters	GEONOUN
47552	237	32	concentration camp	GEONOUN
47552	237	90	area	GEONOUN
47552	237	101	evening	TIME
47552	237	203	two days later	DATE
47552	237	240	US	PLACE
47552	237	277	field	GEONOUN
47552	238	0	27 April, 1945	DATE
47552	240	27	the last days	DATE
47552	240	53	Hurlach	CAMP
47552	240	73	track	GEONOUN
47552	240	82	the days	DATE
47552	241	18	spa	GEONOUN
47552	241	38	Bad Worishofen	PLACE
47552	241	106	concentration camp	GEONOUN
47552	241	133	spa hotel	GEONOUN
47552	241	137	hotel	GEONOUN
47552	241	195	field hospital	GEONOUN
47552	241	267	hospital	GEONOUN
47552	241	305	concentration camp	GEONOUN
47552	241	333	The first day	DATE
47552	241	441	weeks	DATE
47552	241	455	months	DATE
47552	244	38	months	DATE
47552	245	75	one evening	TIME
47552	245	103	a month,	DATE
47552	245	115	a month and a quarter	DATE
47552	245	192	Jewish	GEONOUN
47552	245	469	hospital	GEONOUN
47552	245	728	that evening	TIME
47552	245	768	room	GEONOUN
47552	245	845	Bad Worishofen	PLACE
47552	245	893	hospital	GEONOUN
47552	245	925	concentration camp	GEONOUN
47552	245	1102	plot	GEONOUN
47552	245	1145	another two months	DATE
47552	246	0	May 8	DATE
47552	247	5	hospital	GEONOUN
47552	248	50	the 27th of April	DATE
47552	249	0	18 and months	DATE
47552	250	34	December	DATE
47552	250	53	18	DATE
47552	251	6	a little over 18	DATE
47552	252	81	Europe	CONTINENT
47552	252	133	Hungary	COUNTRY
47552	254	0	That very year	DATE
47552	254	91	about September, October, 1945	DATE
47552	254	135	1946	DATE
47552	254	144	'47	DATE
47552	255	78	Hungary	COUNTRY
47552	256	34	country	GEONOUN
47552	256	162	state	GEONOUN
47552	256	171	country	GEONOUN
47552	256	229	country	GEONOUN
47552	256	401	27 years	DATE
47552	256	419	Hungary	COUNTRY
47552	257	20	country	GEONOUN
47552	257	38	country	GEONOUN
47552	257	115	spot	GEONOUN
47552	257	123	Hungary	COUNTRY
47552	257	175	grave	GEONOUN
47552	257	207	cemetery	GEONOUN
47552	257	275	house	GEONOUN
47552	258	29	camp	GEONOUN
47552	258	57	hospital	GEONOUN
47552	259	3	Kempten	CAMP
47552	259	26	Germany	COUNTRY
47552	259	86	camp	GEONOUN
47552	261	61	post	GEONOUN
47552	261	79	barracks	GEONOUN
47552	261	108	field hospital	GEONOUN
47552	263	122	Bavaria	PLACE
47552	263	212	surroundings	GEONOUN
47552	263	228	Munich	CITY
47552	263	275	Bavaria	PLACE
47552	266	13	hospital	GEONOUN
47552	266	68	hospital	GEONOUN
47552	266	131	Jewish	GEONOUN
47552	266	180	Jewish	GEONOUN
47552	266	206	Cologne	CAMP
47552	268	28	the two years	DATE
47552	269	131	hospital	GEONOUN
47552	271	166	Jewish	GEONOUN
47552	271	200	about seven months	DATE
47552	272	46	camp	GEONOUN
47552	273	0	Wasserburg--	PLACE
47552	273	52	camp	GEONOUN
47552	273	58	Jewish	GEONOUN
47552	273	68	camp	GEONOUN
47552	273	109	South America	CONTINENT
47552	273	127	Chile	COUNTRY
47552	273	179	March 17, 1947	DATE
47552	275	11	March 1947	DATE
47552	275	35	train	GEONOUN
47552	275	46	Frankfurt	PLACE
47552	275	59	Paris	CITY
47552	275	74	three months	DATE
47552	275	90	Paris	CITY
47552	275	126	South America	CONTINENT
47552	275	157	Chile	COUNTRY
47552	276	50	three months	DATE
47552	276	66	Paris	CITY
47552	276	75	boat	GEONOUN
47552	276	129	Rio de Janeiro	CITY
47552	276	178	three-week	DATE
47552	276	197	Rio	PLACE
47552	276	242	Santiago	CITY
47552	276	252	Chile	COUNTRY
47552	276	258	crossing	GEONOUN
47552	276	271	continent	GEONOUN
47552	276	317	Chile	COUNTRY
47552	276	451	college	GEONOUN
47552	276	511	college	GEONOUN
47552	276	606	2 and 1/2 years	DATE
47552	277	50	six months	DATE
47552	277	88	the end of the year 1950	DATE
47552	277	207	evening	TIME
47552	277	215	school	GEONOUN
47552	277	625	the 1960s	DATE
47552	277	667	market	GEONOUN
47552	277	750	division	GEONOUN
47552	277	784	division	GEONOUN
47552	278	3	the mid 1950s	DATE
47552	278	80	Buenos Aires	CITY
47552	278	94	Argentina	COUNTRY
47552	278	284	Jewish	GEONOUN
47552	280	82	10 years	DATE
47552	280	145	40 years old	DATE
47552	280	181	Toronto	CITY
47552	280	230	three years younger	DATE
47552	280	296	this year	DATE
47552	281	299	Jewish	GEONOUN
47552	281	334	Jewish	GEONOUN
47552	281	387	Jewish	GEONOUN
47552	282	40	Holocaust	EVENT
47552	283	0	Jewish	GEONOUN
47552	286	25	'62	DATE
47552	286	97	11 years	DATE
47552	286	175	Santiago	CITY
47552	286	185	Chile	COUNTRY
47552	287	38	four months	DATE
47552	287	51	five months	DATE
47552	287	98	seven years	DATE
47552	287	318	three years	DATE
47552	287	333	Mexico	COUNTRY
47552	287	359	four years	DATE
47552	287	378	Chicago	CITY
47552	287	450	five years	DATE
47552	287	464	Ecuador	COUNTRY
47552	287	498	four or five months	DATE
47552	287	521	Peru	COUNTRY
47552	289	18	1966	DATE
47552	289	220	1971	DATE
47552	289	250	Hungary	COUNTRY
47552	290	168	26 years	DATE
47552	290	279	Greece	COUNTRY
47552	290	291	Turkey	COUNTRY
47552	290	303	Cyprus	COUNTRY
47552	290	333	Chicago	CITY
47552	290	361	'85	DATE
47552	290	388	58	DATE
47552	291	24	1987	DATE
47552	291	143	1954	DATE
47552	291	165	1987--	DATE
47552	291	178	1987	DATE
47552	291	190	US	PLACE
47552	292	54	South America	CONTINENT
47552	292	76	Chile	COUNTRY
47552	292	175	Chile	COUNTRY
47552	292	190	150 years ago	DATE
47552	292	237	Frankfurt	PLACE
47552	292	295	Chile	COUNTRY
47552	292	433	Jewish	GEONOUN
47552	292	568	150 years ago	DATE
47552	292	587	Jewish	GEONOUN
47552	292	688	Jewish	GEONOUN
47552	292	755	environment	GEONOUN
47552	292	848	Chile	COUNTRY
47552	292	917	country	GEONOUN
47552	292	951	the Western Hemisphere	PLACE
47552	292	981	US	PLACE
47552	292	988	Canada	COUNTRY
47552	292	1115	Jewish	GEONOUN
47552	292	1167	the Allende years	DATE
47552	292	1220	Jewish	GEONOUN
47552	292	1272	the Pinochet years	DATE
47552	292	1354	Jewish	GEONOUN
47552	293	51	France	COUNTRY
47552	293	103	Hungary	COUNTRY
47552	293	144	country	GEONOUN
47552	294	23	hometown	GEONOUN
47552	294	44	village	GEONOUN
47552	294	67	houses	GEONOUN
47552	294	102	cemetery	GEONOUN
47552	297	85	hometown	GEONOUN
47552	297	280	Hungary	COUNTRY
47552	297	387	a few years ago	DATE
47552	298	13	Auschwitz	CAMP
47552	298	63	camp	GEONOUN
47552	298	99	Auschwitz	CAMP
47552	298	385	Munich	CITY
47552	298	478	the last few years	DATE
47552	298	726	fell	GEONOUN
47552	298	803	building	GEONOUN
47552	298	940	barracks	GEONOUN
47552	298	974	spare parts	GEONOUN
47552	298	980	parts	GEONOUN
47552	298	1117	Germany	COUNTRY
47552	299	135	platform	GEONOUN
47552	299	193	many years later	DATE
47552	299	257	concentration camps	GEONOUN
47552	299	389	camp	GEONOUN
47552	299	525	Christmas Eve 1944	DATE
47552	299	554	Dachau	CITY
47552	299	564	concentration camp	GEONOUN
47552	300	104	three years ago	DATE
47552	301	208	labor camp	GEONOUN
47552	301	231	Ukraine	COUNTRY
47552	301	284	now	DATE
47552	301	288	81	DATE
47552	301	349	a few months ago	DATE
47552	301	384	Paris	CITY
47552	301	447	53	DATE
47552	303	16	the first 23 years	DATE
47552	308	254	World War II	EVENT
47552	308	268	20th century	DATE
47552	308	298	Holocaust	EVENT
47552	308	413	next year	DATE
47552	308	509	Holocaust	EVENT
47552	309	75	Auschwitz	CAMP
47552	309	117	Auschwitz	CAMP
47552	309	234	many, many years	DATE
47552	309	315	walls	GEONOUN
47552	309	324	buildings	GEONOUN
47552	309	480	camp	GEONOUN
47552	309	488	Kaufering	CAMP
47552	309	499	many years	DATE
47552	309	590	every evening	TIME
47552	309	613	camp	GEONOUN
47552	309	625	construction site	GEONOUN
47552	309	638	site	GEONOUN
47552	309	687	walls	GEONOUN
47552	309	901	Holocaust	EVENT
47552	309	1099	today	DATE
47552	309	1193	Washington	US-STATE
47552	309	1255	Dachau	CITY
47552	315	599	this week	DATE
