FileID	AnswerID	StartCharPos	Entity	Type
47856	3	7	Russia	COUNTRY
47856	5	0	January 16th, 1936	DATE
47856	7	14	Równe	PLACE
47856	7	21	Ukraine	COUNTRY
47856	7	34	Poland	COUNTRY
47856	7	55	Poland	COUNTRY
47856	7	66	1936	DATE
47856	10	125	1939	DATE
47856	10	227	Ukraine	COUNTRY
47856	10	235	territory	GEONOUN
47856	11	109	all my years--	DATE
47856	12	18	city	GEONOUN
47856	12	52	village	GEONOUN
47856	12	66	farm	GEONOUN
47856	12	120	trees	GEONOUN
47856	16	0	Hershel	PLACE
47856	21	114	Równe	PLACE
47856	22	3	1941	DATE
47856	22	32	1941	DATE
47856	23	243	garden	GEONOUN
47856	28	228	the age of three, three and 1/2	DATE
47856	30	76	Passover	DATE
47856	30	163	garden	GEONOUN
47856	31	68	Passover	EVENT
47856	41	6	Passover	EVENT
47856	42	82	Passover	DATE
47856	44	14	Jewish	GEONOUN
47856	44	87	village	GEONOUN
47856	44	96	Jewish	GEONOUN
47856	49	166	the big holidays	DATE
47856	49	277	house	GEONOUN
47856	49	343	synagogue	GEONOUN
47856	49	424	Friday	DATE
47856	53	9	1941	DATE
47856	53	75	village	GEONOUN
47856	53	99	Równe	PLACE
47856	53	136	house	GEONOUN
47856	53	381	city	GEONOUN
47856	53	464	city	GEONOUN
47856	53	581	house	GEONOUN
47856	53	626	the very early days	DATE
47856	53	708	cellar	GEONOUN
47856	53	729	barn	GEONOUN
47856	53	871	house	GEONOUN
47856	53	964	fall	GEONOUN
47856	53	1671	house	GEONOUN
47856	53	1790	house	GEONOUN
47856	53	2394	house	GEONOUN
47856	57	13	'41	DATE
47856	57	21	the summer or	DATE
47856	57	35	fall	GEONOUN
47856	57	43	'40-- late summer	DATE
47856	57	77	August	DATE
47856	57	98	September	DATE
47856	57	118	four and 1/2	DATE
47856	57	146	five	DATE
47856	57	152	Four and eight months	DATE
47856	57	175	four and nine month old	DATE
47856	61	78	village	GEONOUN
47856	61	172	city	GEONOUN
47856	61	476	city	GEONOUN
47856	61	493	village	GEONOUN
47856	61	707	village	GEONOUN
47856	63	30	city	GEONOUN
47856	64	92	Równe	PLACE
47856	67	6	1939	DATE
47856	67	12	1940	DATE
47856	67	70	only four years	DATE
47856	67	186	stone	GEONOUN
47856	67	219	stone	GEONOUN
47856	67	268	house	GEONOUN
47856	67	291	quarries	GEONOUN
47856	67	327	stone	GEONOUN
47856	67	572	city	GEONOUN
47856	67	589	market	GEONOUN
47856	68	26	Równe	PLACE
47856	69	70	city	GEONOUN
47856	72	69	Jewish	GEONOUN
47856	74	52	town	GEONOUN
47856	74	347	Równe	PLACE
47856	74	644	city	GEONOUN
47856	74	875	city	GEONOUN
47856	74	1381	road	GEONOUN
47856	74	1462	city	GEONOUN
47856	74	1567	city	GEONOUN
47856	74	1707	road	GEONOUN
47856	74	1798	road	GEONOUN
47856	74	1857	city	GEONOUN
47856	74	2176	foot	GEONOUN
47856	74	2429	city	GEONOUN
47856	74	2470	city	GEONOUN
47856	74	2537	tomorrow	DATE
47856	74	2613	village	GEONOUN
47856	74	2898	house	GEONOUN
47856	74	2957	city	GEONOUN
47856	74	3083	town	GEONOUN
47856	74	3154	village	GEONOUN
47856	74	3163	Next day	DATE
47856	74	3245	Jewish	GEONOUN
47856	74	3383	Równe	PLACE
47856	74	3441	house	GEONOUN
47856	74	3461	house	GEONOUN
47856	74	3537	Równe	PLACE
47856	74	3688	Jewish	GEONOUN
47856	74	3887	grave	GEONOUN
47856	74	4161	village	GEONOUN
47856	74	4455	house	GEONOUN
47856	74	4468	village	GEONOUN
47856	74	4613	town	GEONOUN
47856	74	4898	town	GEONOUN
47856	74	4909	village	GEONOUN
47856	74	5010	quarries	GEONOUN
47856	74	5837	village	GEONOUN
47856	74	5906	a couple of days	DATE
47856	74	5997	Jewish	GEONOUN
47856	74	6068	house	GEONOUN
47856	74	6140	house	GEONOUN
47856	74	6176	barn	GEONOUN
47856	74	6248	village	GEONOUN
47856	74	6473	house	GEONOUN
47856	74	6557	house	GEONOUN
47856	74	6634	barn	GEONOUN
47856	74	6848	village	GEONOUN
47856	74	6892	room	GEONOUN
47856	74	6928	house	GEONOUN
47856	74	7010	house	GEONOUN
47856	74	7070	house	GEONOUN
47856	74	7269	attic	GEONOUN
47856	74	7340	roof	GEONOUN
47856	74	7482	attic	GEONOUN
47856	74	7569	a year and a half	DATE
47856	74	7984	attic	GEONOUN
47856	74	8206	fall	GEONOUN
47856	74	8677	Winter	DATE
47856	74	8707	winters	DATE
47856	74	8746	Ukraine	COUNTRY
47856	74	9093	night	TIME
47856	74	9724	the winter	DATE
47856	74	9863	house	GEONOUN
47856	74	10031	house	GEONOUN
47856	74	11148	midnight	TIME
47856	74	11334	the winter	DATE
47856	74	11457	attic	GEONOUN
47856	74	11484	attic	GEONOUN
47856	74	11611	Germany	COUNTRY
47856	74	11626	village	GEONOUN
47856	74	11897	hiding place	GEONOUN
47856	74	11935	attic	GEONOUN
47856	74	12378	night	TIME
47856	74	12866	house	GEONOUN
47856	78	52	Polishuk	PLACE
47856	86	46	attic	GEONOUN
47856	86	173	early morning--	TIME
47856	86	234	house	GEONOUN
47856	86	417	barn	GEONOUN
47856	86	476	night	TIME
47856	97	12	a year younger	DATE
47856	98	64	attic	GEONOUN
47856	98	150	attic	GEONOUN
47856	98	235	attic	GEONOUN
47856	98	545	night	TIME
47856	98	577	daytime	TIME
47856	98	601	fields	GEONOUN
47856	98	765	July	DATE
47856	98	791	the year	DATE
47856	98	834	field	GEONOUN
47856	98	1301	a couple of days	DATE
47856	98	1610	more than a week	DATE
47856	98	1664	night	TIME
47856	98	1717	fields	GEONOUN
47856	98	1749	daytime	TIME
47856	98	1790	field	GEONOUN
47856	98	1836	field	GEONOUN
47856	98	2857	area	GEONOUN
47856	98	3090	territory	GEONOUN
47856	98	3162	Równe	PLACE
47856	102	183	tree	GEONOUN
47856	102	230	hole	GEONOUN
47856	102	264	tree	GEONOUN
47856	102	550	Passover	DATE
47856	102	600	quarries	GEONOUN
47856	102	782	house	GEONOUN
47856	102	813	house	GEONOUN
47856	107	363	night	TIME
47856	108	23	attic a year and a half	GEONOUN
47856	108	29	a year and a half	DATE
47856	108	74	a year and a half	DATE
47856	108	183	fall	GEONOUN
47856	108	189	winter	DATE
47856	109	35	the middle of '42	DATE
47856	111	193	Germany	COUNTRY
47856	112	8	a year and a half	DATE
47856	113	523	the winter	DATE
47856	113	568	attic	GEONOUN
47856	115	24	territory	GEONOUN
47856	115	107	spring	GEONOUN
47856	115	253	town	GEONOUN
47856	115	301	farm	GEONOUN
47856	115	573	Równe	PLACE
47856	115	664	a week	DATE
47856	115	710	Równe	PLACE
47856	117	26	house	GEONOUN
47856	117	152	house	GEONOUN
47856	117	296	rooms	GEONOUN
47856	117	358	house	GEONOUN
47856	117	404	house	GEONOUN
47856	117	434	rooms	GEONOUN
47856	117	500	upstairs	GEONOUN
47856	117	560	house	GEONOUN
47856	117	900	Równe	PLACE
47856	117	1128	rooms	GEONOUN
47856	117	1157	house	GEONOUN
47856	117	1309	Równe	PLACE
47856	117	1569	Równe	PLACE
47856	117	1622	every night--	TIME
47856	119	61	Jewish	GEONOUN
47856	119	701	Rowne--	PLACE
47856	119	845	cellar	GEONOUN
47856	119	867	house	GEONOUN
47856	119	933	house	GEONOUN
47856	119	1049	town	GEONOUN
47856	119	1181	town	GEONOUN
47856	119	1205	Rowne	PLACE
47856	119	1223	town	GEONOUN
47856	120	197	house	GEONOUN
47856	120	215	room	GEONOUN
47856	120	262	room	GEONOUN
47856	120	576	hospital	GEONOUN
47856	120	653	house	GEONOUN
47856	120	787	room	GEONOUN
47856	120	807	house	GEONOUN
47856	120	881	room	GEONOUN
47856	120	1053	house	GEONOUN
47856	120	1074	Jewish house	GEONOUN
47856	120	1081	house	GEONOUN
47856	120	1144	house	GEONOUN
47856	120	1217	house	GEONOUN
47856	120	1362	house	GEONOUN
47856	120	1463	hospital	GEONOUN
47856	120	1584	the day	DATE
47856	120	1615	house	GEONOUN
47856	120	1622	the next night	TIME
47856	120	1690	house	GEONOUN
47856	121	3	Rowne--	PLACE
47856	121	56	one more day	DATE
47856	121	264	Korzec	PLACE
47856	121	300	house	GEONOUN
47856	121	416	hospital	GEONOUN
47856	121	507	Rowne	PLACE
47856	121	867	Rowne	PLACE
47856	121	904	Korzec	PLACE
47856	121	948	Poland	COUNTRY
47856	121	955	up till '39	DATE
47856	121	1084	Poland	COUNTRY
47856	121	1235	Poland	COUNTRY
47856	121	1316	Poland	COUNTRY
47856	121	1503	fell	GEONOUN
47856	121	1701	house	GEONOUN
47856	121	1726	town	GEONOUN
47856	121	1732	Korzec	PLACE
47856	121	1819	Poland	COUNTRY
47856	121	1834	Germany	COUNTRY
47856	121	1868	camp	GEONOUN
47856	121	1950	road	GEONOUN
47856	121	2054	1949	DATE
47856	121	2073	United States	COUNTRY
47856	122	62	Korzec	PLACE
47856	122	149	20 years	DATE
47856	122	224	school	GEONOUN
47856	123	112	Rowne	PLACE
47856	123	127	village	GEONOUN
47856	123	136	The next day	DATE
47856	123	393	Rowne	PLACE
47856	125	65	'43	DATE
47856	125	79	about seven years old	DATE
47856	125	102	Seven	DATE
47856	126	26	school	GEONOUN
47856	126	48	eight and a half	TIME
47856	126	80	nine	DATE
47856	128	16	school	GEONOUN
47856	128	62	town	GEONOUN
47856	128	539	every winter	DATE
47856	128	756	school	GEONOUN
47856	128	776	town	GEONOUN
47856	128	925	farms	GEONOUN
47856	128	996	Soviet Union	PLACE
47856	128	1295	school	GEONOUN
47856	128	1373	Jewish	GEONOUN
47856	128	1547	Poland	COUNTRY
47856	128	1576	territory	GEONOUN
47856	128	1658	school	GEONOUN
47856	128	1829	Leningrad	PLACE
47856	128	1927	Leningrad	PLACE
47856	128	1959	Leningrad	PLACE
47856	129	422	factory	GEONOUN
47856	130	109	garden	GEONOUN
47856	130	381	Leningrad	PLACE
47856	133	264	town	GEONOUN
47856	135	37	high school	GEONOUN
47856	135	68	school	GEONOUN
47856	135	83	town	GEONOUN
47856	135	105	synagogue	GEONOUN
47856	135	166	house	GEONOUN
47856	135	234	Passover	EVENT
47856	135	288	house	GEONOUN
47856	135	409	Jewish	GEONOUN
47856	135	433	school	GEONOUN
47856	135	554	Jewish	GEONOUN
47856	135	777	Korzec	PLACE
47856	135	952	1947, '46	DATE
47856	135	1001	Poland	COUNTRY
47856	135	1078	Poland	COUNTRY
47856	135	1238	Poland	COUNTRY
47856	136	40	Passover	EVENT
47856	136	73	Yom Kippur--	DATE
47856	136	184	Korzec	PLACE
47856	136	212	Leningrad	PLACE
47856	137	35	synagogue	GEONOUN
47856	139	26	spring	GEONOUN
47856	139	56	the year	DATE
47856	139	93	Ukraine	COUNTRY
47856	139	105	Korzec	PLACE
47856	139	138	school	GEONOUN
47856	140	16	high school	GEONOUN
47856	140	47	high school	GEONOUN
47856	140	62	Leningrad	PLACE
47856	140	164	Leningrad	PLACE
47856	140	265	two or three years	DATE
47856	141	84	high school	GEONOUN
47856	141	123	building	GEONOUN
47856	141	134	house	GEONOUN
47856	141	163	Leningrad	PLACE
47856	142	46	building	GEONOUN
47856	142	57	house	GEONOUN
47856	142	163	high school	GEONOUN
47856	142	222	house	GEONOUN
47856	142	291	Ukraine	COUNTRY
47856	142	312	Leningrad	PLACE
47856	142	342	house	GEONOUN
47856	142	381	house	GEONOUN
47856	142	449	high school	GEONOUN
47856	142	663	high school	GEONOUN
47856	142	712	college	GEONOUN
47856	143	151	theater	GEONOUN
47856	143	240	high school	GEONOUN
47856	143	279	high school	GEONOUN
47856	143	328	Ukraine	COUNTRY
47856	143	525	3 SECONDS	DATE
47856	143	557	Ukraine	COUNTRY
47856	143	611	Russia	COUNTRY
47856	143	688	Ukraine	COUNTRY
47856	145	82	college	GEONOUN
47856	145	138	Jewish	GEONOUN
47856	145	245	school	GEONOUN
47856	145	321	school	GEONOUN
47856	146	6	school	GEONOUN
47856	146	48	house	GEONOUN
47856	146	168	house	GEONOUN
47856	146	197	city	GEONOUN
47856	146	207	house	GEONOUN
47856	146	232	edge	GEONOUN
47856	146	244	city	GEONOUN
47856	146	257	edge	GEONOUN
47856	146	269	city	GEONOUN
47856	147	42	the first three years	DATE
47856	147	162	Russia	COUNTRY
47856	147	487	the third year	DATE
47856	148	236	institution	GEONOUN
47856	148	280	five-year	DATE
47856	148	410	timber	GEONOUN
47856	149	538	20 years	DATE
47856	150	20	my first year	DATE
47856	150	42	college	GEONOUN
47856	150	65	college	GEONOUN
47856	150	91	New Year's	EVENT
47856	150	206	wintertime	DATE
47856	150	218	New Year's	EVENT
47856	150	252	March	DATE
47856	150	263	February	DATE
47856	150	305	February	DATE
47856	151	0	1957	DATE
47856	151	6	1957	DATE
47856	152	53	the States	PLACE
47856	153	35	flats	GEONOUN
47856	153	58	house	GEONOUN
47856	153	472	flat	GEONOUN
47856	153	565	flat	GEONOUN
47856	153	1102	Soviet Union	PLACE
47856	155	15	1962	DATE
47856	159	82	school	GEONOUN
47856	159	204	school	GEONOUN
47856	159	581	raise	GEONOUN
47856	159	642	raise	GEONOUN
47856	161	119	waste	GEONOUN
47856	161	200	waste	GEONOUN
47856	162	123	Afghanistan	COUNTRY
47856	162	147	17	DATE
47856	162	162	18	DATE
47856	162	224	Afghanistan	COUNTRY
47856	162	549	Soviet Union	PLACE
47856	162	578	States	PLACE
47856	162	725	flat	GEONOUN
47856	162	740	flats	GEONOUN
47856	162	756	house	GEONOUN
47856	162	1444	Israel	COUNTRY
47856	162	1476	the United States	COUNTRY
47856	164	3	1980	DATE
47856	164	9	July 10, 1980	DATE
47856	164	261	Russia	COUNTRY
47856	165	49	Jewish	GEONOUN
47856	168	278	synagogue	GEONOUN
47856	169	33	Holocaust	EVENT
47856	183	82	1939, 1940	DATE
47856	187	3	Rowne	PLACE
47856	189	104	the late '50s	DATE
47856	189	171	1964	DATE
47856	189	217	the middle '80s	DATE
47856	190	25	Leningrad	PLACE
47856	190	173	Rowne	PLACE
47856	190	250	the mid '50s	DATE
47856	190	289	Rowne	PLACE
47856	191	96	1960	DATE
47856	192	3	Leningrad	PLACE
47856	192	146	1965	DATE
47856	193	3	Leningrad	PLACE
47856	193	138	1969	DATE
47856	193	146	Leningrad	PLACE
47856	194	11	first day	DATE
47856	194	24	school	GEONOUN
47856	197	0	'60s	DATE
47856	197	6	Late '60s	DATE
47856	197	19	Leningrad	PLACE
47856	197	167	June-- June of 1992	DATE
47856	197	190	Greensboro	CITY
47856	197	202	United States	COUNTRY
47856	197	452	1997	DATE
47856	197	460	Greensboro	CITY
47856	197	472	United States	COUNTRY
