FileID	AnswerID	StartCharPos	Entity	Type
47901	11	0	July 6, 1928	DATE
47901	11	17	Bodrogkeresztur	PLACE
47901	11	34	Hungary	COUNTRY
47901	17	195	48-year-old	DATE
47901	17	303	96-year-old	DATE
47901	17	332	Auschwitz	CAMP
47901	22	38	store	GEONOUN
47901	22	102	house	GEONOUN
47901	22	127	store	GEONOUN
47901	25	28	Miskolc	CITY
47901	25	53	city	GEONOUN
47901	27	125	community	GEONOUN
47901	28	187	school	GEONOUN
47901	32	118	40	DATE
47901	39	139	the 1914	DATE
47901	41	47	18-year-old	DATE
47901	42	13	a couple years	DATE
47901	42	41	prison	GEONOUN
47901	42	51	Russia	COUNTRY
47901	43	38	Russia	COUNTRY
47901	43	236	Russia	COUNTRY
47901	43	250	prison	GEONOUN
47901	43	270	weeks	DATE
47901	43	382	Weeks	DATE
47901	43	389	weeks	DATE
47901	43	428	Russia	COUNTRY
47901	43	528	prison	GEONOUN
47901	44	8	Keresztur	PLACE
47901	45	143	Keresztur	PLACE
47901	48	95	town	GEONOUN
47901	48	158	shadchan	PLACE
47901	50	676	night	TIME
47901	51	174	the Munka Tabor	PLACE
47901	51	371	store	GEONOUN
47901	51	416	Eight months	DATE
47901	51	515	Budapest	CITY
47901	51	549	ghetto	GEONOUN
47901	51	605	Budapest	CITY
47901	51	625	Keresztur	PLACE
47901	51	639	Shabbos	DATE
47901	52	101	ghetto	GEONOUN
47901	52	164	Jewish	GEONOUN
47901	52	419	Budapest	CITY
47901	52	519	train	GEONOUN
47901	52	696	ghetto	GEONOUN
47901	55	351	town	GEONOUN
47901	55	371	town	GEONOUN
47901	56	19	1943	DATE
47901	57	70	ghetto	GEONOUN
47901	57	223	yard	GEONOUN
47901	57	292	15 and 1/2 years old	DATE
47901	62	233	restaurant	GEONOUN
47901	62	253	hall	GEONOUN
47901	63	144	Olaszliszka	PLACE
47901	63	166	town	GEONOUN
47901	63	325	Ihel	PLACE
47901	63	359	Ihel	PLACE
47901	63	456	Ihel	PLACE
47901	63	508	Olaszliszka	PLACE
47901	63	553	Ihel	PLACE
47901	66	12	Hungary	COUNTRY
47901	67	5	Hungary	COUNTRY
47901	67	54	school	GEONOUN
47901	68	186	recess	GEONOUN
47901	68	354	today	DATE
47901	68	367	Jewish	GEONOUN
47901	68	718	nine years	DATE
47901	68	793	school	GEONOUN
47901	68	948	15-year-olds	DATE
47901	68	1016	classroom	GEONOUN
47901	68	1040	Jewish	GEONOUN
47901	68	1119	Munkacs	PLACE
47901	68	1742	So many years	DATE
47901	71	93	Jewish	GEONOUN
47901	71	174	Jewish	GEONOUN
47901	72	4	town	GEONOUN
47901	72	36	town	GEONOUN
47901	72	53	town	GEONOUN
47901	74	24	street	GEONOUN
47901	75	7	main street	GEONOUN
47901	78	20	plain	GEONOUN
47901	79	53	Tokaj	PLACE
47901	79	78	Tokaj	PLACE
47901	80	33	store	GEONOUN
47901	80	65	room	GEONOUN
47901	80	94	room	GEONOUN
47901	80	234	room	GEONOUN
47901	80	253	summertime	DATE
47901	80	304	room	GEONOUN
47901	80	387	room	GEONOUN
47901	80	402	room	GEONOUN
47901	80	441	room	GEONOUN
47901	86	29	yard	GEONOUN
47901	88	14	room	GEONOUN
47901	92	15	Jewish	GEONOUN
47901	92	55	Shabbos	PLACE
47901	100	241	America	COUNTRY
47901	100	365	1938	DATE
47901	100	383	America	COUNTRY
47901	100	520	houses	GEONOUN
47901	100	535	house	GEONOUN
47901	100	572	house	GEONOUN
47901	102	107	town	GEONOUN
47901	103	614	Hungary	COUNTRY
47901	104	3	train	GEONOUN
47901	105	13	A half an hour	TIME
47901	105	50	15 minutes	TIME
47901	105	70	train	GEONOUN
47901	105	308	station	GEONOUN
47901	105	369	every day	DATE
47901	106	125	a minute	TIME
47901	106	238	stone	GEONOUN
47901	106	257	city	GEONOUN
47901	106	372	building	GEONOUN
47901	106	387	houses	GEONOUN
47901	106	481	store	GEONOUN
47901	107	42	store	GEONOUN
47901	113	286	city	GEONOUN
47901	115	191	Purim	DATE
47901	117	235	house	GEONOUN
47901	117	516	eight months	DATE
47901	117	605	1946	DATE
47901	117	623	town	GEONOUN
47901	117	712	a half a year	DATE
47901	117	729	a year	DATE
47901	118	6	16	DATE
47901	119	231	15	DATE
47901	119	450	teenager years	DATE
47901	124	59	an hour	TIME
47901	127	18	'43	DATE
47901	131	17	1943	DATE
47901	135	253	one Shabbos morning	TIME
47901	135	382	that Shabbos	TIME
47901	135	395	morning	TIME
47901	136	47	town	GEONOUN
47901	137	56	station	GEONOUN
47901	137	75	station	GEONOUN
47901	137	248	station	GEONOUN
47901	145	28	about a year	DATE
47901	146	118	night	TIME
47901	146	160	night	TIME
47901	146	199	windows	GEONOUN
47901	148	3	Germany	COUNTRY
47901	151	15	Pesach	DATE
47901	152	18	1944	DATE
47901	158	204	windows	GEONOUN
47901	158	282	town	GEONOUN
47901	162	15	'44, 1944	DATE
47901	162	39	'44	DATE
47901	169	54	ghetto	GEONOUN
47901	169	69	ghetto	GEONOUN
47901	173	23	school	GEONOUN
47901	176	41	school	GEONOUN
47901	176	133	the holiday	DATE
47901	176	161	Pesach	DATE
47901	176	238	school	GEONOUN
47901	177	76	Seder	EVENT
47901	177	120	Pesach	DATE
47901	177	143	a couple days	DATE
47901	177	171	Pesach	DATE
47901	177	194	Maybe two, three days	DATE
47901	177	253	Sunday	DATE
47901	177	260	afternoon	TIME
47901	177	290	town	GEONOUN
47901	177	305	town	GEONOUN
47901	179	4	Jewish	GEONOUN
47901	179	16	Jewish	GEONOUN
47901	180	36	Jewish	GEONOUN
47901	180	180	house	GEONOUN
47901	181	228	a couple of days	DATE
47901	181	248	two days	DATE
47901	185	337	two days	DATE
47901	188	105	station	GEONOUN
47901	189	64	train station	GEONOUN
47901	189	102	Ujhely	PLACE
47901	191	63	houses	GEONOUN
47901	191	125	house	GEONOUN
47901	192	17	fence	GEONOUN
47901	192	36	ghetto	GEONOUN
47901	195	87	house	GEONOUN
47901	196	8	1940	DATE
47901	198	120	Sárospatak	PLACE
47901	199	237	night	TIME
47901	199	248	one night--	TIME
47901	200	199	the weekend	DATE
47901	203	103	a Thursday	DATE
47901	205	44	store	GEONOUN
47901	205	66	store	GEONOUN
47901	206	138	cellars	GEONOUN
47901	207	81	ghetto	GEONOUN
47901	219	54	building	GEONOUN
47901	219	70	yard	GEONOUN
47901	219	104	house	GEONOUN
47901	219	125	yard	GEONOUN
47901	219	225	ghetto	GEONOUN
47901	222	82	this week	DATE
47901	222	262	ghetto	GEONOUN
47901	223	28	today	DATE
47901	224	56	Auschwitz	CAMP
47901	224	106	the day	DATE
47901	225	147	ghetto	GEONOUN
47901	225	174	town	GEONOUN
47901	225	192	store	GEONOUN
47901	225	213	the early morning--	TIME
47901	225	252	Early morning	TIME
47901	227	100	Budapest	CITY
47901	228	55	Budapest	CITY
47901	228	116	ghetto	GEONOUN
47901	230	28	Tokaj	PLACE
47901	230	392	today	DATE
47901	231	18	Jewish	GEONOUN
47901	232	6	Shavuos	EVENT
47901	232	24	Maybe two days	DATE
47901	235	52	train	GEONOUN
47901	235	75	train	GEONOUN
47901	235	184	station	GEONOUN
47901	236	57	train	GEONOUN
47901	236	307	windows	GEONOUN
47901	240	27	Poland	COUNTRY
47901	243	548	48 year old	DATE
47901	243	763	a second	TIME
47901	243	799	a second	TIME
47901	243	825	second	TIME
47901	243	924	building	GEONOUN
47901	247	86	Auschwitz	CAMP
47901	248	114	Plaszów--	PLACE
47901	251	84	Auschwitz	CAMP
47901	251	147	house	GEONOUN
47901	251	165	room	GEONOUN
47901	251	186	garage	GEONOUN
47901	251	232	block	GEONOUN
47901	251	315	walls	GEONOUN
47901	251	329	ceiling	GEONOUN
47901	251	717	ceiling	GEONOUN
47901	251	730	roof	GEONOUN
47901	252	124	block	GEONOUN
47901	252	168	building	GEONOUN
47901	252	485	Plaszów	PLACE
47901	257	402	wood	GEONOUN
47901	261	192	barracks	GEONOUN
47901	264	31	Hungary	COUNTRY
47901	265	47	Czechoslovakia	COUNTRY
47901	265	155	Plaszów	PLACE
47901	265	1111	a 15 and 1/2 year	DATE
47901	265	1467	street	GEONOUN
47901	265	1674	yard	GEONOUN
47901	265	1714	house	GEONOUN
47901	265	1760	tower	GEONOUN
47901	265	2381	one minute	TIME
47901	265	2417	a minute	TIME
47901	265	2498	block	GEONOUN
47901	265	2655	the 16th Avenue	PLACE
47901	265	2674	13th Avenue	PLACE
47901	265	2764	house	GEONOUN
47901	265	2777	block	GEONOUN
47901	265	4018	barracks	GEONOUN
47901	267	36	ghetto	GEONOUN
47901	267	65	town	GEONOUN
47901	267	76	Keresztúr	PLACE
47901	268	34	barracks	GEONOUN
47901	269	35	night	TIME
47901	272	19	the morning	TIME
47901	275	19	raise	GEONOUN
47901	275	37	early morning	TIME
47901	275	52	early morning	TIME
47901	276	264	The morning	TIME
47901	283	3	Plaszow	PLACE
47901	284	57	Auschwitz	CAMP
47901	285	3	train	GEONOUN
47901	290	47	stone	GEONOUN
47901	290	63	stone	GEONOUN
47901	294	32	one day	DATE
47901	294	86	One day	DATE
47901	298	589	stone	GEONOUN
47901	298	854	years before	DATE
47901	298	873	Poland	COUNTRY
47901	298	1316	house	GEONOUN
47901	298	1465	years	DATE
47901	298	1522	years	DATE
47901	298	1858	16 years	DATE
47901	298	1867	today	DATE
47901	298	1921	today	DATE
47901	298	1937	my 16th birthday	DATE
47901	303	0	Ruchel	PLACE
47901	303	306	hill	GEONOUN
47901	306	158	Auschwitz	CAMP
47901	306	201	Leipzig	CITY
47901	307	43	Auschwitz	CAMP
47901	314	382	Leipzig	CITY
47901	314	441	two weeks	DATE
47901	314	457	two weeks	DATE
47901	314	487	one night	TIME
47901	314	516	forest	GEONOUN
47901	314	671	forest	GEONOUN
47901	314	701	the night	TIME
47901	315	147	now	DATE
47901	315	284	city	GEONOUN
47901	317	330	this terrible,	TIME
47901	317	354	night	TIME
47901	317	541	forest	GEONOUN
47901	317	711	this night	TIME
47901	317	798	night	TIME
47901	323	709	stable	GEONOUN
47901	332	65	Auschwitz	CAMP
47901	332	92	Auschwitz	CAMP
47901	332	146	Auschwitz	CAMP
47901	337	43	Auschwitz	CAMP
47901	337	76	weeks	DATE
47901	337	175	train	GEONOUN
47901	337	184	Leipzig	CITY
47901	337	196	Markkleeberg	CITY
47901	337	246	town	GEONOUN
47901	337	257	barracks	GEONOUN
47901	337	351	barracks	GEONOUN
47901	337	391	barracks	GEONOUN
47901	337	415	every week	DATE
47901	337	461	one week	DATE
47901	337	490	one week	DATE
47901	340	207	morning	TIME
47901	340	228	the afternoon	TIME
47901	340	248	the next day	DATE
47901	342	18	clinic	GEONOUN
47901	343	6	infirmary	GEONOUN
47901	343	40	nurses	GEONOUN
47901	343	104	Ujhely	PLACE
47901	343	373	today	DATE
47901	343	380	tomorrow	DATE
47901	343	437	crematorium	GEONOUN
47901	343	474	Auschwitz	CAMP
47901	343	514	maybe an hour	TIME
47901	344	14	Hungary	COUNTRY
47901	344	71	Leipzig	CITY
47901	345	0	A whole day	DATE
47901	345	13	A whole day	DATE
47901	345	26	the early morning	TIME
47901	345	50	late at night	TIME
47901	345	84	a whole night	TIME
47901	347	10	Sundays	DATE
47901	347	115	Sundays	DATE
47901	349	198	Jewish	GEONOUN
47901	353	22	Leipzig	CITY
47901	353	57	Plaszow	PLACE
47901	353	95	barracks	GEONOUN
47901	357	28	fell	GEONOUN
47901	359	43	fell	GEONOUN
47901	360	17	Pesach	EVENT
47901	360	45	Pesach	EVENT
47901	368	156	basements	GEONOUN
47901	368	243	basement	GEONOUN
47901	371	79	two weeks	DATE
47901	373	143	fell	GEONOUN
47901	381	54	Dresden	CITY
47901	381	74	city	GEONOUN
47901	381	171	house	GEONOUN
47901	382	19	night	TIME
47901	383	3	night	TIME
47901	383	208	mountain	GEONOUN
47901	383	230	mountain	GEONOUN
47901	383	607	these two weeks	DATE
47901	385	16	street	GEONOUN
47901	386	0	Two weeks.	DATE
47901	386	11	Two weeks	DATE
47901	387	8	Theresienstadt	CAMP
47901	387	40	Theresienstadt	CAMP
47901	389	22	building	GEONOUN
47901	389	217	Vienna	CITY
47901	389	433	Vienna	CITY
47901	390	135	Theresienstadt	CAMP
47901	390	174	a week	DATE
47901	390	184	two weeks	DATE
47901	391	602	Theresienstadt	CAMP
47901	391	625	about two weeks	DATE
47901	392	5	Shabbos	DATE
47901	392	14	Shabbos morning	DATE
47901	392	35	Shabbos morning	DATE
47901	392	73	Shabbos	DATE
47901	392	81	morning	TIME
47901	392	146	the night--	TIME
47901	394	24	Theresienstadt	CAMP
47901	394	162	three days	DATE
47901	394	210	city	GEONOUN
47901	395	44	wood	GEONOUN
47901	396	10	windows	GEONOUN
47901	396	124	crematorium	GEONOUN
47901	396	217	store	GEONOUN
47901	396	335	Shabbos	PLACE
47901	396	444	store	GEONOUN
47901	396	480	houses	GEONOUN
47901	396	528	houses	GEONOUN
47901	397	460	city	GEONOUN
47901	397	533	station	GEONOUN
47901	397	708	night	TIME
47901	397	731	train	GEONOUN
47901	397	782	train	GEONOUN
47901	399	13	train	GEONOUN
47901	399	122	train	GEONOUN
47901	399	137	train	GEONOUN
47901	399	507	night	TIME
47901	399	692	house	GEONOUN
47901	401	65	city	GEONOUN
47901	401	106	houses	GEONOUN
47901	401	129	house	GEONOUN
47901	403	197	1946	DATE
47901	403	373	1949	DATE
47901	404	0	'48. '48	DATE
47901	405	316	16-year-old	DATE
47901	405	344	16 and 1/2	DATE
47901	405	494	field	GEONOUN
47901	405	581	America	COUNTRY
47901	405	619	Ujhely	PLACE
47901	408	58	Budapest	CITY
47901	409	26	Theresienstadt	CAMP
47901	410	3	Vienna	CITY
47901	412	213	2 and 1/2	DATE
47901	412	428	train station	GEONOUN
47901	412	463	Budapest	CITY
47901	412	494	town	GEONOUN
47901	412	843	Budapest	CITY
47901	412	1063	Budapest	CITY
47901	412	1110	town	GEONOUN
47901	413	11	city	GEONOUN
47901	413	125	a week	DATE
47901	413	135	two weeks	DATE
47901	416	199	Haganah	PLACE
47901	416	436	school	GEONOUN
47901	416	643	2 o'clock	TIME
47901	417	150	Wien	CAMP
47901	417	156	Vienna	CITY
47901	417	175	the Rothschild Hospital	PLACE
47901	417	253	a Friday	TIME
47901	417	467	room	GEONOUN
47901	417	662	apartment	GEONOUN
47901	417	780	Vienna	CITY
47901	417	1213	apartment	GEONOUN
47901	417	1279	house	GEONOUN
47901	417	1538	room	GEONOUN
47901	417	1619	room	GEONOUN
47901	417	2111	Shabbos	DATE
47901	417	2248	house	GEONOUN
47901	417	2272	apartment	GEONOUN
47901	417	2461	Hanukkah	DATE
47901	417	2507	Hanukkah	DATE
47901	417	2534	December	DATE
47901	417	2561	New Year	EVENT
47901	417	2575	New Year	EVENT
47901	418	16	Salzburg	CITY
47901	419	32	1980	DATE
47901	419	50	a minute	TIME
47901	419	74	1948	DATE
47901	419	80	December	DATE
47901	419	90	November	DATE
47901	419	103	December	DATE
47901	419	131	1949--	DATE
47901	419	145	New Year's Eve	DATE
47901	419	352	train	GEONOUN
47901	419	380	Salzburg	CITY
47901	422	631	room	GEONOUN
47901	422	819	a week--	DATE
47901	422	860	room next day	GEONOUN
47901	422	865	next day	DATE
47901	422	884	a week later	DATE
47901	427	58	Parsch	PLACE
47901	428	51	Munchen	CAMP
47901	429	20	1950	DATE
47901	429	33	Pesach	EVENT
47901	431	18	America	COUNTRY
47901	435	57	16 months old	DATE
47901	436	3	Salzburg	CITY
47901	436	92	factory	GEONOUN
47901	436	343	1950	DATE
47901	436	406	a year	DATE
47901	436	426	New York	US-STATE
47901	436	506	1954	DATE
47901	436	575	December, '53	DATE
47901	437	3	Baltimore	CITY
47901	437	46	'53	DATE
47901	437	59	'53	DATE
47901	437	72	'53	DATE
47901	438	0	'53	DATE
47901	438	14	'52	DATE
47901	439	7	'52	DATE
47901	439	425	Baltimore	CITY
47901	439	439	Chicago	CITY
47901	439	451	Detroit	CITY
47901	439	794	city	GEONOUN
47901	439	808	New York	US-STATE
47901	439	821	Baltimore	CITY
47901	439	971	tomorrow	DATE
47901	439	981	next day	DATE
47901	439	991	tomorrow	DATE
47901	439	1007	next week	DATE
47901	439	1034	one day	DATE
47901	439	1543	house	GEONOUN
47901	439	1568	house	GEONOUN
47901	439	1711	'50--	DATE
47901	439	1748	'50	DATE
47901	439	1755	'52	DATE
47901	439	1767	'52	DATE
47901	439	1787	'52	DATE
47901	439	1831	house	GEONOUN
47901	439	1885	three year old--	DATE
47901	439	1974	1949	DATE
47901	439	1991	three year old	DATE
47901	439	2024	'52	DATE
47901	439	2051	three year old	DATE
47901	440	348	about two months	DATE
47901	440	366	three months later	DATE
47901	441	30	1980	DATE
47901	441	104	Baltimore	CITY
47901	443	37	a year--	DATE
47901	443	78	house	GEONOUN
47901	443	105	a year	DATE
47901	443	328	3 SECONDS	DATE
47901	443	383	six years	DATE
47901	443	396	seven years	DATE
47901	444	27	three years	DATE
47901	445	33	Last night--	TIME
47901	445	191	every day	DATE
47901	445	248	every morning	TIME
47901	445	285	hospital	GEONOUN
47901	445	344	steps	GEONOUN
47901	445	446	7 o'clock	TIME
47901	445	484	hospital	GEONOUN
47901	452	40	Baltimore	CITY
47901	453	14	Auschwitz	CAMP
47901	456	582	15	DATE
47901	456	609	Today	DATE
47901	457	121	Theresienstadt	CAMP
47901	458	51	48-year-old	DATE
47901	459	183	Baltimore	CITY
47901	459	573	Baltimore	CITY
47901	460	15	Yiddin	PLACE
47901	466	12	Munka Tabor	PLACE
47901	467	17	Munka Tabor	PLACE
