FileID	AnswerID	StartCharPos	Entity	Type
47918	0	5	afternoon	TIME
47918	5	67	hometown	GEONOUN
47918	7	11	April 23, 1923	DATE
47918	8	3	Mlawa	PLACE
47918	8	10	Poland	COUNTRY
47918	10	30	Warsaw	CITY
47918	10	75	Bialystok	PLACE
47918	15	46	store	GEONOUN
47918	15	119	store	GEONOUN
47918	15	146	town	GEONOUN
47918	15	205	the years	DATE
47918	16	58	raise	GEONOUN
47918	16	312	those days	DATE
47918	16	408	Thursday	DATE
47918	16	417	night	TIME
47918	16	432	Shabbat	DATE
47918	16	1026	daily	DATE
47918	16	1073	the morning	TIME
47918	16	1190	synagogue	GEONOUN
47918	16	1272	house	GEONOUN
47918	16	1307	school	GEONOUN
47918	16	1367	store	GEONOUN
47918	16	1421	evening	TIME
47918	16	1513	the evening	TIME
47918	16	1638	community	GEONOUN
47918	16	2261	the following day	DATE
47918	16	2303	yesterday	DATE
47918	16	3080	house	GEONOUN
47918	16	3124	store	GEONOUN
47918	16	3328	Thursday	DATE
47918	16	3491	Friday	DATE
47918	16	3498	morning	TIME
47918	16	3561	house	GEONOUN
47918	16	3702	Friday	DATE
47918	16	3709	afternoon	TIME
47918	16	3741	Friday	DATE
47918	16	3748	morning	TIME
47918	16	3764	Friday	DATE
47918	16	3775	the busiest day of the week--	DATE
47918	16	3805	one of the busiest day of the week	DATE
47918	16	3847	store	GEONOUN
47918	16	3892	store	GEONOUN
47918	16	4317	camp	GEONOUN
47918	16	4346	Israel	COUNTRY
47918	16	4726	America	COUNTRY
47918	16	4741	the First World War	EVENT
47918	16	4818	America	COUNTRY
47918	18	645	weekly	DATE
47918	18	723	every Friday	DATE
47918	18	736	night	TIME
47918	18	778	Jewish	GEONOUN
47918	18	877	synagogue	GEONOUN
47918	18	1434	daily	DATE
47918	18	1516	afternoon	TIME
47918	18	1588	daily	DATE
47918	18	1611	synagogue	GEONOUN
47918	18	1635	Shabbat	DATE
47918	19	68	1918	DATE
47918	19	103	monument	GEONOUN
47918	19	230	a year after	DATE
47918	20	174	those days	DATE
47918	20	295	hours upon hours	TIME
47918	20	692	many years	DATE
47918	20	1769	Israel	COUNTRY
47918	21	14	apartment	GEONOUN
47918	21	76	apartment	GEONOUN
47918	21	143	room	GEONOUN
47918	21	169	room	GEONOUN
47918	21	186	room	GEONOUN
47918	21	560	house	GEONOUN
47918	21	601	school	GEONOUN
47918	21	688	house	GEONOUN
47918	21	714	house	GEONOUN
47918	21	757	house	GEONOUN
47918	21	793	house	GEONOUN
47918	21	838	room	GEONOUN
47918	21	1012	the days of the week	DATE
47918	21	1154	the age of 15, 17	DATE
47918	21	1273	the special day of the week	DATE
47918	21	1331	25, 26 hours	TIME
47918	21	1404	synagogue	GEONOUN
47918	22	50	apartment	GEONOUN
47918	22	151	apartment	GEONOUN
47918	22	186	apartment	GEONOUN
47918	22	205	the last few years	DATE
47918	22	278	apartment	GEONOUN
47918	24	177	house	GEONOUN
47918	24	359	town	GEONOUN
47918	24	461	Jewish	GEONOUN
47918	24	486	town	GEONOUN
47918	24	571	town	GEONOUN
47918	25	127	Jewish community	GEONOUN
47918	25	134	community	GEONOUN
47918	25	185	Jewish community	GEONOUN
47918	25	192	community	GEONOUN
47918	26	61	those days	DATE
47918	26	75	Poland	COUNTRY
47918	26	185	Jewish community	GEONOUN
47918	26	192	community	GEONOUN
47918	26	216	rise	GEONOUN
47918	26	305	the 1890s--	DATE
47918	26	320	1890	DATE
47918	26	326	1880s	DATE
47918	26	357	the '20s	DATE
47918	26	369	the '30s	DATE
47918	26	402	hometown	GEONOUN
47918	26	447	Jewish	GEONOUN
47918	26	542	Jewish state	GEONOUN
47918	26	549	state	GEONOUN
47918	26	645	Israel	COUNTRY
47918	26	714	state	GEONOUN
47918	26	725	Jewish state	GEONOUN
47918	26	732	state	GEONOUN
47918	26	757	state	GEONOUN
47918	26	797	Jewish state	GEONOUN
47918	26	804	state	GEONOUN
47918	26	828	Jewish	GEONOUN
47918	26	1050	ground	GEONOUN
47918	26	1067	farms	GEONOUN
47918	26	1442	land	GEONOUN
47918	26	1557	Jewish	GEONOUN
47918	26	1974	raise	GEONOUN
47918	26	2412	Jewish state	GEONOUN
47918	26	2419	state	GEONOUN
47918	26	2464	England	PLACE
47918	26	2752	Jewish	GEONOUN
47918	26	2842	Jewish	GEONOUN
47918	26	2898	Poland	COUNTRY
47918	26	3031	town	GEONOUN
47918	26	3082	Jewish community	GEONOUN
47918	26	3089	community	GEONOUN
47918	26	3193	weekly	DATE
47918	26	3433	school	GEONOUN
47918	26	3537	school	GEONOUN
47918	26	3762	Israel	COUNTRY
47918	27	0	Shabbat	DATE
47918	27	14	Shabbos	DATE
47918	27	79	Shabbat--	DATE
47918	27	96	the day	DATE
47918	27	203	summertime	DATE
47918	27	292	every week	DATE
47918	27	304	every day of the week	DATE
47918	27	355	five days	DATE
47918	27	396	the Sabbath	DATE
47918	27	435	Friday	DATE
47918	27	442	morning	TIME
47918	27	584	today	DATE
47918	27	651	Friday	DATE
47918	27	658	morning	TIME
47918	27	707	Friday	DATE
47918	27	714	morning	TIME
47918	28	98	the Sabbath	DATE
47918	28	268	Friday	DATE
47918	28	275	night	TIME
47918	28	332	Thursday	DATE
47918	28	409	Friday	DATE
47918	28	416	morning	TIME
47918	28	550	school Friday	GEONOUN
47918	28	557	Friday	DATE
47918	28	564	morning	TIME
47918	28	610	the day	DATE
47918	28	649	the day	DATE
47918	28	700	the week	DATE
47918	28	819	the week	DATE
47918	28	949	the Shabbat	DATE
47918	28	1025	Friday	DATE
47918	28	1032	night	TIME
47918	28	1048	Saturday	DATE
47918	28	1057	noon time	TIME
47918	28	1072	Saturday	DATE
47918	28	1107	The Friday	DATE
47918	28	1138	the short days	DATE
47918	28	1200	store	GEONOUN
47918	29	52	1917	DATE
47918	29	60	1918	DATE
47918	29	114	Mlawa	PLACE
47918	29	246	1930	DATE
47918	29	255	1931	DATE
47918	29	280	America	COUNTRY
47918	29	302	Mlawa	PLACE
47918	29	325	Mlawa	PLACE
47918	31	27	the 1930s	DATE
47918	32	27	the 1930s	DATE
47918	33	3	Mlawa	PLACE
47918	33	45	the days	DATE
47918	33	64	camps	GEONOUN
47918	33	73	Italy	COUNTRY
47918	33	116	Italy	COUNTRY
47918	33	136	Palestine	CITY
47918	33	180	town	GEONOUN
47918	33	203	Russia	COUNTRY
47918	34	16	1947	DATE
47918	34	25	Italy	COUNTRY
47918	35	50	1941	DATE
47918	35	56	March, 1941	DATE
47918	35	96	California	US-STATE
47918	35	190	Mlawa	PLACE
47918	35	320	Lubartow	PLACE
47918	35	336	Mlawa	PLACE
47918	35	464	California	US-STATE
47918	37	134	Sabbath	DATE
47918	37	1304	community	GEONOUN
47918	37	1335	Israel	COUNTRY
47918	37	1754	synagogue	GEONOUN
47918	37	1914	synagogue	GEONOUN
47918	37	2111	synagogue	GEONOUN
47918	37	2144	synagogue	GEONOUN
47918	37	2206	Friday	DATE
47918	37	2213	night	TIME
47918	37	3816	cheder	PLACE
47918	37	3823	that week	DATE
47918	37	3868	the week	DATE
47918	37	3906	that particular week	DATE
47918	37	3981	the winter nights	DATE
47918	37	4008	a long night	TIME
47918	37	4505	4 SECONDS	TIME
47918	37	4516	Shabbat morning was--	DATE
47918	37	4580	9 o'clock	TIME
47918	37	4626	Friday	DATE
47918	37	4672	the week	DATE
47918	37	4819	every week	DATE
47918	37	4958	Shabbat morning	TIME
47918	37	5005	9 o'clock	TIME
47918	37	5019	11 o'clock	TIME
47918	37	5294	city	GEONOUN
47918	37	5396	Warsaw	CITY
47918	37	5478	synagogue	GEONOUN
47918	37	5676	the same day	DATE
47918	37	5717	Friday	DATE
47918	37	5725	the day before	DATE
47918	37	5813	Shabbat	DATE
47918	37	6027	Friday	DATE
47918	37	6034	afternoon	TIME
47918	37	6063	Friday noon time	DATE
47918	37	6186	tile	GEONOUN
47918	37	6366	Summertimes	DATE
47918	37	6404	synagogue	GEONOUN
47918	37	6520	city	GEONOUN
47918	37	6831	Saturday	DATE
47918	37	6840	afternoon	TIME
47918	37	6851	Saturday	DATE
47918	37	7053	Saturday	DATE
47918	37	7062	night	TIME
47918	37	7088	Havdalah	EVENT
47918	37	7161	weekday	DATE
47918	37	7322	Sabbath	DATE
47918	37	7506	Israel	COUNTRY
47918	37	7825	synagogue	GEONOUN
47918	37	7843	evening	TIME
47918	37	7994	the Sabbath day	DATE
47918	37	8055	Sabbath	DATE
47918	37	8092	Sabbath	DATE
47918	37	8430	Passover	DATE
47918	37	8755	the Sabbath	DATE
47918	37	8827	community	GEONOUN
47918	37	8902	Havdalah	DATE
47918	37	8954	Sabbath	DATE
47918	37	8965	the end of the week	DATE
47918	37	9033	the Sabbath	DATE
47918	37	9061	every week	DATE
47918	37	9133	evening	TIME
47918	37	9265	Sunday	DATE
47918	37	9313	Sunday	DATE
47918	37	9324	school	GEONOUN
47918	37	9344	store	GEONOUN
47918	37	9366	Sunday	DATE
47918	37	9389	a nice day	DATE
47918	37	9403	Sunday	DATE
47918	37	9529	Sunday	DATE
47918	37	9566	the week	DATE
47918	37	10054	Sukkot	DATE
47918	37	10287	that day	DATE
47918	37	10311	Passover	DATE
47918	37	10386	Seder	EVENT
47918	37	10501	Seder	EVENT
47918	37	10630	sederim	EVENT
47918	37	10771	some years	DATE
47918	37	10795	Passover	EVENT
47918	37	10829	Passover	EVENT
47918	37	11013	the week	DATE
47918	37	11078	corner	GEONOUN
47918	37	11242	house	GEONOUN
47918	37	11396	the holidays	DATE
47918	37	11458	Shavuot	EVENT
47918	37	11471	Hanukkah	DATE
47918	37	11614	other holidays of the same season	DATE
47918	37	11826	the eight nights of Hanukkah	DATE
47918	38	57	school	GEONOUN
47918	38	123	our days	DATE
47918	38	308	Jewish	GEONOUN
47918	38	518	two or three hours	TIME
47918	39	75	town	GEONOUN
47918	39	437	bar	GEONOUN
47918	39	464	Warsaw	CITY
47918	39	483	1937	DATE
47918	39	489	about two years	DATE
47918	40	75	the Nalewki Street	PLACE
47918	40	97	Warsaw	CITY
47918	42	284	house	GEONOUN
47918	43	30	a minor fast day	DATE
47918	43	82	Jewish	GEONOUN
47918	43	158	several strict fast days	DATE
47918	43	191	Yom Kippur	DATE
47918	43	206	the day of atonement	DATE
47918	43	250	the 25 hours	TIME
47918	43	273	a minor fast day	DATE
47918	43	291	the day before Purim	DATE
47918	43	491	apartment	GEONOUN
47918	43	533	synagogue	GEONOUN
47918	43	584	town	GEONOUN
47918	43	616	Warsaw	CITY
47918	43	1079	a few years	DATE
47918	43	1311	1939	DATE
47918	43	1319	the holiday of Shavuot	DATE
47918	43	1540	train	GEONOUN
47918	43	1677	train	GEONOUN
47918	43	1751	train	GEONOUN
47918	43	2272	today	DATE
47918	44	379	a Shabbat afternoon	TIME
47918	44	687	the holidays	DATE
47918	44	847	Shabbat	DATE
47918	44	939	Rosh Hashanah	DATE
47918	44	954	Yom Kippur	DATE
47918	44	988	Pesach	DATE
47918	44	996	Shavuot	DATE
47918	44	1009	Sukkot	DATE
47918	44	1062	these five holidays	DATE
47918	44	1097	bar	GEONOUN
47918	44	1145	school	GEONOUN
47918	45	125	bar	GEONOUN
47918	45	153	year	DATE
47918	45	183	another year	DATE
47918	45	206	bar	GEONOUN
47918	45	369	Jewish	GEONOUN
47918	45	772	Warsaw	CITY
47918	45	792	city	GEONOUN
47918	47	46	late at night	TIME
47918	47	145	park	GEONOUN
47918	47	161	house	GEONOUN
47918	47	486	Jewish	GEONOUN
47918	47	542	14	DATE
47918	47	546	15	DATE
47918	47	559	Warsaw	CITY
47918	47	632	Jewish	GEONOUN
47918	47	657	environment	GEONOUN
47918	47	678	Warsaw	CITY
47918	47	691	Jewish	GEONOUN
47918	47	913	town	GEONOUN
47918	47	1135	house	GEONOUN
47918	47	1206	apartment	GEONOUN
47918	47	1326	town	GEONOUN
47918	47	1503	States	PLACE
47918	47	2018	town	GEONOUN
47918	47	2448	Park Avenue	PLACE
47918	47	2475	Fifth Avenue	PLACE
47918	47	2491	New York	US-STATE
47918	47	2511	Jewish	GEONOUN
47918	47	2533	Christmas time	DATE
47918	48	58	Jewish	GEONOUN
47918	48	76	New York City	CITY
47918	48	108	5th Avenue	PLACE
47918	48	221	Christmastime	DATE
47918	48	352	Jewish	GEONOUN
47918	48	895	Spain	COUNTRY
47918	48	913	Inquisition	EVENT
47918	48	1295	Boston	CITY
47918	48	1346	Boston	CITY
47918	49	4	Holy Cross	PLACE
47918	50	72	3 SECONDS	DATE
47918	50	347	hundreds of years--	DATE
47918	50	1001	division	GEONOUN
47918	50	1058	division	GEONOUN
47918	50	1079	Jewish community	GEONOUN
47918	50	1086	community	GEONOUN
47918	50	1111	community	GEONOUN
47918	50	1127	hometown	GEONOUN
47918	50	1338	Jewish	GEONOUN
47918	50	1372	church	GEONOUN
47918	50	1713	the 1930s	DATE
47918	50	1884	Jewish	GEONOUN
47918	50	1953	Warsaw	CITY
47918	50	2084	town	GEONOUN
47918	50	2228	Jewish	GEONOUN
47918	50	2326	town	GEONOUN
47918	50	2491	the 1930s	DATE
47918	50	2589	market	GEONOUN
47918	50	2604	a Friday--	DATE
47918	50	2628	Tuesday	DATE
47918	50	2637	Two days of the week	DATE
47918	50	2671	market	GEONOUN
47918	50	2714	town	GEONOUN
47918	50	2829	a day like this	DATE
47918	50	2911	property	GEONOUN
47918	50	3128	'30s	DATE
47918	50	3337	Jewish	GEONOUN
47918	50	3412	seat	GEONOUN
47918	50	3487	Jewish	GEONOUN
47918	50	3548	a day	DATE
47918	50	3683	many centuries	DATE
47918	51	20	1933	DATE
47918	51	67	1933	DATE
47918	51	79	10 years old	DATE
47918	51	192	Germany	COUNTRY
47918	51	420	Warsaw	CITY
47918	51	430	1938	DATE
47918	51	498	Austria	COUNTRY
47918	51	534	Czechoslovakia	COUNTRY
47918	51	707	Germany	COUNTRY
47918	51	767	1938	DATE
47918	51	805	Kristallnacht	EVENT
47918	51	896	Germany	COUNTRY
47918	51	1104	Poland	COUNTRY
47918	51	1115	Germany	COUNTRY
47918	51	1147	Poland	COUNTRY
47918	51	1327	Germany	COUNTRY
47918	55	3	town	GEONOUN
47918	55	39	Sunday	DATE
47918	55	49	Monday	DATE
47918	55	80	4th	DATE
47918	55	110	September, 1939	DATE
47918	55	181	Monday	DATE
47918	55	188	morning	TIME
47918	55	244	town	GEONOUN
47918	56	251	town	GEONOUN
47918	56	294	town	GEONOUN
47918	56	375	three days	DATE
47918	56	480	town	GEONOUN
47918	56	558	town	GEONOUN
47918	56	583	morning	TIME
47918	56	641	that morning--	TIME
47918	56	769	months	DATE
47918	56	869	a few hours	TIME
47918	56	898	city	GEONOUN
47918	56	942	town	GEONOUN
47918	56	976	city	GEONOUN
47918	56	1161	that Friday	DATE
47918	56	1234	Warsaw	CITY
47918	56	1295	the following four weeks	DATE
47918	56	1327	Warsaw	CITY
47918	56	1334	fell	GEONOUN
47918	56	1362	hometown	GEONOUN
47918	56	1442	store	GEONOUN
47918	56	1465	town	GEONOUN
47918	56	1545	town	GEONOUN
47918	56	1585	Sunday	DATE
47918	56	1625	that day	DATE
47918	56	1641	cellar	GEONOUN
47918	56	1724	hometown	GEONOUN
47918	56	1875	road	GEONOUN
47918	56	1888	hometown	GEONOUN
47918	56	1908	Warsaw	CITY
47918	57	7	Friday	DATE
47918	58	3	Shabbat	DATE
47918	58	32	cellar	GEONOUN
47918	58	42	Shabbat	DATE
47918	58	102	Sunday	DATE
47918	58	239	cellar	GEONOUN
47918	58	250	Monday	DATE
47918	58	257	morning	TIME
47918	60	47	cellar	GEONOUN
47918	60	185	town	GEONOUN
47918	60	510	mission	GEONOUN
47918	60	737	15	DATE
47918	60	792	a few months	DATE
47918	60	841	windows	GEONOUN
47918	60	1626	council	GEONOUN
47918	60	1639	Jewish council	GEONOUN
47918	60	1646	council	GEONOUN
47918	60	1693	Jewish community	GEONOUN
47918	60	1700	community	GEONOUN
47918	60	1754	council	GEONOUN
47918	60	1819	community	GEONOUN
47918	60	1910	a few days	DATE
47918	60	2018	Jewish council	GEONOUN
47918	60	2025	council	GEONOUN
47918	60	2170	community	GEONOUN
47918	60	2374	hometown	GEONOUN
47918	60	2644	city hall	GEONOUN
47918	60	2819	bricks	GEONOUN
47918	60	3448	ghetto	GEONOUN
47918	60	3500	apartments	GEONOUN
47918	60	3531	house	GEONOUN
47918	60	3752	school	GEONOUN
47918	60	3922	age 16	DATE
47918	60	4033	10 days	DATE
47918	60	4671	farm	GEONOUN
47918	60	4682	week	DATE
47918	60	4701	a month	DATE
47918	60	5481	every morning	TIME
47918	60	5512	station	GEONOUN
47918	60	5763	four weeks	DATE
47918	60	5809	farm	GEONOUN
47918	60	5873	fall	GEONOUN
47918	60	6180	camp	GEONOUN
47918	60	6491	Jewish	GEONOUN
47918	60	6522	Jewish	GEONOUN
47918	60	6739	apartment	GEONOUN
47918	60	7192	house	GEONOUN
47918	60	7541	house	GEONOUN
47918	60	7620	house	GEONOUN
47918	60	7754	that day	DATE
47918	60	8069	bricks	GEONOUN
47918	60	8172	bricks	GEONOUN
47918	60	8396	first day	DATE
47918	60	8977	cellar	GEONOUN
47918	60	9040	one Shabbat morning	TIME
47918	60	9391	the Sabbath day	DATE
47918	60	9430	all day	DATE
47918	60	9611	the Sabbath day	DATE
47918	60	10086	apartments	GEONOUN
47918	60	10115	apartment	GEONOUN
47918	60	10326	hometown	GEONOUN
47918	60	10412	that morning	TIME
47918	60	10671	spot	GEONOUN
47918	60	11086	Warsaw	CITY
47918	60	11122	Warsaw	CITY
47918	60	11145	the end of September	DATE
47918	60	11170	19-- 1939	DATE
47918	60	11184	1940	DATE
47918	60	11228	ghetto	GEONOUN
47918	60	11269	ghetto	GEONOUN
47918	60	11394	Germany	COUNTRY
47918	60	11462	concentration camps	GEONOUN
47918	60	11514	concentration camps	GEONOUN
47918	60	11664	concentration camps	GEONOUN
47918	60	11742	these first 15 months	DATE
47918	60	12265	America	COUNTRY
47918	60	12277	England	PLACE
47918	60	12367	France	COUNTRY
47918	60	12378	Belgium	COUNTRY
47918	60	12446	Germany	COUNTRY
47918	60	12580	days	DATE
47918	60	12608	reservation	GEONOUN
47918	62	73	community	GEONOUN
47918	62	101	rooms	GEONOUN
47918	62	144	town	GEONOUN
47918	62	332	Sabbath	DATE
47918	62	347	area	GEONOUN
47918	62	401	mill	GEONOUN
47918	62	446	cellar	GEONOUN
47918	62	466	mill	GEONOUN
47918	62	506	the Sabbath morning	TIME
47918	62	597	Israel	COUNTRY
47918	62	643	mill	GEONOUN
47918	62	664	synagogue	GEONOUN
47918	62	724	one Sabbath	TIME
47918	62	1460	the First World War	EVENT
47918	62	1538	town	GEONOUN
47918	62	1599	the First World War	EVENT
47918	62	1712	seat	GEONOUN
47918	62	1922	the First World War	EVENT
47918	62	2070	Germany	COUNTRY
47918	62	2115	the First World War	EVENT
47918	63	67	December 6	DATE
47918	63	103	December 6, 1941	DATE
47918	63	155	1940	DATE
47918	63	162	1940	DATE
47918	63	186	1940	DATE
47918	63	201	about 15 months	DATE
47918	63	323	ghetto	GEONOUN
47918	63	385	Germany	COUNTRY
47918	63	408	Poland	COUNTRY
47918	63	562	ghetto	GEONOUN
47918	63	593	hometown	GEONOUN
47918	63	711	town	GEONOUN
47918	63	1091	house that Thursday	GEONOUN
47918	63	1097	that Thursday	DATE
47918	63	1122	December 5, 1940	DATE
47918	63	1292	that day	DATE
47918	63	1464	the morning	TIME
47918	63	1477	Friday, December 6	DATE
47918	63	1586	house	GEONOUN
47918	63	1648	city	GEONOUN
47918	63	1736	corner	GEONOUN
47918	63	1931	a few hours later	TIME
47918	63	1969	apartment	GEONOUN
47918	63	2038	Jewish	GEONOUN
47918	63	2238	a number of weeks	DATE
47918	64	487	street	GEONOUN
47918	64	523	market	GEONOUN
47918	64	1422	street	GEONOUN
47918	64	1660	camp	GEONOUN
47918	64	1748	town	GEONOUN
47918	64	1847	barracks	GEONOUN
47918	64	1966	barracks	GEONOUN
47918	64	2114	rooms	GEONOUN
47918	64	2163	10 or 11 days	DATE
47918	64	2278	camp	GEONOUN
47918	64	2856	hole	GEONOUN
47918	64	2870	narrow hole	GEONOUN
47918	64	2877	hole	GEONOUN
47918	64	3130	these 15 months	DATE
47918	65	34	Warsaw	CITY
47918	65	63	city	GEONOUN
47918	65	1199	these 10 days	DATE
47918	65	1257	the middle of the night	TIME
47918	65	1614	the 10, 11 days--	DATE
47918	65	1817	the 10, 11 days	DATE
47918	65	1913	Lubartow	PLACE
47918	65	1928	Lublin	CITY
47918	65	2020	Lubartow	PLACE
47918	65	2036	two days	DATE
47918	65	2200	synagogue	GEONOUN
47918	66	282	overnight	TIME
47918	66	455	the following morning	TIME
47918	66	801	the same day--	DATE
47918	66	978	that Wednesday	DATE
47918	66	994	Two days later	DATE
47918	66	1058	Friday	DATE
47918	66	1370	community	GEONOUN
47918	66	1684	the morning	TIME
47918	66	1820	3 SECONDS	DATE
47918	69	33	December	DATE
47918	69	63	January	DATE
47918	69	119	Mlawa	PLACE
47918	69	153	ghetto	GEONOUN
47918	69	292	ghetto	GEONOUN
47918	69	758	ghetto	GEONOUN
47918	69	803	ghetto	GEONOUN
47918	69	965	Monday	DATE
47918	69	972	morning	TIME
47918	69	988	February 1st	DATE
47918	69	1103	train	GEONOUN
47918	69	1227	Miedzyrzecz	PLACE
47918	69	1325	Miedzyrzecz	PLACE
47918	69	1361	the night	TIME
47918	69	1519	Jewish	GEONOUN
47918	69	1562	Mlawa--	PLACE
47918	69	1812	hometown	GEONOUN
47918	69	1854	the Vistula	PLACE
47918	69	1866	river	GEONOUN
47918	69	1878	Warsaw	CITY
47918	69	1974	Germany	COUNTRY
47918	69	1999	hometown	GEONOUN
47918	69	2034	hometown	GEONOUN
47918	69	2116	country	GEONOUN
47918	69	2145	river	GEONOUN
47918	69	2354	night	TIME
47918	69	2416	that Vistula River	PLACE
47918	69	2672	that day	DATE
47918	69	2724	a rainy day	DATE
47918	69	2745	all day long	DATE
47918	69	2786	prefab walls	GEONOUN
47918	69	2793	walls	GEONOUN
47918	69	2822	barracks	GEONOUN
47918	69	3260	the night before	TIME
47918	69	3308	a very terrible,	TIME
47918	69	3561	only a minute	TIME
47918	69	3591	only a minute	TIME
47918	69	3840	fell	GEONOUN
47918	69	4008	Jablonna	PLACE
47918	69	4394	The night	TIME
47918	69	4439	a dark night	TIME
47918	69	4660	house	GEONOUN
47918	69	4735	house	GEONOUN
47918	69	4904	house	GEONOUN
47918	69	5082	Jablonna	PLACE
47918	69	5114	town	GEONOUN
47918	69	5122	Jablonna	PLACE
47918	69	5263	corner	GEONOUN
47918	69	5371	6 o'clock in the morning	TIME
47918	69	5590	fell	GEONOUN
47918	69	5643	five minutes later	TIME
47918	69	5944	wood	GEONOUN
47918	69	6044	town	GEONOUN
47918	69	6052	Jablonna--	PLACE
47918	69	6075	ghetto	GEONOUN
47918	69	6250	Lubartow	PLACE
47918	69	6278	Mlawa	PLACE
47918	69	6632	a couple of weeks	DATE
47918	69	6917	city	GEONOUN
47918	69	7097	Mlawa	PLACE
47918	69	7136	train	GEONOUN
47918	69	7336	train	GEONOUN
47918	69	7397	Mlawa	PLACE
47918	69	7523	hometown	GEONOUN
47918	69	7612	train	GEONOUN
47918	69	7721	foot	GEONOUN
47918	69	7741	station	GEONOUN
47918	69	7768	labor camp	GEONOUN
47918	69	7783	a Friday--	DATE
47918	71	8	Mlawa	PLACE
47918	71	21	hometown	GEONOUN
47918	71	259	labor camp	GEONOUN
47918	71	310	Friday	DATE
47918	71	338	Friday	DATE
47918	71	384	a month before	DATE
47918	71	418	February 1	DATE
47918	71	455	March 1	DATE
47918	71	481	four weeks	DATE
47918	71	530	ghetto	GEONOUN
47918	71	575	A few hours	TIME
47918	71	606	camp	GEONOUN
47918	71	793	ghetto	GEONOUN
47918	71	1077	Judenrat	PLACE
47918	71	1095	Judenrat	PLACE
47918	71	1134	Judenrat	PLACE
47918	71	1207	Judenrat	PLACE
47918	72	140	four weeks	DATE
47918	72	165	road	GEONOUN
47918	72	191	the next day	DATE
47918	72	487	camp	GEONOUN
47918	73	205	train	GEONOUN
47918	73	344	a month	DATE
47918	73	355	labor camp	GEONOUN
47918	73	402	April 1	DATE
47918	73	460	ghetto	GEONOUN
47918	73	567	the 17th of March	DATE
47918	73	642	camp	GEONOUN
47918	73	650	Ciechanów	CITY
47918	73	704	Mlawa	PLACE
47918	73	759	camp	GEONOUN
47918	73	893	hometown	GEONOUN
47918	73	933	Ciechanów	CITY
47918	73	949	camp	GEONOUN
47918	73	999	camp	GEONOUN
47918	73	1122	Ciechanów II	PLACE
47918	73	1169	camp	GEONOUN
47918	73	1189	The first night	TIME
47918	73	1280	today	DATE
47918	73	1899	train	GEONOUN
47918	73	2069	bench	GEONOUN
47918	73	2115	bench	GEONOUN
47918	73	2401	night	TIME
47918	73	2451	every day	DATE
47918	73	2551	The following day	DATE
47918	73	2650	all day	DATE
47918	73	2762	Ciechanów	CITY
47918	73	2803	the first day	DATE
47918	73	2958	street	GEONOUN
47918	73	3038	houses	GEONOUN
47918	73	3270	camps	GEONOUN
47918	73	3287	lunchtime	TIME
47918	73	3323	house	GEONOUN
47918	73	3364	Jewish	GEONOUN
47918	73	3665	the first day	DATE
47918	73	3750	camp	GEONOUN
47918	73	3777	three months	DATE
47918	73	4046	One of the days	DATE
47918	73	4436	town	GEONOUN
47918	73	4454	Mlawa	PLACE
47918	73	4565	labor camp	GEONOUN
47918	73	4684	A day or two	DATE
47918	73	4861	Pesach	DATE
47918	73	4872	Pesach	DATE
47918	73	4900	every day	DATE
47918	73	5420	day	DATE
47918	73	5620	three months	DATE
47918	73	5638	May the 25th	DATE
47918	73	5842	ghetto	GEONOUN
47918	73	5950	three months	DATE
47918	73	6005	February	DATE
47918	73	6133	ghetto	GEONOUN
47918	73	6396	ghetto	GEONOUN
47918	73	6582	ghetto	GEONOUN
47918	73	6749	store	GEONOUN
47918	73	6806	ghetto	GEONOUN
47918	73	6821	ghetto	GEONOUN
47918	73	6885	council	GEONOUN
47918	73	6912	Jewish	GEONOUN
47918	73	6940	ghetto	GEONOUN
47918	73	6971	infirmary	GEONOUN
47918	73	7108	school	GEONOUN
47918	73	7160	ghetto	GEONOUN
47918	73	7226	ghetto	GEONOUN
47918	73	7350	fence	GEONOUN
47918	73	7567	ghetto	GEONOUN
47918	73	7978	Warsaw	CITY
47918	73	8000	school	GEONOUN
47918	73	8022	school	GEONOUN
47918	73	8296	ghetto	GEONOUN
47918	73	8475	Konigsberg	PLACE
47918	73	8494	East Prussia	PLACE
47918	73	8511	prison	GEONOUN
47918	73	8544	Auschwitz	CAMP
47918	73	8565	a few days	DATE
47918	73	8593	Auschwitz	CAMP
47918	73	8622	ghetto	GEONOUN
47918	73	8686	ghetto	GEONOUN
47918	73	8713	cellars	GEONOUN
47918	73	8737	attics	GEONOUN
47918	73	8745	attics	GEONOUN
47918	73	8928	ghetto	GEONOUN
47918	73	9175	that summer in 1941	DATE
47918	73	9208	July	DATE
47918	73	9223	August	DATE
47918	73	9246	ghetto	GEONOUN
47918	73	9294	room	GEONOUN
47918	73	9371	room	GEONOUN
47918	73	9524	country	GEONOUN
47918	73	9782	reach	GEONOUN
47918	73	9915	house	GEONOUN
47918	73	9931	apartment	GEONOUN
47918	74	78	room	GEONOUN
47918	74	95	room	GEONOUN
47918	74	179	room apartment	GEONOUN
47918	74	184	apartment	GEONOUN
47918	74	236	room	GEONOUN
47918	74	291	room	GEONOUN
47918	74	311	room	GEONOUN
47918	74	494	the night	TIME
47918	74	593	room	GEONOUN
47918	74	660	room	GEONOUN
47918	74	739	room	GEONOUN
47918	74	802	daily	DATE
47918	74	928	the required day	DATE
47918	74	978	The other days	DATE
47918	74	1217	ghetto	GEONOUN
47918	74	1439	ghetto	GEONOUN
47918	74	1598	Berlin	CITY
47918	74	1695	station	GEONOUN
47918	74	1734	ghetto	GEONOUN
47918	74	1821	ghetto	GEONOUN
47918	74	1844	every day	DATE
47918	74	1934	the Wannsee Conference	EVENT
47918	74	2001	January 20, 1942	DATE
47918	74	2033	ghetto	GEONOUN
47918	74	2163	Jewish	GEONOUN
47918	74	2437	ghetto	GEONOUN
47918	74	2539	the end of the week	DATE
47918	74	3248	raise	GEONOUN
47918	74	3341	raise	GEONOUN
47918	74	3552	ghetto	GEONOUN
47918	74	3570	ghetto	GEONOUN
47918	74	3601	December 6, 1941	DATE
47918	74	3647	ghetto	GEONOUN
47918	74	3657	November of 1942	DATE
47918	74	3911	mid-	TIME
47918	74	3915	morning	TIME
47918	74	4371	not available	GEONOUN
47918	74	4392	ghetto	GEONOUN
47918	74	4539	wood	GEONOUN
47918	74	4564	wood	GEONOUN
47918	74	4622	wood	GEONOUN
47918	74	4789	A few weeks later	DATE
47918	74	4834	Jewish	GEONOUN
47918	74	4858	ghetto	GEONOUN
47918	74	5252	Warsaw	CITY
47918	74	5472	Jewish	GEONOUN
47918	74	5616	Berlin	CITY
47918	74	5956	a few minutes	TIME
47918	74	6145	ghetto	GEONOUN
47918	74	6162	April	DATE
47918	74	6355	ghetto	GEONOUN
47918	74	6465	overnight	TIME
47918	74	6509	day	DATE
47918	74	6557	A few weeks later	DATE
47918	74	6669	ghetto	GEONOUN
47918	74	6687	town	GEONOUN
47918	74	6695	Mlawa	PLACE
47918	74	6855	ghetto	GEONOUN
47918	74	7146	a few days	DATE
47918	74	7273	ditch	GEONOUN
47918	74	7286	ghetto	GEONOUN
47918	74	7327	ditch	GEONOUN
47918	74	7371	prison	GEONOUN
47918	74	7379	The following day	DATE
47918	74	7443	ghetto	GEONOUN
47918	74	7799	the Third Reich	PLACE
47918	74	7968	ditch	GEONOUN
47918	74	8024	ditch	GEONOUN
47918	74	8105	ditch	GEONOUN
47918	74	8266	ghetto	GEONOUN
47918	74	8637	that day	DATE
47918	74	9148	spot	GEONOUN
47918	74	9184	Tel Aviv	CITY
47918	74	9204	last July	DATE
47918	74	9234	hometown	GEONOUN
47918	74	9277	hometown	GEONOUN
47918	74	9343	that day	DATE
47918	74	9382	grave	GEONOUN
47918	74	9391	community grave	GEONOUN
47918	74	9401	grave	GEONOUN
47918	74	9429	spot	GEONOUN
47918	74	9475	ghetto	GEONOUN
47918	74	9530	ghetto	GEONOUN
47918	74	9573	daily	DATE
47918	74	9716	November of '42	DATE
47918	74	9861	October of '42	DATE
47918	74	10018	some cloudy days	DATE
47918	76	154	March of 1942	DATE
47918	76	183	California	US-STATE
47918	76	447	Mlawa	PLACE
47918	76	498	March 1942	DATE
47918	76	732	Mlawa	PLACE
47918	76	738	ghetto	GEONOUN
47918	76	1219	ghetto	GEONOUN
47918	76	1235	camp	GEONOUN
47918	77	7	ghetto	GEONOUN
47918	77	34	room	GEONOUN
47918	77	313	the Sabbath	DATE
47918	77	394	the Sabbath	DATE
47918	79	77	ghetto	GEONOUN
47918	82	162	ghetto	GEONOUN
47918	82	180	that year	DATE
47918	82	207	between May '41	DATE
47918	82	227	November	DATE
47918	83	14	October of 1942	DATE
47918	83	188	Mlawa	PLACE
47918	83	199	Mlawa	PLACE
47918	83	205	ghetto	GEONOUN
47918	83	459	railroad	GEONOUN
47918	83	588	ghetto	GEONOUN
47918	83	681	ghetto	GEONOUN
47918	83	749	ghetto	GEONOUN
47918	83	906	the beginning of November	DATE
47918	83	970	ghetto	GEONOUN
47918	83	1221	ghetto	GEONOUN
47918	83	1447	days	DATE
47918	83	1473	depression	GEONOUN
47918	83	1505	depression	GEONOUN
47918	83	1593	ghetto	GEONOUN
47918	83	1747	the age of 40	DATE
47918	83	1840	a Tuesday	DATE
47918	83	1869	Tuesday, November 9	DATE
47918	83	1933	mill	GEONOUN
47918	83	1956	the night	TIME
47918	83	1976	the morning	TIME
47918	83	2026	train station	GEONOUN
47918	83	2100	Treblinka	PLACE
47918	84	162	ghetto	GEONOUN
47918	84	337	November	DATE
47918	84	351	about 10, 11 months	DATE
47918	84	553	camp	GEONOUN
47918	84	896	the last day	DATE
47918	84	1026	chamber	GEONOUN
47918	84	1042	half an hour	TIME
47918	84	1280	January 20, 1942	DATE
47918	84	1300	Wannsee	PLACE
47918	84	1314	Berlin	CITY
47918	84	1528	Jewish	GEONOUN
47918	84	1729	one hour	TIME
47918	84	1786	chamber	GEONOUN
47918	84	1797	Chelmno	PLACE
47918	84	1899	Wannsee	PLACE
47918	84	1911	that Wannsee Conference	EVENT
47918	84	2219	Holocaust	EVENT
47918	84	2303	1915	DATE
47918	84	2357	Yugoslavia	CAMP
47918	84	2603	a year old	DATE
47918	84	2620	a day old	DATE
47918	84	2633	a hundred years old	DATE
47918	84	2853	road	GEONOUN
47918	84	3081	October 1945	DATE
47918	84	3108	Warsaw	CITY
47918	84	3135	parts	GEONOUN
47918	84	3144	Poland	COUNTRY
47918	84	3166	Mlawa	PLACE
47918	84	3578	A week later	DATE
47918	84	3641	a Tuesday	DATE
47918	84	3657	November the 17th	DATE
47918	84	3707	train	GEONOUN
47918	84	3716	Wednesday	DATE
47918	84	3730	Thursday	DATE
47918	84	3739	night	TIME
47918	84	3804	two days--	DATE
47918	84	3841	road	GEONOUN
47918	87	7	ghetto	GEONOUN
47918	91	377	two days	DATE
47918	91	400	the middle of the night	TIME
47918	91	485	Auschwitz	CAMP
47918	91	721	train	GEONOUN
47918	91	792	orient	GEONOUN
47918	91	1041	ramp	GEONOUN
47918	91	1106	ramp	GEONOUN
47918	91	1797	area	GEONOUN
47918	91	1966	labor camp	GEONOUN
47918	91	2094	room	GEONOUN
47918	91	2178	room	GEONOUN
47918	91	2300	room	GEONOUN
47918	92	129	Jewish	GEONOUN
47918	92	691	Auschwitz	CAMP
47918	92	730	a month	DATE
47918	92	809	one month	DATE
47918	92	1364	night	TIME
47918	92	1398	the morning	TIME
47918	92	1619	barracks	GEONOUN
47918	93	0	6-A	PLACE
47918	93	29	Auschwitz I.	PLACE
47918	94	42	upstairs	GEONOUN
47918	94	69	downstairs	GEONOUN
47918	94	206	camps	GEONOUN
47918	94	333	camp	GEONOUN
47918	94	383	Only one month	DATE
47918	94	745	camp	GEONOUN
47918	94	850	school	GEONOUN
47918	94	1094	a very hard winter	DATE
47918	94	1114	this 1942-'43.	DATE
47918	94	1173	ghetto	GEONOUN
47918	94	1210	ghetto	GEONOUN
47918	94	1314	barracks	GEONOUN
47918	94	1344	bricklaying	GEONOUN
47918	94	1608	day	DATE
47918	94	1705	a few weeks	DATE
47918	94	1894	Auschwitz	CAMP
47918	94	2379	Auschwitz	CAMP
47918	94	2540	camp	GEONOUN
47918	94	2621	daily	DATE
47918	94	2634	a few months	DATE
47918	94	2905	construction	GEONOUN
47918	94	3000	railroad	GEONOUN
47918	94	3404	a minute	TIME
47918	94	3793	these months	DATE
47918	94	3810	a 2 and 1/2 years	DATE
47918	94	3828	between November '42	DATE
47918	94	3873	about 2 and 1/2 years	DATE
47918	94	3979	the next day	DATE
47918	94	4079	camp	GEONOUN
47918	94	4103	the morning	TIME
47918	94	4178	block	GEONOUN
47918	94	4327	infirmary	GEONOUN
47918	94	4430	infirmary	GEONOUN
47918	94	4542	infirmary	GEONOUN
47918	95	244	chimney	GEONOUN
47918	95	294	chimney	GEONOUN
47918	95	340	chimney	GEONOUN
47918	95	400	chimneys	GEONOUN
47918	95	465	chimneys	GEONOUN
47918	95	520	crematory	GEONOUN
47918	95	571	camp	GEONOUN
47918	95	734	daily	DATE
47918	95	761	1944	DATE
47918	95	825	daily	DATE
47918	95	1002	Treblinka	PLACE
47918	95	1032	that very same night	TIME
47918	95	1106	last week	DATE
47918	95	1184	room	GEONOUN
47918	95	1641	One day	DATE
47918	95	1819	the day	DATE
47918	95	2122	block	GEONOUN
47918	95	2185	infirmary	GEONOUN
47918	95	2862	works	GEONOUN
47918	97	595	those days	DATE
47918	97	630	Germany	COUNTRY
47918	97	644	Poland	COUNTRY
47918	97	900	carpentry	GEONOUN
47918	97	1401	community	GEONOUN
47918	97	1421	city	GEONOUN
47918	97	1511	school	GEONOUN
47918	97	1566	camp	GEONOUN
47918	98	799	today	DATE
47918	98	1428	today	DATE
47918	98	1482	today	DATE
47918	98	1588	Paris	CITY
47918	98	1642	Mlawa	PLACE
47918	98	1676	Paris	CITY
47918	98	1900	Paris	CITY
47918	98	2010	today	DATE
47918	99	305	train	GEONOUN
47918	99	559	Stalingrad	PLACE
47918	99	864	Jewish	GEONOUN
47918	99	929	Jewish	GEONOUN
47918	99	1009	New York	US-STATE
47918	99	1030	pre-war days	DATE
47918	99	2645	Auschwitz	CAMP
47918	100	0	About two and 1/2 years	DATE
47918	100	42	January	DATE
47918	100	54	January 18	DATE
47918	100	332	that day	DATE
47918	100	425	camp	GEONOUN
47918	100	743	two days	DATE
47918	100	760	the night	TIME
47918	100	784	barracks	GEONOUN
47918	100	845	houses	GEONOUN
47918	100	1013	house	GEONOUN
47918	100	1095	falls	GEONOUN
47918	100	1108	fall	GEONOUN
47918	100	1132	gutters	GEONOUN
47918	100	1147	two days	DATE
47918	100	1171	Buchenwald	CAMP
47918	100	1261	four days	DATE
47918	100	1283	two days	DATE
47918	100	1308	two days	DATE
47918	100	1338	the 18th to the 22nd	DATE
47918	100	1402	the 24th	DATE
47918	100	1497	the 27th	DATE
47918	100	1533	camp	GEONOUN
47918	100	1547	Crawinkel	CAMP
47918	100	1912	barracks	GEONOUN
47918	100	1953	the Thuringian Mountains	PLACE
47918	100	1985	the night--	TIME
47918	100	2001	afternoon	TIME
47918	100	2062	mountains	GEONOUN
47918	100	2083	mountains	GEONOUN
47918	100	2450	walls	GEONOUN
47918	100	2741	rocks	GEONOUN
47918	100	2820	daily	DATE
47918	100	2875	April 3	DATE
47918	100	2925	February	DATE
47918	100	2946	about two and a half months	DATE
47918	100	2992	two months	DATE
47918	100	3055	Buchenwald	CAMP
47918	100	3134	Buchenwald	CAMP
47918	101	161	Auschwitz	CAMP
47918	101	330	A few days later	DATE
47918	101	348	April 10	DATE
47918	101	512	road	GEONOUN
47918	101	697	two days	DATE
47918	101	898	community	GEONOUN
47918	101	1815	corner	GEONOUN
47918	101	1829	train	GEONOUN
47918	101	1967	my last day	DATE
47918	101	2293	Theresienstadt Hospital	PLACE
47918	101	2339	two, three weeks	DATE
47918	101	2452	Theresienstadt	CAMP
47918	101	2559	Theresienstadt	CAMP
47918	101	2608	around May, 8	DATE
47918	101	2660	hospital	GEONOUN
47918	101	2693	hospital	GEONOUN
47918	101	2872	Auschwitz	CAMP
47918	101	2982	hospital	GEONOUN
47918	101	2995	a few days--	DATE
47918	101	3240	Buchenwald	CAMP
47918	101	3676	the day	DATE
47918	101	3780	camp	GEONOUN
47918	101	3815	hometown	GEONOUN
47918	101	4173	camp	GEONOUN
47918	101	4422	hometown	GEONOUN
47918	101	4497	June	DATE
47918	101	4577	Palestine	CITY
47918	101	4738	hometown	GEONOUN
47918	101	5055	Palestine	CITY
47918	101	5226	Bratislava	CITY
47918	101	5257	train	GEONOUN
47918	101	5328	Bratislava	CITY
47918	101	5384	Budapest	CITY
47918	101	5394	Hungary	COUNTRY
47918	101	5565	Budapest	CITY
47918	101	5751	Graz	CITY
47918	101	5757	Austria	COUNTRY
47918	101	5804	Italy	COUNTRY
47918	101	5815	Italy	COUNTRY
47918	101	5867	Palestine	CITY
47918	101	5934	the Adriatic Ocean	PLACE
47918	101	5970	Palestine	CITY
47918	101	6021	camp	GEONOUN
47918	101	6027	Santa Maria di Bagni	PLACE
47918	101	6088	the middle of August	DATE
47918	101	6110	The month--	DATE
47918	101	6122	the 8th	DATE
47918	101	6171	the 8th	DATE
47918	101	6375	camps	GEONOUN
47918	101	6576	Italy	COUNTRY
47918	101	6797	camp	GEONOUN
47918	101	6851	spot	GEONOUN
47918	101	6862	the Adriatic Ocean	PLACE
47918	101	6914	house	GEONOUN
47918	101	6938	resort	GEONOUN
47918	101	7034	camp	GEONOUN
47918	101	7052	camp	GEONOUN
47918	101	7577	fell	GEONOUN
47918	101	7687	Santa Maria di Bagni	PLACE
47918	101	7756	Italy	COUNTRY
47918	101	7783	Italy	COUNTRY
47918	101	8022	hospital	GEONOUN
47918	101	8225	America	COUNTRY
47918	101	8313	Palestine	CITY
47918	101	8351	Palestine	CITY
47918	101	8663	some weeks	DATE
47918	101	8812	Mondays	DATE
47918	101	8824	Fridays	DATE
47918	101	8840	camp	GEONOUN
47918	101	8861	camp	GEONOUN
47918	101	9800	Palestine	CITY
47918	101	10095	field	GEONOUN
47918	101	10217	Jewish	GEONOUN
47918	101	10624	about three years ago	DATE
47918	102	36	three years ago	DATE
47918	102	111	Jewish community	GEONOUN
47918	102	118	community	GEONOUN
47918	102	131	Palestine	CITY
47918	102	237	camps	GEONOUN
47918	102	438	camp	GEONOUN
47918	104	10	the age of 94	DATE
47918	104	182	Germany	COUNTRY
47918	104	384	Italy	COUNTRY
47918	104	400	Italy	COUNTRY
47918	104	412	1948	DATE
47918	104	582	Palestine	CITY
47918	104	636	Israel	COUNTRY
47918	104	649	Palestine	CITY
47918	104	829	divide	GEONOUN
47918	104	840	country	GEONOUN
47918	104	866	country	GEONOUN
47918	104	880	Jewish country	GEONOUN
47918	104	887	country	GEONOUN
47918	104	939	Palestine	CITY
47918	104	1031	Palestine	CITY
47918	104	1094	Palestine	CITY
47918	104	1139	Palestine	CITY
47918	104	1466	America	COUNTRY
47918	104	1573	high school	GEONOUN
47918	104	1676	16	DATE
47918	104	1715	22	DATE
47918	104	1735	25	DATE
47918	105	7	America	COUNTRY
47918	105	23	April 5, 1948	DATE
47918	106	14	boat	GEONOUN
47918	107	153	New York	US-STATE
47918	108	26	the three years	DATE
47918	108	45	Italy	COUNTRY
47918	108	426	those three years	DATE
47918	108	1028	days	DATE
47918	108	1038	months	DATE
47918	108	1050	years	DATE
47918	108	1518	those years	DATE
47918	108	1581	tomorrow	DATE
47918	108	1911	neck	GEONOUN
47918	108	2577	the age of 60	DATE
47918	108	2628	Belgium	COUNTRY
47918	108	2793	Palestine	CITY
47918	108	2960	nights	TIME
47918	108	3158	Israel	COUNTRY
47918	108	3166	Jewish	GEONOUN
47918	108	3335	Worcester	CITY
47918	108	3346	Massachusetts	US-STATE
47918	108	3661	California	US-STATE
47918	108	3679	California	US-STATE
47918	108	3833	California	US-STATE
47918	108	3848	Los Angeles	CITY
47918	108	4343	yard	GEONOUN
47918	108	4532	house	GEONOUN
47918	108	4825	a weekend	DATE
47918	108	4934	Italy	COUNTRY
47918	108	5166	camp	GEONOUN
47918	108	5649	Italy	COUNTRY
47918	108	5756	the United States	COUNTRY
47918	108	5959	country	GEONOUN
47918	108	5970	1950	DATE
47918	108	5991	1948	DATE
47918	108	6032	January	DATE
47918	108	6048	February	DATE
47918	108	6126	March 16	DATE
47918	108	6166	boat	GEONOUN
47918	108	6176	two weeks later	DATE
47918	108	6205	New York Harbor	PLACE
47918	108	6403	boat	GEONOUN
47918	108	6583	Jewish	GEONOUN
47918	108	6661	boat	GEONOUN
47918	108	6952	boat	GEONOUN
47918	108	6977	Ellis Island	PLACE
47918	108	7006	Ellis Island	PLACE
47918	108	7024	daily	DATE
47918	108	7060	river	GEONOUN
47918	108	7071	Ellis Island	PLACE
47918	108	7091	court	GEONOUN
47918	108	7195	the Cold War	EVENT
47918	108	7271	Jewish	GEONOUN
47918	108	7338	Israel	COUNTRY
47918	108	7349	Palestine	CITY
47918	108	7373	Israel	COUNTRY
47918	108	7397	state	GEONOUN
47918	108	7480	five days	DATE
47918	108	7493	April 5	DATE
47918	109	15	Bronx	PLACE
47918	109	22	New York	US-STATE
47918	109	611	three months later	DATE
47918	110	9	July 18, 1948	DATE
47918	111	20	Worcester	CITY
47918	111	31	Massachusetts	US-STATE
47918	111	224	years	DATE
47918	111	778	New York	US-STATE
47918	111	1096	daily	DATE
47918	111	1107	one year	DATE
47918	111	1228	college	GEONOUN
47918	111	1239	Worcester	CITY
47918	111	1460	town	GEONOUN
47918	111	1498	A year later	DATE
47918	111	1725	Jewish	GEONOUN
47918	111	1746	Jewish	GEONOUN
47918	111	3472	train	GEONOUN
47918	111	3644	raise	GEONOUN
47918	111	3746	years	DATE
47918	111	3753	months	DATE
47918	111	4615	the 21st century	DATE
47918	111	4645	20th century	DATE
47918	111	4766	the 20th century	DATE
47918	111	4917	field	GEONOUN
47918	112	367	the first year	DATE
47918	112	397	Worcester	CITY
47918	112	1220	Jewish	GEONOUN
47918	112	1298	the following year	DATE
47918	112	1328	classroom	GEONOUN
47918	112	1339	Only eight hours	TIME
47918	112	1484	eight hours	TIME
47918	112	1529	four days a week	DATE
47918	112	1547	two hours	TIME
47918	112	1769	15 years	DATE
47918	112	1836	synagogue	GEONOUN
47918	112	2241	Wakefield	CITY
47918	112	2252	Massachusetts	US-STATE
47918	112	2283	seven years	DATE
47918	112	2330	Worcester	CITY
47918	112	2398	seven years	DATE
47918	112	2548	Two years later	DATE
47918	112	2640	1973	DATE
47918	112	2650	1986	DATE
47918	113	481	a day	DATE
47918	113	627	Riva	EVENT
47918	113	647	the first year--	DATE
47918	113	664	two years	DATE
47918	113	704	July	DATE
47918	113	710	Almost two years later	DATE
47918	113	736	May 2, 1950	DATE
47918	114	237	many more years	DATE
47918	115	191	day school	GEONOUN
47918	115	205	Boston	CITY
47918	115	280	Worcester	CITY
47918	115	293	Boston	CITY
47918	115	300	daily	DATE
47918	115	321	6 o'clock	TIME
47918	115	480	Boston	CITY
47918	115	521	the age of	DATE
47918	115	532	14	DATE
47918	115	537	high school	GEONOUN
47918	115	624	three years later	DATE
47918	115	643	four years later	DATE
47918	115	676	a year	DATE
47918	118	30	Portland	CITY
47918	118	191	house	GEONOUN
47918	120	238	the last years	DATE
47918	120	308	Poland	COUNTRY
47918	120	315	last summer	DATE
47918	120	361	depression	GEONOUN
47918	120	381	five days	DATE
47918	120	399	Poland	COUNTRY
47918	120	576	hometown	GEONOUN
47918	120	742	monument	GEONOUN
47918	120	799	Jewish	GEONOUN
47918	120	927	Jewish cemetery	GEONOUN
47918	120	934	cemetery	GEONOUN
47918	120	998	these years	DATE
47918	120	1178	community	GEONOUN
47918	120	1288	Warsaw	CITY
47918	120	1310	two years	DATE
47918	120	1350	Warsaw	CITY
47918	120	1446	cemetery	GEONOUN
47918	120	1463	Jewish Warsaw	GEONOUN
47918	120	1470	Warsaw	CITY
47918	120	1483	Jewish cemetery	GEONOUN
47918	120	1490	cemetery	GEONOUN
47918	120	1573	Warsaw	CITY
47918	120	1583	1939	DATE
47918	120	1649	community	GEONOUN
47918	120	1729	Cracow	PLACE
47918	120	1740	Auschwitz	CAMP
47918	120	1759	five-- five hours	TIME
47918	120	1786	Auschwitz	CAMP
47918	120	1865	Worcester	CITY
47918	120	1876	some days later	DATE
47918	120	1902	depression	GEONOUN
47918	120	1917	about four or five weeks	DATE
47918	121	181	three to 25	DATE
47918	121	226	three years old	DATE
47918	121	252	10 years old	DATE
47918	121	354	labor camp	GEONOUN
47918	121	615	all these years	DATE
47918	121	805	community	GEONOUN
47918	121	822	Worcester	CITY
47918	121	2410	sleepless hours	TIME
47918	121	2592	years	DATE
47918	121	2607	50 years	DATE
47918	121	2649	these years	DATE
47918	121	3062	gap	GEONOUN
47918	121	3069	25 years	DATE
47918	121	3081	30 years	DATE
47918	121	3143	gap	GEONOUN
47918	121	3150	50 years	DATE
47918	121	3162	40 years	DATE
47918	122	412	rise	GEONOUN
47918	122	992	gap	GEONOUN
47918	122	1468	this 20th century	DATE
47918	122	1597	field	GEONOUN
47918	122	1729	the 20th century	DATE
47918	122	1796	area	GEONOUN
47918	122	2374	Fridays	DATE
47918	122	2421	a Saturday	DATE
47918	122	2450	Sunday	DATE
47918	122	2537	area	GEONOUN
47918	122	3233	Yugoslavia	CAMP
47918	122	3250	Rwanda	COUNTRY
47918	122	3400	area	GEONOUN
47918	123	378	Holocaust	EVENT
47918	123	847	another half an hour	TIME
47918	125	11	Mlawa	PLACE
47918	126	210	Mlawa	PLACE
47918	127	17	the 1920s	DATE
47918	127	143	1918	DATE
47918	127	198	New York	US-STATE
47918	129	21	Mlawa	PLACE
47918	130	82	1917	DATE
47918	130	90	1918	DATE
47918	130	354	1917	DATE
47918	130	362	Mlawa	PLACE
47918	130	400	Mlawa	PLACE
47918	130	419	1917	DATE
