FileID	AnswerID	StartCharPos	Entity	Type
48208	2	22	river Jordan	GEONOUN
48208	2	28	Jordan	COUNTRY
48208	3	102	1915	DATE
48208	3	122	World War I	EVENT
48208	3	137	Vienna	CITY
48208	3	269	a few months later	DATE
48208	3	433	Vienna	CITY
48208	3	443	Jewish	GEONOUN
48208	3	494	Jewish community	GEONOUN
48208	3	501	community	GEONOUN
48208	3	553	Jewish community	GEONOUN
48208	3	560	community	GEONOUN
48208	3	718	town	GEONOUN
48208	3	776	Hapsburg	PLACE
48208	3	1345	the last minute	TIME
48208	3	1562	Vienna	CITY
48208	4	369	country	GEONOUN
48208	4	428	Jordan	COUNTRY
48208	4	508	Israel	COUNTRY
48208	4	594	Israel	COUNTRY
48208	4	630	1939	DATE
48208	4	643	1938	DATE
48208	4	665	Jordan	COUNTRY
48208	4	710	1957	DATE
48208	6	0	March 17, 1915	DATE
48208	7	56	Vienna	CITY
48208	7	84	Ottakring	CITY
48208	7	219	World War I	EVENT
48208	8	19	83	DATE
48208	8	25	March 17	DATE
48208	9	5	district	GEONOUN
48208	9	27	Vienna	CITY
48208	10	24	Ottakring	CITY
48208	10	92	Paris	CITY
48208	10	123	district	GEONOUN
48208	11	18	district	GEONOUN
48208	11	48	Margareten	PLACE
48208	11	62	Vienna	CITY
48208	11	98	town	GEONOUN
48208	11	122	town	GEONOUN
48208	11	204	apartment	GEONOUN
48208	11	263	a few minutes	TIME
48208	11	308	Ottakring	CITY
48208	11	349	the war years	DATE
48208	11	507	apartment	GEONOUN
48208	11	684	branch	GEONOUN
48208	11	736	years	DATE
48208	11	746	years	DATE
48208	11	842	Vienna	CITY
48208	11	911	branch	GEONOUN
48208	11	1173	road all day long	GEONOUN
48208	11	1178	all day long	DATE
48208	11	1307	50 years	DATE
48208	11	1333	Vienna	CITY
48208	11	1484	Tel Aviv	CITY
48208	11	1577	store	GEONOUN
48208	11	1616	Vienna	CITY
48208	11	1837	store	GEONOUN
48208	11	2189	store	GEONOUN
48208	11	2209	Vienna	CITY
48208	11	2299	store	GEONOUN
48208	11	2362	store	GEONOUN
48208	11	2417	store	GEONOUN
48208	11	2438	store	GEONOUN
48208	11	2563	store	GEONOUN
48208	11	2596	store	GEONOUN
48208	11	2702	store	GEONOUN
48208	11	2800	store	GEONOUN
48208	11	3005	15	DATE
48208	11	3041	store	GEONOUN
48208	11	3088	department	GEONOUN
48208	11	3243	store	GEONOUN
48208	12	88	Wimmer Street	PLACE
48208	12	165	two years ago	DATE
48208	12	227	Eastern Europe	PLACE
48208	12	253	three days	DATE
48208	12	276	four days	DATE
48208	12	289	Vienna	CITY
48208	12	358	Vienna	CITY
48208	12	407	architect	GEONOUN
48208	12	450	architecture	GEONOUN
48208	12	470	Vienna	CITY
48208	12	481	the turn of the century	DATE
48208	12	558	buildings	GEONOUN
48208	12	626	area	GEONOUN
48208	12	762	store	GEONOUN
48208	12	963	20 years	DATE
48208	12	1247	Vienna	CITY
48208	12	1295	23 years old--	DATE
48208	12	1310	1938	DATE
48208	12	1382	10 years	DATE
48208	12	1444	Vienna	CITY
48208	12	1478	Tel Aviv	CITY
48208	12	1513	Vienna	CITY
48208	12	1568	Europe	CONTINENT
48208	12	1710	camps	GEONOUN
48208	12	1783	Europe	CONTINENT
48208	12	1804	Europe	CONTINENT
48208	12	1935	Palestine	CITY
48208	12	1970	18	DATE
48208	12	1974	20	DATE
48208	12	2097	Vienna	CITY
48208	12	2265	Vienna	CITY
48208	12	2286	the early 20th--	DATE
48208	12	2307	1904	DATE
48208	12	2358	village	GEONOUN
48208	12	2371	Prague	CITY
48208	12	2412	hamlet	GEONOUN
48208	12	2432	Auschwitz	CAMP
48208	12	2454	Poland	COUNTRY
48208	12	2486	Vienna	CITY
48208	12	2540	Vienna	CITY
48208	12	2588	school	GEONOUN
48208	12	2611	university	GEONOUN
48208	12	2675	Germany	COUNTRY
48208	12	2686	1933	DATE
48208	12	2692	five years	DATE
48208	12	2710	Austria	COUNTRY
48208	14	199	hamlet	GEONOUN
48208	14	232	a couple of years	DATE
48208	16	56	Auschwitz	CAMP
48208	16	76	Cracow	PLACE
48208	16	94	hills	GEONOUN
48208	16	111	country	GEONOUN
48208	16	1110	Palestine	CITY
48208	19	874	Vienna	CITY
48208	22	27	Vienna	CITY
48208	22	69	the 1920s	DATE
48208	22	102	his early 60s	DATE
48208	24	167	store	GEONOUN
48208	24	197	about 1920 or	DATE
48208	24	211	'21	DATE
48208	24	306	Theresienstadt	CAMP
48208	24	346	about 10, 15 years ago	DATE
48208	24	439	Theresienstadt	CAMP
48208	24	852	1941	DATE
48208	25	122	Vienna	CITY
48208	26	131	Vienna	CITY
48208	26	164	World War I.	EVENT
48208	26	200	World War I.	EVENT
48208	26	243	store	GEONOUN
48208	26	360	Israel	COUNTRY
48208	26	780	Minsk	CITY
48208	26	794	concentration camp	GEONOUN
48208	27	199	19	DATE
48208	27	213	World War I	EVENT
48208	27	400	fell	GEONOUN
48208	27	525	1920	DATE
48208	27	732	Holocaust	EVENT
48208	27	916	Minsk	CITY
48208	27	1040	Vienna	CITY
48208	28	342	the United States	COUNTRY
48208	28	383	Newberg	CITY
48208	28	573	Israel	COUNTRY
48208	28	763	Israel	COUNTRY
48208	28	932	Newberg	CITY
48208	28	940	area	GEONOUN
48208	29	165	every morning	TIME
48208	29	223	the years	DATE
48208	29	272	store	GEONOUN
48208	29	279	the main business day	DATE
48208	29	304	Saturday	DATE
48208	29	367	store	GEONOUN
48208	29	418	Shabbat	DATE
48208	29	578	store	GEONOUN
48208	29	598	store	GEONOUN
48208	29	676	Vienna	CITY
48208	29	900	steps upstairs	GEONOUN
48208	29	906	upstairs	GEONOUN
48208	29	944	doorway	GEONOUN
48208	29	1031	upstairs	GEONOUN
48208	29	1360	bar	GEONOUN
48208	29	1389	a few weeks	DATE
48208	29	1486	school	GEONOUN
48208	29	1494	Austria	COUNTRY
48208	29	1524	today	DATE
48208	29	1586	Austria	COUNTRY
48208	29	1605	country	GEONOUN
48208	29	1718	school	GEONOUN
48208	29	1739	school	GEONOUN
48208	29	1750	high school	GEONOUN
48208	29	1842	those two or three hours	TIME
48208	29	1948	the afternoon	TIME
48208	29	1985	district	GEONOUN
48208	29	2001	school	GEONOUN
48208	29	2147	the age of 14	DATE
48208	29	2357	Jewish	GEONOUN
48208	29	2380	Israel	COUNTRY
48208	29	2516	the age of 14	DATE
48208	29	3199	theater	GEONOUN
48208	29	3265	15	DATE
48208	29	3269	16 years old	DATE
48208	29	3605	Passover	EVENT
48208	29	3677	Israel	COUNTRY
48208	29	3694	Jerusalem	CITY
48208	29	3714	Vienna	CITY
48208	31	374	Vienna	CITY
48208	31	448	Vienna	CITY
48208	32	384	18	DATE
48208	32	390	19	DATE
48208	32	533	branch	GEONOUN
48208	32	758	camps	GEONOUN
48208	32	905	one or two years	DATE
48208	32	925	farms	GEONOUN
48208	32	985	18, 19	DATE
48208	32	1241	Jerusalem	CITY
48208	32	1350	18	DATE
48208	32	1354	20	DATE
48208	33	34	five	DATE
48208	33	40	six	DATE
48208	33	88	store	GEONOUN
48208	33	113	street	GEONOUN
48208	33	136	Wimmergasse	PLACE
48208	33	435	five	DATE
48208	33	441	six	DATE
48208	33	534	store	GEONOUN
48208	33	893	Jewish	GEONOUN
48208	33	1021	street	GEONOUN
48208	33	1213	street	GEONOUN
48208	33	1293	outlet	GEONOUN
48208	33	1625	a few days	DATE
48208	33	1828	the Maccabi ha-Za'ir	PLACE
48208	33	2066	school	GEONOUN
48208	33	2097	school	GEONOUN
48208	33	2141	Vienna	CITY
48208	33	3021	high school	GEONOUN
48208	33	3039	eight years	DATE
48208	33	3054	Europe	CONTINENT
48208	33	3079	school	GEONOUN
48208	33	3090	high school	GEONOUN
48208	33	3109	eight-year	DATE
48208	33	3153	high school	GEONOUN
48208	33	3173	eight years	DATE
48208	33	3208	high school	GEONOUN
48208	33	3300	1925 to '33	DATE
48208	33	3360	the age of 10	DATE
48208	33	3386	10 to 18	DATE
48208	33	3516	school	GEONOUN
48208	33	3547	school	GEONOUN
48208	33	3759	1867	DATE
48208	33	3785	an important year	DATE
48208	33	3940	school	GEONOUN
48208	33	4304	1931	DATE
48208	33	4337	17	DATE
48208	33	4341	16	DATE
48208	33	4391	Germany	COUNTRY
48208	33	4570	Vienna	CITY
48208	33	4728	school	GEONOUN
48208	33	4968	ground	GEONOUN
48208	33	5061	high school	GEONOUN
48208	33	5357	World War I	EVENT
48208	33	5394	Alps	PLACE
48208	33	5424	Tyrol	PLACE
48208	33	5572	a few days later	DATE
48208	33	6159	rock	GEONOUN
48208	33	6304	church	GEONOUN
48208	33	6314	Austria	COUNTRY
48208	33	6346	country	GEONOUN
48208	33	6362	Austria	COUNTRY
48208	33	6463	high school	GEONOUN
48208	33	6533	museum	GEONOUN
48208	33	6555	forest	GEONOUN
48208	33	6759	Vienna	CITY
48208	33	6778	area	GEONOUN
48208	33	6805	12	DATE
48208	33	7198	the years	DATE
48208	35	106	years	DATE
48208	36	659	the next day	DATE
48208	36	819	Vienna	CITY
48208	36	882	country	GEONOUN
48208	36	1250	school	GEONOUN
48208	37	179	Austria	COUNTRY
48208	37	187	today	DATE
48208	37	863	high school	GEONOUN
48208	37	1189	university	GEONOUN
48208	37	1466	Austria	COUNTRY
48208	37	1485	Germany	COUNTRY
48208	37	1861	high school	GEONOUN
48208	37	1926	Vienna	CITY
48208	37	1933	a few years ago	DATE
48208	37	2054	corner	GEONOUN
48208	37	2191	Czechoslovakia	COUNTRY
48208	37	2279	Vienna	CITY
48208	38	183	street	GEONOUN
48208	38	266	store	GEONOUN
48208	38	280	street	GEONOUN
48208	38	519	the early days	DATE
48208	39	59	country	GEONOUN
48208	39	174	school	GEONOUN
48208	39	201	school	GEONOUN
48208	39	233	district	GEONOUN
48208	39	438	school	GEONOUN
48208	39	458	building	GEONOUN
48208	39	525	district	GEONOUN
48208	39	540	district	GEONOUN
48208	39	557	high school	GEONOUN
48208	40	4	school	GEONOUN
48208	40	20	school	GEONOUN
48208	40	71	school	GEONOUN
48208	40	89	school	GEONOUN
48208	40	159	high school	GEONOUN
48208	40	246	school	GEONOUN
48208	40	293	school	GEONOUN
48208	40	305	school	GEONOUN
48208	40	322	Vienna	CITY
48208	40	348	Europe	CONTINENT
48208	40	430	England	PLACE
48208	40	439	France	COUNTRY
48208	40	452	Germany	COUNTRY
48208	40	524	school	GEONOUN
48208	40	600	school	GEONOUN
48208	40	664	school	GEONOUN
48208	40	793	high school	GEONOUN
48208	40	1004	school	GEONOUN
48208	41	65	the age of 10 to 14	DATE
48208	41	109	school	GEONOUN
48208	41	140	Jewish	GEONOUN
48208	41	162	street	GEONOUN
48208	41	291	14	DATE
48208	41	319	Jewish	GEONOUN
48208	41	457	school every day	GEONOUN
48208	41	464	every day	DATE
48208	42	0	1933	DATE
48208	43	107	desert	GEONOUN
48208	43	169	two years	DATE
48208	43	308	farm	GEONOUN
48208	43	338	country	GEONOUN
48208	43	350	Czechoslovakia	COUNTRY
48208	43	574	Czechoslovakia	COUNTRY
48208	43	612	Germany	COUNTRY
48208	43	628	Austria	COUNTRY
48208	43	740	store	GEONOUN
48208	43	891	university	GEONOUN
48208	43	1486	track	GEONOUN
48208	43	1495	high school	GEONOUN
48208	43	1592	one year	DATE
48208	43	1664	eight years	DATE
48208	43	1766	the age of 18	DATE
48208	43	1820	high school	GEONOUN
48208	43	1873	university	GEONOUN
48208	43	1888	1936	DATE
48208	43	1943	1935	DATE
48208	43	1955	'35	DATE
48208	43	1962	'36	DATE
48208	43	2017	'35	DATE
48208	43	2113	four and 1/2 years	DATE
48208	43	2151	one and 1/2 years	DATE
48208	43	2186	about two years	DATE
48208	44	6	high school	GEONOUN
48208	45	373	every Sunday	DATE
48208	45	425	museum	GEONOUN
48208	45	506	room	GEONOUN
48208	45	535	rooms	GEONOUN
48208	45	554	parts	GEONOUN
48208	45	563	Vienna	CITY
48208	45	832	a very early day	DATE
48208	45	857	Oneg Shabbat	EVENT
48208	45	888	Saturday	DATE
48208	45	897	night	TIME
48208	45	908	Friday night,	DATE
48208	45	922	Saturday	DATE
48208	45	931	night	TIME
48208	45	995	cellar	GEONOUN
48208	45	1259	today	DATE
48208	45	1331	country	GEONOUN
48208	45	1548	the age of 16, 17	DATE
48208	45	1679	10	DATE
48208	45	1686	12	DATE
48208	45	1742	six months	DATE
48208	45	1768	four months	DATE
48208	45	1855	a year later	DATE
48208	45	1872	18	DATE
48208	45	2018	1937	DATE
48208	46	108	Tel Aviv	CITY
48208	46	208	Israel	COUNTRY
48208	46	222	1940	DATE
48208	46	391	Seattle	CITY
48208	46	424	a few months ago	DATE
48208	46	577	collector	GEONOUN
48208	46	696	Kfar haMaccabi	PLACE
48208	46	712	Kfar haMaccabi	PLACE
48208	46	791	Haifa	CITY
48208	46	1040	Miami	CITY
48208	46	1076	country	GEONOUN
48208	46	1100	1934	DATE
48208	46	1297	Israel	COUNTRY
48208	46	1344	Dovrat	PLACE
48208	46	1406	Haifa	CITY
48208	46	1513	about 23	DATE
48208	46	1545	18	DATE
48208	46	1549	17	DATE
48208	46	1553	19	DATE
48208	47	6	university	GEONOUN
48208	47	20	university	GEONOUN
48208	47	105	university	GEONOUN
48208	47	194	country	GEONOUN
48208	47	293	Europe	CONTINENT
48208	47	311	university	GEONOUN
48208	47	385	school	GEONOUN
48208	47	415	school	GEONOUN
48208	47	425	18	DATE
48208	47	507	school	GEONOUN
48208	47	664	Palestine	CITY
48208	47	812	school	GEONOUN
48208	47	874	store	GEONOUN
48208	47	1048	university	GEONOUN
48208	47	1228	21	DATE
48208	47	1234	22	DATE
48208	47	1292	university	GEONOUN
48208	49	147	fall	GEONOUN
48208	49	191	six months later	DATE
48208	49	213	fall	GEONOUN
48208	49	484	14, 15	DATE
48208	50	109	high school	GEONOUN
48208	50	315	Germany	COUNTRY
48208	50	381	1929	DATE
48208	50	387	'	DATE
48208	50	388	30	DATE
48208	50	392	'	DATE
48208	50	393	31	DATE
48208	50	431	Vienna	CITY
48208	50	439	Vienna	CITY
48208	50	467	town	GEONOUN
48208	50	476	1934	DATE
48208	50	500	Vienna	CITY
48208	50	644	Austria	COUNTRY
48208	50	669	state	GEONOUN
48208	50	709	A few years before	DATE
48208	50	759	1934	DATE
48208	50	769	a year later	DATE
48208	51	53	Jewish	GEONOUN
48208	51	233	Vienna	CITY
48208	51	269	Vienna	CITY
48208	51	296	Jerusalem	CITY
48208	51	322	Vienna	CITY
48208	51	337	Vienna	CITY
48208	51	372	the day of his death,	DATE
48208	51	397	July 4th--	DATE
48208	51	443	July	DATE
48208	51	529	grave	GEONOUN
48208	51	536	every year	DATE
48208	51	638	cemetery	GEONOUN
48208	51	660	cemetery	GEONOUN
48208	51	680	Vienna	CITY
48208	51	713	Israel	COUNTRY
48208	51	817	Jerusalem	CITY
48208	51	853	Paris	CITY
48208	51	867	embassy	GEONOUN
48208	52	22	school	GEONOUN
48208	52	34	high school	GEONOUN
48208	52	492	One day	DATE
48208	52	571	crossing	GEONOUN
48208	52	587	Atlantic	PLACE
48208	52	671	school	GEONOUN
48208	52	851	school	GEONOUN
48208	52	1094	Austria	COUNTRY
48208	52	1106	Vienna	CITY
48208	52	1225	high holidays	DATE
48208	55	166	concentration camp	GEONOUN
48208	56	118	Eastern Europe	PLACE
48208	56	161	Europe	CONTINENT
48208	56	341	Poland	COUNTRY
48208	56	384	Poland	COUNTRY
48208	56	444	Poland	COUNTRY
48208	56	461	World War I	EVENT
48208	56	499	Poland	COUNTRY
48208	56	723	Germany	COUNTRY
48208	56	809	Germany	COUNTRY
48208	56	1022	Kristallnacht	EVENT
48208	56	1079	Palestine	CITY
48208	56	1111	street	GEONOUN
48208	56	1174	street	GEONOUN
48208	56	1366	ground	GEONOUN
48208	56	1740	street	GEONOUN
48208	56	1929	Jewish	GEONOUN
48208	57	190	Palestine	CITY
48208	57	207	America	COUNTRY
48208	57	222	China	COUNTRY
48208	57	384	Austria	COUNTRY
48208	57	643	World War I	EVENT
48208	57	673	Tyrol	PLACE
48208	57	682	Austria	COUNTRY
48208	57	707	Italy	COUNTRY
48208	57	940	Jewish	GEONOUN
48208	57	1354	a few years	DATE
48208	57	1507	Jewish	GEONOUN
48208	58	109	Palestine	CITY
48208	58	190	Aliyah	PLACE
48208	58	229	1930	DATE
48208	58	279	two or three years later	DATE
48208	58	460	America	COUNTRY
48208	58	476	Argentina	COUNTRY
48208	59	139	Paris	CITY
48208	59	154	Budapest	CITY
48208	59	284	1932	DATE
48208	59	435	strand	GEONOUN
48208	59	449	beach	GEONOUN
48208	59	458	Tel Aviv	CITY
48208	59	470	1932	DATE
48208	59	1118	England	PLACE
48208	59	1410	Vienna	CITY
48208	59	1557	hall	GEONOUN
48208	60	111	Tel Aviv	CITY
48208	60	273	Vienna	CITY
48208	60	290	1934	DATE
48208	60	335	Vienna	CITY
48208	60	423	Vienna	CITY
48208	60	454	Vienna	CITY
48208	60	559	hospital	GEONOUN
48208	60	589	hospital a few weeks later	GEONOUN
48208	60	598	a few weeks later	DATE
48208	60	982	Jewish	GEONOUN
48208	60	1419	Vienna	CITY
48208	60	1463	Vienna	CITY
48208	60	1567	Vienna	CITY
48208	61	33	February of 1938	DATE
48208	61	405	Vienna	CITY
48208	61	436	Berchtesgaden	PLACE
48208	61	460	summer	DATE
48208	61	467	resort	GEONOUN
48208	61	477	the Bavarian Alps	PLACE
48208	61	705	Austria	COUNTRY
48208	61	1128	Vienna	CITY
48208	61	1195	evening	TIME
48208	61	1430	Vienna	CITY
48208	61	1591	another week or	DATE
48208	61	1729	Holland	CITY
48208	61	1800	Nuremberg	CAMP
48208	61	1981	Berchtesgaden	PLACE
48208	61	1999	late February	DATE
48208	61	2014	February 20	DATE
48208	61	2063	early February	DATE
48208	61	2090	Early February	DATE
48208	61	2128	Vienna	CITY
48208	61	2142	March the 13th	DATE
48208	61	2163	a month later	DATE
48208	61	2306	Vienna	CITY
48208	61	2618	apartment	GEONOUN
48208	61	2669	Vienna	CITY
48208	61	2684	the [NON-ENGLISH	PLACE
48208	61	2736	street	GEONOUN
48208	61	2783	Vienna	CITY
48208	61	2872	road	GEONOUN
48208	61	2882	Vienna	CITY
48208	61	2890	Two or three days later	DATE
48208	61	3527	country	GEONOUN
48208	61	3538	California	US-STATE
48208	62	6	March 13, 1938	DATE
48208	63	46	a Sunday	DATE
48208	63	71	Sunday	DATE
48208	63	91	a Sunday	DATE
48208	63	199	apartment	GEONOUN
48208	63	235	the day--	DATE
48208	63	269	the day of the Anschluss	DATE
48208	63	297	the next day	DATE
48208	63	325	Friday	DATE
48208	63	335	Saturday	DATE
48208	63	352	close to the weekend	DATE
48208	63	389	the day	DATE
48208	63	555	street	GEONOUN
48208	63	669	the day of the Anschluss	DATE
48208	63	783	city	GEONOUN
48208	63	890	street	GEONOUN
48208	63	935	town	GEONOUN
48208	63	1149	windows	GEONOUN
48208	63	1528	Germany	COUNTRY
48208	63	1643	Vienna	CITY
48208	63	1748	towers	GEONOUN
48208	63	1832	church	GEONOUN
48208	63	1853	Saint Stephen	PLACE
48208	63	1872	cathedral	GEONOUN
48208	63	1904	church	GEONOUN
48208	63	2075	night	TIME
48208	63	2181	town	GEONOUN
48208	63	2209	Paris	CITY
48208	64	199	district	GEONOUN
48208	64	211	Vienna	CITY
48208	64	488	1941	DATE
48208	64	502	1938	DATE
48208	64	769	houses	GEONOUN
48208	64	1104	1970	DATE
48208	64	1172	Jewish	GEONOUN
48208	64	1187	1938	DATE
48208	64	1193	the first year	DATE
48208	64	1224	the first six, nine months	DATE
48208	64	1348	Germany	COUNTRY
48208	64	1377	five years	DATE
48208	64	1412	Austria	COUNTRY
48208	64	1428	five or six months--	DATE
48208	64	1611	store	GEONOUN
48208	64	1664	Jewish	GEONOUN
48208	65	20	week	DATE
48208	66	48	Jewish store	GEONOUN
48208	66	55	store	GEONOUN
48208	66	83	Jewish	GEONOUN
48208	66	109	windows	GEONOUN
48208	66	118	Jewish store	GEONOUN
48208	66	125	store	GEONOUN
48208	66	132	Jewish store	GEONOUN
48208	66	139	store	GEONOUN
48208	67	113	Jewish	GEONOUN
48208	67	165	Sunday	DATE
48208	67	234	store	GEONOUN
48208	67	310	20 years	DATE
48208	67	551	pass	GEONOUN
48208	67	924	day	DATE
48208	67	944	day	DATE
48208	68	196	Jewish	GEONOUN
48208	68	214	university	GEONOUN
48208	68	485	Poland	COUNTRY
48208	68	507	university	GEONOUN
48208	68	549	Jewish	GEONOUN
48208	68	567	university	GEONOUN
48208	68	590	Jewish	GEONOUN
48208	70	204	Palestine	CITY
48208	70	292	Switzerland	COUNTRY
48208	70	312	Vienna	CITY
48208	70	485	Bolivia	COUNTRY
48208	70	546	Paris	CITY
48208	70	728	embassy	GEONOUN
48208	70	774	Vienna	CITY
48208	70	862	the American Embassy	PLACE
48208	70	936	block	GEONOUN
48208	70	960	the first or	DATE
48208	70	973	the second day	DATE
48208	70	1218	Vienna	CITY
48208	70	1237	Austria	COUNTRY
48208	70	1355	Palestine	CITY
48208	70	1894	today	DATE
48208	70	1913	Israel	COUNTRY
48208	70	2028	Israel	COUNTRY
48208	70	2085	ship	GEONOUN
48208	71	154	Jewish hospital	GEONOUN
48208	71	161	hospital	GEONOUN
48208	71	183	Jewish hospital	GEONOUN
48208	71	190	hospital	GEONOUN
48208	71	202	Vienna	CITY
48208	71	366	Wednesday	DATE
48208	71	376	morning	TIME
48208	71	468	hospital	GEONOUN
48208	71	514	house	GEONOUN
48208	74	76	Jewish	GEONOUN
48208	74	95	Vienna	CITY
48208	74	165	Jewish	GEONOUN
48208	74	196	Jewish	GEONOUN
48208	74	235	Jewish	GEONOUN
48208	76	14	Jewish hospital	GEONOUN
48208	76	21	hospital	GEONOUN
48208	76	47	Jewish hospital	GEONOUN
48208	76	54	hospital	GEONOUN
48208	76	66	Vienna	CITY
48208	76	130	turn of the century	DATE
48208	76	277	hospital	GEONOUN
48208	76	326	1920	DATE
48208	76	447	hospital	GEONOUN
48208	76	528	house	GEONOUN
48208	78	220	America	COUNTRY
48208	79	38	university	GEONOUN
48208	79	67	that semester	DATE
48208	79	157	school	GEONOUN
48208	79	184	A few months later	DATE
48208	79	223	Jewish	GEONOUN
48208	79	247	Jewish	GEONOUN
48208	79	261	school	GEONOUN
48208	79	271	Vienna	CITY
48208	79	308	Jewish	GEONOUN
48208	79	460	school	GEONOUN
48208	79	498	about 10 years younger	DATE
48208	80	326	the late 19th century	DATE
48208	80	360	town	GEONOUN
48208	80	368	village	GEONOUN
48208	80	388	Poland	COUNTRY
48208	80	404	land	GEONOUN
48208	80	544	Jewish	GEONOUN
48208	80	1123	Palestine	CITY
48208	80	1540	hotel	GEONOUN
48208	82	26	May 1938	DATE
48208	82	67	months	DATE
48208	82	95	late April	DATE
48208	82	107	early May, 1938	DATE
48208	82	143	hotel	GEONOUN
48208	82	324	15	DATE
48208	82	990	Jewish	GEONOUN
48208	82	1238	bank	GEONOUN
48208	82	1296	bank	GEONOUN
48208	84	152	bank	GEONOUN
48208	84	607	two to three weeks	DATE
48208	84	645	exactly three weeks	DATE
48208	84	802	port	GEONOUN
48208	84	808	Austria	COUNTRY
48208	84	823	port	GEONOUN
48208	84	829	Germany	COUNTRY
48208	84	844	port	GEONOUN
48208	85	56	June	DATE
48208	86	204	Czechoslovakia	COUNTRY
48208	86	626	Jewish	GEONOUN
48208	86	823	Switzerland	COUNTRY
48208	86	872	Switzerland	COUNTRY
48208	86	970	Jewish	GEONOUN
48208	86	989	Austria	COUNTRY
48208	86	1001	Vienna	CITY
48208	86	1034	a year before	DATE
48208	86	1113	one morning	TIME
48208	86	1128	8 o'clock in the morning	TIME
48208	88	23	15	DATE
48208	88	58	23	DATE
48208	88	162	16	DATE
48208	88	166	15	DATE
48208	88	170	16	DATE
48208	88	213	between, let's say, 18 and 20	DATE
48208	90	95	railroad station	GEONOUN
48208	90	292	country	GEONOUN
48208	90	384	train	GEONOUN
48208	90	545	railroad station	GEONOUN
48208	90	599	pillar	GEONOUN
48208	90	700	the evening	TIME
48208	91	90	store	GEONOUN
48208	91	139	store	GEONOUN
48208	91	463	three weeks	DATE
48208	91	560	train	GEONOUN
48208	91	584	train	GEONOUN
48208	91	651	Vienna	CITY
48208	91	709	Chicago	CITY
48208	93	10	the middle of the week	DATE
48208	93	95	middle of June	DATE
48208	93	141	early July	DATE
48208	93	153	three weeks later	DATE
48208	93	175	middle of June	DATE
48208	94	0	8 o'clock in the morning	TIME
48208	94	128	platform	GEONOUN
48208	94	171	train	GEONOUN
48208	94	511	Germany	COUNTRY
48208	94	696	Berlin	CITY
48208	94	829	train	GEONOUN
48208	94	877	Austria	COUNTRY
48208	94	889	Germany	COUNTRY
48208	94	908	reach	GEONOUN
48208	94	939	midnight	TIME
48208	94	989	about five hours	TIME
48208	94	1042	train	GEONOUN
48208	94	1080	pass	GEONOUN
48208	94	1159	train	GEONOUN
48208	94	1244	Yugoslavia	CAMP
48208	94	1258	midnight	TIME
48208	94	1344	the morning	TIME
48208	95	43	Austria	COUNTRY
48208	95	245	train	GEONOUN
48208	95	280	Austria	COUNTRY
48208	95	550	Yugoslavia	CAMP
48208	95	603	pass Yugoslavia	GEONOUN
48208	95	608	Yugoslavia	CAMP
48208	95	625	Yugoslavia	CAMP
48208	95	672	Bulgaria	COUNTRY
48208	95	693	Greece	COUNTRY
48208	95	701	Greece	COUNTRY
48208	95	816	Austria	COUNTRY
48208	95	828	Greece	COUNTRY
48208	98	61	reach Greece	GEONOUN
48208	98	67	Greece	COUNTRY
48208	98	91	port	GEONOUN
48208	98	99	Greece	COUNTRY
48208	98	148	ship	GEONOUN
48208	98	223	Germany	COUNTRY
48208	98	339	years ago	DATE
48208	98	350	years later	DATE
48208	98	457	Austria	COUNTRY
48208	98	502	train	GEONOUN
48208	98	732	Austria	COUNTRY
48208	98	744	Germany	COUNTRY
48208	98	826	train	GEONOUN
48208	98	859	train	GEONOUN
48208	98	885	Athens	CITY
48208	98	933	village	GEONOUN
48208	98	960	Athens	CITY
48208	98	975	peninsula	GEONOUN
48208	98	1019	peninsula	GEONOUN
48208	98	1047	about a week	DATE
48208	98	1067	train	GEONOUN
48208	98	1074	a week	DATE
48208	99	92	pass	GEONOUN
48208	99	120	a week	DATE
48208	99	154	probably 12, 14 hours	TIME
48208	100	93	Yugoslavia	CAMP
48208	100	122	city	GEONOUN
48208	100	141	Zagreb	CITY
48208	100	153	capital	GEONOUN
48208	100	164	Croatia	COUNTRY
48208	100	182	train	GEONOUN
48208	100	545	windows	GEONOUN
48208	100	598	Jewish community	GEONOUN
48208	100	605	community	GEONOUN
48208	100	618	Zagreb	CITY
48208	100	990	village	GEONOUN
48208	100	1035	hamlet	GEONOUN
48208	100	1053	village	GEONOUN
48208	100	1068	coast	GEONOUN
48208	100	1095	a week	DATE
48208	100	1134	summer	DATE
48208	100	1327	a week	DATE
48208	100	1341	one early morning	TIME
48208	100	1372	ship	GEONOUN
48208	100	1395	pier	GEONOUN
48208	100	1442	ship	GEONOUN
48208	100	1518	ship	GEONOUN
48208	100	1712	ship	GEONOUN
48208	100	1758	ship	GEONOUN
48208	101	113	about one or two days	DATE
48208	101	143	ship	GEONOUN
48208	101	176	ocean	GEONOUN
48208	101	203	the Isle of-- Island of Rhodes	PLACE
48208	101	238	the very early morning--	TIME
48208	101	325	ship	GEONOUN
48208	101	391	the Circle Line	PLACE
48208	101	414	New York	US-STATE
48208	101	496	boat	GEONOUN
48208	101	715	Spain	COUNTRY
48208	101	726	the Spanish Civil War	EVENT
48208	101	869	ship	GEONOUN
48208	101	901	boat	GEONOUN
48208	101	920	another week,	DATE
48208	101	938	the third week	DATE
48208	101	961	boat	GEONOUN
48208	101	1430	another week	DATE
48208	101	1471	coast	GEONOUN
48208	101	1480	Palestine	CITY
48208	101	1498	Mount Carmel	PLACE
48208	101	1564	mountain	GEONOUN
48208	101	1664	zone	GEONOUN
48208	101	2167	the first-- the first night	TIME
48208	101	2221	shore	GEONOUN
48208	101	2268	land	GEONOUN
48208	101	2285	the first night	DATE
48208	101	2352	zone	GEONOUN
48208	101	2402	next day	DATE
48208	101	2461	the third night	DATE
48208	101	2507	land	GEONOUN
48208	101	2680	coast	GEONOUN
48208	101	2689	Israel	COUNTRY
48208	101	2697	Binyamina	CITY
48208	101	2719	town	GEONOUN
48208	101	2737	Haifa	CITY
48208	101	2770	dunes	GEONOUN
48208	101	2791	forests	GEONOUN
48208	101	2948	shore	GEONOUN
48208	101	2968	yards	GEONOUN
48208	101	3025	flat shore	GEONOUN
48208	101	3030	shore	GEONOUN
48208	101	3085	forests	GEONOUN
48208	101	3149	Tel Aviv	CITY
48208	101	3159	Haifa	CITY
48208	101	3169	Jerusalem	CITY
48208	101	3282	4:00 in the morning	TIME
48208	101	3331	country	GEONOUN
48208	101	3575	consulate	GEONOUN
48208	101	3588	Vienna	CITY
48208	101	3682	consulate	GEONOUN
48208	101	3923	Palestine	CITY
48208	102	3	July	DATE
48208	102	9	early July '38	DATE
48208	103	78	Degania	PLACE
48208	103	153	Tel Aviv	CITY
48208	103	313	Tel Aviv	CITY
48208	103	464	day	DATE
48208	103	511	bus stop	GEONOUN
48208	103	529	bus stop	GEONOUN
48208	103	572	Dizengoff Street	PLACE
48208	103	625	Tel Aviv	CITY
48208	103	658	Dizengoff Street	PLACE
48208	103	704	city	GEONOUN
48208	103	734	New York	US-STATE
48208	103	773	skyscrapers	GEONOUN
48208	103	817	Dizengoff Street	PLACE
48208	103	1010	Tel Aviv	CITY
48208	107	240	Jerusalem	CITY
48208	107	559	three weeks	DATE
48208	107	609	Tel Aviv	CITY
48208	107	810	seashore	GEONOUN
48208	107	820	Vienna	CITY
48208	107	834	ocean	GEONOUN
48208	107	902	Israel	COUNTRY
48208	107	913	Palestine	CITY
48208	107	983	the Betar Maccabi	PLACE
48208	107	1040	Maccabi	PLACE
48208	107	1051	Tel Aviv	CITY
48208	107	1064	night	TIME
48208	107	1074	7:00	TIME
48208	107	1194	the next day	DATE
48208	107	1331	city	GEONOUN
48208	107	1426	ocean	GEONOUN
48208	107	1501	room	GEONOUN
48208	107	1593	Tel Aviv	CITY
48208	107	1725	the Betar Maccabi	PLACE
48208	107	1751	foot	GEONOUN
48208	107	1845	the next day	DATE
48208	107	2103	Haifa	CITY
48208	107	2137	Haifa	CITY
48208	107	2147	Tel Aviv	CITY
48208	107	2293	Hadera	CITY
48208	107	2352	Tel Aviv	CITY
48208	107	2474	the night	TIME
48208	107	2501	hotel	GEONOUN
48208	107	2805	8:00	TIME
48208	107	2832	9:00	TIME
48208	107	2855	porch	GEONOUN
48208	107	3150	lock	GEONOUN
48208	107	3173	locks	GEONOUN
48208	107	3196	locks	GEONOUN
48208	107	3214	Tel Aviv	CITY
48208	107	3235	the good old days	DATE
48208	107	3321	Ra'anana	PLACE
48208	107	3383	Ra'anana	PLACE
48208	107	3556	Haifa	CITY
48208	107	3691	a few, two, three months	DATE
48208	107	4458	house	GEONOUN
48208	107	4487	Hadera	CITY
48208	107	4502	house	GEONOUN
48208	107	4613	the next day	DATE
48208	107	4714	land	GEONOUN
48208	107	4845	two or three or four years	DATE
48208	107	4922	land	GEONOUN
48208	107	5005	land	GEONOUN
48208	107	5122	September	DATE
48208	107	5133	October '38	DATE
48208	107	5203	Vienna	CITY
48208	109	106	a minute	TIME
48208	109	151	Kristallnacht	EVENT
48208	109	173	November	DATE
48208	109	434	railroad	GEONOUN
48208	109	467	Italy	COUNTRY
48208	109	648	train	GEONOUN
48208	109	737	train	GEONOUN
48208	109	746	Milan	CITY
48208	109	909	block	GEONOUN
48208	109	918	buildings	GEONOUN
48208	109	979	Jewish community	GEONOUN
48208	109	986	community	GEONOUN
48208	109	1061	room	GEONOUN
48208	109	1263	Degania	PLACE
48208	109	1280	Jerusalem	CITY
48208	109	1557	Palestine	CITY
48208	109	1745	plantation	GEONOUN
48208	109	2152	March of 1938	DATE
48208	109	2317	Switzerland	COUNTRY
48208	110	93	Belgium	COUNTRY
48208	110	133	Belgium	COUNTRY
48208	110	214	England	PLACE
48208	110	433	coffeehouse	GEONOUN
48208	110	486	Cafe Dobner	PLACE
48208	111	12	Vienna	CITY
48208	111	44	the Fourth District	PLACE
48208	111	108	street	GEONOUN
48208	111	145	house	GEONOUN
48208	111	222	Finland	COUNTRY
48208	111	293	Switzerland	COUNTRY
48208	111	535	Israel	COUNTRY
48208	111	933	Vienna	CITY
48208	111	1006	Tel Aviv	CITY
48208	111	1077	Tel Aviv	CITY
48208	111	1179	Jerusalem	CITY
48208	111	1202	Jerusalem	CITY
48208	111	1324	Jerusalem	CITY
48208	111	1460	Jerusalem	CITY
48208	111	1474	the weekend	DATE
48208	111	1732	a few weeks	DATE
48208	111	1747	Jerusalem	CITY
48208	111	2013	windows	GEONOUN
48208	111	2302	Jerusalem	CITY
48208	111	2312	about almost 10 months	DATE
48208	111	2398	today	DATE
48208	111	2648	stone	GEONOUN
48208	111	2665	stone	GEONOUN
48208	111	2812	Milano	PLACE
48208	111	2887	1939	DATE
48208	111	2905	spring	GEONOUN
48208	111	2921	April	DATE
48208	111	2998	another two weeks	DATE
48208	111	3168	1949-- 1939	DATE
48208	111	3204	Jewish	GEONOUN
48208	111	3256	land	GEONOUN
48208	111	3280	land	GEONOUN
48208	111	3456	Jewish	GEONOUN
48208	111	3476	Vienna	CITY
48208	111	3519	Milan	CITY
48208	111	3787	temple every day	GEONOUN
48208	111	3794	every day	DATE
48208	111	3842	Milano	PLACE
48208	111	3970	Israel	COUNTRY
48208	111	4032	Israel	COUNTRY
48208	111	4159	school	GEONOUN
48208	111	4309	kibbutz	PLACE
48208	111	5346	August	DATE
48208	111	5354	late August 1939	DATE
48208	111	5394	weeks	DATE
48208	111	5404	weeks	DATE
48208	111	5414	weeks	DATE
48208	112	77	Palestine	CITY
48208	112	104	Trieste	CITY
48208	112	474	ship	GEONOUN
48208	112	492	Trieste	CITY
48208	112	650	train	GEONOUN
48208	112	678	Trieste	CITY
48208	112	698	Sunday	DATE
48208	112	708	Trieste	CITY
48208	112	738	ship	GEONOUN
48208	112	779	Italy	COUNTRY
48208	112	808	country	GEONOUN
48208	112	835	more than six months	DATE
48208	112	888	bank	GEONOUN
48208	112	955	bank	GEONOUN
48208	112	985	Sunday	DATE
48208	112	1001	banks	GEONOUN
48208	112	1153	Trieste	CITY
48208	112	1197	Trieste	CITY
48208	112	1248	bank	GEONOUN
48208	112	1292	boat	GEONOUN
48208	112	1334	boat	GEONOUN
48208	112	1347	Palestine	CITY
48208	112	1481	Jerusalem	CITY
48208	114	19	September the 1st	DATE
48208	114	45	the date	DATE
48208	114	75	Europe	CONTINENT
48208	114	91	boat	GEONOUN
48208	114	138	Italy	COUNTRY
48208	114	189	England	PLACE
48208	114	201	Germany	COUNTRY
48208	114	298	four days--	DATE
48208	114	322	three, four days	DATE
48208	114	358	September the 8th, 9th, 10th	DATE
48208	114	412	1939	DATE
48208	114	556	Hadera	CITY
48208	114	631	street	GEONOUN
48208	114	757	Tel Aviv	CITY
48208	114	835	Tel Aviv	CITY
48208	114	861	Vienna	CITY
48208	115	168	Vienna	CITY
48208	115	293	30 or 25 years	DATE
48208	115	392	the Degania Alef	PLACE
48208	115	454	1910	DATE
48208	115	475	1909	DATE
48208	115	483	the Jordan Valley--	PLACE
48208	115	730	Degania	PLACE
48208	115	909	Degania	PLACE
48208	115	934	about a year	DATE
48208	115	950	Degania	PLACE
48208	115	1133	fields	GEONOUN
48208	115	1303	a week	DATE
48208	115	1334	fields	GEONOUN
48208	115	1344	Degania	PLACE
48208	115	1455	the first-- 1939	DATE
48208	115	1473	the first month	DATE
48208	115	1492	Europe	CONTINENT
48208	115	2147	Crete	PLACE
48208	115	2283	Vienna	CITY
48208	115	2337	a few years ago	DATE
48208	115	2356	Tel Aviv--	PLACE
48208	115	2674	the war years--	DATE
48208	115	2851	camps	GEONOUN
48208	115	2886	camps	GEONOUN
48208	115	2914	desert	GEONOUN
48208	115	2924	Egypt	COUNTRY
48208	115	2951	the Sinai Peninsula	PLACE
48208	115	2976	Gaza	CITY
48208	115	3004	desert camps	GEONOUN
48208	115	3011	camps	GEONOUN
48208	115	3029	the next four, 4 and 1/2 years	DATE
48208	115	3068	desert	GEONOUN
48208	117	28	camps	GEONOUN
48208	117	78	camp	GEONOUN
48208	117	270	bridge fell	GEONOUN
48208	117	277	fell	GEONOUN
48208	117	304	bridge	GEONOUN
48208	117	595	campus	GEONOUN
48208	117	605	Rafah	PLACE
48208	117	630	city	GEONOUN
48208	117	652	Egypt	COUNTRY
48208	117	662	Gaza	CITY
48208	117	684	Gaza	CITY
48208	117	707	camp	GEONOUN
48208	117	769	camp	GEONOUN
48208	117	793	camp	GEONOUN
48208	117	803	Ashdod	CITY
48208	117	856	village	GEONOUN
48208	117	888	town	GEONOUN
48208	117	934	Barbara	PLACE
48208	117	943	Barbara	PLACE
48208	117	1018	village	GEONOUN
48208	117	1096	area	GEONOUN
48208	117	1122	Barbara	PLACE
48208	117	1222	Jewish	GEONOUN
48208	117	1306	Berber	CITY
48208	117	1314	some North Africa	PLACE
48208	117	1379	camp	GEONOUN
48208	117	1408	village	GEONOUN
48208	117	1450	camp	GEONOUN
48208	117	1459	Rafah	PLACE
48208	117	1474	Rafah	PLACE
48208	119	45	daily	DATE
48208	119	264	Egypt	COUNTRY
48208	119	271	Egypt	COUNTRY
48208	119	337	area	GEONOUN
48208	119	375	area	GEONOUN
48208	119	453	desert	GEONOUN
48208	119	531	Egypt	COUNTRY
48208	119	592	a year, six months	DATE
48208	119	793	Egypt	COUNTRY
48208	119	808	Greece	COUNTRY
48208	119	928	Poland	COUNTRY
48208	119	949	Russia	COUNTRY
48208	119	970	India	COUNTRY
48208	119	1015	the Middle East	PLACE
48208	119	1174	Jewish	GEONOUN
48208	119	1195	Palestine	CITY
48208	119	1355	Alam	PLACE
48208	120	106	Tel Aviv	CITY
48208	120	195	Tel Aviv	CITY
48208	121	260	Palestine	CITY
48208	121	286	Tiberius	PLACE
48208	121	790	camps	GEONOUN
48208	121	1070	foot	GEONOUN
48208	122	220	Australia	COUNTRY
48208	122	623	1945	DATE
48208	122	649	Tel Aviv	CITY
48208	122	1238	one night	TIME
48208	122	1249	night	TIME
48208	122	1394	the next day	DATE
48208	122	1408	the next night	TIME
48208	123	270	Israel	COUNTRY
48208	123	577	the end of the-- sure.	DATE
48208	126	3	Israel	COUNTRY
48208	126	23	1949	DATE
48208	126	50	Paris	CITY
48208	126	130	embassy	GEONOUN
48208	126	177	embassy	GEONOUN
48208	126	213	France	COUNTRY
48208	126	235	Israel	COUNTRY
48208	126	510	embassy	GEONOUN
48208	126	626	Israel	COUNTRY
48208	126	754	Israel	COUNTRY
48208	126	801	Paris	CITY
48208	126	810	1952	DATE
48208	126	864	1938	DATE
48208	126	881	14 years--	DATE
48208	126	922	embassy	GEONOUN
48208	126	995	Palestine	CITY
48208	126	1106	consulate	GEONOUN
48208	126	1119	Jerusalem	CITY
48208	126	1224	Vienna	CITY
48208	126	1278	Jerusalem	CITY
48208	126	1305	13 years later	DATE
48208	126	1321	1951	DATE
48208	126	1407	consulate	GEONOUN
48208	126	1420	Jerusalem	CITY
48208	126	1639	consulate	GEONOUN
48208	126	1677	about another six months	DATE
48208	127	114	Haganah	PLACE
48208	128	172	many years ago	DATE
48208	128	339	country	GEONOUN
48208	128	385	Haganah	PLACE
48208	128	472	prison	GEONOUN
48208	128	598	Jewish	GEONOUN
48208	128	622	Syria	COUNTRY
48208	128	732	country	GEONOUN
48208	128	924	Tel Aviv	CITY
48208	128	1001	daily	DATE
48208	128	1039	World War II	EVENT
48208	128	1120	Jewish	GEONOUN
48208	128	1168	Jewish	GEONOUN
48208	128	1246	much later, 1943	DATE
48208	128	1300	two years	DATE
48208	128	1348	housing	GEONOUN
48208	128	1936	night	TIME
48208	128	1980	2 o'clock	TIME
48208	128	2022	Tel Aviv	CITY
48208	128	2073	night	TIME
48208	128	2085	10:00 or 11:00	TIME
48208	128	2157	night	TIME
48208	128	2364	tomorrow	DATE
48208	129	86	Hadera--	PLACE
48208	129	178	Jerusalem	CITY
48208	129	224	Kfar HaHoresh	PLACE
48208	129	261	Galilee	PLACE
48208	129	275	Nazareth	CITY
48208	129	285	Kfar HaHoresh	PLACE
48208	129	394	about month	DATE
48208	129	407	two months	DATE
48208	129	489	1939	DATE
48208	129	581	Kfar HaHoresh	PLACE
48208	129	608	terrain	GEONOUN
48208	129	638	earth	GEONOUN
48208	129	654	valley	GEONOUN
48208	129	671	Emek	PLACE
48208	129	720	fields	GEONOUN
48208	129	761	Emek	PLACE
48208	129	770	every morning	TIME
48208	129	838	the evening	TIME
48208	129	970	valley	GEONOUN
48208	129	996	hills	GEONOUN
48208	129	1464	Kfar HaHoresh	PLACE
48208	129	1527	Kfar HaHoresh	PLACE
48208	129	1544	night	TIME
48208	129	1551	every night	TIME
48208	129	1944	night	TIME
48208	129	1985	night	TIME
48208	129	2021	Jaffa	CITY
48208	129	2117	windows	GEONOUN
48208	129	2177	every morning	TIME
48208	129	2239	every night	TIME
48208	131	366	Paris	CITY
48208	131	394	embassy	GEONOUN
48208	131	950	Petah Tikva	PLACE
48208	131	971	city	GEONOUN
48208	131	1077	Poland	COUNTRY
48208	131	1099	Jewish	GEONOUN
48208	131	1271	Paris	CITY
48208	132	41	Israel	COUNTRY
48208	132	96	night	TIME
48208	132	105	Lake Success	PLACE
48208	132	125	the evening	TIME
48208	132	140	Lake Success	PLACE
48208	132	165	2:00 in the morning	TIME
48208	132	188	Tel Aviv	CITY
48208	132	201	1:00 in the morning	TIME
48208	132	679	midnight	TIME
48208	132	696	1:30 or	TIME
48208	132	704	2:00	TIME
48208	132	794	setting	GEONOUN
48208	132	952	the next morning	TIME
48208	132	1044	Israel	COUNTRY
48208	132	1291	raise	GEONOUN
48208	133	0	1952	DATE
48208	133	9	May	DATE
48208	133	29	early May	DATE
48208	133	40	May 5th, 8th	DATE
48208	133	75	Early May	DATE
48208	133	141	Newberg	CITY
48208	133	275	Vienna	CITY
48208	133	417	boat	GEONOUN
48208	133	441	some week	DATE
48208	133	602	many years ago	DATE
48208	133	648	Forest Hills	CITY
48208	133	697	Paris	CITY
48208	133	787	1952	DATE
48208	133	940	30 years	DATE
48208	133	959	Boston	CITY
48208	133	1018	Paraguay	COUNTRY
48208	134	102	hotel	GEONOUN
48208	134	111	New York	US-STATE
48208	134	209	room	GEONOUN
48208	134	232	hotel	GEONOUN
48208	134	241	Times Square	PLACE
48208	134	484	afternoon	TIME
48208	134	520	mornings	TIME
48208	134	586	almost a year	DATE
48208	134	704	Jewish	GEONOUN
48208	134	807	about three months or so	DATE
48208	134	899	night	TIME
48208	134	934	Jewish	GEONOUN
48208	134	967	Jewish	GEONOUN
48208	134	1126	two months	DATE
48208	134	1297	library	GEONOUN
48208	136	78	Israel	COUNTRY
48208	136	390	field	GEONOUN
48208	136	407	a year	DATE
48208	136	531	1959	DATE
48208	136	973	the year	DATE
48208	136	1010	market	GEONOUN
48208	138	196	house	GEONOUN
48208	139	31	upstairs	GEONOUN
48208	139	84	1962	DATE
48208	139	296	camp	GEONOUN
48208	139	337	Israel	COUNTRY
48208	139	391	Israel	COUNTRY
48208	139	528	Israel	COUNTRY
48208	139	653	one day	DATE
48208	139	689	Israel	COUNTRY
48208	139	1175	high school	GEONOUN
48208	139	1220	high school	GEONOUN
48208	139	1268	school	GEONOUN
48208	139	1492	my 40s	DATE
48208	139	1657	about 10 months	DATE
48208	139	1693	camps	GEONOUN
48208	139	1728	canon	GEONOUN
48208	139	1824	canon	GEONOUN
48208	141	0	April 20-- April 21--	DATE
48208	141	31	a minute	TIME
48208	141	41	April 15, 1962	DATE
48208	142	6	47	DATE
48208	142	61	about 10 years younger	DATE
48208	143	577	six months--	DATE
48208	145	32	architect	GEONOUN
48208	145	45	New York	US-STATE
48208	146	18	Manhattan	CITY
48208	146	34	1968	DATE
48208	146	60	Demarest	PLACE
48208	146	79	town	GEONOUN
48208	146	130	school	GEONOUN
48208	146	195	a couple of years	DATE
48208	146	214	four years	DATE
48208	146	243	town	GEONOUN
48208	146	249	Haworth	PLACE
48208	146	282	house	GEONOUN
48208	146	295	1981	DATE
48208	147	37	Austria	COUNTRY
48208	147	73	Europe	CONTINENT
48208	147	95	a few years ago--	DATE
48208	147	113	two years ago	DATE
48208	147	139	Poland	COUNTRY
48208	147	147	Czechoslovakia	COUNTRY
48208	147	173	Prague	CITY
48208	147	181	Budapest	CITY
48208	147	191	Warsaw	CITY
48208	147	199	Cracow	PLACE
48208	147	272	Vienna	CITY
48208	147	284	three days	DATE
48208	147	469	Vienna	CITY
48208	147	502	three days	DATE
48208	147	661	city	GEONOUN
48208	147	707	Europe	CONTINENT
48208	147	722	Venice	CITY
48208	147	750	Paris	CITY
48208	148	29	20 years	DATE
48208	148	53	street	GEONOUN
48208	148	96	street	GEONOUN
48208	148	188	apartments	GEONOUN
48208	148	227	store	GEONOUN
48208	148	252	street	GEONOUN
48208	148	278	Wimmergasse	PLACE
48208	148	371	street	GEONOUN
48208	148	412	apartment houses	GEONOUN
48208	148	422	houses	GEONOUN
48208	148	675	house	GEONOUN
48208	148	793	mezzanine	GEONOUN
48208	148	977	windows	GEONOUN
48208	148	1054	store	GEONOUN
48208	148	1108	apartment	GEONOUN
48208	148	1331	building	GEONOUN
48208	148	1525	building	GEONOUN
48208	148	1565	apartment	GEONOUN
48208	148	1823	school	GEONOUN
48208	148	1837	high school	GEONOUN
48208	150	81	Jewish	GEONOUN
48208	151	105	about 1910	DATE
48208	151	149	POLISH	PLACE
48208	151	172	town	GEONOUN
48208	151	191	Oswiecim	PLACE
48208	151	201	Auschwitz	CAMP
48208	151	224	Poland	COUNTRY
48208	151	333	two or three years old	DATE
48208	152	270	Tel Aviv	CITY
48208	152	290	Tel Aviv	CITY
48208	152	396	Vienna	CITY
48208	152	413	around 1912, '14	DATE
48208	153	149	Vienna	CITY
48208	153	160	1912	DATE
48208	153	166	'14	DATE
48208	154	32	Theresienstadt	CAMP
48208	154	51	1941	DATE
48208	154	65	train	GEONOUN
48208	154	207	Vienna	CITY
48208	154	224	1935	DATE
48208	155	41	Israel	COUNTRY
48208	155	52	Tel Aviv	CITY
48208	155	80	1955	DATE
48208	155	89	Tel Aviv	CITY
48208	155	126	1975	DATE
48208	155	132	20 years later	DATE
48208	155	186	bar	GEONOUN
48208	155	202	Vienna	CITY
48208	155	209	March 19, 1928	DATE
48208	155	260	Tel Aviv	CITY
48208	155	299	around 19-- I guess,	DATE
48208	155	320	1946	DATE
48208	155	326	1947	DATE
48208	155	396	country	GEONOUN
48208	155	427	1969	DATE
48208	155	456	'	DATE
48208	155	457	68	DATE
48208	156	225	1988	DATE
48208	156	280	10-- 10, 15 years ago	DATE
48208	156	706	1937-38	DATE
48208	156	717	Vienna	CITY
48208	156	735	September '38-- '37--	DATE
48208	156	766	June '38	DATE
48208	156	788	Vienna	CITY
48208	156	821	Vienna	CITY
