FileID	AnswerID	StartCharPos	Entity	Type
48210	4	1	March 28, 1914	DATE
48210	5	1	Hamburg	CITY
48210	6	11	84	DATE
48210	6	22	March	DATE
48210	6	38	85	DATE
48210	10	4	Danzig	CAMP
48210	11	80	Russia	COUNTRY
48210	12	1	Jewish	GEONOUN
48210	13	31	Hamburg	CITY
48210	22	60	Jewish	GEONOUN
48210	23	30	Berlin	CITY
48210	26	4	Berlin	CITY
48210	27	1	Hamburg	CITY
48210	27	20	Hamburg	CITY
48210	28	40	between 50 and 60	DATE
48210	34	164	house	GEONOUN
48210	34	197	house	GEONOUN
48210	34	229	house	GEONOUN
48210	34	297	rooms	GEONOUN
48210	34	362	downstairs	GEONOUN
48210	36	69	museum	GEONOUN
48210	36	126	'27. '28	DATE
48210	36	581	wintertime	DATE
48210	37	520	diamond	GEONOUN
48210	38	126	a day before Christmas	DATE
48210	38	159	Christmas	DATE
48210	38	169	tree	GEONOUN
48210	40	350	15	DATE
48210	40	371	bar	GEONOUN
48210	43	76	Hamburg	CITY
48210	43	112	port	GEONOUN
48210	43	156	port	GEONOUN
48210	43	164	Europe	CONTINENT
48210	43	285	flat	GEONOUN
48210	43	415	houses	GEONOUN
48210	45	38	school	GEONOUN
48210	45	86	gap	GEONOUN
48210	45	165	school	GEONOUN
48210	45	189	Jewish	GEONOUN
48210	45	296	a quiet minute	TIME
48210	47	21	school	GEONOUN
48210	49	117	between '18 and '22	DATE
48210	49	199	school	GEONOUN
48210	50	133	house	GEONOUN
48210	50	322	Jewish	GEONOUN
48210	50	419	lock	GEONOUN
48210	52	283	house	GEONOUN
48210	52	463	Germany	COUNTRY
48210	52	503	trees	GEONOUN
48210	53	1	1933	DATE
48210	53	72	Jewish	GEONOUN
48210	53	151	'33	DATE
48210	54	152	room	GEONOUN
48210	54	162	hotel	GEONOUN
48210	54	175	province	GEONOUN
48210	54	317	the First World War	EVENT
48210	54	394	Germany	COUNTRY
48210	54	444	today	DATE
48210	56	184	two days later	DATE
48210	60	232	room	GEONOUN
48210	60	255	cellar	GEONOUN
48210	60	289	walls	GEONOUN
48210	62	46	'27	DATE
48210	62	69	'30-- '30--	DATE
48210	62	97	21	DATE
48210	63	22	six and 20	TIME
48210	63	44	'35	DATE
48210	63	53	'35	DATE
48210	63	319	every night	TIME
48210	63	589	seven-year-old	DATE
48210	63	611	eight-year-old	DATE
48210	63	664	school	GEONOUN
48210	63	1059	'35	DATE
48210	63	1076	school	GEONOUN
48210	63	1093	Italy	COUNTRY
48210	63	1237	room	GEONOUN
48210	63	1249	board	GEONOUN
48210	63	1345	evening	TIME
48210	63	1353	school	GEONOUN
48210	63	1374	town	GEONOUN
48210	63	1382	Salerno	CITY
48210	63	1502	the evening	TIME
48210	63	1580	Florence	CITY
48210	63	1615	Bologna	CITY
48210	63	1836	school	GEONOUN
48210	63	1885	another year	DATE
48210	63	1942	Jewish	GEONOUN
48210	63	1991	Florence	CITY
48210	63	2107	market	GEONOUN
48210	66	235	house	GEONOUN
48210	71	16	Faenza	CITY
48210	71	33	Faenza	CITY
48210	71	245	Florence	CITY
48210	71	518	reserve	GEONOUN
48210	72	77	apartment	GEONOUN
48210	72	151	house	GEONOUN
48210	72	176	house	GEONOUN
48210	72	227	rooms	GEONOUN
48210	73	67	Hamburg	CITY
48210	73	287	concentration camp	GEONOUN
48210	73	338	November	DATE
48210	73	445	a few days later	DATE
48210	73	491	fell	GEONOUN
48210	78	104	attic	GEONOUN
48210	79	71	80	DATE
48210	79	86	85	DATE
48210	79	102	88	DATE
48210	79	125	88	DATE
48210	80	258	upstairs	GEONOUN
48210	80	286	attic	GEONOUN
48210	81	18	Jewish	GEONOUN
48210	81	113	diamond	GEONOUN
48210	83	40	August	DATE
48210	84	1	'38	DATE
48210	84	61	hospital	GEONOUN
48210	85	36	Kristallnacht	EVENT
48210	85	114	hospital	GEONOUN
48210	85	179	Italy	COUNTRY
48210	85	218	Firenze	PLACE
48210	85	329	road	GEONOUN
48210	85	385	museum	GEONOUN
48210	85	514	1973	DATE
48210	85	613	16	DATE
48210	86	89	November, October	DATE
48210	89	60	Palestine	CITY
48210	90	8	Germany	COUNTRY
48210	90	140	the year before	DATE
48210	90	179	school	GEONOUN
48210	90	214	Firenze	PLACE
48210	90	279	school	GEONOUN
48210	92	70	'30	DATE
48210	92	94	'34	DATE
48210	92	145	America	COUNTRY
48210	92	154	Canada	COUNTRY
48210	92	255	town	GEONOUN
48210	92	381	factory	GEONOUN
48210	92	449	Germany	COUNTRY
48210	92	466	Berlin	CITY
48210	92	497	Stuttgart	CITY
48210	92	594	factory	GEONOUN
48210	92	680	movie house	GEONOUN
48210	92	695	Germany	COUNTRY
48210	92	751	factory	GEONOUN
48210	92	934	South America	CONTINENT
48210	92	1354	16	DATE
48210	92	1360	15	DATE
48210	93	257	Austria	COUNTRY
48210	93	279	Jewish	GEONOUN
48210	93	289	England	PLACE
48210	93	325	property	GEONOUN
48210	93	335	property	GEONOUN
48210	93	357	farm	GEONOUN
48210	94	26	boat	GEONOUN
48210	94	45	Jewish	GEONOUN
48210	94	182	Jewish	GEONOUN
48210	94	304	ship	GEONOUN
48210	94	786	ship	GEONOUN
48210	95	23	France	COUNTRY
48210	95	58	prison	GEONOUN
48210	97	55	aqueduct	GEONOUN
48210	97	78	Italy	COUNTRY
48210	97	87	France	COUNTRY
48210	97	149	grave	GEONOUN
48210	97	214	fell	GEONOUN
48210	97	260	aqueduct	GEONOUN
48210	97	316	pitch	GEONOUN
48210	97	479	Morocco	COUNTRY
48210	97	905	concentration camp	GEONOUN
48210	97	927	Germany	COUNTRY
48210	97	973	Jewish community	GEONOUN
48210	97	980	community	GEONOUN
48210	97	993	Austria	COUNTRY
48210	97	1030	China	COUNTRY
48210	97	1153	boat	GEONOUN
48210	99	43	Italy	COUNTRY
48210	99	58	consulate	GEONOUN
48210	99	154	Egypt	COUNTRY
48210	99	381	spit	GEONOUN
48210	99	566	concentration camp	GEONOUN
48210	99	649	school	GEONOUN
48210	99	789	concentration camp	GEONOUN
48210	99	856	scene	GEONOUN
48210	103	46	Trieste	CITY
48210	103	90	room	GEONOUN
48210	103	127	Jewish community	GEONOUN
48210	103	134	community	GEONOUN
48210	103	277	train	GEONOUN
48210	103	347	train	GEONOUN
48210	103	403	room	GEONOUN
48210	103	415	walls	GEONOUN
48210	103	429	tunnel	GEONOUN
48210	103	692	September	DATE
48210	103	764	mountains	GEONOUN
48210	103	810	tree	GEONOUN
48210	103	1000	fork	GEONOUN
48210	103	1148	upstairs	GEONOUN
48210	103	1189	downstairs	GEONOUN
48210	103	1902	5 o'clock in the morning	TIME
48210	103	1937	town	GEONOUN
48210	103	1957	farm	GEONOUN
48210	103	2076	town	GEONOUN
48210	103	2126	farm	GEONOUN
48210	106	75	town	GEONOUN
48210	106	99	Jewish	GEONOUN
48210	107	123	prison	GEONOUN
48210	107	133	Nice	CITY
48210	107	162	concentration camps	GEONOUN
48210	107	214	September	DATE
48210	108	25	the 30th of September	DATE
48210	109	10	'39	DATE
48210	109	40	Ljubljana	CITY
48210	109	61	town	GEONOUN
48210	109	76	the middle of the night	TIME
48210	110	204	Jewish	GEONOUN
48210	110	266	concentration camp	GEONOUN
48210	110	920	basin	GEONOUN
48210	112	34	prison	GEONOUN
48210	112	166	the day before	DATE
48210	113	90	railroad station	GEONOUN
48210	113	132	Ljubljana	CITY
48210	113	285	town	GEONOUN
48210	113	291	Ljubljana	CITY
48210	113	313	town	GEONOUN
48210	113	683	train	GEONOUN
48210	113	709	Ljubljana	CITY
48210	113	738	train	GEONOUN
48210	113	768	restaurant	GEONOUN
48210	113	1063	train	GEONOUN
48210	114	34	Ljubljana	CITY
48210	114	66	Zagreb	CITY
48210	114	98	town	GEONOUN
48210	114	107	Zagreb	CITY
48210	114	129	Jewish community	GEONOUN
48210	114	136	community	GEONOUN
48210	114	178	room	GEONOUN
48210	114	255	room	GEONOUN
48210	114	380	synagogue	GEONOUN
48210	114	641	the second day	DATE
48210	116	38	restaurant	GEONOUN
48210	119	4	prison	GEONOUN
48210	119	31	prison	GEONOUN
48210	119	42	three weeks	DATE
48210	120	61	prison	GEONOUN
48210	121	11	prison	GEONOUN
48210	121	29	Zagreb	CITY
48210	121	47	town prison	GEONOUN
48210	121	52	prison	GEONOUN
48210	121	194	Jewish community	GEONOUN
48210	121	201	community	GEONOUN
48210	122	8	Christmas	DATE
48210	122	51	Christmas	DATE
48210	122	81	prison	GEONOUN
48210	123	31	prison	GEONOUN
48210	123	104	chain	GEONOUN
48210	123	129	chain	GEONOUN
48210	123	286	prison	GEONOUN
48210	123	348	village	GEONOUN
48210	123	408	room	GEONOUN
48210	123	430	house	GEONOUN
48210	123	536	the first day	DATE
48210	123	610	restaurant	GEONOUN
48210	123	657	restaurant	GEONOUN
48210	123	694	Jewish community	GEONOUN
48210	123	701	community	GEONOUN
48210	124	303	20 years later	DATE
48210	124	424	Yugoslavia	CAMP
48210	124	436	Macedonia	PLACE
48210	124	459	North Italy	PLACE
48210	124	537	camp	GEONOUN
48210	124	562	opera	GEONOUN
48210	124	641	opera	GEONOUN
48210	125	26	camp	GEONOUN
48210	125	41	town	GEONOUN
48210	125	78	the morning	TIME
48210	125	121	the afternoon	TIME
48210	125	247	house	GEONOUN
48210	125	261	tower	GEONOUN
48210	128	39	town	GEONOUN
48210	128	54	village	GEONOUN
48210	128	76	resort	GEONOUN
48210	128	129	hill	GEONOUN
48210	129	161	Jewish	GEONOUN
48210	129	187	Yom Kippur-- Rosh Ha-Shana	DATE
48210	129	374	restaurant	GEONOUN
48210	129	405	restaurant	GEONOUN
48210	130	1	Samobor	CITY
48210	130	35	stable	GEONOUN
48210	130	50	Samobor	CITY
48210	130	273	Zagreb	CITY
48210	130	447	Jewish community	GEONOUN
48210	130	454	community	GEONOUN
48210	130	467	Zagreb	CITY
48210	130	525	hotel	GEONOUN
48210	131	126	town hall	GEONOUN
48210	131	383	house	GEONOUN
48210	132	18	Over a year	DATE
48210	133	20	train station	GEONOUN
48210	133	209	so many weeks	DATE
48210	134	34	Sarajevo	CITY
48210	135	63	train	GEONOUN
48210	135	148	train	GEONOUN
48210	135	340	station	GEONOUN
48210	135	363	train	GEONOUN
48210	135	607	Mostar	CITY
48210	135	618	Mostar	CITY
48210	135	650	school	GEONOUN
48210	135	826	next night	TIME
48210	137	140	two days	DATE
48210	137	167	downstairs	GEONOUN
48210	137	546	Jewish	GEONOUN
48210	137	890	Jewish community	GEONOUN
48210	137	897	community	GEONOUN
48210	137	1041	Montenegro	COUNTRY
48210	137	1060	mountains	GEONOUN
48210	137	1194	a minute	TIME
48210	137	1218	the next day	DATE
48210	137	1271	bank house	GEONOUN
48210	137	1276	house	GEONOUN
48210	137	1442	windows	GEONOUN
48210	137	2094	fall	GEONOUN
48210	137	2338	windows	GEONOUN
48210	138	89	Gacko	PLACE
48210	138	311	lake	GEONOUN
48210	139	106	prison	GEONOUN
48210	139	400	Jewish	GEONOUN
48210	139	428	England	PLACE
48210	139	775	house	GEONOUN
48210	140	4	Gacko	PLACE
48210	140	157	hills	GEONOUN
48210	140	340	street	GEONOUN
48210	140	384	the morning	TIME
48210	141	553	Sarajevo	CITY
48210	142	26	hospital	GEONOUN
48210	142	55	hospital	GEONOUN
48210	142	86	hotel	GEONOUN
48210	142	340	camp	GEONOUN
48210	142	444	mud	GEONOUN
48210	143	13	Rab	PLACE
48210	145	108	camp	GEONOUN
48210	145	132	property	GEONOUN
48210	145	318	room	GEONOUN
48210	145	324	parquet	GEONOUN
48210	145	628	church	GEONOUN
48210	145	642	property	GEONOUN
48210	145	705	nunnery	GEONOUN
48210	146	32	Gacko	PLACE
48210	146	89	Capljina	PLACE
48210	146	119	town	GEONOUN
48210	146	129	Capljina	PLACE
48210	146	164	railway	GEONOUN
48210	146	513	Jewish community	GEONOUN
48210	146	520	community	GEONOUN
48210	146	873	Dubrovnik	CITY
48210	146	935	Dubrovnik	CITY
48210	146	950	town	GEONOUN
48210	146	958	Yugoslavia	CAMP
48210	146	997	country	GEONOUN
48210	146	1197	town	GEONOUN
48210	146	1329	Rab	PLACE
48210	147	68	Capljina	PLACE
48210	147	88	Dubrovnik	CITY
48210	147	337	station	GEONOUN
48210	147	410	consulate	GEONOUN
48210	147	822	Dubrovnik	CITY
48210	147	855	town	GEONOUN
48210	147	946	pass	GEONOUN
48210	147	965	pass	GEONOUN
48210	147	995	train	GEONOUN
48210	147	1015	train	GEONOUN
48210	147	1037	Dubrovnik	CITY
48210	147	1142	chain	GEONOUN
48210	147	1167	chain	GEONOUN
48210	147	1413	Dubrovnik	CITY
48210	147	1479	hotel	GEONOUN
48210	147	1743	November	DATE
48210	147	1756	All Souls' Day	DATE
48210	147	1805	All Souls-- All Souls' Day--	DATE
48210	147	1881	country	GEONOUN
48210	147	2041	board	GEONOUN
48210	147	2170	property	GEONOUN
48210	149	28	Dubrovnik	CITY
48210	149	73	hotel	GEONOUN
48210	149	133	Belgium	COUNTRY
48210	149	336	Belgium	COUNTRY
48210	152	6	Dubrovnik	CITY
48210	152	126	America	COUNTRY
48210	152	220	palace	GEONOUN
48210	152	325	village	GEONOUN
48210	152	354	Sipan	PLACE
48210	152	376	island	GEONOUN
48210	152	407	island	GEONOUN
48210	153	13	Sipan	PLACE
48210	153	20	One day--	DATE
48210	153	169	room	GEONOUN
48210	153	254	fall	GEONOUN
48210	153	293	tree	GEONOUN
48210	153	304	fall	GEONOUN
48210	153	340	a day	DATE
48210	153	373	fell	GEONOUN
48210	153	579	mainland	GEONOUN
48210	153	646	hotel	GEONOUN
48210	153	1055	Christmas	DATE
48210	154	10	island	GEONOUN
48210	154	89	villa	GEONOUN
48210	154	155	property	GEONOUN
48210	154	221	villa	GEONOUN
48210	154	275	garden	GEONOUN
48210	155	106	Vienna	CITY
48210	155	119	Salzburg	CITY
48210	155	146	Salzburg	CITY
48210	155	203	hill	GEONOUN
48210	155	317	Hamburg	CITY
48210	155	374	Berlin	CITY
48210	156	17	island	GEONOUN
48210	156	52	property	GEONOUN
48210	156	391	properties	GEONOUN
48210	156	487	house	GEONOUN
48210	156	502	room	GEONOUN
48210	156	809	island	GEONOUN
48210	156	1104	property	GEONOUN
48210	156	1144	hotel	GEONOUN
48210	156	1172	parquet	GEONOUN
48210	158	30	'30	DATE
48210	158	44	'39	DATE
48210	158	166	Rab	PLACE
48210	158	185	Rab	PLACE
48210	158	200	Dubrovnik	CITY
48210	158	225	Rab	PLACE
48210	158	267	hotel	GEONOUN
48210	158	323	six months	DATE
48210	158	392	rock	GEONOUN
48210	158	523	Sarajevo	CITY
48210	159	33	Rab	PLACE
48210	159	52	Rab	PLACE
48210	159	67	Sipan	PLACE
48210	159	83	Sipan	PLACE
48210	159	128	Dubrovnik	CITY
48210	161	7	just a minute	TIME
48210	161	165	Senj	PLACE
48210	161	197	town	GEONOUN
48210	161	211	town	GEONOUN
48210	161	658	hospital	GEONOUN
48210	161	683	hospital	GEONOUN
48210	161	788	Senj	PLACE
48210	162	243	neck	GEONOUN
48210	164	82	island	GEONOUN
48210	164	161	Bari	CITY
48210	164	172	Bari	CITY
48210	164	189	Taranto	CITY
48210	164	203	Taranto	CITY
48210	164	288	island	GEONOUN
48210	164	311	Taranto	CITY
48210	165	48	the Suez Canal	PLACE
48210	168	21	El	PLACE
48210	168	27	Shatt	PLACE
48210	168	55	desert	GEONOUN
48210	168	200	El	PLACE
48210	168	206	Shatt	PLACE
48210	168	230	Mediterranean	PLACE
48210	168	301	Cuba	COUNTRY
48210	168	692	islands	GEONOUN
48210	168	870	Germany	COUNTRY
48210	168	886	Europe	CONTINENT
48210	168	927	St. Peter's Cathedral	PLACE
48210	169	41	Alexandria	CITY
48210	170	169	train	GEONOUN
48210	171	100	surroundings	GEONOUN
48210	172	10	El Shatt	PLACE
48210	172	159	Hamburg	CITY
48210	172	232	Hamburg	CITY
48210	172	303	Hamburg	CITY
48210	172	547	Hamburg	CITY
48210	172	726	Haifa	CITY
48210	172	736	Palestine	CITY
48210	172	1091	Havana	CITY
48210	172	1162	factory	GEONOUN
48210	172	1269	factory	GEONOUN
48210	172	1773	'39	DATE
48210	172	1816	Florence	CITY
48210	173	133	nighttime	TIME
48210	173	180	room	GEONOUN
48210	173	414	store	GEONOUN
48210	175	43	Tel Aviv	CITY
48210	175	62	Tel Aviv	CITY
48210	175	90	train	GEONOUN
48210	175	146	pass	GEONOUN
48210	175	227	hotel	GEONOUN
48210	175	346	Danzig	CAMP
48210	175	409	town	GEONOUN
48210	175	417	Danzig	CAMP
48210	176	7	'44	DATE
48210	177	36	the 20th	DATE
48210	179	4	America	COUNTRY
48210	179	21	'39	DATE
48210	179	37	America	COUNTRY
48210	179	84	Vienna	CITY
48210	179	298	New York	US-STATE
48210	179	563	Israel	COUNTRY
48210	179	603	Israel	COUNTRY
48210	179	911	branch	GEONOUN
48210	179	929	branch	GEONOUN
48210	179	1166	Italy	COUNTRY
48210	181	125	today	DATE
48210	181	205	Haifa	CITY
48210	181	234	Tel Aviv	CITY
48210	181	317	foot	GEONOUN
48210	183	64	Jaffa	CITY
48210	183	817	Yom Kippur	DATE
48210	183	840	Rosh Hashanah	EVENT
48210	184	60	Haifa	CITY
48210	184	73	hospital	GEONOUN
48210	185	4	'70-- in--	DATE
48210	185	124	sanatorium	GEONOUN
48210	185	139	a few weeks	DATE
48210	185	405	room	GEONOUN
48210	185	424	cellar	GEONOUN
48210	185	505	extra hours	TIME
48210	186	1	'76	DATE
48210	187	81	'40--	DATE
48210	188	1	'45.	DATE
48210	188	6	'45	DATE
48210	188	28	a minute	TIME
48210	188	60	'45	DATE
48210	188	68	'45	DATE
48210	188	76	'40	DATE
48210	188	93	4 SECONDS] '45	DATE
48210	188	150	'43	DATE
48210	188	164	two years	DATE
48210	188	373	Jewish	GEONOUN
48210	191	17	store	GEONOUN
48210	191	33	the Greenwich Village	PLACE
48210	191	248	tip	GEONOUN
48210	191	426	the first week	DATE
48210	191	614	room	GEONOUN
48210	195	96	Auschwitz	CAMP
48210	195	240	train	GEONOUN
48210	195	284	school	GEONOUN
48210	195	802	weeks	DATE
48210	195	1406	Jewish	GEONOUN
48210	195	1431	Jewish	GEONOUN
48210	195	1505	Jewish	GEONOUN
48210	195	1585	Zagreb	CITY
48210	197	84	tree	GEONOUN
48210	197	360	wood	GEONOUN
48210	198	20	America	COUNTRY
48210	198	85	Italy	COUNTRY
48210	199	36	'38	DATE
48210	199	261	Italy	COUNTRY
48210	199	679	fell	GEONOUN
48210	201	484	the First World War	EVENT
48210	201	541	Czechoslovakia	COUNTRY
48210	201	632	Hungary	COUNTRY
48210	201	669	Macedonia	PLACE
48210	201	717	island	GEONOUN
48210	201	830	Trieste	CITY
48210	202	718	the last year	DATE
48210	206	26	many years ago	DATE
48210	206	123	Berlin	CITY
48210	206	192	Danzig	CAMP
48210	207	78	'70--	DATE
48210	207	88	'82	DATE
48210	207	93	'	DATE
48210	207	114	'82	DATE
48210	207	161	30 years old	DATE
48210	207	222	February	DATE
48210	207	327	country	GEONOUN
48210	207	347	New York	US-STATE
48210	207	378	Bellevue	CITY
48210	208	106	three years ago	DATE
48210	208	147	88	DATE
48210	208	153	March	DATE
48210	208	206	Connecticut	US-STATE
48210	208	219	Hartford	CITY
48210	208	229	Connecticut	US-STATE
48210	208	242	West Hartford	CITY
48210	208	257	Connecticut	US-STATE
48210	211	10	about '60-- [PAUSES FOR 4 SECONDS	DATE
48210	212	1	'67	DATE
48210	212	9	New Hope	CITY
48210	212	19	Pennsylvania	US-STATE
48210	212	67	Italy	COUNTRY
48210	212	98	school	GEONOUN
