FileID	AnswerID	StartCharPos	Entity	Type
50377	1	27	today	DATE
50377	4	5	March 30, 1923	DATE
50377	5	4	76 years old	DATE
50377	6	14	Poland	COUNTRY
50377	6	22	Siedlce	CITY
50377	6	51	Belgium	COUNTRY
50377	10	16	1999	DATE
50377	11	8	Siedlce	CITY
50377	14	15	1890	DATE
50377	14	23	Lukow--	PLACE
50377	15	0	Poland	COUNTRY
50377	16	29	America	COUNTRY
50377	16	60	Poland	COUNTRY
50377	16	71	Lukow	CAMP
50377	16	102	Lukow	CAMP
50377	18	155	two years	DATE
50377	18	175	'37	DATE
50377	18	277	the '30s	DATE
50377	18	287	early '30s	DATE
50377	20	11	Siedlce	CITY
50377	20	64	5 SECONDS	DATE
50377	20	94	Belgium	COUNTRY
50377	20	105	'28, 1928	DATE
50377	20	140	Siedlce	CITY
50377	20	154	1929	DATE
50377	20	186	Belgium	COUNTRY
50377	20	213	one year	DATE
50377	21	73	roofer	GEONOUN
50377	21	273	house	GEONOUN
50377	22	260	Poland	COUNTRY
50377	22	474	28	DATE
50377	22	564	Poland	COUNTRY
50377	22	644	Belgium	COUNTRY
50377	23	86	country	GEONOUN
50377	24	11	five years old	DATE
50377	25	19	'23	DATE
50377	25	28	'28, '29	DATE
50377	27	90	Belgium	COUNTRY
50377	27	112	school	GEONOUN
50377	27	172	eight years	DATE
50377	27	227	Brussels	CITY
50377	27	251	capital	GEONOUN
50377	27	262	Belgium	COUNTRY
50377	28	33	a year and a half old	DATE
50377	29	15	'27, June '27	DATE
50377	29	80	Belgium	COUNTRY
50377	29	115	Belgium	COUNTRY
50377	29	165	Brooklyn	CITY
50377	29	175	New York	US-STATE
50377	29	246	Poland	COUNTRY
50377	29	280	America	COUNTRY
50377	29	323	1927	DATE
50377	29	330	28	DATE
50377	29	351	America	COUNTRY
50377	29	403	America	COUNTRY
50377	29	426	Antwerp	PLACE
50377	29	438	Belgium	COUNTRY
50377	29	460	boat	GEONOUN
50377	29	474	America	COUNTRY
50377	29	501	fell	GEONOUN
50377	29	531	city	GEONOUN
50377	29	575	community	GEONOUN
50377	29	608	community	GEONOUN
50377	29	734	America	COUNTRY
50377	29	762	Belgium	COUNTRY
50377	29	823	Belgium	COUNTRY
50377	29	835	Antwerp	PLACE
50377	29	865	Antwerp	PLACE
50377	29	1015	ghetto	GEONOUN
50377	29	1043	city	GEONOUN
50377	29	1066	Brussels	CITY
50377	29	1107	1940	DATE
50377	29	1161	store	GEONOUN
50377	30	21	country	GEONOUN
50377	30	110	ghetto	GEONOUN
50377	30	166	area	GEONOUN
50377	31	40	the wintertime	DATE
50377	31	63	the summertime	DATE
50377	33	214	the summertime	DATE
50377	33	259	house all winter	GEONOUN
50377	33	265	all winter	DATE
50377	33	755	market	GEONOUN
50377	33	882	town	GEONOUN
50377	33	1151	school	GEONOUN
50377	34	9	Belgium	COUNTRY
50377	34	78	school	GEONOUN
50377	34	116	school	GEONOUN
50377	34	174	every Monday	DATE
50377	34	249	every week	DATE
50377	34	264	end of the year--	DATE
50377	34	291	field	GEONOUN
50377	34	337	Belgium	COUNTRY
50377	34	362	Luxembourg	COUNTRY
50377	34	437	shore	GEONOUN
50377	34	465	country	GEONOUN
50377	34	487	mountains	GEONOUN
50377	34	505	Ardennes	PLACE
50377	34	533	a couple of days	DATE
50377	34	596	every year	DATE
50377	35	260	country	GEONOUN
50377	35	272	Jewish	GEONOUN
50377	36	17	14	DATE
50377	36	186	every summer	DATE
50377	37	45	1929	DATE
50377	37	51	a year	DATE
50377	37	81	Belgium	COUNTRY
50377	37	93	1930	DATE
50377	37	197	hospital	GEONOUN
50377	38	32	seven and a half years	DATE
50377	38	72	1930	DATE
50377	38	78	the 8th of November	DATE
50377	38	175	carriage	GEONOUN
50377	38	205	market	GEONOUN
50377	38	215	Brussels	CITY
50377	38	243	carriage	GEONOUN
50377	38	335	18 months	DATE
50377	38	360	nursery school	GEONOUN
50377	38	368	school	GEONOUN
50377	38	571	five years old	DATE
50377	38	587	six years old	DATE
50377	38	627	school	GEONOUN
50377	38	670	the morning	TIME
50377	38	710	house	GEONOUN
50377	38	717	6 o'clock	TIME
50377	38	870	train station	GEONOUN
50377	38	1038	street	GEONOUN
50377	38	1285	14 years old	DATE
50377	38	1437	roof	GEONOUN
50377	38	1478	house	GEONOUN
50377	38	1531	apartment	GEONOUN
50377	38	1561	apartment	GEONOUN
50377	39	99	house	GEONOUN
50377	39	128	apartment	GEONOUN
50377	39	139	a year later	DATE
50377	39	190	store	GEONOUN
50377	39	217	corner	GEONOUN
50377	39	263	street	GEONOUN
50377	39	380	street	GEONOUN
50377	39	488	store	GEONOUN
50377	39	554	upstairs	GEONOUN
50377	39	616	1940	DATE
50377	39	628	'42	DATE
50377	40	17	Jewish	GEONOUN
50377	41	147	store	GEONOUN
50377	41	158	Saturday	DATE
50377	41	213	America	COUNTRY
50377	41	261	every week	DATE
50377	42	236	the summer	DATE
50377	43	22	the holidays	DATE
50377	44	78	Holland	CITY
50377	44	152	today	DATE
50377	44	251	temple	GEONOUN
50377	45	69	every week	DATE
50377	46	30	house	GEONOUN
50377	48	43	eight years old	DATE
50377	48	74	14	DATE
50377	51	31	school	GEONOUN
50377	51	50	20-minute	TIME
50377	51	81	school	GEONOUN
50377	51	93	20-minute	TIME
50377	51	128	20 minutes	TIME
50377	51	160	school	GEONOUN
50377	51	175	school	GEONOUN
50377	51	187	8:00 to	TIME
50377	51	195	4:00	TIME
50377	51	212	a long lunch hour	TIME
50377	51	335	Jewish	GEONOUN
50377	54	222	school	GEONOUN
50377	54	367	lunchtime	TIME
50377	54	399	area	GEONOUN
50377	55	83	Holland	CITY
50377	55	123	market	GEONOUN
50377	55	158	Holland	CITY
50377	55	240	the weekend	DATE
50377	56	92	Paris	CITY
50377	56	154	chimney	GEONOUN
50377	56	587	Yom Kippur, which is	DATE
50377	56	612	Jewish	GEONOUN
50377	56	635	Passover	DATE
50377	56	744	the holidays	DATE
50377	57	26	1936	DATE
50377	57	36	Germany	COUNTRY
50377	57	48	Belgium	COUNTRY
50377	57	67	New Jersey	US-STATE
50377	57	82	New York	US-STATE
50377	58	3	1936-- '37	DATE
50377	58	21	13	DATE
50377	58	236	1940	DATE
50377	59	83	New York	US-STATE
50377	59	156	'36	DATE
50377	59	304	depression	GEONOUN
50377	59	348	another season	DATE
50377	59	372	the summer	DATE
50377	59	446	this year	DATE
50377	59	457	Next season	DATE
50377	59	470	next season	DATE
50377	59	512	Next year	DATE
50377	59	523	Next year	DATE
50377	59	617	next year	DATE
50377	61	163	school	GEONOUN
50377	61	188	factory	GEONOUN
50377	61	274	the midnight	TIME
50377	61	324	the next morning	TIME
50377	61	342	6:00 in the morning	TIME
50377	61	515	1940	DATE
50377	61	893	basement	GEONOUN
50377	61	909	room	GEONOUN
50377	61	924	room	GEONOUN
50377	61	1112	1940	DATE
50377	62	140	school	GEONOUN
50377	63	83	Poland	COUNTRY
50377	63	93	'39	DATE
50377	63	102	'40	DATE
50377	63	119	Holland	CITY
50377	63	132	Belgium	COUNTRY
50377	63	145	France	COUNTRY
50377	63	164	the third day of the-- of the war	DATE
50377	63	199	the 13th of May	DATE
50377	63	592	train station	GEONOUN
50377	63	635	Gare du Midi	PLACE
50377	63	668	station	GEONOUN
50377	63	755	the South of France	PLACE
50377	63	810	the South of France	PLACE
50377	63	909	America	COUNTRY
50377	64	0	1940-- no,	DATE
50377	64	11	'	DATE
50377	64	12	41	DATE
50377	64	27	'41	DATE
50377	65	6	1940	DATE
50377	65	24	train	GEONOUN
50377	65	39	South of France	PLACE
50377	65	75	train maybe a half an hour	GEONOUN
50377	65	81	maybe a half an hour	TIME
50377	65	126	train	GEONOUN
50377	65	193	Belgium	COUNTRY
50377	65	235	the North Sea	PLACE
50377	65	282	Ostend	CITY
50377	65	290	Ostend	CITY
50377	65	321	beach	GEONOUN
50377	65	343	beach	GEONOUN
50377	65	350	the North Sea	PLACE
50377	65	418	beach	GEONOUN
50377	65	438	boat	GEONOUN
50377	65	452	England	PLACE
50377	65	528	France	COUNTRY
50377	65	670	Calais	CITY
50377	65	689	maybe two days	DATE
50377	65	850	school	GEONOUN
50377	65	911	the next day	DATE
50377	65	969	Calais	CITY
50377	66	131	Calais	CITY
50377	66	371	town	GEONOUN
50377	66	402	boat	GEONOUN
50377	66	416	England	PLACE
50377	66	434	Calais	CITY
50377	66	652	Calais	CITY
50377	66	679	beach	GEONOUN
50377	66	723	boat	GEONOUN
50377	66	957	Dunkirk	PLACE
50377	66	1273	cellar	GEONOUN
50377	66	1359	house	GEONOUN
50377	66	1608	Paris	CITY
50377	66	1636	Brussels	CITY
50377	66	1646	Belgium	COUNTRY
50377	66	1726	a couple nights	DATE
50377	66	1843	city	GEONOUN
50377	69	134	Brussels	CITY
50377	69	191	Brussels	CITY
50377	69	252	those days	DATE
50377	70	113	Belgium	COUNTRY
50377	70	341	1941	DATE
50377	70	385	10 and 40	DATE
50377	70	398	50	DATE
50377	70	402	51	DATE
50377	70	406	52	DATE
50377	70	523	48 hours	DATE
50377	70	598	'41	DATE
50377	70	615	'27	DATE
50377	70	627	14 years old	DATE
50377	70	900	only 14	DATE
50377	70	929	50	DATE
50377	70	1087	18	DATE
50377	70	1091	20	DATE
50377	71	390	a couple of weeks later	DATE
50377	71	564	Belgium	COUNTRY
50377	71	585	Belgium	COUNTRY
50377	72	26	town hall	GEONOUN
50377	72	51	Belgium	COUNTRY
50377	72	184	Belgium	COUNTRY
50377	72	225	Belgium	COUNTRY
50377	72	297	country	GEONOUN
50377	72	371	area	GEONOUN
50377	72	399	Delancey Street	PLACE
50377	72	495	house	GEONOUN
50377	72	513	block	GEONOUN
50377	72	548	street	GEONOUN
50377	73	33	A couple of months	DATE
50377	73	412	1942	DATE
50377	73	480	street	GEONOUN
50377	73	746	six months before	DATE
50377	73	1181	the next day	DATE
50377	73	1209	16	DATE
50377	73	1280	seven years younger	DATE
50377	73	1452	Ardennes--	PLACE
50377	73	1472	mountains	GEONOUN
50377	73	1737	three, four months	DATE
50377	73	1792	street	GEONOUN
50377	73	1886	roof	GEONOUN
50377	73	1984	roof	GEONOUN
50377	73	2017	corner	GEONOUN
50377	73	2031	street	GEONOUN
50377	73	2048	street	GEONOUN
50377	73	2134	the next day	DATE
50377	73	2288	street	GEONOUN
50377	73	2446	corner	GEONOUN
50377	73	2537	works	GEONOUN
50377	73	2661	Satin-Gilles	PLACE
50377	73	2692	Gare du Midi	PLACE
50377	74	88	house	GEONOUN
50377	74	130	overnight	TIME
50377	74	259	Saint-Gilles	CITY
50377	74	542	Havinnes	PLACE
50377	74	608	city	GEONOUN
50377	74	617	Tournai	CITY
50377	74	640	village	GEONOUN
50377	74	835	country	GEONOUN
50377	76	433	railroad	GEONOUN
50377	76	454	cottage	GEONOUN
50377	76	471	house	GEONOUN
50377	76	487	house	GEONOUN
50377	76	607	Brussels	CITY
50377	76	659	house	GEONOUN
50377	77	39	the next day	DATE
50377	77	99	Jewish	GEONOUN
50377	77	189	the next day	DATE
50377	77	363	train	GEONOUN
50377	77	478	Jewish	GEONOUN
50377	77	655	20	DATE
50377	77	682	60	DATE
50377	77	709	Jewish	GEONOUN
50377	77	733	house	GEONOUN
50377	77	791	Jewish	GEONOUN
50377	78	463	'41	DATE
50377	78	468	'42	DATE
50377	78	566	store	GEONOUN
50377	78	661	Jewish	GEONOUN
50377	80	20	house	GEONOUN
50377	80	594	hospital	GEONOUN
50377	80	607	two weeks	DATE
50377	80	672	hospital	GEONOUN
50377	80	693	hospital	GEONOUN
50377	80	733	two weeks	DATE
50377	80	759	hospital	GEONOUN
50377	80	785	town	GEONOUN
50377	80	971	hospital	GEONOUN
50377	80	1131	all day--	DATE
50377	80	1208	The two weeks	DATE
50377	80	1521	Jewish	GEONOUN
50377	80	1629	hostel this past summer	GEONOUN
50377	80	1636	this past summer	DATE
50377	80	1907	three months	DATE
50377	80	2183	the three months	DATE
50377	80	2225	week	DATE
50377	80	2424	this past summer	DATE
50377	80	2447	Jewish	GEONOUN
50377	80	2463	Jewish	GEONOUN
50377	80	2697	tomorrow	DATE
50377	80	2717	the next day	DATE
50377	80	2802	maybe a month	DATE
50377	80	2821	one day--	DATE
50377	80	2859	environment	GEONOUN
50377	80	3181	mountain	GEONOUN
50377	80	3269	the summer	DATE
50377	80	3410	town hall	GEONOUN
50377	80	3437	Jewish	GEONOUN
50377	80	3628	area	GEONOUN
50377	83	90	Germany	COUNTRY
50377	83	121	1940	DATE
50377	83	154	Germany	COUNTRY
50377	83	481	just a minute	TIME
50377	83	542	Verviers	CITY
50377	83	599	house the next day	GEONOUN
50377	83	605	the next day	DATE
50377	83	703	train	GEONOUN
50377	83	733	train	GEONOUN
50377	83	803	train	GEONOUN
50377	83	1096	Brussels	CITY
50377	83	1134	train station	GEONOUN
50377	83	1328	tram	GEONOUN
50377	83	1552	house	GEONOUN
50377	84	68	Jewish	GEONOUN
50377	84	295	house	GEONOUN
50377	84	370	15 and a half years old	DATE
50377	84	465	1924	DATE
50377	85	3	Uccle--	PLACE
50377	85	128	15 years old	DATE
50377	85	1248	spot	GEONOUN
50377	86	75	Brussels	CITY
50377	86	109	country	GEONOUN
50377	86	135	housing	GEONOUN
50377	86	144	villas	GEONOUN
50377	86	169	housing	GEONOUN
50377	86	178	villas	GEONOUN
50377	86	205	villa	GEONOUN
50377	86	381	almost two	DATE
50377	86	456	house	GEONOUN
50377	86	616	the morning	TIME
50377	86	744	park	GEONOUN
50377	86	776	the day	DATE
50377	86	801	the day	DATE
50377	86	832	carriage	GEONOUN
50377	86	905	every day	DATE
50377	86	955	park	GEONOUN
50377	86	970	villas	GEONOUN
50377	86	1041	houses	GEONOUN
50377	86	1098	every day	DATE
50377	86	1119	park	GEONOUN
50377	86	1298	Jewish	GEONOUN
50377	87	47	street	GEONOUN
50377	87	109	Jewish	GEONOUN
50377	87	173	Jewish	GEONOUN
50377	88	25	Jewish	GEONOUN
50377	88	726	12 years old	DATE
50377	88	864	farm	GEONOUN
50377	88	1017	11 years old	DATE
50377	89	155	house	GEONOUN
50377	89	207	house	GEONOUN
50377	89	218	farm	GEONOUN
50377	89	270	house	GEONOUN
50377	89	421	fields	GEONOUN
50377	90	72	Sunday	DATE
50377	90	98	church	GEONOUN
50377	90	135	carriage	GEONOUN
50377	90	310	every week	DATE
50377	90	355	environment	GEONOUN
50377	90	394	night	TIME
50377	90	430	house	GEONOUN
50377	90	458	Belgium	COUNTRY
50377	90	481	country	GEONOUN
50377	90	502	England	PLACE
50377	90	571	every night	TIME
50377	90	645	two days	DATE
50377	90	950	Two minutes later	TIME
50377	90	1554	two days	DATE
50377	90	1613	house	GEONOUN
50377	90	1623	shelter	GEONOUN
50377	90	1652	railroad	GEONOUN
50377	90	1739	last minute	TIME
50377	90	1864	Brussels	CITY
50377	91	50	town	GEONOUN
50377	92	17	June the 8th	DATE
50377	92	72	June the 8th, 1944	DATE
50377	93	9	train	GEONOUN
50377	93	70	train	GEONOUN
50377	93	85	Avin	PLACE
50377	93	218	farm	GEONOUN
50377	94	94	house	GEONOUN
50377	94	380	house	GEONOUN
50377	94	419	store	GEONOUN
50377	94	444	two months	DATE
50377	94	576	cellar	GEONOUN
50377	94	600	cellar	GEONOUN
50377	94	688	room	GEONOUN
50377	94	780	every day	DATE
50377	94	818	two months before-- two or three months	DATE
50377	94	1220	Malines	PLACE
50377	94	1252	prison	GEONOUN
50377	94	1269	hundreds of years ago	DATE
50377	94	1375	Auschwitz	CAMP
50377	94	1397	Belgium	COUNTRY
50377	94	1685	Malines	PLACE
50377	94	1693	two and a half to three months	DATE
50377	94	1745	Auschwitz	CAMP
50377	94	1809	Auschwitz	CAMP
50377	94	1841	prison	GEONOUN
50377	95	95	Palestine	CITY
50377	95	369	the morning	TIME
50377	95	564	house	GEONOUN
50377	95	603	two years	DATE
50377	95	621	house	GEONOUN
50377	95	771	prison	GEONOUN
50377	95	938	every other day	DATE
50377	95	972	house	GEONOUN
50377	97	291	Avin--	PLACE
50377	97	389	house	GEONOUN
50377	97	600	attic	GEONOUN
50377	97	664	19-- June 1943	DATE
50377	97	1051	upstairs	GEONOUN
50377	98	34	Malines	PLACE
50377	98	69	Malines	PLACE
50377	98	162	Auschwitz	CAMP
50377	98	321	Malines	PLACE
50377	98	439	1943	DATE
50377	98	445	June 1943	DATE
50377	98	456	a year	DATE
50377	99	35	the Battle of the Bulge	EVENT
50377	99	151	store	GEONOUN
50377	99	173	apartment	GEONOUN
50377	99	358	22 months	DATE
50377	99	369	the last two or three months	DATE
50377	99	650	area	GEONOUN
50377	99	696	area	GEONOUN
50377	99	761	area	GEONOUN
50377	99	828	apartment	GEONOUN
50377	99	952	apartment	GEONOUN
50377	99	1031	apartment	GEONOUN
50377	99	1181	room	GEONOUN
50377	99	1264	room	GEONOUN
50377	99	1381	room	GEONOUN
50377	99	1432	room	GEONOUN
50377	99	1456	room	GEONOUN
50377	99	1612	basement	GEONOUN
50377	99	1865	'44	DATE
50377	100	458	country	GEONOUN
50377	100	561	Belgium	COUNTRY
50377	100	594	Belgium	COUNTRY
50377	100	807	New York	US-STATE
50377	100	834	'39	DATE
50377	100	1025	Washington	US-STATE
50377	100	1151	America	COUNTRY
50377	100	1186	Washington DC	PLACE
50377	100	1338	America	COUNTRY
50377	101	348	America	COUNTRY
50377	103	47	Brooklyn	CITY
50377	103	95	'39	DATE
50377	103	198	school	GEONOUN
50377	103	220	school	GEONOUN
50377	103	230	Belgium	COUNTRY
50377	104	3	Brooklyn	CITY
50377	106	74	New York	US-STATE
50377	106	266	America	COUNTRY
50377	106	288	1930	DATE
50377	106	389	Saturday	DATE
50377	106	402	Sunday	DATE
50377	106	560	a couple of months	DATE
50377	106	1028	one day	DATE
50377	106	1173	Purim	DATE
50377	106	1446	fell	GEONOUN
50377	107	3	'48	DATE
50377	109	245	three and a half years later	DATE
50377	110	15	November the 24th	DATE
50377	110	36	'53	DATE
50377	111	119	house	GEONOUN
50377	111	136	Hillside	CITY
50377	112	3	New Jersey	US-STATE
50377	112	50	house	GEONOUN
50377	112	125	house	GEONOUN
50377	112	155	house	GEONOUN
50377	112	169	town	GEONOUN
50377	112	205	house	GEONOUN
50377	112	243	room	GEONOUN
50377	112	406	apartment	GEONOUN
50377	112	419	block	GEONOUN
50377	112	438	house	GEONOUN
50377	112	749	building	GEONOUN
50377	112	803	Brussels	CITY
50377	112	839	10 years ago	DATE
50377	116	408	city	GEONOUN
50377	116	669	city	GEONOUN
50377	117	241	department store	GEONOUN
50377	117	252	store	GEONOUN
50377	117	329	department	GEONOUN
50377	118	118	the few years	DATE
50377	118	347	the middle of the night	TIME
50377	118	597	Auschwitz	CAMP
50377	119	56	Jewish	GEONOUN
50377	119	122	synagogue	GEONOUN
50377	119	195	Sinai	PLACE
50377	119	362	Jewish	GEONOUN
50377	119	421	Jewish	GEONOUN
50377	120	69	farm	GEONOUN
50377	120	221	Belgium	COUNTRY
50377	120	510	Tournai	CITY
50377	120	533	city	GEONOUN
50377	120	730	farm	GEONOUN
50377	120	957	farm	GEONOUN
50377	120	1043	farm	GEONOUN
50377	120	1087	farm	GEONOUN
50377	120	1255	a week later	DATE
50377	120	1493	America	COUNTRY
50377	120	1537	house	GEONOUN
50377	120	1613	room	GEONOUN
50377	121	29	years	DATE
50377	124	40	America	COUNTRY
50377	125	76	college	GEONOUN
50377	128	18	Poland	COUNTRY
50377	128	28	the early '30s	DATE
50377	129	29	five years old	DATE
50377	130	18	Brussels	CITY
50377	131	49	'39	DATE
50377	132	21	'38, '39	DATE
50377	134	20	Brussels	CITY
50377	134	54	school	GEONOUN
50377	135	20	Jewish	GEONOUN
50377	139	32	Jewish	GEONOUN
50377	139	69	Brussels	CITY
50377	139	89	1941	DATE
50377	139	300	three months	DATE
50377	139	540	Verviers--	PLACE
50377	139	563	Verviers	CITY
50377	139	784	Belgium	COUNTRY
50377	139	893	farm	GEONOUN
50377	139	931	farm	GEONOUN
50377	139	941	'41	DATE
50377	139	966	'42	DATE
50377	139	1010	farm	GEONOUN
50377	139	1338	house	GEONOUN
50377	139	1431	1944	DATE
50377	139	1471	the happiest day	DATE
50377	139	1603	1946	DATE
50377	139	1636	Brussels	CITY
50377	139	1925	1946	DATE
50377	139	2131	the day	DATE
50377	139	2581	bar	GEONOUN
50377	139	2594	December 28, 1991	DATE
