FileID	AnswerID	StartCharPos	Entity	Type
50422	0	170	capital	GEONOUN
50422	0	197	capital	GEONOUN
50422	1	29	today	DATE
50422	2	0	June 30, 1920	DATE
50422	3	4	Next year	DATE
50422	3	36	June	DATE
50422	3	58	80	DATE
50422	4	3	Arnhem	CITY
50422	4	11	Arnhem	CITY
50422	5	0	Holland	CITY
50422	5	9	Holland	CITY
50422	5	32	Holland	CITY
50422	6	33	Holland	CITY
50422	6	73	Gelderland	PLACE
50422	6	129	Germany	COUNTRY
50422	18	18	Arnhem	CITY
50422	18	42	Leeuwarden	CITY
50422	18	100	province	GEONOUN
50422	18	112	Friesland	PLACE
50422	18	180	Arnhem	CITY
50422	19	14	capital	GEONOUN
50422	19	29	province	GEONOUN
50422	19	94	city	GEONOUN
50422	19	181	city	GEONOUN
50422	21	22	factory	GEONOUN
50422	21	242	those days	DATE
50422	21	296	factory	GEONOUN
50422	25	40	a couple of years old	DATE
50422	25	177	about eight, seven, eight years old	DATE
50422	26	220	all day	DATE
50422	26	233	every night	TIME
50422	26	467	night	TIME
50422	26	569	a night	TIME
50422	40	34	school	GEONOUN
50422	42	108	school	GEONOUN
50422	42	414	one moment	TIME
50422	43	61	church every week	GEONOUN
50422	43	68	every week	DATE
50422	43	489	England	PLACE
50422	45	88	farm	GEONOUN
50422	46	195	school	GEONOUN
50422	46	301	school	GEONOUN
50422	46	348	building	GEONOUN
50422	46	365	high school	GEONOUN
50422	46	385	Holland	CITY
50422	46	401	those days	DATE
50422	46	441	14	DATE
50422	46	462	school	GEONOUN
50422	46	560	school	GEONOUN
50422	46	647	high school	GEONOUN
50422	46	680	building	GEONOUN
50422	46	710	town	GEONOUN
50422	46	774	the lower year	DATE
50422	46	804	high school	GEONOUN
50422	47	11	Arnhem	CITY
50422	47	50	school	GEONOUN
50422	47	82	school	GEONOUN
50422	47	103	cafeteria	GEONOUN
50422	47	120	school	GEONOUN
50422	48	65	Germany	COUNTRY
50422	50	95	concentration camp	GEONOUN
50422	52	122	every day	DATE
50422	52	143	every day	DATE
50422	52	228	hallway	GEONOUN
50422	52	372	every Friday	DATE
50422	54	111	14 years old	DATE
50422	54	242	14 years	DATE
50422	54	373	cabin	GEONOUN
50422	54	395	seven days	DATE
50422	54	499	the morning	TIME
50422	54	512	Early in the morning	TIME
50422	54	633	every day	DATE
50422	54	696	the afternoon	TIME
50422	54	731	ship	GEONOUN
50422	54	796	ship	GEONOUN
50422	54	838	seven days	DATE
50422	54	879	6 o'clock in the morning	TIME
50422	54	914	9:00	TIME
50422	54	930	10 o'clock at night	TIME
50422	54	1052	Depression	EVENT
50422	54	1102	New York City	CITY
50422	54	1245	Coney Island	CITY
50422	54	1514	those days	DATE
50422	58	120	'37, '38	DATE
50422	58	191	Hamburg	CITY
50422	58	221	Hamburg	CITY
50422	58	336	those days	DATE
50422	58	628	Germany	COUNTRY
50422	59	45	one day	DATE
50422	59	67	a couple of hours	TIME
50422	59	131	Reeperbahn	PLACE
50422	59	227	Reeperbahn	PLACE
50422	59	270	Hamburg	CITY
50422	63	220	Germany	COUNTRY
50422	67	87	Holland	CITY
50422	67	100	flat land	GEONOUN
50422	67	105	land	GEONOUN
50422	67	512	two days	DATE
50422	67	553	Holland	CITY
50422	67	605	Belgium	COUNTRY
50422	67	614	Belgium	COUNTRY
50422	67	626	only a couple of-- or maybe a little over two days	DATE
50422	68	9	Den Haag	PLACE
50422	68	23	one day	DATE
50422	68	93	one day	DATE
50422	68	121	road	GEONOUN
50422	68	274	Den Haag	PLACE
50422	75	407	concentration camp	GEONOUN
50422	75	454	concentration camp	GEONOUN
50422	77	40	my 20s	DATE
50422	79	122	street	GEONOUN
50422	79	164	town	GEONOUN
50422	79	514	street	GEONOUN
50422	81	542	Jewish	GEONOUN
50422	81	592	Jewish	GEONOUN
50422	82	268	Holocaust	EVENT
50422	85	33	Putten	CITY
50422	85	60	town	GEONOUN
50422	85	68	Putten	CITY
50422	85	218	town	GEONOUN
50422	85	226	Putten	CITY
50422	87	147	England	PLACE
50422	87	161	England	PLACE
50422	87	182	Canada	COUNTRY
50422	87	208	every night	TIME
50422	87	811	Holland	CITY
50422	87	984	concentration camp	GEONOUN
50422	89	91	Amsterdam	CITY
50422	89	140	the last-- you know, what is it-- a couple of months	DATE
50422	89	227	Bergen-Belsen	CAMP
50422	91	164	Jewish	GEONOUN
50422	96	12	a little less than two years	DATE
50422	96	718	America	COUNTRY
50422	96	727	America	COUNTRY
50422	96	895	America	COUNTRY
50422	96	1211	room	GEONOUN
50422	96	1277	that time	TIME
50422	96	1287	tomorrow	DATE
50422	96	1296	morning	TIME
50422	96	1341	8 or 9 o'clock	TIME
50422	96	2329	a few days	DATE
50422	96	2721	The next day	DATE
50422	96	2848	lock	GEONOUN
50422	96	2896	pass	GEONOUN
50422	96	3211	lock	GEONOUN
50422	96	3703	Germany	COUNTRY
50422	96	4616	the fourth day	DATE
50422	96	4650	four days	DATE
50422	96	4942	Saint-Jean-de-	PLACE
50422	96	4992	Saint-Jean-de-	PLACE
50422	96	5144	Spain	COUNTRY
50422	96	5172	Lisbon	CITY
50422	96	5183	Portugal	COUNTRY
50422	96	5193	Lisbon	CITY
50422	96	5201	Portugal	COUNTRY
50422	96	5350	Lisbon	CITY
50422	96	5358	Portugal	COUNTRY
50422	96	5418	England	PLACE
50422	96	5456	England	PLACE
50422	96	5467	the United States	COUNTRY
50422	98	344	Belgium	COUNTRY
50422	98	357	Belgium	COUNTRY
50422	98	370	France	COUNTRY
50422	98	486	Saint-Jean-de-Luz	PLACE
50422	98	514	Hendaye	PLACE
50422	98	526	Hendaye	PLACE
50422	98	766	train	GEONOUN
50422	98	788	train	GEONOUN
50422	98	839	the morning	TIME
50422	98	859	the afternoon	TIME
50422	98	937	train	GEONOUN
50422	98	997	Lisbon	CITY
50422	98	1005	Portugal	COUNTRY
50422	98	1018	Lisbon	CITY
50422	98	1161	train	GEONOUN
50422	98	1168	The next day	DATE
50422	98	1186	train	GEONOUN
50422	98	1223	Spain	COUNTRY
50422	98	1239	Hendaye	PLACE
50422	98	1274	train	GEONOUN
50422	98	1290	Spain	COUNTRY
50422	98	1312	a couple hours	TIME
50422	98	1332	train	GEONOUN
50422	98	1366	France	COUNTRY
50422	98	1432	train	GEONOUN
50422	98	1584	Spain	COUNTRY
50422	98	1678	train	GEONOUN
50422	98	1688	maybe at least three days	DATE
50422	98	2054	about 5 minutes	TIME
50422	98	2073	maybe 10 minutes	TIME
50422	98	2210	train	GEONOUN
50422	98	2343	train	GEONOUN
50422	98	2621	Saint-Jean-de-Luz	PLACE
50422	98	2657	town	GEONOUN
50422	98	2676	town	GEONOUN
50422	98	3558	overnight	TIME
50422	98	3593	Saint-Jean-de-Luz	PLACE
50422	98	3663	Bordeaux	CITY
50422	98	3685	Bordeaux	CITY
50422	98	3715	Fort du Ha	PLACE
50422	98	4039	Every morning	TIME
50422	98	4057	every night	TIME
50422	98	4316	America	COUNTRY
50422	98	4386	about five, six months	DATE
50422	98	4418	Bordeaux	CITY
50422	100	317	one day	DATE
50422	103	57	Compiegne	PLACE
50422	103	80	track	GEONOUN
50422	106	21	about maybe four or five months	DATE
50422	106	78	train	GEONOUN
50422	106	144	Compiegne	PLACE
50422	106	159	Compiegne	PLACE
50422	106	189	concentration camp	GEONOUN
50422	106	231	concentration camp	GEONOUN
50422	106	275	camp	GEONOUN
50422	106	401	Compiegne	PLACE
50422	106	525	concentration camp	GEONOUN
50422	106	595	Compiegne	PLACE
50422	106	964	train	GEONOUN
50422	106	1193	room	GEONOUN
50422	106	1268	about two, three days	DATE
50422	106	1323	Buchenwald	CAMP
50422	106	1354	Buchenwald	CAMP
50422	106	1569	Buchenwald	CAMP
50422	106	1626	concentration camp	GEONOUN
50422	106	1782	Buchenwald	CAMP
50422	106	1824	Buchenwald	CAMP
50422	107	56	Buchenwald	CAMP
50422	108	36	Buchenwald	CAMP
50422	108	53	concentration camp	GEONOUN
50422	110	63	Buchenwald--	PLACE
50422	110	80	block	GEONOUN
50422	110	145	block	GEONOUN
50422	111	223	concentration camp	GEONOUN
50422	111	617	Buchenwald	CAMP
50422	111	645	camp	GEONOUN
50422	112	9	Buchenwald	CAMP
50422	112	66	factory	GEONOUN
50422	112	244	rocks	GEONOUN
50422	113	11	every morning	TIME
50422	113	26	every night	TIME
50422	113	54	night	TIME
50422	113	68	6 o'clock	TIME
50422	113	98	6 o'clock in the morning	TIME
50422	113	444	30 hours	TIME
50422	113	908	Buchenwald	CAMP
50422	114	41	barracks	GEONOUN
50422	114	142	Buchenwald	CAMP
50422	115	17	the morning	TIME
50422	116	22	night	TIME
50422	116	308	Holocaust	EVENT
50422	118	101	Buchenwald--	PLACE
50422	119	0	Buchenwald	CAMP
50422	119	22	Bergen-Belsen	CAMP
50422	119	65	Bergen-Belsen	CAMP
50422	119	139	Jewish concentration camp	GEONOUN
50422	119	146	concentration camp	GEONOUN
50422	119	433	Bergen-Belsen	CAMP
50422	119	724	Jewish	GEONOUN
50422	119	1001	Bergen-Belsen--	PLACE
50422	119	1091	block	GEONOUN
50422	119	1116	bay	GEONOUN
50422	119	1141	block	GEONOUN
50422	119	1155	block	GEONOUN
50422	119	1752	bay	GEONOUN
50422	119	1787	Bergen-Belsen	CAMP
50422	119	2001	works	GEONOUN
50422	119	2060	bay	GEONOUN
50422	119	2543	wood	GEONOUN
50422	120	119	camp	GEONOUN
50422	120	940	room	GEONOUN
50422	120	1478	building	GEONOUN
50422	120	1551	room	GEONOUN
50422	120	1649	hallway	GEONOUN
50422	120	2151	platform	GEONOUN
50422	120	2243	fall	GEONOUN
50422	120	2269	neck	GEONOUN
50422	120	2758	an half an hour	TIME
50422	120	2980	an half an hour	TIME
50422	120	3067	block	GEONOUN
50422	120	3135	ceiling	GEONOUN
50422	120	3303	building	GEONOUN
50422	120	3723	block	GEONOUN
50422	120	4085	every day--	DATE
50422	120	4520	room	GEONOUN
50422	121	64	about five, six months	DATE
50422	122	3	Mauthausen	PLACE
50422	122	18	Dora	CAMP
50422	122	70	Dora	CAMP
50422	122	98	Mauthausen	PLACE
50422	122	175	Mauthausen	PLACE
50422	122	251	mountains	GEONOUN
50422	123	55	Dora	CAMP
50422	123	180	Dora	CAMP
50422	123	315	Mauthausen	PLACE
50422	123	419	mountain	GEONOUN
50422	123	514	rocks	GEONOUN
50422	123	532	flat	GEONOUN
50422	123	576	Mauthausen	PLACE
50422	123	597	tunnel	GEONOUN
50422	123	713	channel	GEONOUN
50422	123	833	those days	DATE
50422	123	872	Mauthausen	PLACE
50422	123	930	the first couple of weeks	DATE
50422	123	1228	Mauthausen	PLACE
50422	124	228	one day	DATE
50422	124	249	Mauthausen	PLACE
50422	124	270	30 hours	TIME
50422	124	587	France	COUNTRY
50422	124	622	USA	PLACE
50422	124	888	one day--	DATE
50422	124	906	camp	GEONOUN
50422	124	1159	neck	GEONOUN
50422	125	24	Dora	CAMP
50422	125	33	Buchenwald	CAMP
50422	125	53	Buchenwald	CAMP
50422	125	100	night	TIME
50422	130	86	Buchenwald	CAMP
50422	130	132	Buchenwald	CAMP
50422	130	598	shack	GEONOUN
50422	130	1025	bay	GEONOUN
50422	130	1093	bay	GEONOUN
50422	130	1335	bay	GEONOUN
50422	133	46	mountain	GEONOUN
50422	133	63	rocks	GEONOUN
50422	134	535	England	PLACE
50422	134	583	England	PLACE
50422	135	19	five, six months	DATE
50422	135	205	Bergen-Belsen	CAMP
50422	135	247	Jewish concentration camp	GEONOUN
50422	135	254	concentration camp	GEONOUN
50422	135	356	Bergen-Belsen	CAMP
50422	135	405	Bergen-Belsen	CAMP
50422	135	461	Auschwitz	CAMP
50422	135	478	Birkenau	CAMP
50422	135	494	Belzig	CAMP
50422	138	280	Poland	COUNTRY
50422	138	330	Holland	CITY
50422	138	686	concentration camp	GEONOUN
50422	138	1022	fence	GEONOUN
50422	140	61	farm	GEONOUN
50422	140	325	town	GEONOUN
50422	140	382	street	GEONOUN
50422	140	561	street	GEONOUN
50422	142	9	farm	GEONOUN
50422	143	9	Neuengamme	CAMP
50422	143	65	Hamburg	CITY
50422	143	91	Hamburg	CITY
50422	143	130	the Baltic Sea	PLACE
50422	144	204	half an hour	TIME
50422	144	386	Norway	COUNTRY
50422	144	397	Denmark	COUNTRY
50422	144	433	Sweden	COUNTRY
50422	144	457	Sweden	COUNTRY
50422	144	514	camp	GEONOUN
50422	144	595	Sweden	COUNTRY
50422	144	812	Denmark	COUNTRY
50422	144	826	Denmark	COUNTRY
50422	144	928	Norway	COUNTRY
50422	145	183	several, two, three, four weeks	DATE
50422	148	5	Neuengamme	CAMP
50422	148	146	two weeks	DATE
50422	148	157	a couple of weeks	DATE
50422	148	263	concentration camps	GEONOUN
50422	148	371	a couple of days before	DATE
50422	150	335	the second day	DATE
50422	150	381	late in the afternoon	TIME
50422	150	454	hole	GEONOUN
50422	150	556	ship	GEONOUN
50422	150	812	England	PLACE
50422	150	824	London	CITY
50422	151	57	Holocaust	EVENT
50422	151	298	Jewish	GEONOUN
50422	151	319	ship	GEONOUN
50422	151	379	ship	GEONOUN
50422	152	32	shore	GEONOUN
50422	153	155	mast	GEONOUN
50422	153	1002	boat	GEONOUN
50422	153	1129	shore	GEONOUN
50422	153	1181	ship	GEONOUN
50422	153	1200	ground	GEONOUN
50422	155	248	ship	GEONOUN
50422	155	348	camps	GEONOUN
50422	156	298	ship	GEONOUN
50422	160	22	barracks	GEONOUN
50422	160	201	barracks	GEONOUN
50422	160	660	less than an hour	TIME
50422	160	696	hospital	GEONOUN
50422	160	796	hospital	GEONOUN
50422	160	1112	camps	GEONOUN
50422	160	1251	room	GEONOUN
50422	161	101	hospital	GEONOUN
50422	163	33	week	DATE
50422	163	59	barracks	GEONOUN
50422	163	233	Brussels	CITY
50422	163	246	Belgium	COUNTRY
50422	163	258	Brussels	CITY
50422	163	284	hotel	GEONOUN
50422	163	317	two or three days	DATE
50422	163	364	two or three days	DATE
50422	163	723	Rhine	PLACE
50422	163	729	bridge	GEONOUN
50422	163	1027	town	GEONOUN
50422	163	1086	house	GEONOUN
50422	163	1154	street	GEONOUN
50422	163	1410	Holland	CITY
50422	163	1441	the next morning--	TIME
50422	163	1493	house	GEONOUN
50422	163	2032	Arnhem	CITY
50422	163	2108	Holland	CITY
50422	163	2348	camp	GEONOUN
50422	163	2356	Holland	CITY
50422	163	3520	concentration camp	GEONOUN
50422	165	154	camp	GEONOUN
50422	165	467	Bergen-Belsen	CAMP
50422	166	37	camp	GEONOUN
50422	166	133	road	GEONOUN
50422	166	172	brick	GEONOUN
50422	166	179	brick	GEONOUN
50422	167	3	'47	DATE
50422	168	88	restaurant	GEONOUN
50422	168	130	New York City	CITY
50422	168	344	those days	DATE
50422	168	551	Florida	US-STATE
50422	168	563	the winter	DATE
50422	168	592	the summer	DATE
50422	168	604	Over a year	DATE
50422	168	617	Florida	US-STATE
50422	168	938	Texas	US-STATE
50422	170	58	20 years	DATE
50422	170	159	60--	TIME
50422	171	83	every morning	TIME
50422	171	213	town	GEONOUN
50422	175	589	concentration camp	GEONOUN
50422	175	952	church	GEONOUN
50422	176	79	World War II	EVENT
50422	176	454	next year	DATE
50422	176	481	80	DATE
50422	181	23	Holland	CITY
50422	182	42	four years old	DATE
50422	187	39	14	DATE
50422	190	6	'51	DATE
50422	191	107	Newport	CITY
50422	191	116	Virginia	US-STATE
50422	192	16	Brainardsville	PLACE
50422	192	32	New York	US-STATE
