FileID	AnswerID	StartCharPos	Entity	Type
50431	8	10	June 18, '12	DATE
50431	9	0	1912	DATE
50431	10	3	87	DATE
50431	12	8	Poland	COUNTRY
50431	17	25	the '80s	DATE
50431	17	54	'88	DATE
50431	17	60	85	DATE
50431	19	30	Chrzanów	CITY
50431	20	3	Chrzanów	CITY
50431	21	170	Holland	CITY
50431	22	7	Holland	CITY
50431	22	25	restaurant	GEONOUN
50431	24	29	early in the morning	TIME
50431	24	84	city	GEONOUN
50431	24	99	Katowice	CITY
50431	24	135	Italy	COUNTRY
50431	24	171	early in the morning	TIME
50431	24	216	five-- five days	DATE
50431	29	0	Mandelberg	PLACE
50431	31	52	city	GEONOUN
50431	31	67	Dobczyce	PLACE
50431	33	0	The year	DATE
50431	33	18	the '80	DATE
50431	33	82	'80	DATE
50431	33	96	'80, '85	DATE
50431	34	0	'85	DATE
50431	40	36	six months ago	DATE
50431	43	41	Israel	COUNTRY
50431	45	27	Israel	COUNTRY
50431	47	20	Israel	COUNTRY
50431	50	13	Jerusalem	CITY
50431	51	3	Israel	COUNTRY
50431	56	10	every day and every night	DATE
50431	65	5	Poland	COUNTRY
50431	65	20	Poland	COUNTRY
50431	65	69	three years old	DATE
50431	66	45	country	GEONOUN
50431	67	5	Poland	COUNTRY
50431	67	18	Poland	COUNTRY
50431	67	28	Holland	CITY
50431	67	37	Amsterdam	CITY
50431	67	48	Amsterdam	CITY
50431	67	68	restaurant	GEONOUN
50431	68	2	restaurant	GEONOUN
50431	70	15	about seven years	DATE
50431	71	84	Poland	COUNTRY
50431	71	176	Germany	COUNTRY
50431	71	258	about seven years	DATE
50431	71	286	restaurant	GEONOUN
50431	71	435	Germany	COUNTRY
50431	71	465	Germany	COUNTRY
50431	71	576	Kiel	CITY
50431	74	5	About 10 years old	DATE
50431	77	48	'22	DATE
50431	79	8	Germany	COUNTRY
50431	80	40	Germany	COUNTRY
50431	82	0	Klopstockstrasse 1	PLACE
50431	83	3	Amsterdam	CITY
50431	84	16	school	GEONOUN
50431	85	123	Amsterdam	CITY
50431	85	193	school	GEONOUN
50431	85	203	Amsterdam	CITY
50431	85	250	cheder	PLACE
50431	85	288	Germany	COUNTRY
50431	85	305	Germany	COUNTRY
50431	86	79	school	GEONOUN
50431	87	22	school	GEONOUN
50431	87	76	school	GEONOUN
50431	87	84	Oberrealschule	PLACE
50431	91	28	school	GEONOUN
50431	91	49	school	GEONOUN
50431	92	29	eight	DATE
50431	95	3	Amsterdam	CITY
50431	97	33	nine years old	DATE
50431	101	71	lyceum	GEONOUN
50431	104	3	Germany	COUNTRY
50431	104	44	school	GEONOUN
50431	104	132	school	GEONOUN
50431	104	162	school	GEONOUN
50431	104	212	high school	GEONOUN
50431	105	31	high school	GEONOUN
50431	108	8	the afternoon	TIME
50431	108	80	school	GEONOUN
50431	109	23	the afternoon	TIME
50431	109	56	school	GEONOUN
50431	115	131	1930	DATE
50431	115	150	1933	DATE
50431	117	56	Frankfurt am Main	CITY
50431	118	4	about a year	DATE
50431	118	89	store	GEONOUN
50431	123	116	district	GEONOUN
50431	123	128	Germany	COUNTRY
50431	126	14	Germany	COUNTRY
50431	126	138	Kiel	CITY
50431	126	168	Cologne	CAMP
50431	126	218	Berlin	CITY
50431	126	307	Easter	DATE
50431	126	354	Christmastime	DATE
50431	132	19	Germany	COUNTRY
50431	133	24	theater	GEONOUN
50431	138	104	six years--	DATE
50431	138	116	six years	DATE
50431	138	311	Israel	COUNTRY
50431	139	10	Kristallnacht	EVENT
50431	139	136	Kiel	CITY
50431	139	149	city	GEONOUN
50431	139	330	sea	GEONOUN
50431	139	434	between '33 and '39	DATE
50431	139	489	boat	GEONOUN
50431	139	759	Jewish store	GEONOUN
50431	139	766	store	GEONOUN
50431	139	871	school	GEONOUN
50431	139	886	school	GEONOUN
50431	139	993	store	GEONOUN
50431	142	6	Jewish	GEONOUN
50431	144	104	store	GEONOUN
50431	144	162	Israel	COUNTRY
50431	152	7	school	GEONOUN
50431	153	55	high school	GEONOUN
50431	154	99	high school	GEONOUN
50431	159	122	city	GEONOUN
50431	159	152	Jewish	GEONOUN
50431	160	53	Jewish	GEONOUN
50431	166	32	Olympics	EVENT
50431	167	0	1936	DATE
50431	167	110	Frankfurt	PLACE
50431	167	135	one semester	DATE
50431	167	193	Israel	COUNTRY
50431	167	248	Holland	CITY
50431	168	37	Holland	CITY
50431	168	88	Berlin	CITY
50431	168	103	Olympics	EVENT
50431	172	0	22, 23. 1936	DATE
50431	178	30	Kristallnacht	EVENT
50431	180	74	a few weeks	DATE
50431	180	118	Kristallnacht	EVENT
50431	180	174	Germany	COUNTRY
50431	181	99	two weeks	DATE
50431	181	116	Kristallnacht	EVENT
50431	181	155	house	GEONOUN
50431	181	220	the day before	DATE
50431	181	254	Munich	CITY
50431	181	357	house	GEONOUN
50431	181	375	house	GEONOUN
50431	185	36	house	GEONOUN
50431	185	150	Shabbat	DATE
50431	185	349	Poland	COUNTRY
50431	185	413	house	GEONOUN
50431	189	82	Germany	COUNTRY
50431	189	151	crossing	GEONOUN
50431	189	171	Poland	COUNTRY
50431	189	191	Poland	COUNTRY
50431	189	251	last minute	TIME
50431	189	314	Berlin	CITY
50431	192	22	two week	DATE
50431	192	46	exactly two weeks later	DATE
50431	192	150	two weeks later	DATE
50431	192	179	November	DATE
50431	192	189	November 9	DATE
50431	199	119	Kristallnacht	DATE
50431	199	173	a Tuesday, Tuesday	DATE
50431	199	210	wintertime	DATE
50431	199	245	about 5:00 or 6:00 in the morning	TIME
50431	199	302	apartment	GEONOUN
50431	199	317	about 5:00 or 6 o'clock in the morning	TIME
50431	199	465	room	GEONOUN
50431	199	499	6 o'clock	TIME
50431	202	120	store	GEONOUN
50431	202	184	street	GEONOUN
50431	202	239	store	GEONOUN
50431	203	13	store	GEONOUN
50431	203	182	apartment	GEONOUN
50431	205	383	street	GEONOUN
50431	205	431	a day later	DATE
50431	205	700	a few hours	TIME
50431	205	776	Munich	CITY
50431	205	892	Poland	COUNTRY
50431	205	923	two hours	TIME
50431	210	38	the next morning	TIME
50431	210	72	early in the morning	TIME
50431	210	101	a day later	DATE
50431	210	149	one hour	TIME
50431	210	167	Hamburg	CITY
50431	210	180	Hamburg	CITY
50431	210	245	consulate	GEONOUN
50431	210	314	a holiday	DATE
50431	210	342	reach	GEONOUN
50431	210	459	synagogue	GEONOUN
50431	211	33	synagogue	GEONOUN
50431	211	247	Hamburg	CITY
50431	213	32	Cuba	COUNTRY
50431	213	38	Cuba	COUNTRY
50431	213	124	Cuba	COUNTRY
50431	213	168	Cuba	COUNTRY
50431	213	178	Spain	COUNTRY
50431	213	320	England	PLACE
50431	213	350	Russia	COUNTRY
50431	213	381	eight months--	DATE
50431	213	429	November	DATE
50431	213	450	June	DATE
50431	213	555	Belgium	COUNTRY
50431	214	12	1930-- 1940	DATE
50431	215	0	1940	DATE
50431	215	6	'40, 1940	DATE
50431	217	19	Belgium	COUNTRY
50431	218	8	Brussels	CITY
50431	218	21	Brussels	CITY
50431	221	18	apartment	GEONOUN
50431	224	208	Germany	COUNTRY
50431	224	243	England	PLACE
50431	225	3	England	PLACE
50431	227	16	about four weeks	DATE
50431	227	60	July, August	DATE
50431	227	80	end of July	DATE
50431	228	56	Berlin	CITY
50431	228	77	Hamburg	CITY
50431	228	166	just three weeks	DATE
50431	232	80	Berlin	CITY
50431	232	147	the beginning of August	DATE
50431	232	218	England	PLACE
50431	232	307	Holland	CITY
50431	232	452	Belgium	COUNTRY
50431	232	468	Holland	CITY
50431	232	487	Holland	CITY
50431	232	526	Holland	CITY
50431	232	566	pass	GEONOUN
50431	232	607	Holland	CITY
50431	232	667	Thursday	DATE
50431	232	677	two weeks	DATE
50431	232	778	Jewish	GEONOUN
50431	232	880	Holland	CITY
50431	232	899	Belgium	COUNTRY
50431	232	1041	reach England	GEONOUN
50431	232	1047	England	PLACE
50431	232	1062	Shabbat	DATE
50431	232	1115	Shabbat	DATE
50431	232	1206	Belgium	COUNTRY
50431	232	1277	Belgium	COUNTRY
50431	232	1364	Shabbat	DATE
50431	232	1376	the weekend	DATE
50431	232	1402	Holland	CITY
50431	232	1445	a few years	DATE
50431	232	1509	Belgium	COUNTRY
50431	232	1537	10 days	DATE
50431	233	32	England	PLACE
50431	234	0	10 days	DATE
50431	236	28	Belgium	COUNTRY
50431	236	98	Belgium	COUNTRY
50431	236	147	24 hours	TIME
50431	237	84	10 days before	DATE
50431	237	105	Belgium	COUNTRY
50431	237	121	boat	GEONOUN
50431	237	129	England	PLACE
50431	238	0	August-- August 10	DATE
50431	239	0	1940	DATE
50431	240	8	1940	DATE
50431	240	35	39	DATE
50431	242	3	Belgium	COUNTRY
50431	243	0	Belgium	COUNTRY
50431	243	16	boat	GEONOUN
50431	246	42	London	CITY
50431	248	15	August	DATE
50431	248	23	10 days	DATE
50431	248	54	September	DATE
50431	248	103	10 days-- 10 days	DATE
50431	248	124	Belgium	COUNTRY
50431	248	144	about 10 days	DATE
50431	249	9	September the 1st	DATE
50431	255	304	station	GEONOUN
50431	255	325	London	CITY
50431	255	394	Jewish	GEONOUN
50431	256	60	about 10 days	DATE
50431	260	31	house	GEONOUN
50431	260	40	Meinekestrasse	PLACE
50431	260	78	Berlin	CITY
50431	262	56	street	GEONOUN
50431	262	67	Meinekestrasse	PLACE
50431	268	38	Shabbat	DATE
50431	268	63	synagogue	GEONOUN
50431	268	176	a Friday	DATE
50431	268	228	Shabbat	DATE
50431	268	342	London	CITY
50431	271	3	1939	DATE
50431	271	33	25	DATE
50431	271	37	26	DATE
50431	272	0	1912	DATE
50431	273	18	September	DATE
50431	273	34	27	DATE
50431	279	72	train	GEONOUN
50431	279	136	London	CITY
50431	280	166	train	GEONOUN
50431	280	181	5 o'clock in the afternoon	TIME
50431	280	322	station	GEONOUN
50431	280	348	train	GEONOUN
50431	280	362	Friday	DATE
50431	280	387	train	GEONOUN
50431	280	422	12 o'clock	TIME
50431	280	450	train	GEONOUN
50431	280	522	12 o'clock	TIME
50431	280	543	midnight	TIME
50431	280	571	Gwrych Castle	PLACE
50431	280	610	the morning of Shabbat morning	TIME
50431	280	644	8:00	TIME
50431	280	655	9:00	TIME
50431	282	0	1939	DATE
50431	285	79	London	CITY
50431	293	7	Germany	COUNTRY
50431	293	37	Austria	COUNTRY
50431	305	86	a few years younger	DATE
50431	316	27	hall	GEONOUN
50431	320	29	a minute	TIME
50431	320	106	a minute	TIME
50431	329	43	about six, eight months	DATE
50431	329	144	fields	GEONOUN
50431	331	14	farm	GEONOUN
50431	332	176	field the whole day	GEONOUN
50431	332	182	the whole day	DATE
50431	335	166	Wales	PLACE
50431	335	173	Wrexham	CITY
50431	338	102	Pesach	DATE
50431	338	109	the first year	DATE
50431	338	232	castle	GEONOUN
50431	338	243	Pesach	PLACE
50431	340	13	a few weeks	DATE
50431	340	81	about May	DATE
50431	340	95	May	DATE
50431	340	146	Leeds	CITY
50431	341	3	Leeds	CITY
50431	342	6	England	PLACE
50431	343	20	two years later	DATE
50431	345	8	two years	DATE
50431	346	24	summertime	DATE
50431	346	79	April, May	DATE
50431	347	64	Leeds	CITY
50431	348	26	Leeds	CITY
50431	352	20	apartment	GEONOUN
50431	353	58	Leeds	CITY
50431	353	94	apartment	GEONOUN
50431	354	191	flat	GEONOUN
50431	355	27	Harehills Avenue	PLACE
50431	363	12	Gwrych--	PLACE
50431	363	26	Gwrych--	PLACE
50431	363	40	September the 1, September--	DATE
50431	365	13	the Gwrych Castle	PLACE
50431	366	44	a year later	DATE
50431	368	36	May 21, 1940--	DATE
50431	368	58	1940-- 1940-- '43	DATE
50431	375	13	Leeds	CITY
50431	375	44	America	COUNTRY
50431	378	13	Leeds	CITY
50431	379	21	London	CITY
50431	379	48	London	CITY
50431	381	118	factory	GEONOUN
50431	388	3	United States	COUNTRY
50431	388	24	Israel	COUNTRY
50431	396	3	boat	GEONOUN
50431	399	8	boat	GEONOUN
50431	400	37	boat	GEONOUN
50431	400	62	boat	GEONOUN
50431	400	152	continent	GEONOUN
50431	401	7	May-- May-- May-- May-- May 1940	DATE
50431	404	3	America	COUNTRY
50431	407	3	Leeds	CITY
50431	410	4	America	COUNTRY
50431	414	47	factory	GEONOUN
50431	415	9	factory	GEONOUN
50431	423	55	'70s	DATE
50431	423	63	'80s	DATE
50431	423	91	the '70s	DATE
50431	429	29	a year and a half	DATE
50431	429	60	Belgium	COUNTRY
50431	430	248	Vichy France	PLACE
50431	430	272	Vichy France	PLACE
50431	433	35	Auschwitz	CAMP
50431	435	142	Belgium	COUNTRY
50431	435	232	Belgium	COUNTRY
50431	435	258	Germany	COUNTRY
50431	435	313	Vichy--	PLACE
50431	435	324	Vichy	CITY
50431	435	330	France	COUNTRY
50431	435	445	Spain	COUNTRY
50431	435	454	Portugal	COUNTRY
50431	435	467	Cuba	COUNTRY
50431	435	482	America	COUNTRY
50431	436	110	England	PLACE
50431	445	130	many years	DATE
50431	445	154	Germany	COUNTRY
50431	445	186	Belgium	COUNTRY
50431	445	200	Belgium	COUNTRY
50431	448	27	Ernespie House	PLACE
50431	448	50	Scotland	PLACE
50431	448	81	only a few months	DATE
50431	448	157	Leeds	CITY
50431	453	11	Ernespie House	PLACE
50431	453	51	many months	DATE
50431	458	123	house	GEONOUN
50431	464	212	boat	GEONOUN
50431	464	237	Germany	COUNTRY
50431	464	372	six or seven years old	DATE
50431	464	420	Czechoslovakia	COUNTRY
50431	464	456	Auschwitz	CAMP
50431	464	506	January	DATE
50431	464	629	three days	DATE
50431	464	673	three days	DATE
50431	464	691	road	GEONOUN
50431	466	67	the last few weeks	DATE
50431	469	0	About 10 years ago	DATE
50431	470	35	Hamburg	CITY
50431	470	49	Hamburg	CITY
50431	473	19	Hamburg	CITY
50431	473	53	Hamburg	CITY
50431	478	55	Hamburg	CITY
50431	479	255	Israel	COUNTRY
50431	484	73	Germany	COUNTRY
50431	488	83	district	GEONOUN
50431	488	101	Hamburg	CITY
50431	489	71	Hamburg	CITY
50431	489	98	Iran	COUNTRY
50431	489	182	country	GEONOUN
50431	489	404	bar	GEONOUN
50431	490	162	40	DATE
50431	490	166	50	DATE
50431	490	170	60 years old	DATE
50431	491	89	Munich	CITY
50431	491	101	city	GEONOUN
50431	491	124	Austria	COUNTRY
50431	491	258	Russia	COUNTRY
50431	491	285	Germany	COUNTRY
50431	493	0	Six years	DATE
50431	494	41	Holland	CITY
50431	495	24	bar	GEONOUN
50431	495	45	1925	DATE
