FileID	AnswerID	StartCharPos	Entity	Type
50452	4	8	Vysná Rybnica	PLACE
50452	5	25	capital	GEONOUN
50452	6	16	Czechoslovakia	COUNTRY
50452	8	24	town	GEONOUN
50452	8	38	Michalovce	CITY
50452	9	19	village	GEONOUN
50452	9	48	Jewish	GEONOUN
50452	20	56	Vysná Rybnica	PLACE
50452	20	117	village	GEONOUN
50452	20	135	Niemiecka Poruba	PLACE
50452	24	7	three years older	DATE
50452	26	24	house	GEONOUN
50452	27	15	store	GEONOUN
50452	27	32	store	GEONOUN
50452	28	44	Midwest	PLACE
50452	33	143	school	GEONOUN
50452	36	129	the end of the month	DATE
50452	36	249	next month	DATE
50452	38	43	affluent	GEONOUN
50452	38	61	those years	DATE
50452	38	100	house	GEONOUN
50452	38	116	garden	GEONOUN
50452	38	140	fields	GEONOUN
50452	38	167	property	GEONOUN
50452	39	16	house	GEONOUN
50452	40	16	house	GEONOUN
50452	40	55	entrance	GEONOUN
50452	40	73	street	GEONOUN
50452	40	89	store	GEONOUN
50452	40	143	room	GEONOUN
50452	40	395	building	GEONOUN
50452	41	8	street	GEONOUN
50452	42	27	street	GEONOUN
50452	42	124	road	GEONOUN
50452	42	144	road	GEONOUN
50452	42	211	Michalovce	CITY
50452	42	226	Sobrance	PLACE
50452	42	288	Rybnica	PLACE
50452	42	384	lane road	GEONOUN
50452	42	389	road	GEONOUN
50452	42	416	road	GEONOUN
50452	42	455	village	GEONOUN
50452	42	489	hill	GEONOUN
50452	43	0	1930	DATE
50452	44	0	May 30	DATE
50452	45	23	a pretty big day	DATE
50452	45	67	May	DATE
50452	50	41	store	GEONOUN
50452	50	96	porch	GEONOUN
50452	50	140	hallway	GEONOUN
50452	50	163	hallway	GEONOUN
50452	50	311	hallway	GEONOUN
50452	50	328	store	GEONOUN
50452	50	358	store	GEONOUN
50452	50	387	house	GEONOUN
50452	50	555	store	GEONOUN
50452	51	127	brick	GEONOUN
50452	51	153	brick	GEONOUN
50452	51	171	today	DATE
50452	51	193	brick	GEONOUN
50452	51	329	wood	GEONOUN
50452	65	11	fall	GEONOUN
50452	67	73	street	GEONOUN
50452	67	96	building	GEONOUN
50452	67	196	the whole year	DATE
50452	70	96	house	GEONOUN
50452	71	35	one day	DATE
50452	71	95	a Saturday	DATE
50452	71	383	hospital	GEONOUN
50452	71	501	foot	GEONOUN
50452	74	166	store	GEONOUN
50452	74	206	city	GEONOUN
50452	76	135	road	GEONOUN
50452	82	37	road	GEONOUN
50452	83	62	houses	GEONOUN
50452	83	112	Jewish	GEONOUN
50452	84	12	Jewish	GEONOUN
50452	90	5	Friday	DATE
50452	90	48	early in the morning	TIME
50452	90	106	about 4:00 in the morning	TIME
50452	90	133	Friday	DATE
50452	90	140	morning	TIME
50452	90	352	school	GEONOUN
50452	91	3	Friday	DATE
50452	92	9	the night	TIME
50452	92	27	the night	TIME
50452	92	38	4 o'clock	TIME
50452	92	100	rise	GEONOUN
50452	92	142	the morning	TIME
50452	92	222	school	GEONOUN
50452	92	354	Sabbath	DATE
50452	92	370	the afternoon--	TIME
50452	94	6	Sabbath	DATE
50452	94	126	city	GEONOUN
50452	97	163	school	GEONOUN
50452	100	20	Auschwitz	CAMP
50452	102	4	the Friday	DATE
50452	102	15	night	TIME
50452	102	214	house	GEONOUN
50452	102	440	Shabbat	EVENT
50452	106	23	Friday	DATE
50452	106	30	night	TIME
50452	106	41	Saturday	DATE
50452	106	67	Saturday	DATE
50452	106	76	morning	TIME
50452	109	20	village	GEONOUN
50452	109	42	building	GEONOUN
50452	110	94	upstairs	GEONOUN
50452	110	135	upstairs	GEONOUN
50452	110	207	grounds	GEONOUN
50452	112	30	room school	GEONOUN
50452	112	35	school	GEONOUN
50452	112	45	Rybnica	PLACE
50452	112	58	room	GEONOUN
50452	112	81	room schoolhouse	GEONOUN
50452	112	86	schoolhouse	GEONOUN
50452	114	66	school	GEONOUN
50452	114	127	Tacova	PLACE
50452	114	153	school	GEONOUN
50452	114	189	Hungary	COUNTRY
50452	114	230	Czechoslovakia	COUNTRY
50452	114	259	Hungary	COUNTRY
50452	114	278	Hungary	COUNTRY
50452	114	289	1939	DATE
50452	114	447	school	GEONOUN
50452	115	25	1944	DATE
50452	115	38	1944	DATE
50452	117	45	Rybnica	PLACE
50452	117	71	school	GEONOUN
50452	118	52	early in the morning	TIME
50452	118	98	school	GEONOUN
50452	118	114	5:00 in the morning	TIME
50452	118	144	cheder	PLACE
50452	118	179	school	GEONOUN
50452	118	219	school	GEONOUN
50452	118	234	an hour and a half	TIME
50452	118	254	two hours	TIME
50452	120	57	day	DATE
50452	120	63	school	GEONOUN
50452	120	211	room school	GEONOUN
50452	120	216	school	GEONOUN
50452	121	12	bar	GEONOUN
50452	123	156	bar	GEONOUN
50452	123	171	that year	DATE
50452	123	194	bar	GEONOUN
50452	124	43	house	GEONOUN
50452	129	29	'42	DATE
50452	129	37	'42	DATE
50452	129	88	'42	DATE
50452	129	144	Auschwitz	CAMP
50452	129	171	'43	DATE
50452	130	36	Romania	COUNTRY
50452	131	62	Romania	COUNTRY
50452	136	173	the Czechoslovakian Republic	PLACE
50452	136	331	those years	DATE
50452	136	446	today	DATE
50452	136	512	fields	GEONOUN
50452	136	643	ship	GEONOUN
50452	140	44	house	GEONOUN
50452	140	77	house	GEONOUN
50452	141	57	1944	DATE
50452	141	67	1944	DATE
50452	141	140	a certain hour in the evening	TIME
50452	143	28	Jewish	GEONOUN
50452	150	19	Israel	COUNTRY
50452	154	215	Romania	COUNTRY
50452	154	245	Romania	COUNTRY
50452	154	322	Transylvania	PLACE
50452	154	392	Transylvania	PLACE
50452	159	178	Rybnica	PLACE
50452	163	85	house	GEONOUN
50452	163	150	store	GEONOUN
50452	169	8	Jewish	GEONOUN
50452	169	109	house	GEONOUN
50452	169	151	18 years old	DATE
50452	169	241	the morning	TIME
50452	170	17	only a year	DATE
50452	170	37	just a year	DATE
50452	171	113	Transylvania	PLACE
50452	173	129	every night	TIME
50452	173	158	house	GEONOUN
50452	174	57	school	GEONOUN
50452	174	84	every night	TIME
50452	174	150	garden	GEONOUN
50452	174	278	every night	TIME
50452	176	89	Dayton	CITY
50452	176	97	Ohio	US-STATE
50452	176	424	Prague	CITY
50452	176	609	Dayton	CITY
50452	177	258	Czechoslovakia	COUNTRY
50452	177	309	country	GEONOUN
50452	178	444	store	GEONOUN
50452	178	564	years	DATE
50452	178	800	country	GEONOUN
50452	178	1058	Europe	CONTINENT
50452	178	1309	Czechoslovakia	COUNTRY
50452	178	1491	house	GEONOUN
50452	178	1521	house	GEONOUN
50452	178	1687	Czechoslovakia	COUNTRY
50452	178	1763	Czechoslovakia	COUNTRY
50452	178	1801	Niemiecka Poruba	PLACE
50452	178	1983	properties	GEONOUN
50452	178	2668	yard	GEONOUN
50452	180	66	school	GEONOUN
50452	183	141	house	GEONOUN
50452	185	145	camp	GEONOUN
50452	185	158	ghetto	GEONOUN
50452	185	178	that morning--	TIME
50452	185	243	evening	TIME
50452	186	80	store	GEONOUN
50452	186	172	store	GEONOUN
50452	187	88	Poland	COUNTRY
50452	187	109	'41	DATE
50452	187	118	Czechoslovakia	COUNTRY
50452	187	210	Lublin	CITY
50452	187	371	Rybnica	PLACE
50452	187	383	Rybnica	PLACE
50452	187	665	city	GEONOUN
50452	187	707	Rybnica	PLACE
50452	188	139	house	GEONOUN
50452	189	29	Auschwitz	CAMP
50452	189	61	Auschwitz	CAMP
50452	189	121	Brooklyn	CITY
50452	190	65	ghetto	GEONOUN
50452	193	11	ghetto	GEONOUN
50452	193	22	Rybnica	PLACE
50452	193	34	Rybnica	PLACE
50452	195	41	school	GEONOUN
50452	195	68	Passover	DATE
50452	195	80	'44	DATE
50452	195	167	Passover	DATE
50452	195	279	school	GEONOUN
50452	195	296	Uzhorod	PLACE
50452	195	309	Rybnica	PLACE
50452	195	371	building	GEONOUN
50452	195	471	Jewish	GEONOUN
50452	195	741	Jewish	GEONOUN
50452	195	758	Rybnica	PLACE
50452	195	980	room	GEONOUN
50452	195	1090	river	GEONOUN
50452	195	1131	street	GEONOUN
50452	195	1515	one day	DATE
50452	195	2181	Passover	DATE
50452	195	2191	the first morning	TIME
50452	195	2215	the eighth day of Passover	DATE
50452	195	2619	village	GEONOUN
50452	195	2709	that morning	TIME
50452	195	2811	school	GEONOUN
50452	197	171	Slovakia	COUNTRY
50452	197	226	'41 '42	DATE
50452	197	248	'44	DATE
50452	197	319	house	GEONOUN
50452	197	659	synagogue	GEONOUN
50452	197	869	synagogue	GEONOUN
50452	197	1129	ghetto	GEONOUN
50452	197	1238	ghetto	GEONOUN
50452	197	1288	train	GEONOUN
50452	197	1297	Auschwitz	CAMP
50452	199	79	that night	TIME
50452	199	166	Rybnica	PLACE
50452	199	246	this night	TIME
50452	199	269	the morning	TIME
50452	199	334	Tacova	PLACE
50452	199	364	tonight	TIME
50452	199	402	tonight	TIME
50452	199	473	room	GEONOUN
50452	199	808	a Saturday	DATE
50452	199	831	tomorrow	DATE
50452	199	841	early in the morning	TIME
50452	199	876	the morning	TIME
50452	199	1023	now	DATE
50452	199	1076	Hungary	COUNTRY
50452	199	1093	Sunday	DATE
50452	199	1138	Sunday	DATE
50452	199	1349	only Sunday morning	DATE
50452	199	1487	seat	GEONOUN
50452	199	1759	early Monday morning	TIME
50452	199	2057	the night	TIME
50452	199	2103	rough	GEONOUN
50452	199	2161	morning	TIME
50452	199	2192	Sunday	DATE
50452	199	2199	morning	TIME
50452	199	2211	Sunday	DATE
50452	199	2218	morning	TIME
50452	199	2267	ghetto	GEONOUN
50452	199	2308	synagogue	GEONOUN
50452	199	2346	Ungvár	PLACE
50452	199	2356	ghetto	GEONOUN
50452	199	2417	Ungvár	PLACE
50452	199	2443	Ungvár	PLACE
50452	199	2455	Monday	DATE
50452	199	2653	ghetto	GEONOUN
50452	199	2808	ghetto	GEONOUN
50452	199	2915	house	GEONOUN
50452	199	2939	house	GEONOUN
50452	199	3134	room	GEONOUN
50452	199	3213	night	TIME
50452	199	3535	ghetto	GEONOUN
50452	199	3594	ghetto	GEONOUN
50452	199	3623	ghetto	GEONOUN
50452	199	3880	the last year	DATE
50452	199	3992	Slovakia	COUNTRY
50452	199	4035	one day	DATE
50452	199	4116	today	DATE
50452	199	4129	ghetto	GEONOUN
50452	199	4198	street	GEONOUN
50452	199	4530	early in the morning	TIME
50452	199	4632	Uzhorod	PLACE
50452	199	4781	ghetto	GEONOUN
50452	199	4962	ghetto	GEONOUN
50452	199	5119	carriage	GEONOUN
50452	199	5160	Central Park	PLACE
50452	199	5196	ghetto	GEONOUN
50452	199	5344	ghetto	GEONOUN
50452	199	5436	ghetto	GEONOUN
50452	199	5668	ghetto	GEONOUN
50452	200	26	ghetto	GEONOUN
50452	202	12	Jewish	GEONOUN
50452	204	73	Sunday	DATE
50452	204	80	morning	TIME
50452	204	111	Sunday	DATE
50452	204	118	morning	TIME
50452	204	468	Jewish	GEONOUN
50452	206	23	fence	GEONOUN
50452	210	75	ghetto	GEONOUN
50452	210	368	a whole year	DATE
50452	210	438	that year	DATE
50452	211	6	14	DATE
50452	211	12	'44	DATE
50452	213	226	ghetto	GEONOUN
50452	216	60	brick factory	GEONOUN
50452	216	66	factory ghetto	GEONOUN
50452	216	74	ghetto	GEONOUN
50452	218	77	May	DATE
50452	218	110	May	DATE
50452	218	126	summer	DATE
50452	219	79	ghetto	GEONOUN
50452	219	250	about three weeks	DATE
50452	219	306	maybe two weeks	DATE
50452	219	394	Hungary	COUNTRY
50452	219	451	Hungary	COUNTRY
50452	219	624	ghetto	GEONOUN
50452	219	755	tomorrow	DATE
50452	219	775	camp	GEONOUN
50452	219	806	ghetto	GEONOUN
50452	219	825	Hungary	COUNTRY
50452	219	1261	train	GEONOUN
50452	225	14	ghetto	GEONOUN
50452	227	96	Michalovce	CITY
50452	227	110	Slovakia	COUNTRY
50452	227	188	16-year-old	DATE
50452	227	219	'41	DATE
50452	227	377	camps	GEONOUN
50452	227	631	Hungary	COUNTRY
50452	230	0	Jewish	GEONOUN
50452	230	58	Jewish	GEONOUN
50452	235	28	ghetto	GEONOUN
50452	238	19	train	GEONOUN
50452	238	58	train	GEONOUN
50452	239	64	train	GEONOUN
50452	239	112	train	GEONOUN
50452	239	223	Washington	US-STATE
50452	239	241	Holocaust	EVENT
50452	239	251	museum	GEONOUN
50452	246	164	Hungary	COUNTRY
50452	246	206	Hungary	COUNTRY
50452	246	324	train	GEONOUN
50452	246	393	Kosice	PLACE
50452	246	408	town	GEONOUN
50452	246	426	city	GEONOUN
50452	246	434	Slovakia	COUNTRY
50452	246	460	Kosice	PLACE
50452	246	475	train railroad station	GEONOUN
50452	246	481	railroad station	GEONOUN
50452	246	613	Hungary	COUNTRY
50452	246	689	station	GEONOUN
50452	246	727	a East/West	PLACE
50452	246	794	station	GEONOUN
50452	246	848	windows	GEONOUN
50452	246	871	train	GEONOUN
50452	246	930	station	GEONOUN
50452	246	958	Hungary	COUNTRY
50452	246	1020	Kosice	PLACE
50452	246	1038	train	GEONOUN
50452	246	1061	Mátészalka	CITY
50452	246	1218	Poland	COUNTRY
50452	246	1230	train	GEONOUN
50452	246	1248	Poland	COUNTRY
50452	247	276	Poland	COUNTRY
50452	247	337	Poland	COUNTRY
50452	247	373	Poland	COUNTRY
50452	248	15	train	GEONOUN
50452	248	219	another day	DATE
50452	248	247	Auschwitz	CAMP
50452	248	270	early,	TIME
50452	248	277	early in the morning	TIME
50452	248	310	3:00, 4:00 in the morning	TIME
50452	248	369	train	GEONOUN
50452	250	385	room	GEONOUN
50452	250	466	Auschwitz	CAMP
50452	250	606	Auschwitz	CAMP
50452	250	624	early in the morning	TIME
50452	252	47	end of May	DATE
50452	252	62	June	DATE
50452	252	83	Auschwitz	CAMP
50452	253	3	Auschwitz	CAMP
50452	254	26	early in the morning	TIME
50452	255	25	train	GEONOUN
50452	255	272	early in the morning	TIME
50452	255	382	Auschwitz	CAMP
50452	255	415	fence	GEONOUN
50452	255	616	4:00 in the--	TIME
50452	255	635	early in the morning	TIME
50452	255	930	train	GEONOUN
50452	255	983	train	GEONOUN
50452	255	1007	train	GEONOUN
50452	256	239	two nights	DATE
50452	256	265	train	GEONOUN
50452	256	277	2 and 1/2-	DATE
50452	256	357	42 years old--	DATE
50452	256	372	42	DATE
50452	256	378	1944	DATE
50452	256	1014	Auschwitz	CAMP
50452	256	1120	Auschwitz	CAMP
50452	256	1226	block	GEONOUN
50452	256	1612	one night	TIME
50452	256	1672	night	TIME
50452	256	1767	chimney	GEONOUN
50452	256	1903	chimney	GEONOUN
50452	256	2069	chimney	GEONOUN
50452	256	2181	Auschwitz	CAMP
50452	272	256	holler	GEONOUN
50452	274	20	house	GEONOUN
50452	277	183	the whole year	DATE
50452	277	265	construction	GEONOUN
50452	277	326	the winter	DATE
50452	277	390	Holland	CITY
50452	283	11	less than an hour	TIME
50452	286	233	camp	GEONOUN
50452	287	48	a few hours	TIME
50452	287	93	quite a few hours	TIME
50452	287	146	barracks	GEONOUN
50452	287	180	that day	DATE
50452	287	204	the morning	TIME
50452	287	219	4:00	TIME
50452	287	253	around 4:00 in the morning	TIME
50452	287	394	board	GEONOUN
50452	287	520	late afternoon	TIME
50452	291	130	room	GEONOUN
50452	293	331	wood	GEONOUN
50452	293	354	wood	GEONOUN
50452	295	61	wood	GEONOUN
50452	296	151	the morning	TIME
50452	296	200	Auschwitz	CAMP
50452	296	392	building	GEONOUN
50452	298	105	Poland	COUNTRY
50452	300	275	40-year-old	DATE
50452	300	423	1931	DATE
50452	301	4	the next morning	TIME
50452	309	126	the evening	TIME
50452	310	239	night	TIME
50452	310	293	night	TIME
50452	312	129	the day	DATE
50452	312	249	ship	GEONOUN
50452	312	662	Auschwitz	CAMP
50452	312	758	about six weeks	DATE
50452	313	46	Auschwitz	CAMP
50452	314	246	every day--	DATE
50452	314	277	next day	DATE
50452	314	341	barracks	GEONOUN
50452	314	400	Vysna Rybnica	PLACE
50452	314	531	wood	GEONOUN
50452	314	748	a couple of days	DATE
50452	315	51	25	DATE
50452	317	56	night	TIME
50452	321	40	camp	GEONOUN
50452	321	243	February	DATE
50452	321	265	April	DATE
50452	323	7	Auschwitz	CAMP
50452	324	224	room	GEONOUN
50452	326	0	Jewish	GEONOUN
50452	327	95	three years	DATE
50452	327	124	three years	DATE
50452	327	302	Three years	DATE
50452	330	0	Five or six weeks	DATE
50452	330	19	Five or six weeks	DATE
50452	331	98	this five or six weeks	DATE
50452	331	410	barracks	GEONOUN
50452	331	648	wood	GEONOUN
50452	331	1533	Hamburg	CITY
50452	331	1553	Hamburg	CITY
50452	332	17	train	GEONOUN
50452	333	60	train	GEONOUN
50452	333	96	train	GEONOUN
50452	333	117	train	GEONOUN
50452	333	131	Hamburg	CITY
50452	333	147	Hamburg	CITY
50452	333	193	Auschwitz	CAMP
50452	333	233	building	GEONOUN
50452	335	7	Hamburg	CITY
50452	335	25	building	GEONOUN
50452	335	87	street	GEONOUN
50452	335	116	facility	GEONOUN
50452	335	188	facilities	GEONOUN
50452	335	274	room	GEONOUN
50452	335	323	every day	DATE
50452	335	372	Auschwitz	CAMP
50452	335	491	the morning	TIME
50452	335	703	Hamburg	CITY
50452	335	752	the summer	DATE
50452	335	1008	Hamburg	CITY
50452	335	1016	every midnight-- noon	TIME
50452	335	1053	12 o'clock on the noon	TIME
50452	335	1077	12 at midnight	TIME
50452	335	1135	cellar	GEONOUN
50452	335	1167	cellar	GEONOUN
50452	335	1213	building	GEONOUN
50452	335	1319	building	GEONOUN
50452	335	1640	building	GEONOUN
50452	335	1674	every night	TIME
50452	335	1813	room	GEONOUN
50452	335	1850	the morning	TIME
50452	335	1976	midday	TIME
50452	335	2075	construction	GEONOUN
50452	335	2365	city	GEONOUN
50452	350	58	Hamburg	CITY
50452	352	26	Bergen-Belsen	CAMP
50452	352	48	Bergen	CITY
50452	353	3	Hamburg	CITY
50452	353	45	construction	GEONOUN
50452	353	99	buildings	GEONOUN
50452	353	130	brick	GEONOUN
50452	353	169	brick	GEONOUN
50452	353	360	bricks	GEONOUN
50452	353	496	the age of 14	DATE
50452	354	0	A whole day	DATE
50452	354	18	the morning	TIME
50452	354	45	the evening	TIME
50452	355	0	Every day,	DATE
50452	356	0	Every day	DATE
50452	357	68	one day	DATE
50452	357	80	a November	DATE
50452	357	193	that particular day--	DATE
50452	357	261	seat	GEONOUN
50452	357	299	bench	GEONOUN
50452	357	318	bench	GEONOUN
50452	357	411	a day's	DATE
50452	357	450	seat	GEONOUN
50452	357	587	that particular day	DATE
50452	357	671	Rybnica	PLACE
50452	357	711	seat	GEONOUN
50452	357	727	seat	GEONOUN
50452	357	747	a year older	DATE
50452	357	783	seat that day	GEONOUN
50452	357	788	that day	DATE
50452	357	798	that particular day	DATE
50452	357	963	train	GEONOUN
50452	357	989	a day's	DATE
50452	357	1130	windows	GEONOUN
50452	357	1176	falls	GEONOUN
50452	357	1362	bricks	GEONOUN
50452	357	1570	Rybnica	PLACE
50452	357	1695	hospital	GEONOUN
50452	357	1807	a horrible, horrible November day	DATE
50452	357	1901	train	GEONOUN
50452	359	182	the November of '40-- '44	DATE
50452	359	222	the wintertime--	DATE
50452	359	259	construction	GEONOUN
50452	359	275	the winter	DATE
50452	359	314	the winter	DATE
50452	361	140	pass	GEONOUN
50452	366	33	camp	GEONOUN
50452	367	116	Bergen-Belsen	CAMP
50452	367	152	Bergen-Belsen	CAMP
50452	367	199	camp	GEONOUN
50452	369	9	Hamburg	CITY
50452	369	55	Auschwitz	CAMP
50452	369	72	the winter	DATE
50452	369	118	January	DATE
50452	369	138	January	DATE
50452	369	164	the month	DATE
50452	375	344	seconds	TIME
50452	375	355	Hamburg	CITY
50452	375	404	seconds	DATE
50452	375	528	a second	TIME
50452	380	22	Jewish	GEONOUN
50452	380	59	Jewish	GEONOUN
50452	380	204	The holidays--	DATE
50452	380	219	Yom Kippur	DATE
50452	380	253	Yom Kippur	DATE
50452	381	7	Yom Kippur	DATE
50452	382	34	Yom Kippur	DATE
50452	382	63	Yom Kippur	DATE
50452	383	15	Yom Kippur	DATE
50452	383	56	Yom Kippur	DATE
50452	383	97	that day	DATE
50452	385	36	Yom Kippur	DATE
50452	389	44	Yom Kippur	DATE
50452	389	127	Rosh Hashanah	DATE
50452	389	217	Yom Kippur	DATE
50452	394	12	Hamburg	CITY
50452	394	43	Hamburg	CITY
50452	394	63	Eidelstedt	CITY
50452	394	94	Wedel	CITY
50452	396	3	Eidelstedt	CITY
50452	396	43	Eidelstedt	CITY
50452	396	57	Wedel	CITY
50452	397	97	the winter	DATE
50452	397	116	winter	DATE
50452	398	136	construction	GEONOUN
50452	398	232	one day	DATE
50452	398	271	camp	GEONOUN
50452	398	456	wood	GEONOUN
50452	398	667	the morning	TIME
50452	398	774	today	DATE
50452	399	98	Auschwitz	CAMP
50452	402	94	lane	GEONOUN
50452	404	9	Wedel	CITY
50452	404	253	Bergen-Belsen	CAMP
50452	404	293	Bergen-Belsen	CAMP
50452	404	330	Wedel	CITY
50452	404	457	that Bergen-Belsen	PLACE
50452	404	491	camp	GEONOUN
50452	409	134	Bergen-Belsen	CAMP
50452	409	205	every minute	TIME
50452	409	232	every day	DATE
50452	410	136	Bergen-Belsen	CAMP
50452	411	87	April 15	DATE
50452	411	134	March-- March	DATE
50452	413	132	mud	GEONOUN
50452	416	12	barracks	GEONOUN
50452	416	24	Auschwitz	CAMP
50452	416	88	the Bergen-Belsen	PLACE
50452	416	130	barracks	GEONOUN
50452	416	220	barracks	GEONOUN
50452	416	336	every day	DATE
50452	417	19	March	DATE
50452	418	130	the morning	TIME
50452	419	118	Bergen-Belsen	CAMP
50452	420	3	Bergen-Belsen	CAMP
50452	420	319	February	DATE
50452	420	507	another day	DATE
50452	425	51	Only one morning	TIME
50452	426	330	camp	GEONOUN
50452	426	347	buildings	GEONOUN
50452	427	43	cage	GEONOUN
50452	428	59	fork	GEONOUN
50452	429	30	fork	GEONOUN
50452	429	102	a year	DATE
50452	429	174	fork	GEONOUN
50452	429	298	Bergen-Belsen	CAMP
50452	429	465	shed	GEONOUN
50452	429	505	lake	GEONOUN
50452	429	571	March	DATE
50452	429	845	Bergen-Belsen	CAMP
50452	429	918	hospital	GEONOUN
50452	430	22	Bergen-Belsen	CAMP
50452	430	70	hospital	GEONOUN
50452	431	8	hospital	GEONOUN
50452	431	795	that night	TIME
50452	431	845	next morning	TIME
50452	431	1031	the day before that	DATE
50452	431	1091	the morning	TIME
50452	431	1112	every morning	TIME
50452	431	1230	today	DATE
50452	431	1252	today	DATE
50452	431	1549	sanatorium	GEONOUN
50452	431	1591	Sweden	COUNTRY
50452	432	99	Rybnica	PLACE
50452	432	575	Czechoslovakia	COUNTRY
50452	432	604	Rybnica	PLACE
50452	432	892	Bergen-Belsen	CAMP
50452	432	965	Sweden	COUNTRY
50452	432	989	Sweden	COUNTRY
50452	434	28	Bergen-Belsen	CAMP
50452	437	23	train	GEONOUN
50452	437	47	boat	GEONOUN
50452	437	92	Lübeck	CITY
50452	437	109	Lübeck	CITY
50452	437	138	sanatorium	GEONOUN
50452	437	154	Stockholm	CITY
50452	437	168	Sigtuna	PLACE
50452	438	86	sanatorium	GEONOUN
50452	438	374	Sweden	COUNTRY
50452	438	540	Sweden	COUNTRY
50452	438	868	Czechoslovakia	COUNTRY
50452	439	37	Sigtuna	PLACE
50452	439	46	Sigtuna	PLACE
50452	439	54	sanatorium	GEONOUN
50452	440	46	school	GEONOUN
50452	440	76	school	GEONOUN
50452	440	104	school	GEONOUN
50452	441	3	Fjallgarden	PLACE
50452	441	49	village	GEONOUN
50452	441	60	Darlana	PLACE
50452	441	122	sanatorium	GEONOUN
50452	441	169	Sweden	COUNTRY
50452	442	12	Sweden	COUNTRY
50452	442	24	'45 to '47	DATE
50452	442	36	Two years	DATE
50452	442	47	Two years	DATE
50452	444	360	Sweden	COUNTRY
50452	446	52	Bergen-Belsen	CAMP
50452	446	340	the morning	TIME
50452	448	136	Bergen-Belsen	CAMP
50452	448	159	hospital	GEONOUN
50452	449	7	'47	DATE
50452	449	18	the summertime	DATE
50452	449	104	Czechoslovakia	COUNTRY
50452	449	272	'47	DATE
50452	449	280	the summer	DATE
50452	449	302	train	GEONOUN
50452	449	311	Stockholm	CITY
50452	449	346	train	GEONOUN
50452	449	376	boat	GEONOUN
50452	449	396	Gdansk	CAMP
50452	449	406	Poland	COUNTRY
50452	449	429	Prague	CITY
50452	449	496	house	GEONOUN
50452	449	537	surroundings	GEONOUN
50452	449	613	Sweden	COUNTRY
50452	449	942	'48	DATE
50452	449	951	'48	DATE
50452	449	956	overnight	TIME
50452	449	988	Overnight	TIME
50452	449	1136	New York--	PLACE
50452	449	1234	Bronx	PLACE
50452	449	1328	New York	US-STATE
50452	449	1413	Sweden	COUNTRY
50452	449	1583	Canada	COUNTRY
50452	449	1608	Jewish	GEONOUN
50452	449	1660	Canada	COUNTRY
50452	449	1698	Jewish	GEONOUN
50452	449	1740	Canada	COUNTRY
50452	450	14	Halifax	CITY
50452	450	40	boat	GEONOUN
50452	450	168	Vancouver	CITY
50452	450	403	Toronto	CITY
50452	450	423	Montreal	PLACE
50452	450	464	Canada	COUNTRY
50452	450	498	Vancouver	CITY
50452	450	584	Toronto	CITY
50452	450	596	Toronto	CITY
50452	450	640	Czechoslovakia	COUNTRY
50452	450	658	Toronto	CITY
50452	450	963	Toronto	CITY
50452	450	1012	Canada	COUNTRY
50452	450	1023	Winnipeg	CITY
50452	450	1078	Winnipeg	CITY
50452	450	1138	Winnipeg	CITY
50452	450	1152	Toronto	CITY
50452	450	1191	train	GEONOUN
50452	450	1207	train	GEONOUN
50452	450	1251	January	DATE
50452	450	1291	houses	GEONOUN
50452	450	1323	country	GEONOUN
50452	450	1436	Europe	CONTINENT
50452	450	1514	Czechoslovakia	COUNTRY
50452	450	1571	land	GEONOUN
50452	450	1590	houses	GEONOUN
50452	450	1626	train	GEONOUN
50452	450	1641	Winnipeg	CITY
50452	450	1728	Siberia	PLACE
50452	450	1817	room	GEONOUN
50452	450	1851	'49	DATE
50452	450	1859	1950	DATE
50452	450	1945	Vancouver	CITY
50452	450	2097	school	GEONOUN
50452	451	3	Winnipeg	CITY
50452	452	106	Winnipeg	CITY
50452	452	197	New York	US-STATE
50452	452	364	school	GEONOUN
50452	452	385	Jewish	GEONOUN
50452	452	438	two weeks	DATE
50452	452	513	school	GEONOUN
50452	452	1059	school	GEONOUN
50452	452	1227	Winnipeg	CITY
50452	453	9	Toronto	CITY
50452	453	30	Toronto	CITY
50452	453	104	Dayton	CITY
50452	453	112	Ohio	US-STATE
50452	453	146	US	PLACE
50452	453	243	Prague	CITY
50452	453	257	consulate	GEONOUN
50452	454	10	Dayton	CITY
50452	454	36	Dayton	CITY
50452	455	58	maybe two and a half or three months	DATE
50452	455	224	Bronx	PLACE
50452	455	461	New York	US-STATE
50452	456	18	Vancouver	CITY
50452	457	97	Pacific	PLACE
50452	459	12	18	DATE
50452	461	64	Sweden	COUNTRY
50452	461	122	school	GEONOUN
50452	461	244	surroundings	GEONOUN
50452	461	318	Sweden	COUNTRY
50452	462	16	Bronx	PLACE
50452	462	25	New York	US-STATE
50452	462	45	Penn Station	PLACE
50452	462	171	Penn Station	PLACE
50452	462	210	Bronx	PLACE
50452	462	503	Bronx	PLACE
50452	462	527	Southern Boulevard	PLACE
50452	462	654	the Penn Station	PLACE
50452	462	749	Penn Station	PLACE
50452	462	861	Penn Station	PLACE
50452	462	885	those years	DATE
50452	462	898	Penn Station	PLACE
50452	462	983	Bronx	PLACE
50452	471	31	Winnipeg	CITY
50452	472	13	New York	US-STATE
50452	474	149	Manhattan	CITY
50452	474	198	annual	DATE
50452	474	230	Purim	DATE
50452	474	271	Kosice	PLACE
50452	475	272	New York	US-STATE
50452	477	23	'56	DATE
50452	478	14	'56	DATE
50452	491	65	Sh'ma Israel	PLACE
50452	496	436	the 12 months	DATE
50452	496	488	Sh'ma Israel	PLACE
50452	496	502	every day	DATE
50452	498	91	Czech Republic	PLACE
50452	499	26	Israel	COUNTRY
50452	499	105	Detroit	CITY
50452	499	144	Detroit	CITY
50452	503	21	Yizkor	PLACE
50452	503	63	Yom Kippur	DATE
50452	503	78	end of Sukkot	DATE
50452	504	154	today	DATE
50452	505	25	the century	DATE
50452	510	325	the years--	DATE
50452	510	605	today	DATE
50452	515	12	late 1800s	DATE
50452	519	33	18-- late 1800	DATE
50452	519	49	19-- 1890	DATE
50452	521	33	Ungvár	PLACE
50452	521	48	the year of 1925	DATE
50452	524	76	1943	DATE
50452	525	32	house	GEONOUN
50452	525	53	porch	GEONOUN
50452	525	74	porch	GEONOUN
50452	527	18	garden	GEONOUN
50452	527	95	1940	DATE
50452	527	107	'41	DATE
50452	528	17	garden	GEONOUN
50452	530	24	camp	GEONOUN
50452	530	35	concentration camp	GEONOUN
50452	532	44	Auschwitz	CAMP
50452	535	152	All these years	DATE
50452	536	38	fork	GEONOUN
50452	536	74	Bergen-Belsen	CAMP
50452	536	208	Bergen	CITY
50452	536	229	fork	GEONOUN
50452	538	51	fork	GEONOUN
50452	538	69	12 months	DATE
50452	538	227	fork	GEONOUN
50452	539	91	Bergen-Belsen	CAMP
50452	539	186	Czechoslovakia	COUNTRY
50452	539	204	Canada	COUNTRY
50452	541	29	'49	DATE
50452	541	40	18	DATE
