FileID	AnswerID	StartCharPos	Entity	Type
50503	8	20	July 27, 1929	DATE
50503	10	18	Tacovo	PLACE
50503	10	42	Czechoslovakia	COUNTRY
50503	11	0	Tacovo	PLACE
50503	11	33	Czechoslovakia	COUNTRY
50503	11	88	Moravia	PLACE
50503	11	97	Slovakia	COUNTRY
50503	11	111	Carpathia	PLACE
50503	11	141	Carpathia	PLACE
50503	11	159	Czechoslovakia	COUNTRY
50503	17	45	1901	DATE
50503	18	3	Dubova	PLACE
50503	18	11	Czechoslovakia	COUNTRY
50503	18	54	Austria	COUNTRY
50503	18	62	Hungary	COUNTRY
50503	20	75	school	GEONOUN
50503	20	92	school	GEONOUN
50503	27	29	1904	DATE
50503	28	8	Dubova	PLACE
50503	29	7	school	GEONOUN
50503	29	25	school	GEONOUN
50503	33	75	1926	DATE
50503	33	84	'27	DATE
50503	33	112	1929	DATE
50503	33	149	1930	DATE
50503	34	71	1931	DATE
50503	35	71	1933	DATE
50503	36	11	1936	DATE
50503	37	3	'37	DATE
50503	37	31	1934	DATE
50503	39	76	Czechoslovakia	COUNTRY
50503	39	243	town	GEONOUN
50503	40	12	river	GEONOUN
50503	41	4	river	GEONOUN
50503	41	14	Tiso	PLACE
50503	41	29	the Tiso River	PLACE
50503	42	11	Carpathian Mountains	PLACE
50503	43	19	Tacovo	PLACE
50503	44	32	train	GEONOUN
50503	44	59	Chust	CITY
50503	44	89	train	GEONOUN
50503	44	99	Dubova	PLACE
50503	44	119	train	GEONOUN
50503	46	68	train	GEONOUN
50503	47	4	Jewish	GEONOUN
50503	48	167	Carpathia	PLACE
50503	48	178	Galicia	PLACE
50503	49	34	synagogue	GEONOUN
50503	51	233	Jewish	GEONOUN
50503	53	141	ghetto	GEONOUN
50503	54	19	movie house	GEONOUN
50503	54	62	Jewish theater	GEONOUN
50503	54	69	theater	GEONOUN
50503	57	103	Israel	COUNTRY
50503	57	154	Israel	COUNTRY
50503	57	250	road	GEONOUN
50503	60	152	room	GEONOUN
50503	62	44	town	GEONOUN
50503	62	63	surroundings	GEONOUN
50503	62	116	Tacovo	PLACE
50503	62	136	city	GEONOUN
50503	62	155	city	GEONOUN
50503	64	224	Jewish	GEONOUN
50503	64	304	town	GEONOUN
50503	65	118	town	GEONOUN
50503	65	128	Tacovo	PLACE
50503	65	171	the weekend	DATE
50503	65	188	the Sabbath	DATE
50503	71	75	Thursday	DATE
50503	71	139	the week	DATE
50503	71	298	a Passover night	TIME
50503	71	353	house	GEONOUN
50503	73	438	concentration camp	GEONOUN
50503	77	194	school	GEONOUN
50503	77	453	wintertime	DATE
50503	78	110	England	PLACE
50503	82	19	synagogue	GEONOUN
50503	82	61	synagogue	GEONOUN
50503	82	261	town	GEONOUN
50503	82	288	synagogue	GEONOUN
50503	90	6	Sabbath	DATE
50503	90	98	synagogue	GEONOUN
50503	90	111	night	TIME
50503	90	226	Friday	DATE
50503	90	233	night	TIME
50503	90	248	the morning	TIME
50503	90	271	synagogue	GEONOUN
50503	90	408	this Sabbath morning	TIME
50503	98	67	Indiana	US-STATE
50503	98	76	South Bend	CITY
50503	107	49	120 years	DATE
50503	110	34	Europe	CONTINENT
50503	110	191	town	GEONOUN
50503	110	199	city	GEONOUN
50503	110	288	night	TIME
50503	110	479	Jewish	GEONOUN
50503	110	601	Friday	DATE
50503	110	608	night	TIME
50503	110	1197	hospital	GEONOUN
50503	110	1970	a few minutes	TIME
50503	110	2186	hospital	GEONOUN
50503	112	122	synagogue	GEONOUN
50503	113	36	a Passover night	TIME
50503	113	212	night	TIME
50503	113	245	Jewish	GEONOUN
50503	113	279	Egypt	COUNTRY
50503	114	188	Egypt	COUNTRY
50503	114	227	Egypt	COUNTRY
50503	114	296	Egypt	COUNTRY
50503	118	47	garden	GEONOUN
50503	118	80	garden	GEONOUN
50503	119	38	main street	GEONOUN
50503	119	130	main street	GEONOUN
50503	120	70	house	GEONOUN
50503	121	13	Jewish	GEONOUN
50503	122	137	Auschwitz	CAMP
50503	122	156	a day before	DATE
50503	123	21	house	GEONOUN
50503	124	4	house	GEONOUN
50503	125	47	rooms	GEONOUN
50503	125	73	pantry	GEONOUN
50503	129	52	Dubové	PLACE
50503	129	426	school	GEONOUN
50503	131	97	the First World War	EVENT
50503	131	139	the First World War	EVENT
50503	132	11	Tacova	PLACE
50503	133	51	Konigsfeld	PLACE
50503	135	162	Chust	CITY
50503	135	263	America	COUNTRY
50503	136	62	Dubové	PLACE
50503	140	3	America	COUNTRY
50503	141	95	America	COUNTRY
50503	141	106	1906	DATE
50503	141	210	the United States	COUNTRY
50503	141	231	1914	DATE
50503	141	304	boat	GEONOUN
50503	141	344	Europe	CONTINENT
50503	141	352	the First World War	EVENT
50503	141	387	boat	GEONOUN
50503	143	159	the United States	COUNTRY
50503	143	277	17	DATE
50503	143	281	18	DATE
50503	143	285	19	DATE
50503	143	289	20	DATE
50503	143	339	the United States	COUNTRY
50503	145	8	about six	TIME
50503	146	23	town	GEONOUN
50503	147	56	about four-- four years	DATE
50503	148	25	school	GEONOUN
50503	148	48	school	GEONOUN
50503	150	33	school	GEONOUN
50503	150	43	the morning	TIME
50503	150	61	lunchtime	TIME
50503	150	75	the afternoon	TIME
50503	150	112	school	GEONOUN
50503	151	24	the holidays	DATE
50503	151	63	Passover	EVENT
50503	152	55	school	GEONOUN
50503	152	130	school	GEONOUN
50503	153	39	the end of the hour	TIME
50503	155	11	school	GEONOUN
50503	157	47	night	TIME
50503	157	77	night	TIME
50503	157	95	about 8 o'clock	TIME
50503	157	134	school	GEONOUN
50503	157	221	corner	GEONOUN
50503	157	245	house	GEONOUN
50503	157	607	street	GEONOUN
50503	157	657	street	GEONOUN
50503	160	46	Dubové	PLACE
50503	160	82	Jewish	GEONOUN
50503	166	245	Jewish	GEONOUN
50503	166	369	Czechoslovakia	COUNTRY
50503	166	398	Czechoslovakia	COUNTRY
50503	166	448	Ruthenia	PLACE
50503	166	458	Carpathia	PLACE
50503	167	165	state	GEONOUN
50503	167	203	Germany	COUNTRY
50503	167	222	Hungary	COUNTRY
50503	167	323	town	GEONOUN
50503	167	381	town	GEONOUN
50503	167	405	town	GEONOUN
50503	168	67	district	GEONOUN
50503	169	14	Tacova	PLACE
50503	169	25	Dubové	PLACE
50503	171	15	Jewish	GEONOUN
50503	171	92	a few years	DATE
50503	177	133	street	GEONOUN
50503	179	38	town	GEONOUN
50503	180	95	street	GEONOUN
50503	181	152	Germany	COUNTRY
50503	182	4	about 10 years	DATE
50503	183	153	Budapest	CITY
50503	183	192	town	GEONOUN
50503	185	194	1941	DATE
50503	185	204	about a year	DATE
50503	185	249	1942	DATE
50503	190	156	city	GEONOUN
50503	190	294	Russia	COUNTRY
50503	190	550	prison camp	GEONOUN
50503	190	557	camp	GEONOUN
50503	192	0	Around 1941	DATE
50503	194	4	about a year	DATE
50503	194	57	a few month	DATE
50503	197	0	Tallis	PLACE
50503	198	34	train	GEONOUN
50503	198	104	train	GEONOUN
50503	200	134	a year	DATE
50503	203	190	station	GEONOUN
50503	203	329	Russia	COUNTRY
50503	205	12	1942	DATE
50503	207	17	town	GEONOUN
50503	207	23	Mátészalka	CITY
50503	207	140	Hungary	COUNTRY
50503	213	195	Auschwitz	CAMP
50503	216	25	bar	GEONOUN
50503	216	45	15	DATE
50503	217	46	bar	GEONOUN
50503	217	73	the day	DATE
50503	217	87	bar	GEONOUN
50503	217	142	bar	GEONOUN
50503	217	238	synagogue	GEONOUN
50503	217	344	synagogue	GEONOUN
50503	217	417	synagogue	GEONOUN
50503	218	106	bar	GEONOUN
50503	218	312	synagogue	GEONOUN
50503	219	41	1943	DATE
50503	220	27	street	GEONOUN
50503	226	88	house	GEONOUN
50503	233	47	Poland	COUNTRY
50503	233	156	Hungary	COUNTRY
50503	233	265	Hungary	COUNTRY
50503	233	378	Hungary	COUNTRY
50503	235	172	daily	DATE
50503	235	487	street	GEONOUN
50503	235	529	3 SECONDS	DATE
50503	236	5	'44	DATE
50503	237	55	street	GEONOUN
50503	243	4	ghetto	GEONOUN
50503	243	60	April of 1944	DATE
50503	243	83	ghetto	GEONOUN
50503	243	118	corner	GEONOUN
50503	243	132	town	GEONOUN
50503	244	5	corner	GEONOUN
50503	244	45	house	GEONOUN
50503	244	74	corner	GEONOUN
50503	244	151	town	GEONOUN
50503	244	179	houses	GEONOUN
50503	244	223	houses	GEONOUN
50503	244	256	corner	GEONOUN
50503	245	174	house	GEONOUN
50503	245	230	rooms	GEONOUN
50503	245	257	pantry	GEONOUN
50503	245	272	attic	GEONOUN
50503	249	41	Budapest	CITY
50503	249	54	Hungary	COUNTRY
50503	250	63	Hungary	COUNTRY
50503	252	77	train	GEONOUN
50503	252	168	house	GEONOUN
50503	252	240	house	GEONOUN
50503	252	302	house	GEONOUN
50503	253	113	rooms	GEONOUN
50503	253	151	room	GEONOUN
50503	255	80	shack	GEONOUN
50503	255	104	wood	GEONOUN
50503	255	199	Tacova	PLACE
50503	255	347	shack	GEONOUN
50503	255	371	wood	GEONOUN
50503	255	399	shack	GEONOUN
50503	255	500	shack	GEONOUN
50503	255	563	attic	GEONOUN
50503	255	578	upstairs	GEONOUN
50503	255	590	night	TIME
50503	255	617	downstairs	GEONOUN
50503	258	35	shack	GEONOUN
50503	258	91	shack	GEONOUN
50503	258	237	town	GEONOUN
50503	260	27	town	GEONOUN
50503	260	85	corner	GEONOUN
50503	262	239	Jewish council	GEONOUN
50503	262	246	council	GEONOUN
50503	262	291	Jewish council	GEONOUN
50503	262	298	council	GEONOUN
50503	263	82	house	GEONOUN
50503	263	120	windows	GEONOUN
50503	263	141	windows	GEONOUN
50503	263	173	wood	GEONOUN
50503	263	196	windows	GEONOUN
50503	264	13	windows	GEONOUN
50503	265	17	wood	GEONOUN
50503	265	29	windows	GEONOUN
50503	265	50	windows	GEONOUN
50503	265	161	windows	GEONOUN
50503	265	179	wood	GEONOUN
50503	265	215	windows	GEONOUN
50503	265	287	house	GEONOUN
50503	265	320	backyard	GEONOUN
50503	265	360	house	GEONOUN
50503	265	374	backyard	GEONOUN
50503	266	168	house	GEONOUN
50503	266	349	house	GEONOUN
50503	266	406	house	GEONOUN
50503	266	456	Auschwitz	CAMP
50503	266	467	a few days before	DATE
50503	266	555	street	GEONOUN
50503	266	1004	house	GEONOUN
50503	266	1218	house	GEONOUN
50503	270	12	attic	GEONOUN
50503	270	90	night	TIME
50503	270	116	upstairs	GEONOUN
50503	270	149	the late at night	TIME
50503	270	256	attic	GEONOUN
50503	271	4	downstairs	GEONOUN
50503	272	72	house	GEONOUN
50503	272	118	backyard	GEONOUN
50503	272	180	shack	GEONOUN
50503	272	194	hole	GEONOUN
50503	272	285	backyard	GEONOUN
50503	274	7	ghetto	GEONOUN
50503	275	43	Jewish council	GEONOUN
50503	275	50	council	GEONOUN
50503	275	63	Jewish	GEONOUN
50503	275	99	council	GEONOUN
50503	276	69	council	GEONOUN
50503	277	16	ghetto	GEONOUN
50503	277	35	ghetto	GEONOUN
50503	277	279	ghetto	GEONOUN
50503	279	50	the morning	TIME
50503	279	174	synagogue	GEONOUN
50503	279	233	house	GEONOUN
50503	279	282	house	GEONOUN
50503	279	300	morning	TIME
50503	279	331	night	TIME
50503	280	54	town	GEONOUN
50503	280	147	Jewish council	GEONOUN
50503	280	154	council	GEONOUN
50503	282	537	every day	DATE
50503	283	105	town	GEONOUN
50503	283	121	river	GEONOUN
50503	283	386	village	GEONOUN
50503	283	457	Tacová	PLACE
50503	284	117	train	GEONOUN
50503	285	15	Auschwitz	CAMP
50503	288	20	Tacová	PLACE
50503	288	39	river	GEONOUN
50503	288	50	Tacová	PLACE
50503	288	102	village	GEONOUN
50503	289	59	house	GEONOUN
50503	289	102	street	GEONOUN
50503	289	116	station	GEONOUN
50503	293	15	ghetto	GEONOUN
50503	293	45	two month	DATE
50503	295	25	about Passover till-- till about-- from around April to-- April to June	DATE
50503	297	0	1944	DATE
50503	298	90	Passover	DATE
50503	300	67	the end of June	DATE
50503	300	190	house	GEONOUN
50503	300	259	street	GEONOUN
50503	302	12	15	DATE
50503	303	19	house	GEONOUN
50503	305	182	Auschwitz	CAMP
50503	305	299	Poland	COUNTRY
50503	312	37	house	GEONOUN
50503	312	201	house	GEONOUN
50503	312	284	house	GEONOUN
50503	312	322	street	GEONOUN
50503	312	390	houses	GEONOUN
50503	312	406	street	GEONOUN
50503	312	436	station	GEONOUN
50503	314	147	station	GEONOUN
50503	314	194	houses	GEONOUN
50503	314	328	Jewish	GEONOUN
50503	314	352	many, many years	DATE
50503	315	290	station	GEONOUN
50503	315	319	station	GEONOUN
50503	315	462	Jewish	GEONOUN
50503	315	584	station	GEONOUN
50503	315	614	station house	GEONOUN
50503	315	622	house	GEONOUN
50503	316	98	station house	GEONOUN
50503	316	106	house	GEONOUN
50503	316	251	train	GEONOUN
50503	316	437	station	GEONOUN
50503	318	175	station	GEONOUN
50503	318	293	shack	GEONOUN
50503	318	650	train	GEONOUN
50503	318	722	train	GEONOUN
50503	319	296	train	GEONOUN
50503	319	593	a few weeks before	DATE
50503	319	709	night	TIME
50503	319	885	about two days	DATE
50503	321	44	night	TIME
50503	321	55	train	GEONOUN
50503	323	230	train	GEONOUN
50503	323	257	Auschwitz	CAMP
50503	323	302	lunchtime	TIME
50503	324	18	Erev Shavuos	DATE
50503	324	32	Shavuos Eve	DATE
50503	324	78	about the end of-- of June	DATE
50503	324	139	Auschwitz	CAMP
50503	324	164	Auschwitz	CAMP
50503	324	197	train	GEONOUN
50503	325	53	barracks	GEONOUN
50503	325	184	barracks	GEONOUN
50503	329	155	Auschwitz	CAMP
50503	329	629	station	GEONOUN
50503	331	245	crematorium	GEONOUN
50503	332	101	house	GEONOUN
50503	332	190	Auschwitz	CAMP
50503	332	310	house	GEONOUN
50503	334	227	Jewish	GEONOUN
50503	334	568	train	GEONOUN
50503	334	581	barracks	GEONOUN
50503	335	106	barracks	GEONOUN
50503	335	132	barracks	GEONOUN
50503	336	130	Auschwitz	CAMP
50503	336	197	Germany	COUNTRY
50503	336	231	barracks	GEONOUN
50503	336	560	night	TIME
50503	336	631	surroundings	GEONOUN
50503	336	662	barracks	GEONOUN
50503	338	438	morning	TIME
50503	338	479	night	TIME
50503	339	108	night	TIME
50503	339	533	Auschwitz	CAMP
50503	339	548	barracks	GEONOUN
50503	341	129	crematorium	GEONOUN
50503	341	393	Germany	COUNTRY
50503	342	365	Germany	COUNTRY
50503	342	525	corner	GEONOUN
50503	342	603	corner	GEONOUN
50503	342	766	corner	GEONOUN
50503	342	897	all day	DATE
50503	342	1055	windows	GEONOUN
50503	342	1144	all day	DATE
50503	344	176	Germany	COUNTRY
50503	344	495	Germany	COUNTRY
50503	344	575	wood	GEONOUN
50503	344	590	woodwork	GEONOUN
50503	344	669	Auschwitz	CAMP
50503	344	713	Auschwitz	CAMP
50503	344	941	Germany	COUNTRY
50503	344	996	Germany	COUNTRY
50503	347	5	Auschwitz	CAMP
50503	350	361	Auschwitz	CAMP
50503	351	78	lunchtime	TIME
50503	351	354	a minute	TIME
50503	351	460	Germany	COUNTRY
50503	354	177	night	TIME
50503	354	233	camp	GEONOUN
50503	354	243	Auschwitz	CAMP
50503	354	264	labor camp	GEONOUN
50503	355	38	Auschwitz	CAMP
50503	355	48	about a few weeks	DATE
50503	356	4	four or five weeks	DATE
50503	357	184	Jewish	GEONOUN
50503	358	3	Auschwitz	CAMP
50503	360	12	Bunzlau	CAMP
50503	364	68	Auschwitz	CAMP
50503	364	78	about four or five weeks	DATE
50503	366	0	Bunzlau	CAMP
50503	366	21	Bunzlau	CAMP
50503	367	0	Bunzlau	CAMP
50503	368	3	Germany	COUNTRY
50503	368	20	Germany	COUNTRY
50503	368	47	labor camp	GEONOUN
50503	368	74	concentration camp	GEONOUN
50503	368	112	labor camp	GEONOUN
50503	368	173	the morning	TIME
50503	368	210	the morning	TIME
50503	368	258	all day	DATE
50503	368	359	Auschwitz	CAMP
50503	369	138	tower	GEONOUN
50503	370	17	camp	GEONOUN
50503	370	33	towers	GEONOUN
50503	370	82	camp	GEONOUN
50503	371	5	Bunzlau	CAMP
50503	371	31	Bunzlau	CAMP
50503	371	159	Germany	COUNTRY
50503	374	8	Bunzlau	CAMP
50503	382	16	barracks	GEONOUN
50503	382	93	Auschwitz	CAMP
50503	382	162	Auschwitz	CAMP
50503	382	186	the morning	TIME
50503	383	113	night	TIME
50503	385	52	builders	GEONOUN
50503	385	208	bricks	GEONOUN
50503	385	312	town	GEONOUN
50503	385	342	camp	GEONOUN
50503	385	431	camp	GEONOUN
50503	385	455	building	GEONOUN
50503	385	477	Bunzlau	CAMP
50503	385	494	building	GEONOUN
50503	385	558	bricks	GEONOUN
50503	389	149	house	GEONOUN
50503	389	271	building	GEONOUN
50503	389	385	brick	GEONOUN
50503	389	517	brick	GEONOUN
50503	389	559	builders	GEONOUN
50503	392	52	bricks	GEONOUN
50503	392	331	bricks	GEONOUN
50503	393	25	winter	DATE
50503	393	52	all winter	DATE
50503	395	54	city	GEONOUN
50503	395	103	road	GEONOUN
50503	395	151	Breslau	CAMP
50503	395	197	Liegnitz	PLACE
50503	395	251	road	GEONOUN
50503	396	33	Saturday	DATE
50503	396	42	half a day	DATE
50503	396	68	five and a half days	DATE
50503	396	90	Sunday	DATE
50503	396	112	Sunday	DATE
50503	396	123	Saturday	DATE
50503	396	132	afternoon	TIME
50503	396	338	the morning	TIME
50503	396	425	a few minutes	TIME
50503	400	60	road	GEONOUN
50503	400	94	camp	GEONOUN
50503	400	134	brick factory	GEONOUN
50503	400	140	factory	GEONOUN
50503	400	166	trees	GEONOUN
50503	400	193	road	GEONOUN
50503	400	1256	tree	GEONOUN
50503	400	1277	fell	GEONOUN
50503	400	1319	fell	GEONOUN
50503	400	1645	camp	GEONOUN
50503	400	1664	camp	GEONOUN
50503	403	46	town	GEONOUN
50503	403	59	brick factory	GEONOUN
50503	403	65	factory	GEONOUN
50503	403	104	camp	GEONOUN
50503	403	720	any day	DATE
50503	403	1025	tree	GEONOUN
50503	403	1095	fell	GEONOUN
50503	403	1403	camps	GEONOUN
50503	403	2092	camp	GEONOUN
50503	403	2120	camp	GEONOUN
50503	403	2228	bricks	GEONOUN
50503	403	2273	camp	GEONOUN
50503	404	20	Bunzlau	CAMP
50503	404	43	labor camp	GEONOUN
50503	404	286	Gross-Rosen	PLACE
50503	404	371	camp	GEONOUN
50503	404	404	camp	GEONOUN
50503	404	500	camp	GEONOUN
50503	404	617	camp	GEONOUN
50503	405	22	January 1945	DATE
50503	406	5	about six months	DATE
50503	407	54	all day	DATE
50503	407	91	barn	GEONOUN
50503	407	109	barn	GEONOUN
50503	407	242	the morning	TIME
50503	407	286	backyard	GEONOUN
50503	407	726	One day	DATE
50503	407	757	barn	GEONOUN
50503	407	774	morning	TIME
50503	407	849	backyard	GEONOUN
50503	407	936	soil	GEONOUN
50503	407	1089	barn	GEONOUN
50503	407	1825	barn	GEONOUN
50503	408	71	Bunzlau	CAMP
50503	408	247	road	GEONOUN
50503	408	356	another night	TIME
50503	408	392	barn	GEONOUN
50503	408	605	barn	GEONOUN
50503	408	644	a few hours	TIME
50503	408	660	a few days	DATE
50503	408	769	the morning	TIME
50503	408	942	barn	GEONOUN
50503	408	1810	steps	GEONOUN
50503	408	2143	Israel	COUNTRY
50503	408	2175	Israel	COUNTRY
50503	408	2479	points	GEONOUN
50503	409	24	one day	DATE
50503	409	416	tree	GEONOUN
50503	409	447	tree	GEONOUN
50503	409	789	neck	GEONOUN
50503	409	920	scar	GEONOUN
50503	409	941	scar	GEONOUN
50503	410	40	Bunzlau	CAMP
50503	411	116	fell	GEONOUN
50503	412	161	gutter	GEONOUN
50503	412	242	gutter	GEONOUN
50503	413	71	a week and a half	DATE
50503	413	165	camp	GEONOUN
50503	413	274	camp	GEONOUN
50503	413	344	camp	GEONOUN
50503	414	12	Flossberg	PLACE
50503	414	40	Leipzig	CITY
50503	414	53	town	GEONOUN
50503	414	59	Leipzig	CITY
50503	415	30	Bunzlau	CAMP
50503	416	12	Yom Kippur	DATE
50503	416	164	Yom Kippur	DATE
50503	416	176	Yom Kippur	DATE
50503	416	193	a special day	DATE
50503	416	324	9 o'clock	TIME
50503	416	335	9 o'clock	TIME
50503	416	402	Yom Kippur	DATE
50503	416	438	room	GEONOUN
50503	416	679	camp	GEONOUN
50503	416	859	today	DATE
50503	416	868	a special day	DATE
50503	416	883	Yom Kippur	DATE
50503	416	903	the holiest day of the year	DATE
50503	417	3	Bunzlau	CAMP
50503	418	138	all day	DATE
50503	420	41	camp	GEONOUN
50503	420	94	camp	GEONOUN
50503	420	129	Bunzlau	CAMP
50503	420	223	camp	GEONOUN
50503	420	335	the morning	TIME
50503	420	545	camp	GEONOUN
50503	421	103	wood	GEONOUN
50503	421	142	field	GEONOUN
50503	425	4	camp	GEONOUN
50503	425	174	Bunzlau	CAMP
50503	425	484	the morning	TIME
50503	425	942	Germany	COUNTRY
50503	425	964	Germany	COUNTRY
50503	428	179	raise	GEONOUN
50503	429	0	Bunzlau--	PLACE
50503	429	10	Bunzlau	CAMP
50503	429	35	camps	GEONOUN
50503	429	57	Auschwitz	CAMP
50503	429	75	Flossberg	PLACE
50503	429	93	Mauthausen	PLACE
50503	429	105	Bunzlau	CAMP
50503	429	419	lunchtime	TIME
50503	429	496	Bunzlau	CAMP
50503	429	525	camp	GEONOUN
50503	429	542	Bunzlau	CAMP
50503	429	597	camp	GEONOUN
50503	431	27	Flossberg	PLACE
50503	431	221	camp	GEONOUN
50503	432	0	Flossberg	PLACE
50503	434	18	Flossberg	PLACE
50503	435	0	Flossberg	PLACE
50503	435	74	the end of March 1945	DATE
50503	435	105	Flossberg	PLACE
50503	437	88	camp	GEONOUN
50503	437	132	Germany	COUNTRY
50503	437	165	camp	GEONOUN
50503	437	370	train	GEONOUN
50503	437	509	swell	GEONOUN
50503	437	535	swell	GEONOUN
50503	437	602	train	GEONOUN
50503	437	901	train	GEONOUN
50503	437	979	camp	GEONOUN
50503	437	1290	spot	GEONOUN
50503	437	1604	15	DATE
50503	437	1655	only 15	DATE
50503	438	245	train	GEONOUN
50503	438	256	train	GEONOUN
50503	438	270	the day	DATE
50503	438	383	train	GEONOUN
50503	438	410	night	TIME
50503	438	560	country	GEONOUN
50503	438	705	train	GEONOUN
50503	438	1548	night	TIME
50503	438	1578	train	GEONOUN
50503	438	1837	train	GEONOUN
50503	438	2057	train	GEONOUN
50503	438	2102	train	GEONOUN
50503	438	2170	train	GEONOUN
50503	438	2728	a few hours	TIME
50503	440	222	train	GEONOUN
50503	440	257	train	GEONOUN
50503	440	329	stone	GEONOUN
50503	444	215	gutter	GEONOUN
50503	445	32	about a week, or so	DATE
50503	446	23	Mauthausen	PLACE
50503	447	0	Mauthausen	PLACE
50503	447	17	Austria	COUNTRY
50503	447	30	Mauthausen	PLACE
50503	447	52	concentration camp	GEONOUN
50503	447	153	Mauthausen	PLACE
50503	448	15	Mauthausen	PLACE
50503	448	109	hospital	GEONOUN
50503	448	124	hospital	GEONOUN
50503	448	143	Revier	PLACE
50503	448	379	night	TIME
50503	448	711	Budapest	CITY
50503	448	920	Budapest	CITY
50503	448	959	house	GEONOUN
50503	449	51	crematorium	GEONOUN
50503	451	164	Mauthausen	PLACE
50503	451	233	a week and a half	DATE
50503	451	266	US	PLACE
50503	452	7	watchtower	GEONOUN
50503	453	49	Mauthausen	PLACE
50503	453	84	camp	GEONOUN
50503	459	37	US	PLACE
50503	459	74	May 7, 1945	DATE
50503	462	296	the last few days	DATE
50503	462	364	crematorium	GEONOUN
50503	464	22	Mauthausen--	PLACE
50503	464	70	camp	GEONOUN
50503	464	117	crematorium	GEONOUN
50503	464	290	camp	GEONOUN
50503	465	120	all day	DATE
50503	465	256	all day	DATE
50503	467	30	train	GEONOUN
50503	467	41	city	GEONOUN
50503	467	49	city	GEONOUN
50503	468	2	train	GEONOUN
50503	469	48	train	GEONOUN
50503	469	74	train	GEONOUN
50503	469	251	train	GEONOUN
50503	469	284	train	GEONOUN
50503	471	7	roof	GEONOUN
50503	471	19	train	GEONOUN
50503	471	61	roof	GEONOUN
50503	473	15	train	GEONOUN
50503	473	38	room	GEONOUN
50503	474	14	a few days	DATE
50503	474	55	Budapest	CITY
50503	474	82	Vienna	CITY
50503	474	107	Bratislava--	PLACE
50503	474	120	Czechoslovakia	COUNTRY
50503	474	146	train	GEONOUN
50503	474	163	train	GEONOUN
50503	474	342	train	GEONOUN
50503	474	359	Tacova	PLACE
50503	474	412	steps	GEONOUN
50503	474	535	train	GEONOUN
50503	474	857	Russia	COUNTRY
50503	474	877	prison camp	GEONOUN
50503	474	884	camp	GEONOUN
50503	475	53	Tacova	PLACE
50503	476	120	house	GEONOUN
50503	476	195	yard	GEONOUN
50503	476	554	house	GEONOUN
50503	476	565	house	GEONOUN
50503	476	925	house	GEONOUN
50503	476	1216	camp	GEONOUN
50503	476	1243	camp	GEONOUN
50503	476	1351	camp	GEONOUN
50503	477	30	Auschwitz	CAMP
50503	477	373	house	GEONOUN
50503	477	452	town	GEONOUN
50503	477	600	house	GEONOUN
50503	480	13	Tacova--	PLACE
50503	481	47	house	GEONOUN
50503	481	58	houses	GEONOUN
50503	481	76	Tacova	PLACE
50503	481	301	about a half a year	DATE
50503	481	390	basement	GEONOUN
50503	481	425	factory	GEONOUN
50503	481	517	town	GEONOUN
50503	481	548	Jewish	GEONOUN
50503	481	580	Jewish	GEONOUN
50503	481	685	town	GEONOUN
50503	481	730	America	COUNTRY
50503	483	89	about a few months	DATE
50503	485	61	town	GEONOUN
50503	486	0	Tacova	PLACE
50503	486	15	about a week	DATE
50503	487	28	Tacova	PLACE
50503	487	109	house	GEONOUN
50503	487	154	house	GEONOUN
50503	487	316	house	GEONOUN
50503	487	340	Jewish houses	GEONOUN
50503	487	347	houses	GEONOUN
50503	487	490	houses	GEONOUN
50503	487	550	house	GEONOUN
50503	490	7	Czechoslovakia	COUNTRY
50503	490	57	Russia	COUNTRY
50503	490	106	Russia	COUNTRY
50503	490	284	Budapest	CITY
50503	490	294	Prague	CITY
50503	490	436	Russia	COUNTRY
50503	490	460	Russia	COUNTRY
50503	490	640	Bunzlau	CAMP
50503	490	861	river	GEONOUN
50503	490	879	Romania	COUNTRY
50503	490	913	river	GEONOUN
50503	490	923	Romania	COUNTRY
50503	490	1043	field	GEONOUN
50503	490	1069	house	GEONOUN
50503	490	1891	Romania	COUNTRY
50503	490	2029	Bucharest	CITY
50503	490	2047	capital	GEONOUN
50503	490	2058	Romania	COUNTRY
50503	491	18	roof	GEONOUN
50503	491	30	train	GEONOUN
50503	491	149	Bucharest	CITY
50503	491	163	Bucharest	CITY
50503	491	241	Jewish	GEONOUN
50503	491	314	Bunzlau	CAMP
50503	491	412	Israel	COUNTRY
50503	491	497	Jewish	GEONOUN
50503	491	553	Israel	COUNTRY
50503	491	609	Israel	COUNTRY
50503	491	677	Israel	COUNTRY
50503	491	782	Bucharest	CITY
50503	491	795	Budapest	CITY
50503	491	810	Budapest	CITY
50503	491	822	Vienna	CITY
50503	491	835	Vienna	CITY
50503	491	852	Austria	COUNTRY
50503	491	863	Italy	COUNTRY
50503	491	870	Italy	COUNTRY
50503	491	886	boat	GEONOUN
50503	491	900	Israel	COUNTRY
50503	491	924	Bucharest	CITY
50503	491	937	Budapest	CITY
50503	491	947	Hungary	COUNTRY
50503	491	1095	train	GEONOUN
50503	491	1166	a few days	DATE
50503	491	1180	Budapest	CITY
50503	491	1214	street	GEONOUN
50503	491	1224	Budapest	CITY
50503	491	1265	Jewish	GEONOUN
50503	491	1383	Jewish	GEONOUN
50503	491	1547	street	GEONOUN
50503	491	1751	Budapest	CITY
50503	491	1972	street	GEONOUN
50503	491	2305	hospital	GEONOUN
50503	491	2430	hospital	GEONOUN
50503	492	543	Israel	COUNTRY
50503	492	586	Israel	COUNTRY
50503	492	600	Jewish	GEONOUN
50503	493	24	Prague	CITY
50503	493	61	town	GEONOUN
50503	493	69	Czechoslovakia	COUNTRY
50503	493	94	town	GEONOUN
50503	493	273	store	GEONOUN
50503	493	289	store	GEONOUN
50503	494	16	Chomutov	CITY
50503	494	48	store	GEONOUN
50503	494	125	a few months	DATE
50503	494	144	three months	DATE
50503	495	72	Carpathia	PLACE
50503	495	93	Russia	COUNTRY
50503	495	123	ship	GEONOUN
50503	495	139	Russia	COUNTRY
50503	495	263	England	PLACE
50503	495	351	Jewish	GEONOUN
50503	495	451	under 18	DATE
50503	495	505	England	PLACE
50503	496	17	England	PLACE
50503	497	0	London	CITY
50503	497	11	London	CITY
50503	497	88	apartment	GEONOUN
50503	497	420	America	COUNTRY
50503	497	560	America	COUNTRY
50503	499	9	England	PLACE
50503	499	17	four years	DATE
50503	500	15	1950	DATE
50503	502	45	diamond	GEONOUN
50503	506	34	synagogue	GEONOUN
50503	506	74	synagogue	GEONOUN
50503	506	87	night	TIME
50503	507	3	1950	DATE
50503	507	163	America	COUNTRY
50503	507	310	America	COUNTRY
50503	508	68	1957	DATE
50503	509	16	1950	DATE
50503	509	28	21 years old	DATE
50503	512	32	boat	GEONOUN
50503	515	5	Southampton	CITY
50503	515	25	Manhattan	CITY
50503	517	33	house	GEONOUN
50503	517	84	apartment	GEONOUN
50503	518	28	Williamsburg	CITY
50503	518	54	3 SECONDS	DATE
50503	518	90	two years	DATE
50503	518	148	building	GEONOUN
50503	518	183	apartment	GEONOUN
50503	518	214	building	GEONOUN
50503	518	349	room	GEONOUN
50503	518	390	Borough Park	CITY
50503	519	5	New York	US-STATE
50503	519	53	country	GEONOUN
50503	519	62	England	PLACE
50503	519	80	country	GEONOUN
50503	519	106	England	PLACE
50503	519	167	England	PLACE
50503	521	18	school	GEONOUN
50503	521	60	college	GEONOUN
50503	521	94	the day	DATE
50503	521	140	school	GEONOUN
50503	521	151	high school	GEONOUN
50503	522	39	factory	GEONOUN
50503	522	93	long hours	TIME
50503	522	152	school	GEONOUN
50503	522	162	night	TIME
50503	523	8	diamond	GEONOUN
50503	523	67	England	PLACE
50503	523	82	diamond	GEONOUN
50503	524	24	those days	DATE
50503	524	525	college	GEONOUN
50503	524	563	college	GEONOUN
50503	524	591	high school	GEONOUN
50503	526	17	England	PLACE
50503	526	42	England	PLACE
50503	526	73	school	GEONOUN
50503	527	19	1950	DATE
50503	527	28	1957	DATE
50503	527	129	seven years	DATE
50503	527	172	England	PLACE
50503	527	205	boat	GEONOUN
50503	527	312	England	PLACE
50503	527	336	England	PLACE
50503	527	357	a few days	DATE
50503	529	9	all night	TIME
50503	529	20	all evening	TIME
50503	529	278	the Sunday	DATE
50503	529	293	Sunday	DATE
50503	529	355	restaurant	GEONOUN
50503	531	56	England	PLACE
50503	531	179	a Tuesday	DATE
50503	531	335	America	COUNTRY
50503	531	482	England	PLACE
50503	531	530	America	COUNTRY
50503	532	63	Germany	COUNTRY
50503	532	84	four years old	DATE
50503	532	142	England	PLACE
50503	533	0	A few weeks	DATE
50503	535	0	July-- July 10	DATE
50503	536	0	1957	DATE
50503	537	15	London	CITY
50503	540	30	Jewish	GEONOUN
50503	547	85	school	GEONOUN
50503	551	34	England	PLACE
50503	551	82	store	GEONOUN
50503	551	153	Florida	US-STATE
50503	551	189	Florida	US-STATE
50503	552	97	country	GEONOUN
50503	552	134	country	GEONOUN
50503	552	267	country	GEONOUN
50503	554	191	college	GEONOUN
50503	554	252	college	GEONOUN
50503	555	35	high school	GEONOUN
50503	555	51	college	GEONOUN
50503	555	96	ghetto	GEONOUN
50503	555	106	concentration camps	GEONOUN
50503	558	476	Auschwitz	CAMP
50503	558	501	this day	DATE
50503	558	529	Auschwitz	CAMP
50503	558	737	country	GEONOUN
50503	558	772	Czechoslovakia	COUNTRY
50503	558	798	country	GEONOUN
50503	558	807	Germany	COUNTRY
50503	558	831	country	GEONOUN
50503	558	1148	Czechoslovakia	COUNTRY
50503	558	1398	Germany	COUNTRY
50503	558	1482	Germany	COUNTRY
50503	559	316	one day	DATE
50503	559	334	a few days later	DATE
50503	559	362	a few days later--	DATE
50503	559	411	months	DATE
50503	560	34	the day	DATE
50503	563	0	About 30 years ago--	DATE
50503	563	30	35 years ago	DATE
50503	563	229	one day	DATE
50503	564	165	house	GEONOUN
50503	565	8	country	GEONOUN
50503	571	224	Germany	COUNTRY
50503	572	266	about 35 years old	DATE
50503	573	18	Tacova	PLACE
50503	573	26	Czechoslovakia	COUNTRY
50503	573	169	windows	GEONOUN
50503	575	3	Tacova	PLACE
50503	575	14	Czechoslovakia	COUNTRY
50503	575	74	their 30s	DATE
50503	575	116	three years old	DATE
50503	575	224	about a little less than three years old	DATE
50503	576	16	Tacova	PLACE
50503	576	24	Czechoslovakia	COUNTRY
50503	578	308	house	GEONOUN
50503	578	337	steps	GEONOUN
50503	578	363	house	GEONOUN
50503	579	10	Tacova	PLACE
50503	579	18	Czechoslovakia	COUNTRY
50503	580	30	1939	DATE
50503	580	181	London	CITY
50503	580	189	England	PLACE
50503	580	260	rooms	GEONOUN
50503	580	334	1949	DATE
50503	581	72	London	CITY
50503	581	80	England	PLACE
50503	581	104	Highbury New Park	PLACE
50503	581	171	Czechoslovakia	COUNTRY
50503	581	189	Poland	COUNTRY
50503	582	70	the United States	COUNTRY
50503	582	150	Israel	COUNTRY
50503	582	219	England	PLACE
50503	582	272	Philadelphia	CITY
50503	582	401	London	CITY
50503	582	474	Israel	COUNTRY
50503	583	26	1947	DATE
50503	583	113	London	CITY
50503	583	179	July 10, 1957	DATE
50503	584	168	about 14 years old	DATE
50503	584	258	about 11	DATE
50503	584	354	about four	DATE
50503	585	34	1972	DATE
50503	586	20	country	GEONOUN
50503	586	44	country	GEONOUN
50503	586	69	Monticello	PLACE
50503	588	39	about 13	DATE
50503	589	26	hall	GEONOUN
50503	589	45	bar	GEONOUN
50503	589	57	hall	GEONOUN
50503	589	65	Brooklyn	CITY
50503	589	75	New York	US-STATE
50503	590	13	16	DATE
50503	590	32	three years ago	DATE
50503	590	155	16	DATE
50503	590	200	12	DATE
50503	590	236	Ferndale	CITY
50503	590	249	New York	US-STATE
50503	590	266	country	GEONOUN
50503	591	0	July 1999	DATE
50503	591	168	14	DATE
50503	591	228	eight	DATE
50503	591	283	12	DATE
50503	591	330	six years old	DATE
50503	591	375	the summer of 1999	DATE
50503	591	411	Ellenville	PLACE
50503	591	425	New York	US-STATE
