FileID	AnswerID	StartCharPos	Entity	Type
50578	2	22	Nahmouli	PLACE
50578	6	5	October 11, 1938	DATE
50578	7	33	62	DATE
50578	8	14	Larisa	PLACE
50578	8	22	Greece	COUNTRY
50578	10	0	Larisa	PLACE
50578	10	24	town	GEONOUN
50578	10	74	Greece	COUNTRY
50578	10	95	town	GEONOUN
50578	10	238	town	GEONOUN
50578	12	41	two years old	DATE
50578	12	65	1940	DATE
50578	12	223	house	GEONOUN
50578	13	25	Greece	COUNTRY
50578	13	52	land	GEONOUN
50578	13	184	house	GEONOUN
50578	13	204	courtyard	GEONOUN
50578	13	293	courtyard	GEONOUN
50578	13	322	house	GEONOUN
50578	13	336	corner house	GEONOUN
50578	13	343	house	GEONOUN
50578	13	368	house	GEONOUN
50578	14	220	Saloniki	PLACE
50578	16	322	Larisa	PLACE
50578	16	661	Larisa	PLACE
50578	20	16	factory	GEONOUN
50578	21	51	Jewish	GEONOUN
50578	21	326	house	GEONOUN
50578	25	25	Jewish	GEONOUN
50578	25	294	community	GEONOUN
50578	28	258	Greece	COUNTRY
50578	28	414	Larisa	PLACE
50578	28	448	Greece	COUNTRY
50578	28	467	Larisa	PLACE
50578	28	477	Greece	COUNTRY
50578	28	493	Denver	CITY
50578	28	501	Colorado	US-STATE
50578	28	517	America	COUNTRY
50578	28	602	facilities	GEONOUN
50578	28	700	foot	GEONOUN
50578	29	222	environment	GEONOUN
50578	31	135	environment	GEONOUN
50578	32	496	house	GEONOUN
50578	34	193	descent	GEONOUN
50578	34	287	Jewish	GEONOUN
50578	34	327	Spain	COUNTRY
50578	36	53	Jewish	GEONOUN
50578	36	175	the morning	TIME
50578	36	198	Saturday	DATE
50578	36	207	morning	TIME
50578	36	245	the afternoon	TIME
50578	36	425	house	GEONOUN
50578	36	490	Shabbat	DATE
50578	36	747	the summer months	DATE
50578	36	769	the winter months	DATE
50578	38	20	room	GEONOUN
50578	38	156	room	GEONOUN
50578	39	134	Saloniki	PLACE
50578	39	419	her dying day	DATE
50578	39	436	1955	DATE
50578	39	446	1995	DATE
50578	43	13	the summer of 1940	DATE
50578	43	148	the summer	DATE
50578	43	177	Chalkida	PLACE
50578	43	199	hometown	GEONOUN
50578	43	265	sea	GEONOUN
50578	43	314	that summer of 1940	DATE
50578	44	27	fall	GEONOUN
50578	45	3	the summer of 1940	DATE
50578	46	55	courtyard	GEONOUN
50578	47	32	Larisa	PLACE
50578	47	561	Larisa	PLACE
50578	47	1059	yesterday	DATE
50578	47	1177	infrastructure	GEONOUN
50578	48	122	house	GEONOUN
50578	48	208	town	GEONOUN
50578	48	763	night	TIME
50578	48	797	bushes	GEONOUN
50578	48	822	basement	GEONOUN
50578	48	949	All night	TIME
50578	48	1313	river	GEONOUN
50578	48	1331	rocks	GEONOUN
50578	49	77	the winter of '41	DATE
50578	49	96	around December	DATE
50578	50	476	December 5, I believe,	DATE
50578	50	499	1941	DATE
50578	51	95	land	GEONOUN
50578	51	138	land	GEONOUN
50578	51	168	fell	GEONOUN
50578	52	64	the Adriatic Sea	PLACE
50578	52	103	Kosovo	COUNTRY
50578	52	157	almost 60 years later	DATE
50578	52	279	Albania	COUNTRY
50578	52	300	Macedonia	PLACE
50578	52	358	Central Greece	PLACE
50578	52	489	Greece	COUNTRY
50578	52	513	Greece	COUNTRY
50578	54	71	house	GEONOUN
50578	54	190	village	GEONOUN
50578	55	8	house	GEONOUN
50578	55	154	house	GEONOUN
50578	60	29	about a week	DATE
50578	60	87	Christmas	DATE
50578	61	26	Jewish	GEONOUN
50578	61	181	Christmas	DATE
50578	61	242	the United States	COUNTRY
50578	61	370	Easter	DATE
50578	61	385	December 25th	DATE
50578	61	435	church	GEONOUN
50578	61	486	St. Nicholas	PLACE
50578	61	500	January 1	DATE
50578	61	622	the whole year through	DATE
50578	61	789	house	GEONOUN
50578	61	845	Larisa	PLACE
50578	61	947	spring	GEONOUN
50578	61	957	'41	DATE
50578	61	967	'42	DATE
50578	61	972	spring	GEONOUN
50578	61	1176	'41	DATE
50578	61	1193	1940	DATE
50578	61	1220	the year of '41	DATE
50578	61	1261	spring	GEONOUN
50578	61	1422	Greece	COUNTRY
50578	61	1459	mainland	GEONOUN
50578	61	1509	about a month or so	DATE
50578	61	1623	February	DATE
50578	61	1711	April	DATE
50578	61	1757	Khalkida	PLACE
50578	61	1836	Larisa	PLACE
50578	61	1903	foot	GEONOUN
50578	62	655	Evia	PLACE
50578	62	660	peninsula	GEONOUN
50578	63	93	house	GEONOUN
50578	63	107	store	GEONOUN
50578	63	164	house	GEONOUN
50578	63	174	upstairs	GEONOUN
50578	63	204	courtyard	GEONOUN
50578	63	323	house	GEONOUN
50578	63	553	about March	DATE
50578	63	651	city	GEONOUN
50578	64	14	Khalkida	PLACE
50578	64	40	village	GEONOUN
50578	64	183	village	GEONOUN
50578	64	199	Upper Steni	PLACE
50578	64	242	community	GEONOUN
50578	64	398	Upper Steni	PLACE
50578	64	459	house	GEONOUN
50578	64	536	house	GEONOUN
50578	64	991	Larisa	PLACE
50578	64	1294	post office	GEONOUN
50578	64	1496	over a month	DATE
50578	64	1685	April	DATE
50578	64	1716	the night of	TIME
50578	64	1729	April 20	DATE
50578	64	2100	those days	DATE
50578	64	2334	past midnight	TIME
50578	64	2355	fell	GEONOUN
50578	64	2374	foot	GEONOUN
50578	64	2420	dawn	TIME
50578	64	2708	today	DATE
50578	64	2804	his 20s	DATE
50578	64	2980	mud	GEONOUN
50578	64	3164	house	GEONOUN
50578	64	3315	Albania	COUNTRY
50578	64	3330	hometown	GEONOUN
50578	64	3342	Larisa	PLACE
50578	64	3368	Steni	PLACE
50578	64	3814	Upper Steni	PLACE
50578	64	3855	I-70	PLACE
50578	64	3867	Evergreen	PLACE
50578	64	3999	almost 24 hours	DATE
50578	64	4484	April 21, 1941	DATE
50578	65	241	a month later	DATE
50578	65	294	Khalkida	PLACE
50578	65	444	Khalkida	PLACE
50578	65	516	Khalkida	PLACE
50578	65	528	Steni	PLACE
50578	65	540	Steni	PLACE
50578	65	549	Khalkida	PLACE
50578	65	868	Larisa	PLACE
50578	66	84	Larisa	PLACE
50578	66	911	Larisa	PLACE
50578	66	1388	19--	DATE
50578	66	1396	the end of '42	DATE
50578	67	52	more than a month	DATE
50578	67	381	a year	DATE
50578	67	541	Volos	CITY
50578	67	705	1943	DATE
50578	67	728	Athens	CITY
50578	67	773	Upper Steni	PLACE
50578	68	151	train	GEONOUN
50578	68	170	Saloniki	PLACE
50578	68	234	Saloniki	PLACE
50578	68	288	city	GEONOUN
50578	68	374	town	GEONOUN
50578	68	398	Saloniki	PLACE
50578	68	491	Germany	COUNTRY
50578	68	567	Saloniki	PLACE
50578	68	697	Berlin	CITY
50578	68	755	Berlin	CITY
50578	68	767	Saloniki	PLACE
50578	68	819	Saloniki	PLACE
50578	68	850	1942	DATE
50578	68	856	Salonika	PLACE
50578	68	870	town	GEONOUN
50578	68	958	Jewish	GEONOUN
50578	68	1022	Jewish	GEONOUN
50578	68	1133	Saloniki	PLACE
50578	68	1397	Athens	CITY
50578	68	1507	Jewish	GEONOUN
50578	68	1631	Zakynthos	PLACE
50578	68	1645	island	GEONOUN
50578	68	1681	Greece	COUNTRY
50578	68	1708	Italy	COUNTRY
50578	68	1815	Zakynthos	PLACE
50578	68	1873	Greece	COUNTRY
50578	68	1886	Zakynthos	PLACE
50578	68	1940	Zakynthos	PLACE
50578	68	2094	Jewish	GEONOUN
50578	69	126	Saloniki	PLACE
50578	69	171	Upper Steni	PLACE
50578	70	54	Saloniki	PLACE
50578	70	97	train	GEONOUN
50578	70	299	train	GEONOUN
50578	70	433	Khalkida	PLACE
50578	70	471	Saloniki	PLACE
50578	70	569	Khalkida	PLACE
50578	70	661	Steni	PLACE
50578	70	693	19 years old	DATE
50578	70	744	school	GEONOUN
50578	70	852	Steni	PLACE
50578	70	1648	city	GEONOUN
50578	70	1671	village	GEONOUN
50578	70	1772	city	GEONOUN
50578	70	1784	school	GEONOUN
50578	70	2588	peninsula	GEONOUN
50578	70	2998	Lower Steni	PLACE
50578	70	3308	mountains	GEONOUN
50578	70	3395	town	GEONOUN
50578	70	3635	Upper Steni	PLACE
50578	70	3841	Upper Steni	PLACE
50578	70	4013	Upper Steni	PLACE
50578	70	4292	mountains	GEONOUN
50578	70	4347	yards	GEONOUN
50578	70	4700	village	GEONOUN
50578	70	5412	building	GEONOUN
50578	70	5493	balcony	GEONOUN
50578	70	5602	14	DATE
50578	72	9	1943	DATE
50578	72	21	about five	DATE
50578	72	54	about five	DATE
50578	73	47	mountains	GEONOUN
50578	73	112	summer	DATE
50578	73	123	night	TIME
50578	73	149	hills	GEONOUN
50578	73	378	waste	GEONOUN
50578	74	192	1948	DATE
50578	74	207	state	GEONOUN
50578	74	216	Israel	COUNTRY
50578	74	291	Israel	COUNTRY
50578	74	325	1968	DATE
50578	74	336	sanatorium	GEONOUN
50578	74	439	Israel	COUNTRY
50578	74	449	'75	DATE
50578	74	525	the United States	COUNTRY
50578	74	561	'75	DATE
50578	74	627	Lebanon	COUNTRY
50578	74	870	the United States	COUNTRY
50578	74	975	1943	DATE
50578	74	1317	city	GEONOUN
50578	74	1343	boondocks	GEONOUN
50578	74	1816	Jewish	GEONOUN
50578	74	1919	Larisa	PLACE
50578	74	1957	Saloniki	PLACE
50578	74	1989	Larisa	PLACE
50578	74	1997	Trikala	PLACE
50578	74	2006	Kalabaka	PLACE
50578	74	2090	Larisa	PLACE
50578	74	2136	area	GEONOUN
50578	74	2185	Auschwitz	CAMP
50578	74	2288	Steni	PLACE
50578	74	2297	Khalkida	PLACE
50578	74	2361	area	GEONOUN
50578	74	2440	Athens	CITY
50578	74	2564	Khalkida	PLACE
50578	74	2602	Athens	CITY
50578	74	2745	today	DATE
50578	74	3045	descent	GEONOUN
50578	74	3106	Persia	PLACE
50578	74	3268	Athens	CITY
50578	75	757	five years old	DATE
50578	75	970	Athens	CITY
50578	75	1138	bar	GEONOUN
50578	75	1180	market	GEONOUN
50578	75	1387	market	GEONOUN
50578	75	1530	market	GEONOUN
50578	75	1922	market	GEONOUN
50578	75	2137	Jewish	GEONOUN
50578	75	2560	school	GEONOUN
50578	75	2680	school	GEONOUN
50578	76	92	Athens	CITY
50578	76	265	apartment	GEONOUN
50578	76	353	apartment	GEONOUN
50578	76	483	divide	GEONOUN
50578	76	558	flat	GEONOUN
50578	76	574	basement flat	GEONOUN
50578	76	583	flat	GEONOUN
50578	76	629	upstairs	GEONOUN
50578	76	734	England	PLACE
50578	76	857	13	DATE
50578	76	864	14	DATE
50578	76	928	downstairs	GEONOUN
50578	76	948	today	DATE
50578	76	1048	flat	GEONOUN
50578	76	1081	room	GEONOUN
50578	76	1387	apartment	GEONOUN
50578	76	1410	apartment	GEONOUN
50578	76	1591	apartment	GEONOUN
50578	76	1645	flat	GEONOUN
50578	76	1711	fell	GEONOUN
50578	76	1749	Jewish	GEONOUN
50578	76	1815	fell	GEONOUN
50578	76	2088	hometown	GEONOUN
50578	76	2100	Trikala	PLACE
50578	76	2130	Meteora	PLACE
50578	76	2164	Greece	COUNTRY
50578	76	2192	Larisa	PLACE
50578	76	2230	Meteora	PLACE
50578	76	2686	school	GEONOUN
50578	76	2719	school	GEONOUN
50578	76	2826	school	GEONOUN
50578	76	2861	school	GEONOUN
50578	76	3037	indoors	GEONOUN
50578	76	3108	area	GEONOUN
50578	76	3182	Athens	CITY
50578	76	3567	today	DATE
50578	76	3648	block	GEONOUN
50578	76	3715	five years old	DATE
50578	76	4425	Athens	CITY
50578	76	4465	capital	GEONOUN
50578	76	4476	Greece	COUNTRY
50578	76	4577	Greece	COUNTRY
50578	76	4609	piece of land	GEONOUN
50578	76	4833	market	GEONOUN
50578	78	662	the few months	DATE
50578	78	697	school	GEONOUN
50578	80	75	school	GEONOUN
50578	80	90	Greece	COUNTRY
50578	80	111	school	GEONOUN
50578	80	138	seven years old	DATE
50578	80	161	five	DATE
50578	80	194	four years old--	DATE
50578	81	40	Shabbat	EVENT
50578	81	273	Hanukkah	EVENT
50578	81	319	Jewish	GEONOUN
50578	81	351	Passover	EVENT
50578	82	408	Passover	DATE
50578	82	511	upstairs	GEONOUN
50578	82	542	every night	TIME
50578	82	640	South Africa	COUNTRY
50578	82	657	North Africa	PLACE
50578	82	678	Europe	CONTINENT
50578	82	723	England	PLACE
50578	82	954	Athens	CITY
50578	82	1587	Athens	CITY
50578	82	1773	foot	GEONOUN
50578	82	1785	steps	GEONOUN
50578	82	2110	that particular Friday	DATE
50578	83	248	every Friday	DATE
50578	83	397	area	GEONOUN
50578	83	467	street	GEONOUN
50578	83	509	the day	DATE
50578	83	644	street	GEONOUN
50578	83	729	corner	GEONOUN
50578	83	1016	today	DATE
50578	83	1473	her 60s	DATE
50578	83	1527	community	GEONOUN
50578	83	1591	reach	GEONOUN
50578	83	2024	front yard	GEONOUN
50578	83	2051	building	GEONOUN
50578	83	2305	house	GEONOUN
50578	83	2314	Pangrati	PLACE
50578	83	2427	today	DATE
50578	85	160	piazza	GEONOUN
50578	85	187	Athens	CITY
50578	85	211	Omonoia	PLACE
50578	85	247	shelter	GEONOUN
50578	85	292	today	DATE
50578	85	322	basement	GEONOUN
50578	85	368	mud	GEONOUN
50578	85	622	house	GEONOUN
50578	85	704	mortuary	GEONOUN
50578	85	777	Jewish	GEONOUN
50578	85	845	Larisa	PLACE
50578	85	884	house	GEONOUN
50578	85	962	Jewish	GEONOUN
50578	85	1151	mortuary	GEONOUN
50578	86	73	Athens	CITY
50578	86	288	residence	GEONOUN
50578	86	366	house	GEONOUN
50578	86	394	residence	GEONOUN
50578	86	568	residence	GEONOUN
50578	86	683	house	GEONOUN
50578	86	695	Asklipieio	PLACE
50578	86	855	Athens	CITY
50578	86	1028	basement	GEONOUN
50578	86	1302	early afternoon	TIME
50578	86	1319	Friday	DATE
50578	86	1482	house	GEONOUN
50578	86	1543	mortuary	GEONOUN
50578	86	1795	building	GEONOUN
50578	86	1834	apartment	GEONOUN
50578	86	1880	fence	GEONOUN
50578	86	2460	Sunday	DATE
50578	86	2501	hour	TIME
50578	86	2593	room	GEONOUN
50578	86	2711	room	GEONOUN
50578	86	3003	fell	GEONOUN
50578	86	3016	The morning	TIME
50578	86	3494	house	GEONOUN
50578	86	3510	apartment	GEONOUN
50578	86	3599	Athens	CITY
50578	86	3658	noon	TIME
50578	86	3682	upstairs	GEONOUN
50578	86	3696	downstairs	GEONOUN
50578	86	3771	upstairs	GEONOUN
50578	86	3816	stairway	GEONOUN
50578	86	3996	Athens	CITY
50578	86	4383	mountains	GEONOUN
50578	86	4519	Athens	CITY
50578	86	4672	Years	DATE
50578	86	4755	Larisa	PLACE
50578	86	4786	resort	GEONOUN
50578	86	4809	Glenwood Springs	PLACE
50578	86	4839	Glenwood Springs	PLACE
50578	86	4885	area	GEONOUN
50578	86	4981	resort	GEONOUN
50578	86	5060	mountains	GEONOUN
50578	86	5089	resort	GEONOUN
50578	86	5181	Bulgaria	COUNTRY
50578	86	5199	Yugoslavia	CAMP
50578	86	5219	the Middle East	PLACE
50578	86	5262	Greece	COUNTRY
50578	86	5279	Larisa--	PLACE
50578	86	5305	day	DATE
50578	86	5649	Greece	COUNTRY
50578	86	5706	Greece	COUNTRY
50578	86	5807	area	GEONOUN
50578	86	5944	bridges	GEONOUN
50578	86	6112	foot	GEONOUN
50578	86	6264	1944	DATE
50578	86	6579	Greece	COUNTRY
50578	86	6887	train	GEONOUN
50578	86	6896	Karditsa	PLACE
50578	86	6922	town	GEONOUN
50578	86	6944	Smokovo	PLACE
50578	86	7125	Smokovo	PLACE
50578	86	7168	the night	TIME
50578	86	7481	pass	GEONOUN
50578	86	7608	street	GEONOUN
50578	86	8089	spring	GEONOUN
50578	86	8119	spring	GEONOUN
50578	86	8127	March	DATE
50578	86	8141	November	DATE
50578	86	8838	Karditsa	PLACE
50578	86	8852	town	GEONOUN
50578	86	9124	road	GEONOUN
50578	86	9414	corner	GEONOUN
50578	87	303	Two minutes later	TIME
50578	87	470	mountain	GEONOUN
50578	87	528	the day before	DATE
50578	87	667	his dying day	DATE
50578	87	798	Athens	CITY
50578	88	67	school	GEONOUN
50578	88	494	about three years	DATE
50578	88	547	four years	DATE
50578	88	1032	hill	GEONOUN
50578	88	1172	spot	GEONOUN
50578	88	1206	street	GEONOUN
50578	88	1366	several hours later--	TIME
50578	88	1462	hill	GEONOUN
50578	88	1470	foot	GEONOUN
50578	88	1526	inn	GEONOUN
50578	88	1549	farm	GEONOUN
50578	88	1574	shelter	GEONOUN
50578	88	1586	the night	TIME
50578	88	1660	street	GEONOUN
50578	88	1902	the night	TIME
50578	88	1927	inn	GEONOUN
50578	88	1932	farm	GEONOUN
50578	88	1959	next morning	TIME
50578	88	2021	Karditsa	PLACE
50578	88	2069	Smokovo	PLACE
50578	88	2263	years	DATE
50578	88	2270	at least two years	DATE
50578	88	2401	Karditsa	PLACE
50578	88	2513	farms	GEONOUN
50578	88	2575	mud	GEONOUN
50578	88	2665	town	GEONOUN
50578	88	2714	mud	GEONOUN
50578	88	2752	road	GEONOUN
50578	88	2947	hill	GEONOUN
50578	88	2996	mud	GEONOUN
50578	88	3164	Karditsa	PLACE
50578	88	3234	mud	GEONOUN
50578	88	3322	mud	GEONOUN
50578	88	3670	concentration camps	GEONOUN
50578	88	3787	village	GEONOUN
50578	88	3864	city	GEONOUN
50578	88	3986	rock	GEONOUN
50578	88	4439	Jewish	GEONOUN
50578	88	4749	Smokovo	PLACE
50578	88	4772	springtime	DATE
50578	88	4881	Athens	CITY
50578	89	584	night	TIME
50578	90	13	spring	GEONOUN
50578	90	23	'45	DATE
50578	90	78	March	DATE
50578	90	294	parts	GEONOUN
50578	90	303	Greece	COUNTRY
50578	90	353	overnight	TIME
50578	90	578	Karditsa	PLACE
50578	90	649	Athens	CITY
50578	90	767	Smokovo	PLACE
50578	90	780	train	GEONOUN
50578	90	1035	Jewish	GEONOUN
50578	90	1375	17 years old--	DATE
50578	90	1496	fell	GEONOUN
50578	90	1553	Smokovo	PLACE
50578	90	2019	Larisa	PLACE
50578	90	2064	Karditsa	PLACE
50578	91	134	a few weeks	DATE
50578	91	422	Karditsa	PLACE
50578	91	451	town	GEONOUN
50578	91	552	town	GEONOUN
50578	91	588	market	GEONOUN
50578	91	697	bridge	GEONOUN
50578	91	1315	a week later	DATE
50578	91	1372	house	GEONOUN
50578	93	203	Athens	CITY
50578	94	85	England	PLACE
50578	94	224	Greece	COUNTRY
50578	94	300	Athens	CITY
50578	94	328	Greece	COUNTRY
50578	98	3	Athens	CITY
50578	98	272	bridges	GEONOUN
50578	98	316	Albania	COUNTRY
50578	98	338	Italy	COUNTRY
50578	98	357	Europe	CONTINENT
50578	99	152	Greece	COUNTRY
50578	99	258	Greece	COUNTRY
50578	100	23	Africa	CONTINENT
50578	102	140	train	GEONOUN
50578	102	274	Athens	CITY
50578	103	9	basement apartment	GEONOUN
50578	103	18	apartment	GEONOUN
50578	103	258	upstairs	GEONOUN
50578	103	334	upstairs	GEONOUN
50578	103	529	Europe	CONTINENT
50578	103	828	the last couple of years	DATE
50578	103	939	Jewish	GEONOUN
50578	103	1159	Khalkida	PLACE
50578	103	1208	Athens	CITY
50578	103	1345	1955	DATE
50578	103	1402	apartment	GEONOUN
50578	103	1609	1995	DATE
50578	103	1692	13 days	DATE
50578	103	1843	mortuary	GEONOUN
50578	103	2047	overnight	TIME
50578	103	2080	55 years	DATE
50578	103	2472	that night	TIME
50578	103	2500	mortuary	GEONOUN
50578	103	2621	apartment	GEONOUN
50578	103	2715	1952	DATE
50578	103	2881	Khalkida	PLACE
50578	103	3084	Trikala	PLACE
50578	103	3098	town	GEONOUN
50578	103	3150	Khalkida	PLACE
50578	103	3284	1948	DATE
50578	103	3304	Israel	COUNTRY
50578	103	3713	Israel	COUNTRY
50578	103	3739	'50--	DATE
50578	103	3748	the '50	DATE
50578	103	3770	South America	CONTINENT
50578	103	3788	Brazil	COUNTRY
50578	103	3942	Larisa	PLACE
50578	103	4117	hometown	GEONOUN
50578	103	4233	the age of 10	DATE
50578	103	4261	camps	GEONOUN
50578	103	4350	Bulgaria	COUNTRY
50578	103	4360	Yugoslavia	CAMP
50578	103	4377	Russia	COUNTRY
50578	104	67	spot	GEONOUN
50578	104	91	rooms	GEONOUN
50578	104	117	house	GEONOUN
50578	104	140	house	GEONOUN
50578	104	320	house	GEONOUN
50578	104	541	backyard	GEONOUN
50578	104	739	1990	DATE
50578	104	754	Greece	COUNTRY
50578	104	1067	this day	DATE
50578	108	47	Auschwitz	CAMP
50578	108	89	Larisa	PLACE
50578	108	452	camps	GEONOUN
50578	108	481	camps	GEONOUN
50578	108	507	Auschwitz	CAMP
50578	108	553	train	GEONOUN
50578	108	750	train	GEONOUN
50578	108	930	camp	GEONOUN
50578	108	974	Auschwitz	CAMP
50578	110	217	house	GEONOUN
50578	110	231	store	GEONOUN
50578	110	255	Larisa	PLACE
50578	110	282	shelter	GEONOUN
50578	110	415	Albania	COUNTRY
50578	110	430	Kosovo	COUNTRY
50578	110	441	Herzegovina	PLACE
50578	110	526	town	GEONOUN
50578	110	534	town	GEONOUN
50578	110	540	village	GEONOUN
50578	110	551	village	GEONOUN
50578	110	575	shelter	GEONOUN
50578	115	123	mortuary	GEONOUN
50578	116	156	States	PLACE
50578	119	120	Jewish	GEONOUN
50578	120	115	'41	DATE
50578	120	135	four years old	DATE
50578	120	623	division	GEONOUN
50578	120	814	five years old	DATE
50578	120	953	this day	DATE
50578	120	966	the United States	COUNTRY
50578	120	1366	America	COUNTRY
50578	120	1407	fall	GEONOUN
50578	121	202	Jewish	GEONOUN
50578	123	82	town	GEONOUN
50578	123	90	Karditsa--	PLACE
50578	123	108	Ayia	PLACE
50578	123	152	village	GEONOUN
50578	125	16	five years old	DATE
50578	125	322	Smokovo	PLACE
50578	125	446	one morning	TIME
50578	125	713	the third day	DATE
50578	125	876	Europe	CONTINENT
50578	129	413	environment	GEONOUN
50578	129	441	the days	DATE
50578	129	450	pass	GEONOUN
50578	135	97	store	GEONOUN
50578	136	21	this day	DATE
50578	138	28	property	GEONOUN
50578	138	135	this day	DATE
50578	138	415	narrow	GEONOUN
50578	138	475	1956	DATE
50578	138	501	States	PLACE
50578	138	1012	1952	DATE
50578	138	1054	Thessaly	PLACE
50578	138	1074	county	GEONOUN
50578	138	1356	Greece	COUNTRY
50578	138	1398	Jewish community	GEONOUN
50578	138	1405	community	GEONOUN
50578	138	1475	Israel	COUNTRY
50578	138	1532	state	GEONOUN
50578	138	1541	Israel	COUNTRY
50578	138	1646	Israel	COUNTRY
50578	138	1787	Israel	COUNTRY
50578	138	1883	the United States	COUNTRY
50578	138	1956	Jewish	GEONOUN
50578	138	2020	Denver	CITY
50578	138	2028	Colorado	US-STATE
50578	138	2255	the end of 1955	DATE
50578	138	2342	Denver	CITY
50578	138	2352	1978	DATE
50578	138	2411	America	COUNTRY
50578	138	2510	Larisa	PLACE
50578	138	2657	America	COUNTRY
50578	138	2738	land	GEONOUN
50578	138	2773	college	GEONOUN
50578	138	2924	The United States	PLACE
50578	138	2977	Greece	COUNTRY
50578	138	3072	Athens	CITY
50578	138	3125	Larisa	PLACE
50578	138	3155	Denver	CITY
50578	138	3184	mountains	GEONOUN
50578	138	3202	Mountain Olympus	PLACE
50578	138	3222	Larisa	PLACE
50578	138	3249	the Rocky Mountains	PLACE
50578	138	3282	Denver	CITY
50578	138	3384	the winter	DATE
50578	138	3458	April	DATE
50578	138	4110	Greece	COUNTRY
50578	138	4492	California	US-STATE
50578	138	4553	Denver	CITY
50578	139	15	school	GEONOUN
50578	139	25	Greece	COUNTRY
50578	139	61	high school	GEONOUN
50578	139	81	the year	DATE
50578	139	127	April	DATE
50578	139	142	school	GEONOUN
50578	139	157	Greece	COUNTRY
50578	139	173	July	DATE
50578	139	315	high school	GEONOUN
50578	139	401	college	GEONOUN
50578	139	412	North Virginia	PLACE
50578	139	527	two-year	DATE
50578	139	666	Jewish	GEONOUN
50578	139	700	Denver	CITY
50578	139	768	college	GEONOUN
50578	141	8	school	GEONOUN
50578	141	51	school	GEONOUN
50578	141	77	synagogue	GEONOUN
50578	141	135	school	GEONOUN
50578	141	176	Jewish	GEONOUN
50578	141	317	Israel	COUNTRY
50578	144	50	Greece	COUNTRY
50578	144	79	the '60s	DATE
50578	146	90	this day	DATE
50578	146	262	Larisa	PLACE
50578	146	522	post	GEONOUN
50578	146	759	Jewish	GEONOUN
50578	146	845	Jewish	GEONOUN
50578	146	873	America	COUNTRY
50578	146	900	Israel	COUNTRY
50578	146	917	Israel	COUNTRY
50578	146	991	street	GEONOUN
50578	146	1120	America	COUNTRY
50578	148	0	Denver	CITY
50578	150	251	Jewish	GEONOUN
50578	150	276	America	COUNTRY
50578	150	402	Salida	PLACE
50578	150	410	Colorado	US-STATE
50578	150	470	Salida	PLACE
50578	150	558	farm	GEONOUN
50578	150	697	community	GEONOUN
50578	150	720	Denver	CITY
50578	151	250	Athens	CITY
50578	151	714	July	DATE
50578	151	731	the end of July	DATE
50578	151	787	Canada	COUNTRY
50578	151	850	New York	US-STATE
50578	151	926	August 18, 1956	DATE
50578	153	445	mortuary	GEONOUN
50578	153	584	Holocaust	EVENT
50578	153	623	Germany	COUNTRY
50578	156	35	three years later	DATE
50578	156	386	school	GEONOUN
50578	156	477	college	GEONOUN
50578	156	488	California	US-STATE
50578	156	534	high school	GEONOUN
50578	156	632	school	GEONOUN
50578	159	494	Jewish	GEONOUN
50578	159	536	Jewish	GEONOUN
50578	159	656	Greece	COUNTRY
50578	159	955	Jewish	GEONOUN
50578	160	12	concentration camp	GEONOUN
50578	160	39	Holocaust	EVENT
50578	160	256	Germany	COUNTRY
50578	160	330	Holocaust	EVENT
50578	160	368	Canada	COUNTRY
50578	160	407	Holocaust	EVENT
50578	160	454	New York	US-STATE
50578	160	499	New York	US-STATE
50578	160	575	Palestine	CITY
50578	160	636	state	GEONOUN
50578	160	663	board	GEONOUN
50578	160	673	ship	GEONOUN
50578	160	828	Palestine	CITY
50578	160	934	States	PLACE
50578	160	1221	camps	GEONOUN
50578	160	1230	Cyprus	COUNTRY
50578	160	1255	Palestine	CITY
50578	160	1299	Jewish	GEONOUN
50578	160	1348	state	GEONOUN
50578	160	1357	Israel	COUNTRY
50578	160	1379	New York	US-STATE
50578	160	1488	Denver	CITY
50578	160	1526	Denver	CITY
50578	160	1599	two years later	DATE
50578	161	31	school	GEONOUN
50578	161	351	bar	GEONOUN
50578	161	506	Villa Italia	PLACE
50578	161	645	Villa Italia	PLACE
50578	161	775	department	GEONOUN
50578	161	798	area	GEONOUN
50578	161	950	Jewish	GEONOUN
50578	161	965	the holidays	DATE
50578	161	1051	bar	GEONOUN
50578	161	1132	Jewish	GEONOUN
50578	161	1460	Jewish	GEONOUN
50578	161	1525	Jewish	GEONOUN
50578	161	1642	Jewish	GEONOUN
50578	161	1733	Jewish	GEONOUN
50578	163	45	a year	DATE
50578	163	152	house	GEONOUN
50578	163	199	Denver	CITY
50578	163	225	Denver	CITY
50578	163	244	about a year and a half sabbatical	DATE
50578	163	520	spot	GEONOUN
50578	163	622	15 years	DATE
50578	163	658	hospital	GEONOUN
50578	163	1016	school	GEONOUN
50578	163	1150	the last five years	DATE
50578	163	1208	grave	GEONOUN
50578	164	300	Holocaust	EVENT
50578	164	356	Holocaust	EVENT
50578	164	471	the '70s	DATE
50578	164	738	30s	DATE
50578	164	746	40s	DATE
50578	164	1316	40	DATE
50578	164	1353	40	DATE
50578	164	1401	42	DATE
50578	166	178	States	PLACE
50578	166	525	her early 20s	DATE
50578	166	557	his late 20s	DATE
50578	166	966	raise	GEONOUN
50578	166	1139	Y2	EVENT
50578	166	1141	K	EVENT
50578	166	1169	today	DATE
50578	166	1761	the Visual Arts Exhibit	PLACE
50578	166	1854	hours	TIME
50578	167	70	Jewish	GEONOUN
50578	167	331	Jewish	GEONOUN
50578	167	440	America	COUNTRY
50578	167	578	America	COUNTRY
50578	167	601	Jewish	GEONOUN
50578	167	639	Israel	COUNTRY
50578	167	691	Israel	COUNTRY
50578	167	816	Israel	COUNTRY
50578	168	431	Holocaust	EVENT
50578	168	706	Jewish	GEONOUN
50578	168	732	camps	GEONOUN
50578	168	781	camps	GEONOUN
50578	168	868	Germany	COUNTRY
50578	168	886	Poland	COUNTRY
50578	168	901	Auschwitz	CAMP
50578	168	916	Buchenwald	CAMP
50578	168	936	camps	GEONOUN
50578	170	273	Jewish	GEONOUN
50578	170	852	corner	GEONOUN
50578	173	28	the last 43 years	DATE
50578	173	67	1956	DATE
50578	173	101	the year 2000	DATE
50578	173	130	Holocaust	EVENT
50578	173	169	Denver	CITY
50578	175	34	bench	GEONOUN
50578	176	45	Persia	PLACE
50578	176	324	Athens	CITY
50578	176	386	Los Angeles	CITY
50578	176	433	Los Angeles	CITY
50578	177	21	the summer of 1940	DATE
50578	177	284	country	GEONOUN
50578	177	342	Greece	COUNTRY
50578	177	403	Greece	COUNTRY
50578	177	418	Greece	COUNTRY
50578	178	38	1939	DATE
50578	178	46	1940	DATE
50578	178	124	today	DATE
50578	178	178	1940	DATE
50578	181	104	the late '40s	DATE
50578	181	119	early '50s	DATE
50578	181	134	Athens	CITY
50578	182	43	house	GEONOUN
50578	182	52	Larisa	PLACE
50578	183	73	1940	DATE
50578	183	81	'41	DATE
50578	183	100	the end of 1940	DATE
50578	184	67	Greece	COUNTRY
50578	184	138	Athens	CITY
50578	184	186	January 28, 1944	DATE
50578	185	14	Larisa	PLACE
50578	185	22	Greece	COUNTRY
50578	185	63	Larisa	PLACE
50578	185	76	Jewish	GEONOUN
50578	185	103	Jewish	GEONOUN
50578	186	144	town	GEONOUN
50578	186	167	Larisa	PLACE
50578	186	214	Greece	COUNTRY
50578	186	225	Albania	COUNTRY
50578	186	295	Greece	COUNTRY
50578	186	406	town	GEONOUN
50578	186	412	Ayia	PLACE
50578	186	440	Evia	PLACE
50578	186	495	Khalkida	PLACE
50578	186	528	Steni	PLACE
50578	186	535	Upper Steni	PLACE
50578	186	551	Lower Steni	PLACE
50578	186	715	Khalkida	PLACE
50578	186	787	area	GEONOUN
50578	186	805	Athens	CITY
50578	186	849	apartments	GEONOUN
50578	186	979	Smokovo	PLACE
50578	186	1005	a few months	DATE
50578	186	1075	Smokovo	PLACE
50578	186	1104	Karditsa	PLACE
50578	186	1150	Athens	CITY
50578	186	1258	Khalkida	PLACE
50578	186	1341	Athens	CITY
50578	186	1430	Athens	CITY
50578	186	1449	apartment	GEONOUN
50578	186	1510	Larisa	PLACE
50578	186	1544	Thessaloniki	PLACE
50578	186	1560	Saloniki	PLACE
50578	186	1677	1943	DATE
50578	186	1733	Khalkida	PLACE
50578	186	1784	Saloniki	PLACE
50578	186	1836	town	GEONOUN
50578	186	1863	Jewish community	GEONOUN
50578	186	1870	community	GEONOUN
50578	186	1883	Greece	COUNTRY
50578	186	1954	Jewish	GEONOUN
50578	186	2028	Greece	COUNTRY
50578	186	2053	Athens	CITY
50578	186	2064	Volos	CITY
50578	186	2074	Larisa	PLACE
50578	186	2094	Saloniki	PLACE
50578	187	74	1955	DATE
50578	187	136	the United States	COUNTRY
50578	187	255	the year before	DATE
50578	187	339	the United States	COUNTRY
50578	187	360	1956	DATE
50578	187	490	the States	PLACE
50578	187	640	the United States	COUNTRY
50578	187	661	1953	DATE
50578	187	669	'54	DATE
50578	187	765	'56	DATE
50578	188	153	the United States	COUNTRY
50578	188	236	April 8, 1956	DATE
50578	188	260	the weekend	DATE
50578	188	301	Denver	CITY
50578	188	317	Jewish	GEONOUN
50578	188	426	Denver	CITY
50578	188	434	Colorado	US-STATE
50578	188	586	Denver	CITY
50578	188	594	Colorado	US-STATE
50578	189	33	three years	DATE
50578	189	166	the United States	COUNTRY
50578	189	227	April 8, 1956	DATE
50578	189	549	today	DATE
50578	190	251	spot	GEONOUN
50578	190	337	1962	DATE
50578	190	422	September	DATE
50578	190	519	bar	GEONOUN
50578	190	534	1996	DATE
50578	190	938	Brazil	COUNTRY
50578	190	1255	bar	GEONOUN
50578	190	1411	Brazil	COUNTRY
