FileID	AnswerID	StartCharPos	Entity	Type
50675	1	11	Lithuania	COUNTRY
50675	7	0	1920. May 1920	DATE
50675	8	0	May 1, 1920	DATE
50675	10	28	Kaunas	CITY
50675	18	61	Kaunas	CITY
50675	22	45	camp	GEONOUN
50675	22	83	ghetto	GEONOUN
50675	26	12	Vilnius	CITY
50675	27	65	United States	COUNTRY
50675	28	12	Boston	CITY
50675	28	49	Lithuania	COUNTRY
50675	28	113	Wilno	PLACE
50675	32	43	Vilnius	CITY
50675	36	67	Israel	COUNTRY
50675	36	92	Russia	COUNTRY
50675	38	31	the last minute	TIME
50675	42	91	every year	DATE
50675	49	18	about 10 years old	DATE
50675	49	65	11 years old	DATE
50675	49	124	school	GEONOUN
50675	50	24	school	GEONOUN
50675	51	20	cheder	PLACE
50675	54	24	13	DATE
50675	56	139	board	GEONOUN
50675	56	149	room	GEONOUN
50675	58	10	every day	DATE
50675	58	21	Every day	DATE
50675	61	153	United State	PLACE
50675	64	81	Europe	CONTINENT
50675	64	153	about 15 and a half	DATE
50675	64	202	Kaunas	CITY
50675	64	281	Kaunas	CITY
50675	64	328	Kaunas	CITY
50675	64	413	restaurant	GEONOUN
50675	64	492	Kaunas	CITY
50675	65	699	restaurant	GEONOUN
50675	65	854	restaurant	GEONOUN
50675	66	57	theater	GEONOUN
50675	66	325	Europe	CONTINENT
50675	69	42	a whole day	DATE
50675	69	286	the whole day	DATE
50675	71	683	town	GEONOUN
50675	71	753	Kaunas	CITY
50675	71	967	store	GEONOUN
50675	72	72	Lithuania	COUNTRY
50675	72	328	market	GEONOUN
50675	72	525	school	GEONOUN
50675	72	634	Lithuania	COUNTRY
50675	72	692	Lithuania	COUNTRY
50675	72	708	America	COUNTRY
50675	74	9	Kovno--	PLACE
50675	76	0	About two hours	TIME
50675	78	193	19	DATE
50675	80	737	21 years	DATE
50675	80	895	plumber	GEONOUN
50675	80	1062	plumber	GEONOUN
50675	81	10	Two weeks	DATE
50675	81	21	three weeks	DATE
50675	82	292	country	GEONOUN
50675	82	416	hallway	GEONOUN
50675	82	444	room	GEONOUN
50675	82	456	restaurant	GEONOUN
50675	82	746	About a year	DATE
50675	82	1028	apartment	GEONOUN
50675	82	1072	apartment	GEONOUN
50675	85	92	school	GEONOUN
50675	86	7	about 12 years older	DATE
50675	89	16	1941	DATE
50675	90	0	'40-- '40-- 1940	DATE
50675	90	126	1940	DATE
50675	92	173	house	GEONOUN
50675	92	180	apartment	GEONOUN
50675	93	66	Jewish	GEONOUN
50675	95	80	temple	GEONOUN
50675	95	98	Kaunas	CITY
50675	95	120	temple	GEONOUN
50675	95	234	temple	GEONOUN
50675	96	0	Friday	DATE
50675	96	8	Saturday	DATE
50675	96	35	every Friday	DATE
50675	96	52	Saturday	DATE
50675	96	125	temple	GEONOUN
50675	97	49	Saturday	DATE
50675	99	86	house	GEONOUN
50675	100	19	Kaunas	CITY
50675	100	27	Kaunas	CITY
50675	100	50	town	GEONOUN
50675	100	63	house	GEONOUN
50675	100	127	block	GEONOUN
50675	101	73	Germany	COUNTRY
50675	103	46	Jewish	GEONOUN
50675	104	37	Lithuania	COUNTRY
50675	104	70	maybe five months, six months	DATE
50675	104	114	hospital	GEONOUN
50675	106	234	factory	GEONOUN
50675	107	68	factory	GEONOUN
50675	109	225	Russia	COUNTRY
50675	109	311	Russia	COUNTRY
50675	109	319	Siberia	PLACE
50675	114	191	Russia	COUNTRY
50675	114	246	nights	TIME
50675	114	272	reach	GEONOUN
50675	114	307	Russia	COUNTRY
50675	114	331	next day	DATE
50675	114	386	Lithuania	COUNTRY
50675	114	524	Russia	COUNTRY
50675	114	880	yard	GEONOUN
50675	114	1110	house	GEONOUN
50675	114	1169	the same day	DATE
50675	114	1218	9 or 10 o'clock at night	TIME
50675	114	1377	building	GEONOUN
50675	114	1393	building	GEONOUN
50675	114	1540	building	GEONOUN
50675	115	228	house	GEONOUN
50675	120	110	Jewish	GEONOUN
50675	120	292	ghetto	GEONOUN
50675	120	354	ghetto	GEONOUN
50675	120	367	Slobodka	CITY
50675	120	396	town	GEONOUN
50675	120	419	Encino	CITY
50675	120	558	nook	GEONOUN
50675	120	632	building	GEONOUN
50675	120	702	building	GEONOUN
50675	121	70	house	GEONOUN
50675	121	124	house	GEONOUN
50675	122	66	ghetto	GEONOUN
50675	123	13	'41	DATE
50675	124	21	Jewish	GEONOUN
50675	129	32	ghetto	GEONOUN
50675	129	52	ghetto	GEONOUN
50675	129	95	every morning	TIME
50675	129	320	airport	GEONOUN
50675	129	483	every morning	TIME
50675	129	514	every night	TIME
50675	131	27	airport	GEONOUN
50675	131	90	Germany	COUNTRY
50675	131	180	United State--	PLACE
50675	131	211	town	GEONOUN
50675	131	235	town	GEONOUN
50675	132	24	about 10 hours	TIME
50675	133	48	ghetto	GEONOUN
50675	134	7	ghetto	GEONOUN
50675	136	378	wood	GEONOUN
50675	136	483	ghetto	GEONOUN
50675	136	524	the morning	TIME
50675	138	74	ghetto	GEONOUN
50675	139	28	Schanzen	PLACE
50675	139	74	ghetto	GEONOUN
50675	142	141	Jewish	GEONOUN
50675	143	175	house	GEONOUN
50675	143	237	backyard	GEONOUN
50675	143	368	Jewish	GEONOUN
50675	143	394	Jewish	GEONOUN
50675	143	459	ghetto	GEONOUN
50675	143	634	ghetto	GEONOUN
50675	144	107	ghetto	GEONOUN
50675	144	150	ghetto	GEONOUN
50675	144	216	6 o'clock in the morning	TIME
50675	144	679	the morning	TIME
50675	144	718	ghetto	GEONOUN
50675	144	750	ghetto	GEONOUN
50675	144	776	ghetto	GEONOUN
50675	144	797	ghetto	GEONOUN
50675	144	857	the Ninth Fort	PLACE
50675	144	899	fort	GEONOUN
50675	144	948	years ago	DATE
50675	144	971	the Ninth Fort	PLACE
50675	144	1445	6:00 or 5:00 in the morning	TIME
50675	144	1474	The whole day	DATE
50675	144	1634	mountain	GEONOUN
50675	145	692	1940	DATE
50675	146	240	mountains	GEONOUN
50675	146	381	Israel	COUNTRY
50675	146	411	Israel	COUNTRY
50675	150	87	ghetto	GEONOUN
50675	150	112	ghetto	GEONOUN
50675	150	131	ghetto	GEONOUN
50675	150	232	ghetto	GEONOUN
50675	154	0	19--	DATE
50675	154	18	19-- 19--	DATE
50675	156	72	ghetto	GEONOUN
50675	156	84	ghetto	GEONOUN
50675	158	25	camp	GEONOUN
50675	161	48	Schanzen	PLACE
50675	163	151	couple months--	DATE
50675	163	167	three months	DATE
50675	163	181	four months	DATE
50675	164	127	house	GEONOUN
50675	164	136	the morning	TIME
50675	167	377	camp	GEONOUN
50675	167	586	3 SECONDS	DATE
50675	167	633	three years old	DATE
50675	167	707	Schanzen	PLACE
50675	167	723	almost three years old	DATE
50675	167	759	ghetto	GEONOUN
50675	168	10	43.	DATE
50675	168	15	43	DATE
50675	168	44	one morning	TIME
50675	168	57	early in the morning	TIME
50675	168	727	camp	GEONOUN
50675	168	1384	swell	GEONOUN
50675	168	1909	weeks	DATE
50675	174	105	windows	GEONOUN
50675	174	290	night	TIME
50675	174	949	daytime	TIME
50675	175	22	Stutthof	CAMP
50675	175	145	fall	GEONOUN
50675	175	254	concentration camp	GEONOUN
50675	175	426	mountains	GEONOUN
50675	175	451	mountains	GEONOUN
50675	175	479	mound	GEONOUN
50675	175	516	crematorium	GEONOUN
50675	175	569	crematorium	GEONOUN
50675	175	632	chamber	GEONOUN
50675	175	771	the morning	TIME
50675	175	870	concentration camp	GEONOUN
50675	175	1148	chamber	GEONOUN
50675	175	1218	almost a whole day	DATE
50675	175	1297	mountains	GEONOUN
50675	175	1724	room	GEONOUN
50675	176	312	ghetto	GEONOUN
50675	176	1042	concentration camp	GEONOUN
50675	176	1131	the last minute	TIME
50675	176	1211	every morning	TIME
50675	176	1260	field	GEONOUN
50675	176	1422	Every morning	TIME
50675	176	1443	winter	DATE
50675	176	1460	the morning	TIME
50675	183	114	chamber	GEONOUN
50675	183	127	Hungary	COUNTRY
50675	183	280	Jewish	GEONOUN
50675	183	461	Stutthof	CAMP
50675	184	31	Stutthof	CAMP
50675	184	71	about eight	TIME
50675	184	101	ground	GEONOUN
50675	184	109	winter	DATE
50675	184	121	every morning	TIME
50675	184	208	camp	GEONOUN
50675	184	466	16 years	DATE
50675	184	489	16 years	DATE
50675	184	499	17 years	DATE
50675	184	715	the morning	TIME
50675	184	1864	train	GEONOUN
50675	184	1888	town	GEONOUN
50675	184	1929	train	GEONOUN
50675	184	1950	Poland	COUNTRY
50675	184	1961	Lódz	PLACE
50675	184	1993	country	GEONOUN
50675	184	2015	Lódz	PLACE
50675	187	57	Lódz	PLACE
50675	187	66	Lódz	PLACE
50675	187	431	hospital	GEONOUN
50675	187	478	town	GEONOUN
50675	187	491	hospital	GEONOUN
50675	187	532	room	GEONOUN
50675	187	737	the 30	DATE
50675	187	790	Jewish	GEONOUN
50675	187	858	Jewish	GEONOUN
50675	187	884	Jewish	GEONOUN
50675	187	964	Jewish	GEONOUN
50675	187	1049	department	GEONOUN
50675	187	1088	department	GEONOUN
50675	188	633	school	GEONOUN
50675	188	677	Poland	COUNTRY
50675	189	106	Dachau	CITY
50675	189	146	Dachau	CITY
50675	190	20	Stutthof	CAMP
50675	190	83	Dachau	CITY
50675	190	123	Dachau	CITY
50675	190	163	Dachau	CITY
50675	190	236	a day	DATE
50675	190	261	one day	DATE
50675	190	314	country	GEONOUN
50675	190	594	fell	GEONOUN
50675	194	18	temple	GEONOUN
50675	194	28	community center	GEONOUN
50675	194	61	Jewish	GEONOUN
50675	194	271	hospital	GEONOUN
50675	194	369	town	GEONOUN
50675	194	477	Berlin	CITY
50675	194	517	Berlin	CITY
50675	194	543	Berlin	CITY
50675	194	733	Lithuania	COUNTRY
50675	195	152	six days	DATE
50675	195	176	Lithuania	COUNTRY
50675	195	207	that fourth day	DATE
50675	195	224	the fifth day	DATE
50675	195	371	yesterday	DATE
50675	195	555	works	GEONOUN
50675	195	679	tomorrow	DATE
50675	195	705	town	GEONOUN
50675	195	728	tomorrow	DATE
50675	195	834	street	GEONOUN
50675	195	880	main street	GEONOUN
50675	195	1387	Poland	COUNTRY
50675	195	1395	Poland	COUNTRY
50675	195	1420	Lithuania	COUNTRY
50675	195	1527	Poland	COUNTRY
50675	195	1565	Berlin	CITY
50675	195	1858	Poland	COUNTRY
50675	195	1884	Poland	COUNTRY
50675	195	1896	all night	TIME
50675	195	1913	train	GEONOUN
50675	195	1932	next day	DATE
50675	195	1951	Lithuania	COUNTRY
50675	195	1971	Poland	COUNTRY
50675	195	2004	Lithuania	COUNTRY
50675	195	2082	Germany	COUNTRY
50675	195	2107	Israel	COUNTRY
50675	195	2135	night	TIME
50675	195	2489	Germany	COUNTRY
50675	195	2534	Israel	COUNTRY
50675	195	2569	Germany	COUNTRY
50675	196	44	United States	COUNTRY
50675	197	82	Germany	COUNTRY
50675	197	108	Israel	COUNTRY
50675	198	35	Dachau	CITY
50675	199	72	ghetto	GEONOUN
50675	199	161	Dachau	CITY
50675	199	181	14, 16 hours	TIME
50675	200	49	bricks	GEONOUN
50675	200	114	Dachau	CITY
50675	200	257	Berlin	CITY
50675	200	292	'33	DATE
50675	200	313	Lithuania	COUNTRY
50675	200	413	eight-hours	DATE
50675	200	450	eight-hour	TIME
50675	201	443	camp	GEONOUN
50675	201	568	camp	GEONOUN
50675	202	26	house	GEONOUN
50675	203	193	Germany	COUNTRY
50675	203	262	Germany	COUNTRY
50675	203	300	Germany	COUNTRY
50675	205	46	ghetto	GEONOUN
50675	205	187	ghetto	GEONOUN
50675	209	0	1947	DATE
50675	209	9	Germany	COUNTRY
50675	211	13	Germany	COUNTRY
50675	211	32	United State	PLACE
50675	213	0	Israel	COUNTRY
50675	213	66	Israel	COUNTRY
50675	214	19	factory	GEONOUN
50675	217	66	apartment	GEONOUN
50675	217	94	apartment	GEONOUN
50675	220	306	foot	GEONOUN
50675	220	398	an hour	TIME
50675	220	440	an hour	TIME
50675	221	10	America	COUNTRY
50675	221	99	America	COUNTRY
50675	221	148	United State	PLACE
50675	222	253	Germany	COUNTRY
50675	222	376	Germany	COUNTRY
50675	222	427	Germany	COUNTRY
50675	222	457	Germany	COUNTRY
50675	223	13	Germany	COUNTRY
50675	223	37	United States	COUNTRY
50675	223	58	ship	GEONOUN
50675	225	271	store	GEONOUN
50675	225	307	store	GEONOUN
50675	225	329	Main Street	PLACE
50675	225	351	Main Street	PLACE
50675	226	0	Los Angeles	CITY
50675	226	41	Los Angeles	CITY
50675	226	62	New York	US-STATE
50675	226	88	New York	US-STATE
50675	226	247	Los Angeles	CITY
50675	226	300	four season	DATE
50675	226	393	store	GEONOUN
50675	226	402	Main Street	PLACE
50675	226	459	Main Street	PLACE
50675	226	680	store	GEONOUN
50675	226	725	apartment	GEONOUN
50675	226	760	apartment	GEONOUN
50675	226	777	Havenhurst	PLACE
50675	228	491	Germany	COUNTRY
50675	228	514	Germany	COUNTRY
50675	228	707	about two years	DATE
50675	228	837	Lithuania	COUNTRY
50675	228	1288	room	GEONOUN
50675	228	3115	foot	GEONOUN
50675	228	3225	house	GEONOUN
50675	228	3285	building	GEONOUN
50675	228	3299	condominium	GEONOUN
50675	228	3366	the Orange County	PLACE
50675	228	3427	12, 13 years ago	DATE
50675	228	3519	Ventura	CITY
50675	231	68	Germany	COUNTRY
50675	231	102	area	GEONOUN
50675	231	385	every day	DATE
50675	233	19	1946	DATE
50675	234	0	Germany	COUNTRY
50675	234	9	Munich	CITY
50675	239	8	United State	PLACE
50675	239	41	1940	DATE
50675	239	108	a minute	TIME
50675	240	31	about not quite a year and a half	DATE
50675	243	7	14 years old	DATE
50675	244	13	Los Angeles	CITY
50675	246	0	About eight years ago	DATE
50675	248	75	almost 28 years	DATE
50675	253	32	about four years ago	DATE
50675	255	8	Los Angeles	CITY
