FileID	AnswerID	StartCharPos	Entity	Type
50851	7	54	October 4th, 1924	DATE
50851	8	3	Lódz	PLACE
50851	8	9	Poland	COUNTRY
50851	9	9	Poland	COUNTRY
50851	10	75	school	GEONOUN
50851	10	107	school	GEONOUN
50851	10	220	school	GEONOUN
50851	10	238	six years old	DATE
50851	10	269	school	GEONOUN
50851	10	280	seven years	DATE
50851	10	306	1939	DATE
50851	11	7	Poland	COUNTRY
50851	11	53	school	GEONOUN
50851	11	70	Jewish	GEONOUN
50851	11	90	school	GEONOUN
50851	11	120	Jewish	GEONOUN
50851	14	54	the seven-- the seventh year	DATE
50851	14	86	school	GEONOUN
50851	19	99	school	GEONOUN
50851	19	121	school	GEONOUN
50851	19	204	school	GEONOUN
50851	21	17	school	GEONOUN
50851	21	160	Jewish	GEONOUN
50851	21	199	school	GEONOUN
50851	22	48	Jewish	GEONOUN
50851	22	84	school	GEONOUN
50851	22	112	school	GEONOUN
50851	22	189	Jewish	GEONOUN
50851	23	4	Jewish	GEONOUN
50851	23	38	Yom Kippur	DATE
50851	23	50	Rosh Hashanah	DATE
50851	23	69	Passover	DATE
50851	24	72	school six days	GEONOUN
50851	24	79	six days	DATE
50851	24	104	school Sunday	GEONOUN
50851	24	111	Sunday	DATE
50851	24	123	Jewish	GEONOUN
50851	24	173	school Saturdays	GEONOUN
50851	24	180	Saturdays	DATE
50851	24	242	school six days a-- six days a week	GEONOUN
50851	24	249	six days a-- six days a week	DATE
50851	26	41	school	GEONOUN
50851	26	152	school	GEONOUN
50851	26	182	high school	GEONOUN
50851	26	219	high school	GEONOUN
50851	26	421	Jewish	GEONOUN
50851	26	476	Jewish	GEONOUN
50851	28	77	house	GEONOUN
50851	29	98	14 years old	DATE
50851	32	109	Park Poniatowski	PLACE
50851	32	141	Kosciuszki	PLACE
50851	32	205	park	GEONOUN
50851	32	241	One summer	DATE
50851	32	327	city	GEONOUN
50851	32	352	park	GEONOUN
50851	33	26	street	GEONOUN
50851	33	105	Zamenhof	PLACE
50851	36	34	years later	DATE
50851	39	7	house	GEONOUN
50851	39	25	house	GEONOUN
50851	40	124	bar	GEONOUN
50851	41	146	today	DATE
50851	41	265	high school	GEONOUN
50851	45	151	Jewish	GEONOUN
50851	48	134	synagogue	GEONOUN
50851	48	195	every morning	TIME
50851	48	212	every Shabbos	DATE
50851	48	302	synagogue	GEONOUN
50851	48	336	today	DATE
50851	48	393	synagogue	GEONOUN
50851	49	26	synagogue	GEONOUN
50851	49	83	two minutes	TIME
50851	51	57	synagogue	GEONOUN
50851	53	26	Yom Kippur	DATE
50851	53	64	Passover	EVENT
50851	54	17	Hanukkah	DATE
50851	54	56	Passover	DATE
50851	54	179	Passover	DATE
50851	55	16	Passover	EVENT
50851	57	170	ghetto	GEONOUN
50851	58	46	ghetto	GEONOUN
50851	58	112	every 10 days	DATE
50851	58	197	five days	DATE
50851	59	57	four, five days	DATE
50851	59	101	another five days	DATE
50851	59	476	divide	GEONOUN
50851	59	653	ghetto	GEONOUN
50851	59	740	ghetto	GEONOUN
50851	63	80	Kiev	PLACE
50851	63	95	Berdychiv	CITY
50851	64	50	Lódz	PLACE
50851	64	56	Poland	COUNTRY
50851	64	127	1919, 1920	DATE
50851	67	0	A year and a half	DATE
50851	67	163	Jewish	GEONOUN
50851	67	273	ghetto	GEONOUN
50851	67	373	Jewish	GEONOUN
50851	68	67	Jewish	GEONOUN
50851	71	70	Jewish	GEONOUN
50851	71	101	every week	DATE
50851	71	218	Jewish	GEONOUN
50851	74	207	house	GEONOUN
50851	76	64	country	GEONOUN
50851	76	98	synagogue	GEONOUN
50851	76	189	synagogue	GEONOUN
50851	77	27	upstairs	GEONOUN
50851	84	45	ghetto	GEONOUN
50851	84	140	Jewish	GEONOUN
50851	85	115	ghetto	GEONOUN
50851	85	246	house	GEONOUN
50851	87	137	house	GEONOUN
50851	87	155	upstairs	GEONOUN
50851	88	86	building	GEONOUN
50851	88	238	house	GEONOUN
50851	91	113	Europe	CONTINENT
50851	91	123	1902	DATE
50851	91	350	1914	DATE
50851	91	519	1919	DATE
50851	91	531	the First World War	EVENT
50851	92	8	the United States	COUNTRY
50851	92	166	United States	COUNTRY
50851	92	183	1919	DATE
50851	92	551	Poland	COUNTRY
50851	97	204	Poland	COUNTRY
50851	97	397	Lódz	PLACE
50851	97	438	Katowice	CITY
50851	97	517	Auschwitz	CAMP
50851	99	15	Lódz	PLACE
50851	99	20	ghetto	GEONOUN
50851	99	54	house	GEONOUN
50851	99	85	Lódz	PLACE
50851	99	195	ghetto	GEONOUN
50851	99	211	ghetto	GEONOUN
50851	99	257	Lódz	PLACE
50851	99	278	Lódz	PLACE
50851	99	341	Jewish	GEONOUN
50851	99	466	house	GEONOUN
50851	99	534	five minutes	TIME
50851	99	565	house	GEONOUN
50851	99	712	a couple minutes	TIME
50851	99	761	ghetto	GEONOUN
50851	103	103	house	GEONOUN
50851	105	6	14 years old	DATE
50851	106	152	Lódz	PLACE
50851	106	168	ghetto	GEONOUN
50851	109	28	spare	GEONOUN
50851	112	96	spare	GEONOUN
50851	112	567	house	GEONOUN
50851	114	8	apartment	GEONOUN
50851	115	10	house	GEONOUN
50851	115	20	Poland	COUNTRY
50851	115	115	city	GEONOUN
50851	115	132	apartment houses	GEONOUN
50851	115	142	houses	GEONOUN
50851	115	190	apartment	GEONOUN
50851	115	217	apartment	GEONOUN
50851	117	226	March	DATE
50851	117	350	March	DATE
50851	117	455	house	GEONOUN
50851	124	57	14 years old	DATE
50851	127	174	street	GEONOUN
50851	127	231	street	GEONOUN
50851	127	307	the whole day	DATE
50851	129	9	'90--	DATE
50851	129	60	1995	DATE
50851	129	171	Poland	COUNTRY
50851	129	183	10 days	DATE
50851	129	254	Warsaw	CITY
50851	129	305	the next day	DATE
50851	129	364	Poland	COUNTRY
50851	129	503	Lódz	PLACE
50851	129	527	street	GEONOUN
50851	129	600	Lódz	PLACE
50851	129	627	house	GEONOUN
50851	131	64	casino	GEONOUN
50851	131	175	house	GEONOUN
50851	133	8	ghetto	GEONOUN
50851	133	141	Lódz	PLACE
50851	133	206	Lódz	PLACE
50851	133	211	ghetto	GEONOUN
50851	133	250	ghetto	GEONOUN
50851	133	404	almost every day	DATE
50851	135	29	one day	DATE
50851	135	99	tower	GEONOUN
50851	135	121	yards	GEONOUN
50851	135	153	ghetto	GEONOUN
50851	135	188	street	GEONOUN
50851	135	324	pass	GEONOUN
50851	135	336	ghetto	GEONOUN
50851	136	77	bridges	GEONOUN
50851	136	128	city	GEONOUN
50851	136	164	ghetto	GEONOUN
50851	136	227	train	GEONOUN
50851	136	259	bridges	GEONOUN
50851	136	279	bridges	GEONOUN
50851	136	321	city	GEONOUN
50851	138	4	ghetto	GEONOUN
50851	138	110	4 and 1/2 years	DATE
50851	138	133	room	GEONOUN
50851	138	301	wood	GEONOUN
50851	138	321	wood	GEONOUN
50851	138	346	trees	GEONOUN
50851	138	423	half a year	DATE
50851	138	467	wood	GEONOUN
50851	138	479	ghetto	GEONOUN
50851	142	225	the night	TIME
50851	143	36	ghetto	GEONOUN
50851	143	59	every 10 days	DATE
50851	143	401	10 days	DATE
50851	143	429	six days	DATE
50851	143	448	the four days	DATE
50851	143	560	ghetto	GEONOUN
50851	144	29	ghetto	GEONOUN
50851	144	77	market	GEONOUN
50851	144	103	market	GEONOUN
50851	144	154	ghetto	GEONOUN
50851	145	11	ghetto	GEONOUN
50851	146	90	market	GEONOUN
50851	146	106	Jewish	GEONOUN
50851	147	203	ghetto	GEONOUN
50851	147	241	ghetto	GEONOUN
50851	147	695	England	PLACE
50851	147	704	France	COUNTRY
50851	147	725	United States	COUNTRY
50851	147	740	Russia	COUNTRY
50851	147	796	any day	DATE
50851	149	0	1940	DATE
50851	150	0	Till 19-- till 1944	DATE
50851	151	0	1944	DATE
50851	151	39	ghetto	GEONOUN
50851	152	46	1940	DATE
50851	152	78	over four years	DATE
50851	153	42	street	GEONOUN
50851	153	164	hole	GEONOUN
50851	153	256	Every day	DATE
50851	153	375	the next day	DATE
50851	157	141	Monday	DATE
50851	157	170	every Thursday	DATE
50851	157	234	another three, four days	DATE
50851	157	324	house	GEONOUN
50851	160	198	a couple days	DATE
50851	160	258	another two weeks	DATE
50851	160	277	10 days	DATE
50851	161	8	houses	GEONOUN
50851	169	4	all day	DATE
50851	170	26	factory	GEONOUN
50851	172	154	wood	GEONOUN
50851	174	162	factory	GEONOUN
50851	176	107	Jewish	GEONOUN
50851	176	136	Lódz	PLACE
50851	176	169	ghetto	GEONOUN
50851	183	79	Every couple weeks	DATE
50851	184	72	apartments	GEONOUN
50851	184	130	Jewish	GEONOUN
50851	184	166	ghetto	GEONOUN
50851	185	74	settlement	GEONOUN
50851	187	66	Czestochowa	PLACE
50851	187	239	Czestochowa	PLACE
50851	187	365	1944	DATE
50851	187	409	Auschwitz	CAMP
50851	187	531	settlement	GEONOUN
50851	189	135	windows	GEONOUN
50851	189	213	Jewish	GEONOUN
50851	189	336	rock	GEONOUN
50851	189	345	boat	GEONOUN
50851	189	402	rock	GEONOUN
50851	189	411	boat	GEONOUN
50851	189	545	Lódz	PLACE
50851	189	566	Lódz	PLACE
50851	189	601	Poland	COUNTRY
50851	189	628	forests	GEONOUN
50851	189	666	mountains	GEONOUN
50851	190	106	rock	GEONOUN
50851	190	115	boat	GEONOUN
50851	190	236	corner	GEONOUN
50851	192	47	Auschwitz	CAMP
50851	192	79	Auschwitz	CAMP
50851	192	93	1944	DATE
50851	192	122	ghetto	GEONOUN
50851	192	145	Auschwitz	CAMP
50851	192	188	train	GEONOUN
50851	192	259	July	DATE
50851	192	267	August	DATE
50851	199	195	environment	GEONOUN
50851	206	335	high school	GEONOUN
50851	211	149	street	GEONOUN
50851	212	128	ghetto	GEONOUN
50851	212	216	camps	GEONOUN
50851	212	311	ghetto	GEONOUN
50851	213	7	ghetto	GEONOUN
50851	213	30	around March, 1940	DATE
50851	213	90	1944	DATE
50851	213	178	every couple months	DATE
50851	217	210	ghetto	GEONOUN
50851	222	89	4 and 1/2 years	DATE
50851	222	176	facilities	GEONOUN
50851	226	298	ghetto	GEONOUN
50851	231	89	the next-- in the next 24 hours	DATE
50851	231	163	house	GEONOUN
50851	232	77	ghetto	GEONOUN
50851	232	105	Jewish	GEONOUN
50851	232	429	department	GEONOUN
50851	232	550	villas	GEONOUN
50851	234	91	any day	DATE
50851	234	229	Jewish	GEONOUN
50851	235	130	ghetto	GEONOUN
50851	235	289	every couple weeks	DATE
50851	235	362	ghetto	GEONOUN
50851	235	413	Germany	COUNTRY
50851	235	471	ghetto	GEONOUN
50851	235	1221	Lódz	PLACE
50851	235	1257	Chelmno	PLACE
50851	244	0	Jewish	GEONOUN
50851	246	206	house	GEONOUN
50851	246	285	rooms	GEONOUN
50851	247	188	Jewish	GEONOUN
50851	250	113	ghetto	GEONOUN
50851	250	205	my war years	DATE
50851	250	235	ghetto	GEONOUN
50851	250	247	ghetto	GEONOUN
50851	250	335	the morning	TIME
50851	250	511	another day	DATE
50851	252	26	ghetto	GEONOUN
50851	253	126	Germany	COUNTRY
50851	254	48	today	DATE
50851	254	55	factory	GEONOUN
50851	254	97	factory	GEONOUN
50851	254	143	railway station	GEONOUN
50851	254	151	station	GEONOUN
50851	254	213	Germany	COUNTRY
50851	254	471	the second day--	DATE
50851	256	124	the next day	DATE
50851	256	178	railroad station	GEONOUN
50851	258	66	railroad station	GEONOUN
50851	258	352	train	GEONOUN
50851	258	507	one day	DATE
50851	258	537	summer 1944	DATE
50851	258	557	August	DATE
50851	258	593	train	GEONOUN
50851	258	603	five, six days	DATE
50851	262	165	five, six days	DATE
50851	262	437	train	GEONOUN
50851	262	474	train	GEONOUN
50851	262	790	train	GEONOUN
50851	262	806	Birkenau	CAMP
50851	262	857	Auschwitz-Birkenau	PLACE
50851	262	1074	train	GEONOUN
50851	262	1209	ramp	GEONOUN
50851	262	1226	ramp	GEONOUN
50851	262	1566	camp	GEONOUN
50851	262	2423	a couple of days later	DATE
50851	262	2970	barracks	GEONOUN
50851	262	3049	barracks	GEONOUN
50851	262	3158	chimney	GEONOUN
50851	262	3176	chimney	GEONOUN
50851	262	3244	points	GEONOUN
50851	262	3689	crematorium	GEONOUN
50851	266	33	a couple days	DATE
50851	266	133	camp	GEONOUN
50851	277	21	his 40s	DATE
50851	283	170	ramp	GEONOUN
50851	283	178	Birkenau	CAMP
50851	285	29	Auschwitz	CAMP
50851	285	43	four or five weeks	DATE
50851	285	146	Auschwitz	CAMP
50851	285	160	Birkenau	CAMP
50851	285	217	Birkenau	CAMP
50851	285	227	Auschwitz	CAMP
50851	285	241	Birkenau	CAMP
50851	285	732	Auschwitz	CAMP
50851	285	791	Auschwitz	CAMP
50851	285	906	Birkenau	CAMP
50851	285	920	four or five weeks	DATE
50851	285	1053	every day	DATE
50851	290	50	six, seven days	DATE
50851	292	173	diamond	GEONOUN
50851	296	33	camp	GEONOUN
50851	297	371	the five weeks	DATE
50851	302	44	first couple of days	DATE
50851	302	68	Birkenau	CAMP
50851	302	290	fell	GEONOUN
50851	302	382	camp	GEONOUN
50851	302	431	the next morning	TIME
50851	302	831	Auschwitz	CAMP
50851	305	37	Birkenau	CAMP
50851	305	65	Birkenau	CAMP
50851	305	222	Auschwitz	CAMP
50851	305	257	Birkenau	CAMP
50851	305	305	Birkenau	CAMP
50851	305	764	barracks	GEONOUN
50851	306	63	the next morning	TIME
50851	308	61	the next day	DATE
50851	308	162	yards	GEONOUN
50851	308	182	chimney	GEONOUN
50851	308	415	coal mine	GEONOUN
50851	308	468	coal mine	GEONOUN
50851	308	564	coal mine	GEONOUN
50851	308	584	about a couple weeks later	DATE
50851	308	772	November, December of '44	DATE
50851	308	828	Poland	COUNTRY
50851	308	942	three weeks	DATE
50851	310	84	coal mine	GEONOUN
50851	310	103	tunnel	GEONOUN
50851	310	283	the morning	TIME
50851	310	485	24 hours	DATE
50851	310	534	camp	GEONOUN
50851	310	711	January 1945	DATE
50851	310	776	Auschwitz	CAMP
50851	310	801	Birkenau	CAMP
50851	310	1427	chamber	GEONOUN
50851	310	1535	the last minute	TIME
50851	311	8	barracks	GEONOUN
50851	311	39	barracks	GEONOUN
50851	311	91	barracks	GEONOUN
50851	311	115	hall	GEONOUN
50851	311	136	barracks	GEONOUN
50851	312	83	wood	GEONOUN
50851	315	51	Birkenau	CAMP
50851	316	41	ghetto	GEONOUN
50851	316	292	four or five hours	TIME
50851	316	403	every morning	TIME
50851	316	421	every afternoon	TIME
50851	316	464	barracks	GEONOUN
50851	316	660	12, 14 hours	TIME
50851	316	712	barracks	GEONOUN
50851	317	14	sometimes 20 hours	TIME
50851	319	207	house	GEONOUN
50851	321	72	coal mine	GEONOUN
50851	321	373	every morning	TIME
50851	321	416	barracks	GEONOUN
50851	321	622	Auschwitz	CAMP
50851	321	672	Auschwitz	CAMP
50851	322	84	hole	GEONOUN
50851	322	96	ground	GEONOUN
50851	322	245	48 hours	DATE
50851	322	346	Auschwitz	CAMP
50851	322	361	Auschwitz	CAMP
50851	322	383	Czechoslovakia	COUNTRY
50851	322	527	Hungary	COUNTRY
50851	322	536	Hungary	COUNTRY
50851	322	746	Auschwitz	CAMP
50851	323	3	Auschwitz	CAMP
50851	323	38	Birkenau	CAMP
50851	323	60	the morning	TIME
50851	323	241	the next morning	TIME
50851	323	386	the night	TIME
50851	323	557	years	DATE
50851	323	588	afternoon	TIME
50851	324	14	afternoon	TIME
50851	325	0	Noon time	TIME
50851	325	105	today	DATE
50851	325	315	fork	GEONOUN
50851	326	246	ghetto	GEONOUN
50851	326	258	ghetto	GEONOUN
50851	326	285	ghetto	GEONOUN
50851	326	342	ghetto	GEONOUN
50851	327	136	crematorium	GEONOUN
50851	327	156	Auschwitz	CAMP
50851	327	181	Auschwitz	CAMP
50851	327	278	crematorium	GEONOUN
50851	327	342	factory	GEONOUN
50851	327	372	chimney	GEONOUN
50851	327	474	Auschwitz	CAMP
50851	328	13	camps	GEONOUN
50851	328	148	Jewish	GEONOUN
50851	328	498	camps	GEONOUN
50851	329	150	prison	GEONOUN
50851	329	280	camps	GEONOUN
50851	330	36	block	GEONOUN
50851	330	73	block	GEONOUN
50851	330	134	block	GEONOUN
50851	331	105	Auschwitz	CAMP
50851	331	147	coal mine	GEONOUN
50851	331	180	one morning	TIME
50851	331	341	road	GEONOUN
50851	331	423	Auschwitz	CAMP
50851	331	455	Auschwitz	CAMP
50851	331	500	four or five days	DATE
50851	331	613	Auschwitz	CAMP
50851	331	657	Auschwitz	CAMP
50851	331	683	Auschwitz	CAMP
50851	331	705	Auschwitz	CAMP
50851	331	748	about four or five days	DATE
50851	331	843	station	GEONOUN
50851	331	928	January	DATE
50851	331	985	train	GEONOUN
50851	331	1016	train	GEONOUN
50851	331	1257	four or five days	DATE
50851	331	1309	Mauthausen	PLACE
50851	331	1462	Mauthausen	PLACE
50851	333	75	rooms	GEONOUN
50851	333	109	barracks	GEONOUN
50851	334	189	12 years old	DATE
50851	334	203	11 or 12 years old	DATE
50851	334	373	wood	GEONOUN
50851	336	129	Auschwitz	CAMP
50851	336	143	Birkenau	CAMP
50851	340	57	two days	DATE
50851	340	92	Bergen-Belsen	CAMP
50851	340	118	camp	GEONOUN
50851	342	88	Birkenau	CAMP
50851	342	270	only two or three days	DATE
50851	342	439	three days	DATE
50851	342	482	Bergen-Belsen	CAMP
50851	345	41	camps	GEONOUN
50851	345	260	camp	GEONOUN
50851	347	12	Auschwitz	CAMP
50851	347	38	about four or five days	DATE
50851	347	62	January, 1945	DATE
50851	347	152	spot	GEONOUN
50851	347	164	road	GEONOUN
50851	347	271	four or five days	DATE
50851	347	326	Mauthausen	PLACE
50851	347	364	Mauthausen	PLACE
50851	347	436	the evening	TIME
50851	347	501	camp	GEONOUN
50851	347	543	Jewish	GEONOUN
50851	347	628	24 hours	TIME
50851	347	682	Auschwitz	CAMP
50851	347	709	Auschwitz	CAMP
50851	347	719	a couple of days--	DATE
50851	347	745	Mauthausen--	PLACE
50851	347	766	couple of days	DATE
50851	347	827	Kanada	PLACE
50851	347	843	Auschwitz	CAMP
50851	347	1051	room	GEONOUN
50851	347	1252	Mauthausen	PLACE
50851	347	1263	a couple days	DATE
50851	347	1301	a couple of days	DATE
50851	348	10	January	DATE
50851	348	29	January '45	DATE
50851	348	126	a couple of days	DATE
50851	348	234	the night	TIME
50851	348	271	the morning	TIME
50851	348	402	road	GEONOUN
50851	348	746	crematorium	GEONOUN
50851	348	814	crematorium	GEONOUN
50851	349	61	a couple days	DATE
50851	349	89	Mauthausen	PLACE
50851	349	147	steps	GEONOUN
50851	356	65	Mauthausen	PLACE
50851	356	122	mountains	GEONOUN
50851	356	153	mountains	GEONOUN
50851	356	216	Auschwitz	CAMP
50851	356	230	Birkenau	CAMP
50851	357	37	mountains	GEONOUN
50851	359	29	Mauthausen	PLACE
50851	359	115	years and years ago	DATE
50851	364	256	Gusen	CAMP
50851	364	301	tunnel	GEONOUN
50851	364	315	mountain	GEONOUN
50851	364	425	factory	GEONOUN
50851	364	483	parts	GEONOUN
50851	364	591	country	GEONOUN
50851	364	850	factory	GEONOUN
50851	365	0	Mauthausen	PLACE
50851	365	26	Mauthausen	PLACE
50851	365	38	Mauthausen	PLACE
50851	365	53	Gusen	CAMP
50851	365	124	Mauthausen	PLACE
50851	365	137	Gusen	CAMP
50851	365	176	the middle of January	DATE
50851	365	201	late January, 1945	DATE
50851	365	223	May 5, 1945	DATE
50851	366	30	Auschwitz	CAMP
50851	366	128	the day	DATE
50851	366	141	America	COUNTRY
50851	366	152	night	TIME
50851	366	200	barracks	GEONOUN
50851	366	460	May 5th	DATE
50851	366	482	Bergen-Belsen	CAMP
50851	366	510	a month	DATE
50851	366	597	camp	GEONOUN
50851	366	635	camps	GEONOUN
50851	366	682	Alps	PLACE
50851	366	695	mountains	GEONOUN
50851	366	735	camp	GEONOUN
50851	366	865	camps	GEONOUN
50851	366	901	factory	GEONOUN
50851	368	13	camps	GEONOUN
50851	368	40	factory	GEONOUN
50851	368	99	camps	GEONOUN
50851	368	130	factory	GEONOUN
50851	368	302	Austria	COUNTRY
50851	368	373	two days	DATE
50851	368	436	camps	GEONOUN
50851	370	27	Gusen--	PLACE
50851	370	40	Mauthausen	PLACE
50851	370	54	Gusen	CAMP
50851	371	99	Mauthausen	PLACE
50851	371	210	Mauthausen	PLACE
50851	371	260	camp	GEONOUN
50851	372	4	camp	GEONOUN
50851	372	21	camp	GEONOUN
50851	372	50	camp	GEONOUN
50851	372	102	crematorium	GEONOUN
50851	372	208	camp	GEONOUN
50851	372	318	chamber	GEONOUN
50851	373	481	any day	DATE
50851	374	3	Gusen	CAMP
50851	374	29	January	DATE
50851	374	55	May	DATE
50851	375	3	May 5th	DATE
50851	375	27	May 4th	DATE
50851	375	96	towers	GEONOUN
50851	375	233	the next day	DATE
50851	375	253	5 o'clock	TIME
50851	375	316	5 o'clock	TIME
50851	375	822	a couple of hours	TIME
50851	375	947	Jewish	GEONOUN
50851	375	1001	America	COUNTRY
50851	375	1009	a couple years before	DATE
50851	376	83	the night	TIME
50851	376	376	rough	GEONOUN
50851	376	412	a few hours	TIME
50851	376	756	the whole night	TIME
50851	376	806	town	GEONOUN
50851	376	822	Austria	COUNTRY
50851	376	831	Linz	CITY
50851	376	849	camp	GEONOUN
50851	376	867	Linz	CITY
50851	376	899	around 5 o'clock in the morning	TIME
50851	378	14	four or five hours	TIME
50851	379	37	Linz	CITY
50851	379	124	street	GEONOUN
50851	382	106	24 hours	TIME
50851	382	145	rough	GEONOUN
50851	382	199	town	GEONOUN
50851	382	376	rough	GEONOUN
50851	382	416	the next day	DATE
50851	382	737	camp	GEONOUN
50851	382	763	town	GEONOUN
50851	382	801	camp	GEONOUN
50851	382	823	camp	GEONOUN
50851	382	832	camp	GEONOUN
50851	382	874	Jewish	GEONOUN
50851	382	891	a couple of later	DATE
50851	382	924	Jewish camp	GEONOUN
50851	382	931	camp	GEONOUN
50851	385	69	Jewish	GEONOUN
50851	385	113	Jewish	GEONOUN
50851	385	128	Jewish	GEONOUN
50851	385	255	camp	GEONOUN
50851	385	268	camp	GEONOUN
50851	385	277	camp	GEONOUN
50851	385	478	camp	GEONOUN
50851	385	609	camp	GEONOUN
50851	385	640	camp	GEONOUN
50851	385	670	Jewish	GEONOUN
50851	385	713	camp	GEONOUN
50851	386	203	room	GEONOUN
50851	386	217	windows	GEONOUN
50851	386	595	forest	GEONOUN
50851	386	650	forest	GEONOUN
50851	387	155	ground	GEONOUN
50851	387	179	about 15 minutes	TIME
50851	387	538	the next day	DATE
50851	388	19	a couple days	DATE
50851	388	43	camp	GEONOUN
50851	388	96	Lódz	PLACE
50851	388	164	camp	GEONOUN
50851	388	187	concentration camp	GEONOUN
50851	390	17	train	GEONOUN
50851	390	53	Mauthausen	PLACE
50851	390	90	camp	GEONOUN
50851	390	278	Jewish	GEONOUN
50851	390	381	pass	GEONOUN
50851	390	462	apartment house	GEONOUN
50851	390	667	Bergen-Belsen	CAMP
50851	390	761	camp	GEONOUN
50851	390	818	Bergen-Belsen	CAMP
50851	390	879	Poland	COUNTRY
50851	390	937	Auschwitz	CAMP
50851	390	970	Palestine	CITY
50851	390	1063	Italy	COUNTRY
50851	390	1100	Modena	CITY
50851	390	1110	Italy	COUNTRY
50851	390	1131	Modena	CITY
50851	390	1167	West Point	PLACE
50851	390	1225	a couple days	DATE
50851	390	1383	Bari	CITY
50851	390	1400	Italy	COUNTRY
50851	390	1453	Israel	COUNTRY
50851	391	45	Israel	COUNTRY
50851	391	127	concentration camp	GEONOUN
50851	391	174	Italy	COUNTRY
50851	395	4	21	DATE
50851	395	140	Milan	CITY
50851	395	147	Italy	COUNTRY
50851	395	224	Munich	CITY
50851	395	232	Germany	COUNTRY
50851	395	391	a couple of months	DATE
50851	395	434	Rome	CITY
50851	395	444	Jewish	GEONOUN
50851	395	507	Jewish	GEONOUN
50851	395	734	Munich	CITY
50851	395	742	Feldafing	CAMP
50851	395	756	Gauting	CITY
50851	395	765	Gauting	CITY
50851	395	903	Germany	COUNTRY
50851	395	960	mountains	GEONOUN
50851	395	975	Italy	COUNTRY
50851	395	989	Austria	COUNTRY
50851	395	1007	Austria	COUNTRY
50851	395	1027	train	GEONOUN
50851	395	1071	Italy	COUNTRY
50851	395	1080	Austria	COUNTRY
50851	395	1145	train	GEONOUN
50851	395	1230	wintertime	DATE
50851	395	1352	Italy	COUNTRY
50851	395	1370	crossing	GEONOUN
50851	395	1383	mountains	GEONOUN
50851	395	1520	house	GEONOUN
50851	395	1793	Innsbruck	CITY
50851	395	1840	overnight	TIME
50851	395	1855	the next morning	TIME
50851	395	2018	Jewish	GEONOUN
50851	395	2118	Austria	COUNTRY
50851	396	245	railroad station	GEONOUN
50851	396	287	Germany	COUNTRY
50851	396	332	Germany	COUNTRY
50851	396	348	camp	GEONOUN
50851	396	354	the Feldafing that my	PLACE
50851	396	431	barracks	GEONOUN
50851	396	444	camp	GEONOUN
50851	396	556	barracks	GEONOUN
50851	396	692	sanatorium	GEONOUN
50851	396	729	sanatorium	GEONOUN
50851	396	974	room	GEONOUN
50851	396	1010	all them days	DATE
50851	396	1075	mountains	GEONOUN
50851	398	23	train	GEONOUN
50851	398	44	Innsbruck	CITY
50851	398	55	Austria	COUNTRY
50851	398	80	Feldafing	CAMP
50851	398	105	town	GEONOUN
50851	398	117	Munich	CITY
50851	398	125	Bavaria	PLACE
50851	398	151	camp	GEONOUN
50851	398	277	Feldafing	CAMP
50851	398	301	sanatorium	GEONOUN
50851	398	334	Gauting	CITY
50851	400	230	room	GEONOUN
50851	400	541	Israel	COUNTRY
50851	400	585	Italy	COUNTRY
50851	400	601	Italy	COUNTRY
50851	400	618	Israel	COUNTRY
50851	400	993	five, six days	DATE
50851	400	1041	a day	DATE
50851	400	1090	sanatorium	GEONOUN
50851	400	1308	Feldafing	CAMP
50851	400	1469	camp	GEONOUN
50851	400	1580	camp	GEONOUN
50851	400	1602	every week or so	DATE
50851	400	1648	Gauting	CITY
50851	400	1667	a few weeks	DATE
50851	400	1736	ship	GEONOUN
50851	400	1757	town	GEONOUN
50851	400	1780	town	GEONOUN
50851	400	1788	Germany	COUNTRY
50851	400	1974	every couple weeks	DATE
50851	400	2076	February 1949	DATE
50851	400	2133	Germany	COUNTRY
50851	400	2474	19--	DATE
50851	400	2520	'45	DATE
50851	400	2535	'45	DATE
50851	400	2580	'49	DATE
50851	404	102	Every six week	DATE
50851	404	174	today	DATE
50851	404	189	six week	DATE
50851	404	214	every six week	DATE
50851	404	439	Munich	CITY
50851	404	476	Bremen	CITY
50851	404	484	Germany	COUNTRY
50851	404	493	Bremen	CITY
50851	404	508	Hamburg	CITY
50851	404	542	harbor	GEONOUN
50851	404	576	a week	DATE
50851	404	594	every day	DATE
50851	404	653	the United States	COUNTRY
50851	405	291	camp	GEONOUN
50851	405	502	a year	DATE
50851	405	607	next week	DATE
50851	405	854	boat	GEONOUN
50851	405	871	boat	GEONOUN
50851	405	924	February	DATE
50851	405	964	Atlantic North Sea	PLACE
50851	405	1011	port	GEONOUN
50851	405	1129	room	GEONOUN
50851	405	1237	Boston	CITY
50851	405	1245	Massachusetts	US-STATE
50851	405	1264	Boston	CITY
50851	405	1347	21st	DATE
50851	405	1422	port	GEONOUN
50851	405	1451	an hour--	TIME
50851	405	1461	24 hours	DATE
50851	405	1518	harbor	GEONOUN
50851	405	1590	24 hours	TIME
50851	405	1704	Boston	CITY
50851	405	1732	Boston	CITY
50851	405	1795	boat	GEONOUN
50851	405	1831	Jewish	GEONOUN
50851	405	1932	Jewish	GEONOUN
50851	405	2025	Philadelphia	CITY
50851	405	2144	neck	GEONOUN
50851	405	2167	Terry Street Station	PLACE
50851	405	2211	train	GEONOUN
50851	405	2221	pass	GEONOUN
50851	405	2244	New York	US-STATE
50851	405	2274	Philadelphia	CITY
50851	405	2317	Jewish	GEONOUN
50851	407	231	that time	TIME
50851	407	391	train	GEONOUN
50851	407	413	railroad station train	GEONOUN
50851	407	430	train	GEONOUN
50851	408	55	downstairs	GEONOUN
50851	408	179	16 years old	DATE
50851	410	75	Strawberry Mansion	PLACE
50851	410	121	house	GEONOUN
50851	410	245	Jewish	GEONOUN
50851	410	292	about 10 days later	DATE
50851	410	448	New York	US-STATE
50851	410	477	New York	US-STATE
50851	410	598	the second day--	DATE
50851	410	829	24 hours	TIME
50851	410	894	Poland	COUNTRY
50851	411	257	weeks	DATE
50851	411	359	house	GEONOUN
50851	412	9	America	COUNTRY
50851	412	37	America	COUNTRY
50851	412	45	about five, six months	DATE
50851	412	213	the Korean War	EVENT
50851	412	254	Korean War	EVENT
50851	412	563	camps	GEONOUN
50851	412	664	the last minute	TIME
50851	412	912	Korea	PLACE
50851	414	21	Strawberry Mansion	PLACE
50851	414	152	couple years	DATE
50851	417	21	December '59	DATE
50851	422	66	1949 to some '76	DATE
50851	423	84	States	PLACE
50851	423	205	street	GEONOUN
50851	423	295	camps	GEONOUN
50851	426	20	1959	DATE
50851	427	80	December, '59	DATE
50851	429	297	Germany	COUNTRY
50851	431	67	the night--	TIME
50851	431	98	school	GEONOUN
50851	431	119	Broad and Green	PLACE
50851	432	25	school	GEONOUN
50851	440	49	two hours	TIME
50851	441	505	Poland	COUNTRY
50851	441	532	camp	GEONOUN
50851	441	551	barracks	GEONOUN
50851	444	106	Auschwitz	CAMP
50851	447	29	1944	DATE
50851	449	114	camp	GEONOUN
50851	449	150	Majdanek	PLACE
50851	449	266	city	GEONOUN
50851	451	10	city	GEONOUN
50851	451	16	Lublin	CITY
50851	452	0	Lublin	CITY
50851	453	58	Lublin	CITY
50851	453	79	Lublin	CITY
50851	453	207	Lublin	CITY
50851	455	24	barracks	GEONOUN
50851	455	75	crematorium	GEONOUN
50851	455	109	outhouses	GEONOUN
50851	455	171	Poland	COUNTRY
50851	455	186	today	DATE
50851	455	202	1995	DATE
50851	455	223	Poland	COUNTRY
50851	455	242	Lódz	PLACE
50851	455	271	Jewish synagogue	GEONOUN
50851	455	278	synagogue	GEONOUN
50851	455	289	Lódz	PLACE
50851	455	338	Jewish synagogue	GEONOUN
50851	455	345	synagogue	GEONOUN
50851	455	489	Jewish	GEONOUN
50851	455	643	Germany	COUNTRY
50851	455	688	Gauting	CITY
50851	455	768	Poland	COUNTRY
50851	457	16	Poland	COUNTRY
50851	457	244	synagogue	GEONOUN
50851	457	269	Lódz	PLACE
50851	457	279	city	GEONOUN
50851	457	320	synagogue	GEONOUN
50851	458	9	Kraków	CITY
50851	458	35	Auschwitz	CAMP
50851	458	122	Kraków	CITY
50851	458	153	Auschwitz	CAMP
50851	458	173	Kraków	CITY
50851	459	40	Jewish	GEONOUN
50851	459	127	Lódz	PLACE
50851	459	151	Warsaw	CITY
50851	459	200	Kraków	CITY
50851	460	37	Jewish	GEONOUN
50851	460	64	Poland	COUNTRY
50851	460	79	Kraków	CITY
50851	460	105	Auschwitz	CAMP
50851	461	97	school	GEONOUN
50851	461	122	houses	GEONOUN
50851	461	138	house	GEONOUN
50851	462	48	building	GEONOUN
50851	462	186	Warsaw	CITY
50851	465	63	Lódz	PLACE
50851	465	245	50 years	DATE
50851	466	81	50 years	DATE
50851	470	61	Palestine	CITY
50851	470	139	town	GEONOUN
50851	470	599	Jewish	GEONOUN
50851	471	166	that minute	TIME
50851	471	197	Poland	COUNTRY
50851	471	212	the next day	DATE
50851	471	228	two days later	DATE
50851	476	72	synagogue	GEONOUN
50851	476	105	10 minutes	TIME
50851	477	31	month	DATE
50851	478	211	America	COUNTRY
50851	478	360	Kraków	CITY
50851	478	382	Kraków	CITY
50851	478	407	city	GEONOUN
50851	478	466	castle	GEONOUN
50851	478	781	a holiday today	DATE
50851	478	964	the whole day	DATE
50851	478	1170	Jewish	GEONOUN
50851	478	1287	cafe	GEONOUN
50851	479	78	Warsaw	CITY
50851	479	115	Friday	DATE
50851	479	122	night	TIME
50851	479	276	Poland	COUNTRY
50851	479	313	Israel	COUNTRY
50851	479	431	America	COUNTRY
50851	479	445	South Africa	COUNTRY
50851	479	667	upstairs	GEONOUN
50851	479	723	downstairs	GEONOUN
50851	480	32	downstairs	GEONOUN
50851	483	30	country	GEONOUN
50851	483	49	the '49	DATE
50851	483	69	six years	DATE
50851	483	164	33rd Street	PLACE
50851	483	177	33rd	PLACE
50851	483	186	Diamond	PLACE
50851	483	281	Strawberry Mansion	PLACE
50851	483	382	Saturday	DATE
50851	483	392	Sunday	DATE
50851	483	505	camp	GEONOUN
50851	483	513	Feldafing	CAMP
50851	483	828	13 years	DATE
50851	483	930	16	DATE
50851	483	943	33	DATE
50851	486	185	16	DATE
50851	486	287	a half a year later	DATE
50851	486	657	half a year	DATE
50851	486	815	'59	DATE
50851	487	67	Poland	COUNTRY
50851	487	83	Eastern Poland	PLACE
50851	487	103	Russia	COUNTRY
50851	487	155	a few months	DATE
50851	487	169	half a year	DATE
50851	487	282	Russia	COUNTRY
50851	487	305	Uzbekistan	COUNTRY
50851	487	417	the war years	DATE
50851	487	451	Russia	COUNTRY
50851	487	495	1946	DATE
50851	487	626	Poland	COUNTRY
50851	487	654	Kraków	CITY
50851	487	792	Germany	COUNTRY
50851	487	811	couple of months later	DATE
50851	487	933	the United States	COUNTRY
50851	493	90	30 or 35 years	DATE
50851	493	344	camps	GEONOUN
50851	493	428	a couple of years back	DATE
50851	493	588	1949	DATE
50851	493	700	country	GEONOUN
50851	494	134	the Washington Memorial	PLACE
50851	494	321	Poland	COUNTRY
50851	494	635	works	GEONOUN
50851	495	30	1950	DATE
50851	495	181	New Year's	EVENT
50851	495	199	Every New Year's	DATE
50851	495	267	the last four, five years	DATE
50851	495	427	Florida	US-STATE
50851	495	483	February 15	DATE
50851	495	530	Philadelphia	CITY
50851	495	565	Florida	US-STATE
50851	495	621	Florida	US-STATE
50851	495	804	Bahamas	COUNTRY
50851	495	817	Bermudas	PLACE
50851	495	827	Mexico	COUNTRY
50851	495	835	Florida	US-STATE
50851	495	951	this year	DATE
50851	495	1016	train	GEONOUN
50851	495	1037	train	GEONOUN
50851	495	1044	35th Station	PLACE
50851	495	1067	Miami	CITY
50851	495	1074	Hollywood	CITY
50851	495	1085	Hollywood	CITY
50851	495	1096	Florida	US-STATE
50851	495	1113	30 hours	TIME
50851	495	1332	New Year's	DATE
50851	495	1357	February 15	DATE
50851	495	1437	years	DATE
50851	495	1589	Florida	US-STATE
50851	495	1601	two weeks	DATE
50851	496	49	ghetto	GEONOUN
50851	496	68	camps	GEONOUN
50851	500	120	camps	GEONOUN
50851	500	166	yesterday	DATE
50851	500	222	barracks	GEONOUN
50851	500	287	days	DATE
50851	500	344	nights	TIME
50851	500	642	the last 40 years	DATE
50851	504	46	Wynne	PLACE
50851	504	75	years ago	DATE
50851	504	133	Wynnefield	PLACE
50851	505	6	54th Street	PLACE
50851	506	37	apartment	GEONOUN
50851	506	50	13th	PLACE
50851	506	59	Rockland	CITY
50851	506	72	Logan	CITY
50851	506	98	a year and a half	DATE
50851	511	80	'62	DATE
50851	512	0	38	DATE
50851	512	45	'64	DATE
50851	514	8	four and a half	DATE
50851	514	80	two and a half	DATE
50851	514	148	a year in February	DATE
50851	514	200	14, 15 months	DATE
50851	514	215	14 months	DATE
50851	518	27	works	GEONOUN
50851	518	126	Philadelphia	CITY
50851	520	82	Yom Kippur	DATE
50851	520	97	Rosh Hashanah	DATE
50851	521	104	bar	GEONOUN
50851	521	143	synagogue two minutes	GEONOUN
50851	521	153	two minutes	TIME
50851	521	260	synagogue	GEONOUN
50851	526	33	synagogue	GEONOUN
50851	529	173	Passover	EVENT
50851	530	104	camp	GEONOUN
50851	532	54	Holocaust	EVENT
50851	533	0	Today	DATE
50851	533	10	these days	DATE
50851	533	164	every day	DATE
50851	533	181	club	GEONOUN
50851	533	197	treadmill	GEONOUN
50851	533	262	club	GEONOUN
50851	533	281	pool	GEONOUN
50851	536	103	every Monday	DATE
50851	537	58	Monday	DATE
50851	537	77	sometime Wednesday	DATE
50851	539	496	Ocean City	PLACE
50851	539	577	Mexico	COUNTRY
50851	539	585	Bahamas	COUNTRY
50851	539	594	Bermuda	COUNTRY
50851	539	691	summertime	DATE
50851	539	724	Prague	CITY
50851	539	751	Prague	CITY
50851	539	782	Poland	COUNTRY
50851	539	906	Germany	COUNTRY
50851	539	1135	20 years	DATE
50851	540	18	every minute	TIME
50851	540	131	1940, '41	DATE
50851	540	175	2000	DATE
50851	540	255	1940, '41	DATE
50851	546	16	1919	DATE
50851	546	79	the Russian-Polish war	EVENT
50851	548	92	three	DATE
50851	549	25	Lódz	PLACE
50851	549	31	Poland	COUNTRY
50851	550	54	country	GEONOUN
50851	550	65	1949	DATE
50851	551	93	1946	DATE
50851	553	17	13 years old	DATE
50851	553	72	Lódz	PLACE
50851	553	78	Poland	COUNTRY
50851	554	24	bar	GEONOUN
50851	555	38	1945	DATE
50851	555	47	Rome	CITY
50851	555	53	Italy	COUNTRY
50851	555	78	Jewish	GEONOUN
50851	555	122	Israel	COUNTRY
50851	555	136	Palestine	CITY
50851	558	44	Poland	COUNTRY
50851	558	54	1995	DATE
50851	558	117	school	GEONOUN
50851	561	44	1945	DATE
50851	561	53	Lódz	PLACE
50851	561	59	Poland	COUNTRY
50851	561	104	Jewish synagogue	GEONOUN
50851	561	111	synagogue	GEONOUN
50851	561	124	Lódz	PLACE
50851	561	183	Jewish synagogue	GEONOUN
50851	561	190	synagogue	GEONOUN
50851	562	45	1995	DATE
50851	562	71	Poland	COUNTRY
50851	563	16	Birkenau	CAMP
50851	564	66	1995	DATE
50851	564	104	Poland	COUNTRY
50851	564	138	Birkenau	CAMP
50851	565	20	Poland	COUNTRY
50851	565	30	'95	DATE
50851	565	46	Warsaw	CITY
50851	565	82	Jewish	GEONOUN
50851	565	130	Jewish	GEONOUN
50851	565	149	Poland	COUNTRY
50851	565	205	his good 90s	DATE
50851	567	93	Poland	COUNTRY
50851	567	207	room apartment	GEONOUN
50851	567	212	apartment	GEONOUN
50851	567	393	'95	DATE
50851	568	26	end of February, 1949	DATE
50851	568	61	3 SECONDS	DATE
50851	568	100	Germany	COUNTRY
50851	568	132	10 days	DATE
50851	568	145	the next day	DATE
50851	568	285	the next day	DATE
50851	570	27	fall	GEONOUN
