FileID	AnswerID	StartCharPos	Entity	Type
50901	8	14	Trebusan--	PLACE
50901	8	25	Trebusany	PLACE
50901	10	16	Czechoslovakia--	PLACE
50901	12	10	Sighet	PLACE
50901	12	21	Rakhiv	CITY
50901	12	40	Rakhiv	CITY
50901	12	59	Czechoslovakia	COUNTRY
50901	12	78	Sighet	PLACE
50901	12	89	those days	DATE
50901	12	138	Romania	COUNTRY
50901	13	0	October 28, '25	DATE
50901	14	16	73	DATE
50901	14	54	a year	DATE
50901	18	321	13	DATE
50901	18	335	bar	GEONOUN
50901	18	348	this day	DATE
50901	19	23	about 15 years older	DATE
50901	20	26	yard	GEONOUN
50901	21	18	main street	GEONOUN
50901	21	110	town	GEONOUN
50901	22	140	room	GEONOUN
50901	22	191	room	GEONOUN
50901	22	318	porch	GEONOUN
50901	23	77	school	GEONOUN
50901	23	96	school	GEONOUN
50901	23	193	summer	DATE
50901	23	209	winter	DATE
50901	24	104	house	GEONOUN
50901	24	309	Shabbos	DATE
50901	24	416	the wintertime	DATE
50901	24	462	Romania	COUNTRY
50901	25	33	country	GEONOUN
50901	25	42	country	GEONOUN
50901	25	237	today	DATE
50901	25	351	Europe	CONTINENT
50901	25	422	school	GEONOUN
50901	25	436	school	GEONOUN
50901	25	631	farms	GEONOUN
50901	25	648	farms	GEONOUN
50901	25	710	summer	DATE
50901	25	721	winter	DATE
50901	27	44	mountains	GEONOUN
50901	27	199	Europe	CONTINENT
50901	27	292	wood	GEONOUN
50901	27	328	wood	GEONOUN
50901	27	409	house	GEONOUN
50901	27	578	1938	DATE
50901	27	610	1937	DATE
50901	28	138	1943	DATE
50901	28	282	house	GEONOUN
50901	28	331	town	GEONOUN
50901	28	403	town	GEONOUN
50901	28	605	Germany	COUNTRY
50901	30	24	house	GEONOUN
50901	31	161	1933	DATE
50901	31	170	Germany	COUNTRY
50901	32	12	1940	DATE
50901	38	22	Europe	CONTINENT
50901	38	181	those days	DATE
50901	39	40	Pesach	EVENT
50901	39	51	weeks	DATE
50901	39	73	Pesach	EVENT
50901	39	319	Pesach	EVENT
50901	39	375	town	GEONOUN
50901	39	419	town	GEONOUN
50901	39	523	every day--	DATE
50901	40	281	house	GEONOUN
50901	40	327	town	GEONOUN
50901	40	822	house	GEONOUN
50901	40	1463	Pesach	DATE
50901	40	1486	Pesach	DATE
50901	40	1588	Pesach	DATE
50901	40	1701	the afternoon	TIME
50901	40	1799	the afternoon	TIME
50901	42	126	10 years	DATE
50901	42	273	10 years old	DATE
50901	42	324	house	GEONOUN
50901	42	520	the winter	DATE
50901	42	554	basement	GEONOUN
50901	42	578	basement	GEONOUN
50901	42	642	the whole year	DATE
50901	43	13	basement	GEONOUN
50901	43	49	basement	GEONOUN
50901	43	111	United States	COUNTRY
50901	43	330	apartment	GEONOUN
50901	43	381	apartments	GEONOUN
50901	44	58	every week	DATE
50901	44	192	house	GEONOUN
50901	44	227	porch	GEONOUN
50901	46	90	19-- 1930--	DATE
50901	46	105	'30s	DATE
50901	46	184	certain hours	TIME
50901	46	211	night	TIME
50901	48	61	house	GEONOUN
50901	48	99	house	GEONOUN
50901	48	131	post office	GEONOUN
50901	48	153	post office	GEONOUN
50901	48	200	house	GEONOUN
50901	48	404	post office	GEONOUN
50901	50	43	Palestine	CITY
50901	52	145	night	TIME
50901	52	259	about 18	DATE
50901	54	19	school	GEONOUN
50901	55	38	Christmastime	DATE
50901	56	48	Christmastime	DATE
50901	57	184	school	GEONOUN
50901	57	292	school Shabbos	GEONOUN
50901	57	299	Shabbos	DATE
50901	57	319	Shabbos	DATE
50901	57	444	1938	DATE
50901	58	3	1938	DATE
50901	58	36	Ukraine	COUNTRY
50901	58	128	town	GEONOUN
50901	58	192	years ago--	DATE
50901	58	249	Hungary	COUNTRY
50901	58	292	the First World War	EVENT
50901	59	36	'38	DATE
50901	59	75	Ukraine	COUNTRY
50901	59	245	1938	DATE
50901	61	17	one day	DATE
50901	61	107	night	TIME
50901	62	77	train	GEONOUN
50901	62	154	basement	GEONOUN
50901	62	218	windows	GEONOUN
50901	62	297	house	GEONOUN
50901	63	4	a week later--	DATE
50901	69	341	town	GEONOUN
50901	69	613	hometown	GEONOUN
50901	70	58	theater	GEONOUN
50901	70	74	theater	GEONOUN
50901	70	107	the wintertime	DATE
50901	72	167	house	GEONOUN
50901	72	225	house	GEONOUN
50901	74	27	1943-- 1944	DATE
50901	75	157	Jewish	GEONOUN
50901	78	128	town	GEONOUN
50901	79	53	Friday	DATE
50901	79	60	morning	TIME
50901	79	141	the morning	TIME
50901	79	161	morning	TIME
50901	79	170	Friday	DATE
50901	79	177	morning	TIME
50901	79	396	that Friday	DATE
50901	79	439	house	GEONOUN
50901	79	452	Shabbos	EVENT
50901	79	522	store	GEONOUN
50901	79	539	street	GEONOUN
50901	79	560	store	GEONOUN
50901	79	847	night	TIME
50901	79	925	house	GEONOUN
50901	79	1263	night	TIME
50901	79	1274	Shabbos morning	DATE
50901	80	106	house	GEONOUN
50901	80	122	barracks	GEONOUN
50901	80	191	Friday	DATE
50901	80	198	night	TIME
50901	80	268	Shabbos morning	TIME
50901	80	448	Shabbos morning	TIME
50901	81	72	Shabbos	DATE
50901	83	199	town	GEONOUN
50901	83	317	those days	DATE
50901	83	427	camp	GEONOUN
50901	83	492	1940	DATE
50901	83	590	hospital	GEONOUN
50901	83	619	house	GEONOUN
50901	84	28	town	GEONOUN
50901	84	125	fields	GEONOUN
50901	84	145	corn field	GEONOUN
50901	84	205	Russia	COUNTRY
50901	84	225	Poland	COUNTRY
50901	84	353	hospital	GEONOUN
50901	84	775	camp	GEONOUN
50901	84	795	Russia	COUNTRY
50901	84	853	Russia	COUNTRY
50901	84	865	Poland	COUNTRY
50901	84	935	Russia	COUNTRY
50901	84	1096	yard	GEONOUN
50901	84	1133	Hungary	COUNTRY
50901	84	1164	Sudetengebiet	PLACE
50901	86	53	Germany	COUNTRY
50901	86	71	Germany	COUNTRY
50901	86	138	Germany	COUNTRY
50901	86	353	Hungary	COUNTRY
50901	87	27	1943-- 40-- '43 to '44	DATE
50901	89	56	Pesach	DATE
50901	89	112	the day before Pesach	DATE
50901	91	14	town	GEONOUN
50901	91	191	house	GEONOUN
50901	92	162	Russia	COUNTRY
50901	92	215	Kiev	PLACE
50901	92	462	Pesach	DATE
50901	92	480	the night before Pes--	TIME
50901	94	7	Pesach	DATE
50901	94	82	house	GEONOUN
50901	94	209	house	GEONOUN
50901	94	414	only a couple of days	DATE
50901	94	605	Pesach	DATE
50901	94	689	Pesach	DATE
50901	94	706	the last night	TIME
50901	94	724	Pesach	DATE
50901	94	999	room	GEONOUN
50901	94	1120	houses	GEONOUN
50901	94	1132	Jewish houses	GEONOUN
50901	94	1139	houses	GEONOUN
50901	94	1196	town	GEONOUN
50901	94	1329	room	GEONOUN
50901	94	1444	the night	TIME
50901	94	1462	the morning	TIME
50901	94	1475	early in the morning	TIME
50901	94	1615	town	GEONOUN
50901	94	1651	town	GEONOUN
50901	94	1667	Rakhiv	CITY
50901	94	1680	town	GEONOUN
50901	94	1868	pass	GEONOUN
50901	94	1881	town	GEONOUN
50901	94	1939	Poland	COUNTRY
50901	95	31	that couple of days	DATE
50901	95	95	Germany	COUNTRY
50901	95	323	house	GEONOUN
50901	95	384	Europe	CONTINENT
50901	95	571	the same day	DATE
50901	95	651	town	GEONOUN
50901	95	826	house	GEONOUN
50901	95	1116	hospital	GEONOUN
50901	95	1219	hospital	GEONOUN
50901	95	1231	Sighet	PLACE
50901	95	1331	Pesach	EVENT
50901	95	1539	town	GEONOUN
50901	95	1553	house	GEONOUN
50901	95	1571	street	GEONOUN
50901	95	1597	house	GEONOUN
50901	95	1682	ghetto	GEONOUN
50901	96	0	Mátészalka	CITY
50901	96	24	Hungary	COUNTRY
50901	96	42	about five, six hours	TIME
50901	96	64	train	GEONOUN
50901	96	127	Satu Mare	CITY
50901	96	164	Sighet	PLACE
50901	96	210	Satu Mare	CITY
50901	96	279	Sighet	PLACE
50901	96	303	Satu Mare	CITY
50901	96	321	Satu Mare	CITY
50901	96	365	hospital	GEONOUN
50901	97	24	hospital	GEONOUN
50901	97	404	train	GEONOUN
50901	97	446	Satu Mare	CITY
50901	97	457	Feldman	PLACE
50901	97	532	hospital	GEONOUN
50901	97	591	Mátészalka	CITY
50901	97	602	ghetto	GEONOUN
50901	97	622	six weeks	DATE
50901	98	42	ghetto	GEONOUN
50901	98	350	room	GEONOUN
50901	98	367	attic	GEONOUN
50901	98	384	attic	GEONOUN
50901	99	251	attic	GEONOUN
50901	99	278	Shavuot	DATE
50901	99	302	Pesach	PLACE
50901	99	313	Shavuot	PLACE
50901	99	816	farms	GEONOUN
50901	100	23	Mátészalka	CITY
50901	100	34	ghetto	GEONOUN
50901	106	215	farms	GEONOUN
50901	106	356	ghetto	GEONOUN
50901	106	419	ghetto	GEONOUN
50901	107	414	ghetto	GEONOUN
50901	107	601	attic	GEONOUN
50901	107	1040	ghetto	GEONOUN
50901	107	1165	farm	GEONOUN
50901	107	1393	yet another week	DATE
50901	107	1951	ghetto	GEONOUN
50901	107	2148	ghetto	GEONOUN
50901	107	2179	Auschwitz	CAMP
50901	108	255	Auschwitz	CAMP
50901	108	277	three days	DATE
50901	108	416	train	GEONOUN
50901	108	583	last week	DATE
50901	108	659	three days	DATE
50901	108	1008	train	GEONOUN
50901	109	7	train	GEONOUN
50901	109	409	five years old	DATE
50901	111	0	Three days.	DATE
50901	112	34	train	GEONOUN
50901	112	227	morning	TIME
50901	112	251	night	TIME
50901	112	273	day	DATE
50901	112	489	train	GEONOUN
50901	112	551	three days	DATE
50901	112	567	train	GEONOUN
50901	113	14	daytime	TIME
50901	113	363	Jewish	GEONOUN
50901	113	413	1934-33	DATE
50901	113	431	Warsaw	CITY
50901	113	438	ghetto	GEONOUN
50901	113	561	28 years old	DATE
50901	113	1501	town	GEONOUN
50901	115	884	camp	GEONOUN
50901	115	903	barracks	GEONOUN
50901	115	1118	block	GEONOUN
50901	115	1549	the whole night	TIME
50901	115	1702	Auschwitz	CAMP
50901	116	36	Satu Mare	CITY
50901	116	118	hospital	GEONOUN
50901	116	205	Satu Mare	CITY
50901	116	220	Satu Mare's	PLACE
50901	116	311	4:00 in the morning	TIME
50901	116	334	Auschwitz	CAMP
50901	116	357	Zahlappell	PLACE
50901	116	463	every morning	TIME
50901	118	258	every morning	TIME
50901	119	27	about an hour	TIME
50901	120	10	an hour--	TIME
50901	120	30	an hour	TIME
50901	120	100	an hour	TIME
50901	120	325	1933	DATE
50901	120	564	rough	GEONOUN
50901	121	171	Auschwitz	CAMP
50901	121	265	house	GEONOUN
50901	121	447	Auschwitz	CAMP
50901	121	524	ship	GEONOUN
50901	122	121	Stutthof	CAMP
50901	122	194	1944	DATE
50901	122	260	1943	DATE
50901	122	269	'44	DATE
50901	122	484	Auschwitz	CAMP
50901	123	402	block	GEONOUN
50901	124	201	barracks	GEONOUN
50901	124	213	winter	DATE
50901	124	598	Theresienstadt	CAMP
50901	124	636	Auschwitz	CAMP
50901	124	663	one night	TIME
50901	124	856	crematorium	GEONOUN
50901	124	1216	Theresienstadt	CAMP
50901	125	28	Auschwitz	CAMP
50901	125	100	Shavuot	DATE
50901	125	136	May	DATE
50901	125	151	the end of May	DATE
50901	126	38	Jewish	GEONOUN
50901	126	141	Shavuot	DATE
50901	126	175	Auschwitz	CAMP
50901	126	190	three days after	DATE
50901	126	218	Auschwitz	CAMP
50901	126	263	about two weeks	DATE
50901	126	319	Theresienstadt	CAMP
50901	126	334	camp	GEONOUN
50901	126	389	a couple of days	DATE
50901	127	17	the morning	TIME
50901	128	117	divide	GEONOUN
50901	128	175	brick	GEONOUN
50901	128	298	the morning	TIME
50901	128	943	Auschwitz	CAMP
50901	128	1057	six weeks	DATE
50901	128	1070	Auschwitz	CAMP
50901	128	1174	Auschwitz	CAMP
50901	128	1188	one morning--	TIME
50901	128	1341	every morning	TIME
50901	130	38	the morning	TIME
50901	130	60	today	DATE
50901	130	66	5 o'clock in the morning	TIME
50901	130	115	last night	TIME
50901	130	173	Auschwitz	CAMP
50901	130	211	Auschwitz	CAMP
50901	130	288	barracks	GEONOUN
50901	130	361	ground	GEONOUN
50901	130	857	camp	GEONOUN
50901	130	1270	barracks	GEONOUN
50901	130	2215	the next day	DATE
50901	130	2473	crematorium	GEONOUN
50901	130	2948	that day	DATE
50901	130	2992	Stutthof	CAMP
50901	131	59	a day	DATE
50901	131	84	the night	TIME
50901	131	158	Stutthof	CAMP
50901	131	182	camp	GEONOUN
50901	131	339	Auschwitz	CAMP
50901	131	458	camp	GEONOUN
50901	131	476	camp	GEONOUN
50901	131	502	a couple of days	DATE
50901	131	522	camp	GEONOUN
50901	131	546	every day	DATE
50901	131	584	camp	GEONOUN
50901	131	621	the whole day	DATE
50901	131	741	Danzig	CAMP
50901	131	1112	farm	GEONOUN
50901	131	1128	farms	GEONOUN
50901	131	1152	farm	GEONOUN
50901	131	1287	slide	GEONOUN
50901	131	1357	farm	GEONOUN
50901	131	1410	lunchtime	TIME
50901	131	1461	farm	GEONOUN
50901	131	1647	house	GEONOUN
50901	131	2109	room	GEONOUN
50901	131	2225	room	GEONOUN
50901	133	13	farm	GEONOUN
50901	133	267	country	GEONOUN
50901	133	514	farm	GEONOUN
50901	133	922	factory	GEONOUN
50901	133	1066	4:00 in the morning	TIME
50901	133	1259	fields	GEONOUN
50901	133	1285	Trebusany	PLACE
50901	133	1320	town	GEONOUN
50901	133	1492	farm	GEONOUN
50901	133	1505	farm	GEONOUN
50901	133	1952	camp	GEONOUN
50901	133	1981	Poland	COUNTRY
50901	133	2054	garden	GEONOUN
50901	133	2148	about four or five weeks	DATE
50901	133	2223	June, July	DATE
50901	133	2242	the beginning of August	DATE
50901	133	2277	August	DATE
50901	134	41	'44	DATE
50901	134	196	Stutthof	CAMP
50901	135	212	church	GEONOUN
50901	135	222	Sundays	DATE
50901	135	298	church	GEONOUN
50901	135	348	Stutthof	CAMP
50901	135	521	Stutthof	CAMP
50901	135	538	camp	GEONOUN
50901	135	563	camp about a week	GEONOUN
50901	135	568	about a week	DATE
50901	136	20	camp	GEONOUN
50901	136	70	barracks	GEONOUN
50901	136	235	Stutthof	CAMP
50901	136	264	crematorium	GEONOUN
50901	136	279	Stutthof	CAMP
50901	136	327	room	GEONOUN
50901	136	431	Stutthof	CAMP
50901	136	468	Panzer	PLACE
50901	136	487	Elbing	CAMP
50901	139	41	September	DATE
50901	139	118	every morning	TIME
50901	139	137	lunchtime	TIME
50901	139	344	about a couple of weeks	DATE
50901	139	369	about two, three weeks	DATE
50901	139	462	Stutthof	CAMP
50901	139	497	Stutthof	CAMP
50901	140	12	around 8 o'clock	TIME
50901	140	46	around 5-- or	TIME
50901	140	60	5, 6 o'clock	TIME
50901	140	537	Elbing	CAMP
50901	140	823	Stutthof	CAMP
50901	140	842	Stutthof	CAMP
50901	140	969	Germany	COUNTRY
50901	141	79	five in a	TIME
50901	141	202	town	GEONOUN
50901	141	257	Germany	COUNTRY
50901	141	553	nighttime	TIME
50901	141	587	farm	GEONOUN
50901	141	600	farm	GEONOUN
50901	142	2	barn	GEONOUN
50901	142	42	nighttime	TIME
50901	142	154	fall	GEONOUN
50901	142	492	summertime	DATE
50901	142	513	country	GEONOUN
50901	143	21	one night	TIME
50901	143	55	the other night	TIME
50901	143	81	one night	TIME
50901	143	111	church	GEONOUN
50901	143	131	hill	GEONOUN
50901	143	161	church overnight	GEONOUN
50901	143	168	overnight	TIME
50901	143	305	Christmastime	DATE
50901	143	327	New Year's	EVENT
50901	143	416	Lithuania	COUNTRY
50901	143	472	town	GEONOUN
50901	143	487	church	GEONOUN
50901	143	700	town	GEONOUN
50901	143	817	town	GEONOUN
50901	143	917	house	GEONOUN
50901	143	1023	town	GEONOUN
50901	143	1090	early in the morning	TIME
50901	143	1464	church	GEONOUN
50901	143	1595	barn	GEONOUN
50901	144	325	farms	GEONOUN
50901	144	356	the morning	TIME
50901	144	422	the afternoon	TIME
50901	144	509	barn	GEONOUN
50901	144	806	one day	DATE
50901	144	1126	town	GEONOUN
50901	144	1303	17	DATE
50901	144	1307	18 years old	DATE
50901	144	1567	the next day	DATE
50901	144	1885	about the next couple of days	DATE
50901	144	1994	one morning	TIME
50901	145	9	Ukraine	COUNTRY
50901	145	191	one day	DATE
50901	145	407	town	GEONOUN
50901	145	457	town	GEONOUN
50901	145	514	barn	GEONOUN
50901	145	564	barn	GEONOUN
50901	145	720	villa	GEONOUN
50901	145	745	house	GEONOUN
50901	145	1519	town	GEONOUN
50901	145	1553	house	GEONOUN
50901	145	1573	town	GEONOUN
50901	145	1661	houses	GEONOUN
50901	145	1738	house	GEONOUN
50901	145	1869	house	GEONOUN
50901	145	2025	houses	GEONOUN
50901	145	2173	every day	DATE
50901	145	2411	grave	GEONOUN
50901	145	2434	grave	GEONOUN
50901	145	2468	grave	GEONOUN
50901	145	2542	grave	GEONOUN
50901	145	2695	every couple hours	TIME
50901	145	2783	house	GEONOUN
50901	145	2792	house	GEONOUN
50901	145	3024	a nice couple of weeks	DATE
50901	145	3343	house	GEONOUN
50901	145	3480	Sighet	PLACE
50901	145	3596	train	GEONOUN
50901	145	3625	train	GEONOUN
50901	145	3714	bench	GEONOUN
50901	145	3792	Sighet	PLACE
50901	145	3809	town	GEONOUN
50901	145	3995	Sighet	PLACE
50901	145	4203	Bergen-Belsen	CAMP
50901	145	4256	camps	GEONOUN
50901	145	4479	one day	DATE
50901	145	4511	town	GEONOUN
50901	145	4531	town	GEONOUN
50901	145	4558	town	GEONOUN
50901	145	4590	house	GEONOUN
50901	145	4962	morning	TIME
50901	145	5021	Sighet	PLACE
50901	145	5103	Russia	COUNTRY
50901	145	5173	Russia	COUNTRY
50901	145	5216	one night	TIME
50901	145	5310	Sighet	PLACE
50901	145	5326	Sighet	PLACE
50901	145	5517	camps	GEONOUN
50901	145	5645	Auschwitz	CAMP
50901	145	5682	Bergen--	PLACE
50901	145	5701	Auschwitz	CAMP
50901	145	5745	Bergen-Belsen	CAMP
50901	145	5820	Prague	CITY
50901	147	259	Prague	CITY
50901	147	333	Sighet	PLACE
50901	147	428	Sighet	PLACE
50901	147	493	Sighet	PLACE
50901	147	622	Schonbach	PLACE
50901	147	1051	Schonbach	PLACE
50901	147	1087	house	GEONOUN
50901	147	1377	Russia	COUNTRY
50901	147	1556	pass	GEONOUN
50901	147	1633	Schonbach	PLACE
50901	147	1760	Bratislava	CITY
50901	147	1775	Bratislava	CITY
50901	147	1942	Shabbos	DATE
50901	147	2030	Shabbos	DATE
50901	147	2043	all week	DATE
50901	150	16	Schonbach	PLACE
50901	151	218	Shabbos	DATE
50901	151	266	all week	DATE
50901	151	531	Landsberg	CAMP
50901	151	562	Landsberg	CAMP
50901	151	573	Landsberg--	PLACE
50901	152	22	Landsberg	CAMP
50901	153	11	Landsberg	CAMP
50901	153	36	Schonbach	PLACE
50901	153	52	Asch	PLACE
50901	153	103	Israel	COUNTRY
50901	153	149	Israel	COUNTRY
50901	153	236	Germany	COUNTRY
50901	153	247	Landsberg	CAMP
50901	153	297	Jewish	GEONOUN
50901	153	411	barracks	GEONOUN
50901	154	9	camps	GEONOUN
50901	155	42	camps	GEONOUN
50901	155	82	camps	GEONOUN
50901	155	179	Palestine	CITY
50901	155	255	Landsberg	CAMP
50901	156	43	camp	GEONOUN
50901	156	51	Landsberg	CAMP
50901	158	61	country	GEONOUN
50901	159	56	country	GEONOUN
50901	159	294	Landsberg	CAMP
50901	160	116	school	GEONOUN
50901	160	408	school	GEONOUN
50901	160	424	school	GEONOUN
50901	160	578	Jewish	GEONOUN
50901	161	20	1947	DATE
50901	163	519	Windsheim	PLACE
50901	163	556	Windsheim	PLACE
50901	163	841	garage	GEONOUN
50901	163	939	two weeks	DATE
50901	164	3	the United States	COUNTRY
50901	164	29	1950	DATE
50901	164	62	Paris	CITY
50901	164	95	Montmorency	CITY
50901	164	113	Paris	CITY
50901	164	171	Germany	COUNTRY
50901	164	187	America	COUNTRY
50901	164	253	France	COUNTRY
50901	164	277	Germany	COUNTRY
50901	164	288	France	COUNTRY
50901	164	312	France	COUNTRY
50901	164	346	Germany	COUNTRY
50901	164	386	France	COUNTRY
50901	164	427	Germany	COUNTRY
50901	164	449	two years	DATE
50901	164	467	France	COUNTRY
50901	164	592	America	COUNTRY
50901	164	762	seven months old	DATE
50901	166	853	America	COUNTRY
50901	166	865	boat	GEONOUN
50901	166	875	France	COUNTRY
50901	166	895	Grasse	CITY
50901	166	907	boat	GEONOUN
50901	166	928	boat	GEONOUN
50901	166	1087	every day	DATE
50901	166	1149	boat	GEONOUN
50901	166	1355	States	PLACE
50901	166	1442	a couple of weeks	DATE
50901	167	288	school	GEONOUN
50901	167	309	school	GEONOUN
50901	167	326	school	GEONOUN
50901	167	369	college	GEONOUN
50901	167	419	Washington	US-STATE
50901	168	227	Joint	PLACE
50901	168	345	1940-- '48	DATE
50901	168	357	'49	DATE
50901	168	368	States	PLACE
50901	169	225	about a couple of years ago	DATE
50901	169	449	a year later	DATE
50901	169	872	America	COUNTRY
50901	169	906	country	GEONOUN
50901	170	283	Israel	COUNTRY
50901	170	610	Israel	COUNTRY
50901	171	312	America	COUNTRY
50901	173	291	1948	DATE
50901	173	467	school	GEONOUN
50901	173	490	today	DATE
50901	173	650	Stutthof	CAMP
50901	173	692	exactly the year	DATE
50901	173	817	a day	DATE
50901	173	958	Monsey	CITY
