FileID	AnswerID	StartCharPos	Entity	Type
51085	4	5	the 10th of December 1915	DATE
51085	5	3	Kingsland Road	PLACE
51085	5	19	Shoreditch	PLACE
51085	5	31	London	CITY
51085	6	14	London	CITY
51085	6	30	England	PLACE
51085	9	97	Warsaw	CITY
51085	9	166	village	GEONOUN
51085	10	133	England	PLACE
51085	11	0	1909	DATE
51085	11	14	1909	DATE
51085	13	39	Shoreditch	PLACE
51085	13	77	Liverpool Street	PLACE
51085	13	103	London	CITY
51085	13	132	area	GEONOUN
51085	13	270	upstairs	GEONOUN
51085	13	357	flat	GEONOUN
51085	13	504	flat	GEONOUN
51085	22	144	Kingsland Road	PLACE
51085	22	601	the evening	TIME
51085	24	9	Jewish	GEONOUN
51085	24	150	Jewish	GEONOUN
51085	24	338	area	GEONOUN
51085	24	348	salon	GEONOUN
51085	25	85	area	GEONOUN
51085	25	91	Hoxton--	PLACE
51085	25	132	Hoxton	PLACE
51085	25	159	Hoxton	PLACE
51085	25	166	market	GEONOUN
51085	25	177	Hoxton	PLACE
51085	25	330	area	GEONOUN
51085	28	0	Those days	DATE
51085	28	65	Those days	DATE
51085	28	149	school	GEONOUN
51085	28	205	Those days	DATE
51085	29	112	Poland	COUNTRY
51085	29	122	the 1907, 1908	DATE
51085	29	253	Roman Road	PLACE
51085	29	290	Bethnal Green	CITY
51085	30	24	salon	GEONOUN
51085	34	386	those days	DATE
51085	36	34	school	GEONOUN
51085	36	97	Shoreditch	PLACE
51085	36	126	road	GEONOUN
51085	36	139	Stamford Hill	CITY
51085	36	173	Shoreditch	PLACE
51085	36	206	area	GEONOUN
51085	36	242	area	GEONOUN
51085	36	277	school	GEONOUN
51085	36	331	the weekends	DATE
51085	36	391	the weekends	DATE
51085	36	409	the weekends	DATE
51085	36	432	Friday	DATE
51085	36	440	Saturday	DATE
51085	36	449	up to 9 o'clock	TIME
51085	36	470	Sunday	DATE
51085	36	477	up to 4 o'clock	TIME
51085	36	510	the full weekend	DATE
51085	37	223	wharf	GEONOUN
51085	37	279	bridge	GEONOUN
51085	37	316	bridge	GEONOUN
51085	37	329	wharf	GEONOUN
51085	38	378	the First War	EVENT
51085	38	582	flat area	GEONOUN
51085	38	587	area	GEONOUN
51085	38	856	corner	GEONOUN
51085	38	1081	13	DATE
51085	38	1582	room	GEONOUN
51085	38	1599	this day	DATE
51085	41	151	the First War	EVENT
51085	42	264	upstairs	GEONOUN
51085	42	304	building	GEONOUN
51085	42	435	ground	GEONOUN
51085	42	485	salon	GEONOUN
51085	42	520	salon	GEONOUN
51085	42	1100	those days	DATE
51085	46	10	school	GEONOUN
51085	46	54	corner	GEONOUN
51085	47	59	Jewish	GEONOUN
51085	47	79	Hoxton	PLACE
51085	47	101	Hoxton	PLACE
51085	47	111	those days	DATE
51085	49	167	school	GEONOUN
51085	49	197	Jewish	GEONOUN
51085	49	256	corner	GEONOUN
51085	50	91	Jewish	GEONOUN
51085	52	36	school	GEONOUN
51085	53	218	school	GEONOUN
51085	53	266	Jewish	GEONOUN
51085	53	297	Enfield Road	PLACE
51085	53	330	school	GEONOUN
51085	54	380	school	GEONOUN
51085	55	35	every Thursday	DATE
51085	55	54	many years	DATE
51085	55	100	bar	GEONOUN
51085	55	214	bar	GEONOUN
51085	55	247	New North Road Synagogue	PLACE
51085	55	273	New North Road--	PLACE
51085	55	304	New North Road Synagogue	PLACE
51085	55	349	bar	GEONOUN
51085	57	24	works	GEONOUN
51085	57	65	bar	GEONOUN
51085	57	84	salon	GEONOUN
51085	57	112	house	GEONOUN
51085	58	83	those days	DATE
51085	58	133	house	GEONOUN
51085	60	310	bar	GEONOUN
51085	61	77	those days	DATE
51085	61	201	school	GEONOUN
51085	61	253	school	GEONOUN
51085	61	270	school	GEONOUN
51085	64	93	school	GEONOUN
51085	65	10	14	DATE
51085	65	52	school	GEONOUN
51085	65	107	16	DATE
51085	67	126	England	PLACE
51085	67	619	England	PLACE
51085	67	771	nearly 15 years of age	DATE
51085	68	165	15 years	DATE
51085	71	40	the West End	PLACE
51085	71	64	Conduit Street	PLACE
51085	71	343	the West End	PLACE
51085	71	365	those days	DATE
51085	71	395	West End	CITY
51085	74	22	gap	GEONOUN
51085	74	74	one second	TIME
51085	74	186	Gray's Inn Road	PLACE
51085	74	259	salon	GEONOUN
51085	74	813	Hyde Park	CITY
51085	75	355	house	GEONOUN
51085	75	498	salon	GEONOUN
51085	75	507	Grafton Street	PLACE
51085	75	552	Bond Street	PLACE
51085	75	565	Grafton	CITY
51085	75	621	salon	GEONOUN
51085	75	657	salons	GEONOUN
51085	75	674	salon	GEONOUN
51085	75	683	Wood Green	CITY
51085	75	767	salons	GEONOUN
51085	75	777	Kingsland Road	PLACE
51085	75	805	those days	DATE
51085	75	852	Sunday	DATE
51085	75	872	a seven day--	DATE
51085	75	899	seven day	DATE
51085	75	917	a six day	DATE
51085	75	984	salon	GEONOUN
51085	75	1019	Kingsland Road	PLACE
51085	75	1069	a Saturday	DATE
51085	76	16	Grafton Street	PLACE
51085	76	103	Grafton Street	PLACE
51085	78	291	salon	GEONOUN
51085	78	300	Grafton Street	PLACE
51085	78	407	Grafton Street	PLACE
51085	78	445	the West End	PLACE
51085	78	491	18	DATE
51085	78	554	the West End	PLACE
51085	78	741	evening	TIME
51085	78	856	Palladium	PLACE
51085	78	878	Palladium	PLACE
51085	78	963	those days	DATE
51085	78	1081	tomorrow	DATE
51085	78	1354	next day	DATE
51085	78	1366	Grafton Street	PLACE
51085	78	1441	four years	DATE
51085	78	1596	England	PLACE
51085	78	1742	field	GEONOUN
51085	78	1805	Brussels	CITY
51085	78	2247	Paris	CITY
51085	78	2254	Brussels	CITY
51085	79	151	salon	GEONOUN
51085	81	229	London	CITY
51085	82	46	'30--	DATE
51085	82	75	'39	DATE
51085	82	87	'	DATE
51085	82	161	'40	DATE
51085	82	170	'40	DATE
51085	82	194	'40	DATE
51085	82	199	June	DATE
51085	83	351	Poland	COUNTRY
51085	86	19	the '30s	DATE
51085	86	46	the '30s	DATE
51085	87	25	Warsaw	CITY
51085	90	125	Poland	COUNTRY
51085	91	27	Those days	DATE
51085	91	275	two week	DATE
51085	91	435	East Ham	PLACE
51085	92	27	20	DATE
51085	92	31	24	DATE
51085	92	35	23	DATE
51085	92	395	June	DATE
51085	92	445	'	DATE
51085	92	446	40	DATE
51085	94	37	area	GEONOUN
51085	95	343	Catterick--	PLACE
51085	95	364	Catterick	PLACE
51085	95	495	those days	DATE
51085	95	1063	pass	GEONOUN
51085	95	1105	two years	DATE
51085	95	1151	a year	DATE
51085	95	1224	six months	DATE
51085	96	518	Catterick	PLACE
51085	96	678	pass	GEONOUN
51085	96	729	Catterick	PLACE
51085	96	1226	four months	DATE
51085	96	1625	those days	DATE
51085	96	1639	France	COUNTRY
51085	96	1724	four months--	DATE
51085	97	27	one weeks	DATE
51085	100	227	Liverpool	CITY
51085	102	57	'43	DATE
51085	102	81	'43	DATE
51085	102	93	43	DATE
51085	107	72	those days	DATE
51085	107	483	towers	GEONOUN
51085	107	513	tower	GEONOUN
51085	107	636	foot	GEONOUN
51085	107	650	tower	GEONOUN
51085	108	186	ground	GEONOUN
51085	108	313	flat	GEONOUN
51085	108	590	edge	GEONOUN
51085	108	609	tower	GEONOUN
51085	108	769	edge	GEONOUN
51085	108	1388	falls	GEONOUN
51085	112	19	Jewish	GEONOUN
51085	113	48	Jewish	GEONOUN
51085	113	147	Jewish	GEONOUN
51085	113	538	one evening	TIME
51085	114	490	a year ago	DATE
51085	114	955	six years	DATE
51085	120	7	'40-- '44	DATE
51085	120	125	'44	DATE
51085	121	0	'39. '39	DATE
51085	122	19	three years	DATE
51085	122	32	About '42	DATE
51085	123	11	'42	DATE
51085	125	339	parts	GEONOUN
51085	125	353	England	PLACE
51085	125	453	Ascot	CITY
51085	125	565	Ascot	CITY
51085	126	4	Six months	DATE
51085	130	14	D-Day	DATE
51085	130	123	London	CITY
51085	130	209	Tilbury	PLACE
51085	131	22	D-Day	EVENT
51085	132	453	boat	GEONOUN
51085	132	476	boat	GEONOUN
51085	132	503	boat	GEONOUN
51085	132	558	Thames	PLACE
51085	132	593	Tilbury	PLACE
51085	132	642	beaches	GEONOUN
51085	132	672	corner	GEONOUN
51085	132	693	channel	GEONOUN
51085	137	74	Jewish	GEONOUN
51085	137	115	Jewish	GEONOUN
51085	140	8	Tilbury	PLACE
51085	140	198	area	GEONOUN
51085	140	348	boat	GEONOUN
51085	140	465	beaches	GEONOUN
51085	140	659	two or three days	DATE
51085	140	781	beaches	GEONOUN
51085	140	820	three days	DATE
51085	140	861	beaches	GEONOUN
51085	140	980	Channel	PLACE
51085	141	0	Port-en-Bessin	PLACE
51085	142	0	Port-en-Bessin	PLACE
51085	142	98	France	COUNTRY
51085	142	113	beaches	GEONOUN
51085	142	199	France	COUNTRY
51085	142	345	ocean	GEONOUN
51085	142	374	ocean	GEONOUN
51085	142	398	ocean	GEONOUN
51085	142	538	Southampton	CITY
51085	142	551	Fawley	PLACE
51085	142	569	the Isle of Wight	PLACE
51085	142	597	the Isle of Wight	PLACE
51085	142	654	Normandy	PLACE
51085	142	663	beach	GEONOUN
51085	142	672	Port-en-Bessin	PLACE
51085	146	10	Port-en-Bessin	PLACE
51085	147	271	ditch	GEONOUN
51085	147	442	farmhouse	GEONOUN
51085	147	469	farm	GEONOUN
51085	147	658	that night	TIME
51085	148	57	about four or five days--	DATE
51085	149	97	Port-en-Bessin	PLACE
51085	149	130	village	GEONOUN
51085	151	39	coast	GEONOUN
51085	151	48	France	COUNTRY
51085	151	80	Belgium	COUNTRY
51085	151	117	Holland	CITY
51085	152	37	Brussels	CITY
51085	152	72	town	GEONOUN
51085	152	183	tonight	TIME
51085	152	252	hotel	GEONOUN
51085	153	116	area	GEONOUN
51085	153	173	Argenton	PLACE
51085	156	32	France	COUNTRY
51085	156	93	Brussels	CITY
51085	157	81	Amiens	CITY
51085	157	168	Amiens	CITY
51085	157	175	prison	GEONOUN
51085	158	74	Amiens	CITY
51085	158	132	Apeldoorn	CITY
51085	158	166	Amiens	CITY
51085	158	174	Nijmegen	CITY
51085	158	208	Nijmegen	CITY
51085	159	8	Holland	CITY
51085	159	35	Holland	CITY
51085	159	61	Nijmegen	CITY
51085	159	79	river	GEONOUN
51085	159	96	bridge	GEONOUN
51085	160	60	country	GEONOUN
51085	160	100	Holland	CITY
51085	161	21	Nijmegen	CITY
51085	162	0	Nijmegen	CITY
51085	162	25	bridge	GEONOUN
51085	164	154	Port-en-Bessin	PLACE
51085	164	228	district	GEONOUN
51085	168	66	Holland	CITY
51085	168	153	Eindhoven	CITY
51085	168	179	Eindhoven	CITY
51085	168	258	Sint-Oedenrode	CITY
51085	168	274	Sint-Oedenrode	CITY
51085	168	523	Sint-Oedenrode	CITY
51085	169	18	village	GEONOUN
51085	169	29	Sint-Oedenrode	CITY
51085	169	59	canal	GEONOUN
51085	169	345	houses	GEONOUN
51085	169	389	house	GEONOUN
51085	169	418	canal	GEONOUN
51085	169	655	Sint-Oedenrode	CITY
51085	170	417	canal	GEONOUN
51085	170	510	two days	DATE
51085	172	13	Nijmegen	CITY
51085	173	0	Nijmegen	CITY
51085	174	6	Nijmegen	CITY
51085	174	106	river	GEONOUN
51085	175	34	Germany	COUNTRY
51085	175	124	Rhine	PLACE
51085	177	65	Rhine	PLACE
51085	177	79	river Maas	GEONOUN
51085	177	85	Maas	PLACE
51085	177	149	river	GEONOUN
51085	180	20	Austin	CITY
51085	182	140	Maas	PLACE
51085	182	161	river	GEONOUN
51085	183	53	Nijmegen	CITY
51085	183	65	Arnhem	CITY
51085	183	73	Arnhem	CITY
51085	183	87	Amsterdam	CITY
51085	183	871	that night	TIME
51085	183	927	Holland	CITY
51085	186	557	area	GEONOUN
51085	186	651	area	GEONOUN
51085	186	697	area	GEONOUN
51085	186	705	Holland	CITY
51085	188	40	Rhine	PLACE
51085	188	455	Belsen	PLACE
51085	188	463	Bergen-Belsen	CAMP
51085	189	68	Belsen	PLACE
51085	194	29	April	DATE
51085	194	36	April	DATE
51085	194	89	camp	GEONOUN
51085	195	64	concentration camp	GEONOUN
51085	195	106	camps	GEONOUN
51085	195	199	concentration camp	GEONOUN
51085	195	326	camp	GEONOUN
51085	196	325	area	GEONOUN
51085	198	34	buildings	GEONOUN
51085	198	50	Aldershot	CITY
51085	198	110	Aldershot	CITY
51085	198	141	barracks	GEONOUN
51085	198	185	town	GEONOUN
51085	198	217	area	GEONOUN
51085	198	308	buildings	GEONOUN
51085	198	353	forest area	GEONOUN
51085	198	360	area	GEONOUN
51085	198	376	camp	GEONOUN
51085	198	443	camp	GEONOUN
51085	200	16	camp	GEONOUN
51085	202	155	camp	GEONOUN
51085	202	244	pool	GEONOUN
51085	205	54	pool	GEONOUN
51085	205	246	EWS	PLACE
51085	207	352	camp	GEONOUN
51085	207	384	division	GEONOUN
51085	208	144	more than two or three months old	DATE
51085	208	376	a few-- few days	DATE
51085	210	32	camp	GEONOUN
51085	210	61	buildings	GEONOUN
51085	212	22	huts	GEONOUN
51085	212	98	huts	GEONOUN
51085	212	113	hut	GEONOUN
51085	212	189	division	GEONOUN
51085	212	225	passage	GEONOUN
51085	212	287	huts	GEONOUN
51085	212	324	huts	GEONOUN
51085	215	345	ground	GEONOUN
51085	215	685	pool	GEONOUN
51085	216	61	pit	GEONOUN
51085	219	315	pit	GEONOUN
51085	219	355	pit	GEONOUN
51085	221	222	pit	GEONOUN
51085	221	312	the third day	DATE
51085	221	387	England	PLACE
51085	221	484	Belsen	PLACE
51085	221	491	camp	GEONOUN
51085	221	515	buildings	GEONOUN
51085	230	119	pool	GEONOUN
51085	230	165	pool	GEONOUN
51085	230	229	built-up	GEONOUN
51085	230	437	hole	GEONOUN
51085	230	451	hole	GEONOUN
51085	230	553	three days	DATE
51085	231	131	about another four to five days	DATE
51085	233	28	huts	GEONOUN
51085	233	76	huts	GEONOUN
51085	233	109	huts	GEONOUN
51085	235	201	buildings	GEONOUN
51085	237	0	The first day	DATE
51085	251	442	camp	GEONOUN
51085	253	106	huts	GEONOUN
51085	253	264	prison	GEONOUN
51085	253	575	hut	GEONOUN
51085	253	601	hut	GEONOUN
51085	253	765	hut	GEONOUN
51085	254	51	buildings	GEONOUN
51085	254	86	hospital area	GEONOUN
51085	254	95	area	GEONOUN
51085	257	11	camp	GEONOUN
51085	257	28	Bergen-Belsen	CAMP
51085	257	61	road	GEONOUN
51085	257	166	camp	GEONOUN
51085	257	428	camp	GEONOUN
51085	259	118	Belsen	PLACE
51085	259	126	Bergen	CITY
51085	261	570	pit	GEONOUN
51085	269	59	Jewish	GEONOUN
51085	269	468	three days	DATE
51085	271	162	camp	GEONOUN
51085	272	43	over a week	DATE
51085	272	184	camp	GEONOUN
51085	273	111	huts	GEONOUN
51085	275	497	grave	GEONOUN
51085	279	60	Jewish	GEONOUN
51085	279	174	Jewish	GEONOUN
51085	281	86	London	CITY
51085	282	14	Jewish	GEONOUN
51085	284	151	Hindon	PLACE
51085	287	166	Hindon	PLACE
51085	288	631	huts	GEONOUN
51085	288	657	huts	GEONOUN
51085	289	279	water tank	GEONOUN
51085	291	181	hut	GEONOUN
51085	291	238	hut	GEONOUN
51085	291	416	camp	GEONOUN
51085	291	451	area	GEONOUN
51085	291	467	May	DATE
51085	291	509	the end of May	DATE
51085	292	148	buildings	GEONOUN
51085	292	178	barracks	GEONOUN
51085	295	75	huts	GEONOUN
51085	295	153	huts	GEONOUN
51085	295	184	brick	GEONOUN
51085	295	209	brick	GEONOUN
51085	297	12	weeks	DATE
51085	298	187	pit	GEONOUN
51085	298	214	plain ground	GEONOUN
51085	298	220	ground	GEONOUN
51085	299	559	barracks	GEONOUN
51085	304	113	area	GEONOUN
51085	306	223	Belsen	PLACE
51085	307	102	area	GEONOUN
51085	307	296	barracks	GEONOUN
51085	310	42	huts	GEONOUN
51085	315	76	brick	GEONOUN
51085	315	253	huts	GEONOUN
51085	315	317	brick buildings	GEONOUN
51085	315	323	buildings	GEONOUN
51085	317	24	huts	GEONOUN
51085	318	218	buildings	GEONOUN
51085	324	206	Belsen	PLACE
51085	324	228	camp	GEONOUN
51085	324	269	country	GEONOUN
51085	324	427	barracks	GEONOUN
51085	348	109	Belsen	PLACE
51085	348	318	Belsen	PLACE
51085	350	35	state	GEONOUN
51085	350	48	country	GEONOUN
51085	350	465	Germany	COUNTRY
51085	350	532	Rhine	PLACE
51085	351	162	Rhine	PLACE
51085	351	186	Xanten	CITY
51085	351	198	Xanten	CITY
51085	351	210	crossing	GEONOUN
51085	351	231	the River Rhine	PLACE
51085	351	263	Rhine	PLACE
51085	351	302	Rhine	PLACE
51085	351	355	crossing	GEONOUN
51085	351	376	Germany	COUNTRY
51085	352	19	camp	GEONOUN
51085	352	63	Holland	CITY
51085	352	196	camp	GEONOUN
51085	357	75	Xanten	CITY
51085	357	83	Xanten	CITY
51085	357	141	Germany	COUNTRY
51085	357	199	Lüneburg	CITY
51085	358	0	Lüneburg	CITY
51085	362	94	the day	DATE
51085	362	140	Lüneburg Heath	PLACE
51085	363	241	six years	DATE
51085	364	184	camps	GEONOUN
51085	365	91	England	PLACE
51085	367	150	Catterick	PLACE
51085	367	223	Catterick	PLACE
51085	367	456	Catterick	PLACE
51085	371	94	this day	DATE
51085	371	270	this day--	DATE
51085	371	379	Piccadilly	PLACE
51085	371	529	about the middle of the week	DATE
51085	371	600	Monday	DATE
51085	375	271	camp	GEONOUN
51085	378	115	Belsen	PLACE
51085	378	122	camp	GEONOUN
51085	378	231	camps	GEONOUN
51085	381	184	Great Britain	PLACE
51085	385	149	years	DATE
51085	387	254	today	DATE
51085	390	38	Belsen	PLACE
51085	390	144	Belsen	PLACE
51085	390	196	Belsen	PLACE
51085	391	31	Belsen	PLACE
51085	391	85	Jewish	GEONOUN
51085	392	39	the Upper Berkeley Square--	PLACE
51085	392	87	Upper Berkeley Street	PLACE
51085	392	126	synagogue	GEONOUN
51085	392	150	the Yom Kippur--	DATE
51085	392	185	the Rosh Ha-Shana	DATE
51085	392	281	Jewish	GEONOUN
51085	398	9	nearly 14	DATE
51085	398	47	11-- 12	DATE
51085	399	159	six years	DATE
51085	399	189	Piccadilly	PLACE
51085	399	227	salons	GEONOUN
51085	401	168	2000-something	DATE
51085	401	216	the '90s	DATE
51085	401	247	the '90s	DATE
51085	404	181	holidays	DATE
51085	404	205	holidays	DATE
51085	409	125	many years--	DATE
51085	409	143	Jewish	GEONOUN
51085	409	280	Jewish	GEONOUN
51085	416	44	'33-- 1933	DATE
51085	417	13	London	CITY
51085	420	3	London	CITY
51085	421	49	Catterick	PLACE
51085	421	63	Yorkshire	PLACE
51085	423	138	that day	DATE
51085	425	3	London	CITY
51085	427	32	Holland	CITY
51085	427	44	Eindhoven	CITY
51085	428	8	Holland	CITY
51085	429	8	about forty--	DATE
51085	431	0	About '44, '45	DATE
51085	432	14	Brussels	CITY
51085	434	51	Brussels	CITY
51085	441	101	works	GEONOUN
51085	441	115	palace	GEONOUN
51085	444	4	last year	DATE
51085	448	83	14	DATE
51085	448	129	12	DATE
