FileID	AnswerID	StartCharPos	Entity	Type
51155	3	3	Brody	CITY
51155	3	51	the Austrian Empire	PLACE
51155	3	86	town	GEONOUN
51155	3	160	Austria	COUNTRY
51155	3	172	Russia	COUNTRY
51155	4	0	May 6, 1913	DATE
51155	6	86	Vienna	CITY
51155	6	93	about 1918	DATE
51155	6	152	1925	DATE
51155	6	251	Poland	COUNTRY
51155	6	269	state	GEONOUN
51155	7	91	19--	DATE
51155	7	105	1918	DATE
51155	7	134	Brody	CITY
51155	7	236	Brody	CITY
51155	8	13	Brody	CITY
51155	8	22	the age of one year	DATE
51155	8	45	1914	DATE
51155	8	75	World War I	EVENT
51155	8	248	Brody	CITY
51155	8	325	1914	DATE
51155	8	423	Vienna	CITY
51155	8	433	about 19--	DATE
51155	8	453	1914	DATE
51155	11	140	many years ago	DATE
51155	11	198	the same week	DATE
51155	12	33	Brody--	PLACE
51155	12	139	house	GEONOUN
51155	13	210	Vienna	CITY
51155	13	222	Belz	PLACE
51155	15	147	Sabbath	DATE
51155	16	33	house	GEONOUN
51155	16	78	synagogue	GEONOUN
51155	16	118	Friday	DATE
51155	16	133	Saturdays	DATE
51155	16	148	holidays	DATE
51155	16	217	house	GEONOUN
51155	17	295	Galicia	PLACE
51155	17	317	province	GEONOUN
51155	17	331	Brody	CITY
51155	18	18	Passover	EVENT
51155	18	92	Passover	EVENT
51155	18	134	Passovers	EVENT
51155	19	113	the High Holidays	EVENT
51155	19	132	Yom Kippur	DATE
51155	19	154	the entire day	DATE
51155	19	177	synagogue	GEONOUN
51155	19	273	a solid day	DATE
51155	19	392	Yom Kippur	DATE
51155	21	54	school	GEONOUN
51155	21	113	daily	DATE
51155	21	375	my early years	DATE
51155	23	44	'20-- '24	DATE
51155	23	107	'20--	DATE
51155	23	122	1924	DATE
51155	23	149	11 years old--	DATE
51155	23	205	11 years old	DATE
51155	24	53	a full eight years	DATE
51155	24	93	Vienna	CITY
51155	26	27	Jewish	GEONOUN
51155	27	234	crossing	GEONOUN
51155	27	246	the Red Sea	PLACE
51155	28	124	school	GEONOUN
51155	28	166	school	GEONOUN
51155	28	190	school	GEONOUN
51155	28	203	high school	GEONOUN
51155	28	279	Vienna	CITY
51155	28	386	school	GEONOUN
51155	28	413	high school	GEONOUN
51155	28	493	school	GEONOUN
51155	29	100	Jewish	GEONOUN
51155	31	307	Galicia	PLACE
51155	31	570	1918	DATE
51155	31	801	Poland	COUNTRY
51155	31	982	country	GEONOUN
51155	31	1144	country	GEONOUN
51155	31	1210	Vienna	CITY
51155	32	9	'18	DATE
51155	32	26	'19	DATE
51155	33	94	country	GEONOUN
51155	33	237	a number of years	DATE
51155	34	60	Vienna	CITY
51155	35	259	country	GEONOUN
51155	35	331	country	GEONOUN
51155	36	21	the First World War	EVENT
51155	36	58	the years	DATE
51155	39	53	school	GEONOUN
51155	39	115	five	DATE
51155	39	192	school	GEONOUN
51155	39	202	the sixth year	DATE
51155	41	36	cheder	PLACE
51155	43	21	bar	GEONOUN
51155	43	56	synagogue	GEONOUN
51155	43	73	building	GEONOUN
51155	43	153	synagogue	GEONOUN
51155	48	223	Israel	COUNTRY
51155	48	263	Yavne	PLACE
51155	49	42	Vienna	CITY
51155	49	116	Brody	CITY
51155	49	139	Vienna	CITY
51155	49	162	Brody	CITY
51155	51	41	Jewish	GEONOUN
51155	51	99	district	GEONOUN
51155	51	111	Vienna	CITY
51155	51	169	district	GEONOUN
51155	51	197	Jewish	GEONOUN
51155	51	230	district	GEONOUN
51155	51	262	Jewish	GEONOUN
51155	55	107	Jewish	GEONOUN
51155	55	157	Jewish	GEONOUN
51155	56	115	Jewish	GEONOUN
51155	56	139	Jewish	GEONOUN
51155	60	302	Jewish	GEONOUN
51155	60	360	school	GEONOUN
51155	60	373	Jewish school	GEONOUN
51155	60	380	school	GEONOUN
51155	60	475	school	GEONOUN
51155	60	498	university	GEONOUN
51155	61	153	apartment building	GEONOUN
51155	61	303	pass	GEONOUN
51155	62	18	school	GEONOUN
51155	62	52	school	GEONOUN
51155	66	62	school	GEONOUN
51155	72	99	Austria	COUNTRY
51155	72	140	high school	GEONOUN
51155	72	450	school	GEONOUN
51155	72	504	Jewish	GEONOUN
51155	73	30	1932	DATE
51155	74	0	Eight years	DATE
51155	75	7	eight year	DATE
51155	76	80	this day	DATE
51155	76	130	university	GEONOUN
51155	76	337	school	GEONOUN
51155	77	113	school	GEONOUN
51155	77	520	Cambridge	CITY
51155	77	538	the year 1938	DATE
51155	77	583	'37	DATE
51155	78	10	works	GEONOUN
51155	78	264	works	GEONOUN
51155	80	377	field	GEONOUN
51155	82	160	Germany	COUNTRY
51155	83	20	Austria	COUNTRY
51155	83	71	university	GEONOUN
51155	83	147	university	GEONOUN
51155	84	34	'30-- '32	DATE
51155	85	81	raise	GEONOUN
51155	86	58	Jewish	GEONOUN
51155	87	39	university	GEONOUN
51155	87	70	a few days	DATE
51155	88	48	Jewish	GEONOUN
51155	94	450	university	GEONOUN
51155	97	103	Austria	COUNTRY
51155	99	29	'33-- '32	DATE
51155	99	346	university	GEONOUN
51155	100	24	'34	DATE
51155	100	45	'35	DATE
51155	101	409	the night	TIME
51155	107	3	Vienna	CITY
51155	108	110	Poland	COUNTRY
51155	108	125	1938	DATE
51155	109	198	1934	DATE
51155	109	219	1930	DATE
51155	109	283	1930-- February 1934	DATE
51155	110	3	Vienna	CITY
51155	111	92	street	GEONOUN
51155	111	117	July	DATE
51155	111	132	'34	DATE
51155	112	83	the end of 1937	DATE
51155	112	192	Berchtesgaden	PLACE
51155	112	257	cave	GEONOUN
51155	112	332	March	DATE
51155	113	0	March 1938	DATE
51155	114	148	Austria	COUNTRY
51155	114	161	Germany	COUNTRY
51155	115	256	Austria	COUNTRY
51155	116	69	Holocaust	EVENT
51155	116	203	Austria	COUNTRY
51155	116	442	street	GEONOUN
51155	116	526	street	GEONOUN
51155	116	539	March 1938	DATE
51155	116	718	street	GEONOUN
51155	118	43	November 9	DATE
51155	118	69	Kristallnacht	EVENT
51155	118	141	Kristallnacht	EVENT
51155	118	284	a week	DATE
51155	118	392	Kristallnacht	EVENT
51155	120	75	May	DATE
51155	121	249	the United States	COUNTRY
51155	121	369	Vienna	CITY
51155	121	515	May	DATE
51155	121	520	May	DATE
51155	121	527	June	DATE
51155	125	87	street	GEONOUN
51155	125	155	street	GEONOUN
51155	125	274	street	GEONOUN
51155	125	301	street	GEONOUN
51155	125	623	school	GEONOUN
51155	125	652	high school	GEONOUN
51155	125	771	a week	DATE
51155	129	202	the night--	TIME
51155	129	237	July 9	DATE
51155	129	247	July 10 of 19-- 1938	DATE
51155	130	24	the 9th	DATE
51155	131	11	November	DATE
51155	131	21	November	DATE
51155	131	53	November 9	DATE
51155	131	67	November 10	DATE
51155	131	89	the Kristallnacht	EVENT
51155	131	134	windows	GEONOUN
51155	131	149	Jewish	GEONOUN
51155	131	180	synagogue	GEONOUN
51155	132	24	the evening	TIME
51155	132	58	night	TIME
51155	132	96	house	GEONOUN
51155	132	118	apartment	GEONOUN
51155	132	592	Vienna	CITY
51155	132	746	post	GEONOUN
51155	132	765	building	GEONOUN
51155	132	785	brick building	GEONOUN
51155	132	791	building	GEONOUN
51155	132	817	Vienna	CITY
51155	132	832	the Rossauer Kaserne	PLACE
51155	132	1081	that night	TIME
51155	132	1101	a day later--	DATE
51155	132	1129	Vienna	CITY
51155	132	1153	street	GEONOUN
51155	132	1289	prison	GEONOUN
51155	132	1428	night	TIME
51155	133	401	concentration camp	GEONOUN
51155	133	505	branch	GEONOUN
51155	134	94	concentration camp	GEONOUN
51155	134	127	prison	GEONOUN
51155	135	45	a week or two	DATE
51155	137	159	classroom	GEONOUN
51155	137	230	bench	GEONOUN
51155	137	333	bench	GEONOUN
51155	138	78	room	GEONOUN
51155	142	27	Poland	COUNTRY
51155	143	50	Vienna	CITY
51155	144	13	the summer of '38	DATE
51155	145	85	England	PLACE
51155	146	129	Sweden	COUNTRY
51155	146	161	Sweden	COUNTRY
51155	146	225	country	GEONOUN
51155	146	425	London	CITY
51155	146	747	ground	GEONOUN
51155	146	785	England	PLACE
51155	146	889	England	PLACE
51155	146	911	pass	GEONOUN
51155	146	941	station	GEONOUN
51155	146	998	January	DATE
51155	148	164	Dachau	CITY
51155	148	445	Israel	COUNTRY
51155	148	532	Israel	COUNTRY
51155	148	542	1968	DATE
51155	149	145	Israel	COUNTRY
51155	149	189	England	PLACE
51155	149	342	Dachau	CITY
51155	149	438	Dachau	CITY
51155	149	503	Australia	COUNTRY
51155	149	542	England	PLACE
51155	149	604	concentration camp	GEONOUN
51155	149	652	England	PLACE
51155	149	700	England	PLACE
51155	149	728	New Zealand	COUNTRY
51155	150	102	England	PLACE
51155	150	138	those days	DATE
51155	150	193	America	COUNTRY
51155	150	226	pass	GEONOUN
51155	150	263	consulate	GEONOUN
51155	150	369	the United States	COUNTRY
51155	150	632	Holocaust	EVENT
51155	152	290	England	PLACE
51155	153	189	Brooklyn	CITY
51155	153	199	New York	US-STATE
51155	153	339	Atlantic	PLACE
51155	153	509	boat	GEONOUN
51155	153	547	boat	GEONOUN
51155	153	555	America	COUNTRY
51155	154	145	England	PLACE
51155	156	3	April '40	DATE
51155	157	20	London	CITY
51155	157	30	April '40	DATE
51155	159	31	a very eventful day	DATE
51155	159	92	railroad	GEONOUN
51155	159	210	train	GEONOUN
51155	159	445	Holland	CITY
51155	159	462	Flushing	PLACE
51155	160	62	train	GEONOUN
51155	161	32	Flushing	PLACE
51155	161	70	a little bit	TIME
51155	161	96	the evening	TIME
51155	161	123	boat	GEONOUN
51155	161	181	channel	GEONOUN
51155	161	214	England	PLACE
51155	161	240	Dover	CITY
51155	164	7	train	GEONOUN
51155	164	36	Dover	CITY
51155	164	59	train	GEONOUN
51155	165	17	April '40--	DATE
51155	165	45	January '39	DATE
51155	165	60	April '40	DATE
51155	165	85	roughly 14 months	DATE
51155	166	90	Jewish	GEONOUN
51155	166	231	Jewish	GEONOUN
51155	166	325	Jewish	GEONOUN
51155	167	18	synagogue	GEONOUN
51155	167	42	Saturdays	DATE
51155	167	56	holidays	DATE
51155	168	137	London	CITY
51155	168	231	house	GEONOUN
51155	168	382	environment	GEONOUN
51155	169	37	September '39	DATE
51155	170	92	Brody	CITY
51155	170	136	Galicia	PLACE
51155	170	186	Ukraine	COUNTRY
51155	170	266	Brody--	PLACE
51155	170	443	Poland	COUNTRY
51155	170	547	'39	DATE
51155	170	617	'39	DATE
51155	170	696	land	GEONOUN
51155	170	708	Ukraine	COUNTRY
51155	170	964	school	GEONOUN
51155	172	273	1941	DATE
51155	172	299	Poland	COUNTRY
51155	173	21	Poland	COUNTRY
51155	173	63	Russia	COUNTRY
51155	173	91	Russia	COUNTRY
51155	173	101	1941	DATE
51155	173	170	1941	DATE
51155	174	20	London	CITY
51155	174	55	boat	GEONOUN
51155	174	337	boat	GEONOUN
51155	175	58	America	COUNTRY
51155	177	76	America	COUNTRY
51155	178	211	ship	GEONOUN
51155	182	108	America	COUNTRY
51155	183	59	England	PLACE
51155	183	140	Norway	COUNTRY
51155	183	200	boat	GEONOUN
51155	183	272	New York	US-STATE
51155	183	346	Europe	CONTINENT
51155	183	354	The London Blitz	EVENT
51155	184	71	lair	GEONOUN
51155	184	320	boat	GEONOUN
51155	185	12	New York	US-STATE
51155	185	45	house	GEONOUN
51155	185	59	apartment	GEONOUN
51155	185	157	apartment	GEONOUN
51155	185	186	Brooklyn	CITY
51155	186	18	today	DATE
51155	186	165	Brooklyn	CITY
51155	187	142	Prague	CITY
51155	187	200	Vienna	CITY
51155	187	216	branch	GEONOUN
51155	187	248	Prague	CITY
51155	187	402	California	US-STATE
51155	188	3	California	US-STATE
51155	189	97	Vienna	CITY
51155	189	128	London	CITY
51155	190	34	London	CITY
51155	190	76	the United States	COUNTRY
51155	190	126	London	CITY
51155	190	197	London	CITY
51155	190	492	university	GEONOUN
51155	190	586	California	US-STATE
51155	190	630	New York	US-STATE
51155	190	694	Jewish	GEONOUN
51155	190	755	New York	US-STATE
51155	190	802	country	GEONOUN
51155	190	888	United States	COUNTRY
51155	190	914	New York	US-STATE
51155	190	1068	California	US-STATE
51155	191	22	California	US-STATE
51155	192	119	California	US-STATE
51155	192	280	crossing	GEONOUN
51155	192	363	a month	DATE
51155	192	385	four or six weeks	DATE
51155	192	519	California	US-STATE
51155	192	596	New York	US-STATE
51155	192	628	New York	US-STATE
51155	193	8	March of 1943	DATE
51155	193	38	California	US-STATE
51155	193	52	1940	DATE
51155	193	70	1940	DATE
51155	195	198	'43	DATE
51155	196	18	California	US-STATE
51155	196	170	orchard	GEONOUN
51155	196	327	November	DATE
51155	196	353	October or November 1940	DATE
51155	196	448	department	GEONOUN
51155	196	464	department	GEONOUN
51155	196	519	store	GEONOUN
51155	196	579	store	GEONOUN
51155	196	589	14th	PLACE
51155	196	600	14th	PLACE
51155	196	622	street	GEONOUN
51155	196	759	1943	DATE
51155	196	850	May '43	DATE
51155	197	36	Presidio	PLACE
51155	197	46	Monterey Presidio	PLACE
51155	197	68	Fort Warren	PLACE
51155	197	81	Wyoming	US-STATE
51155	197	90	Cheyenne	CITY
51155	197	100	Wyoming	US-STATE
51155	199	178	post	GEONOUN
51155	199	232	post	GEONOUN
51155	199	337	the Battle of the Bulge	EVENT
51155	199	455	Belgium	COUNTRY
51155	202	67	the United States	COUNTRY
51155	202	124	World War I	EVENT
51155	202	137	the United States	COUNTRY
51155	202	240	the United States	COUNTRY
51155	202	498	Pearl Harbor	EVENT
51155	202	523	the United States	COUNTRY
51155	204	84	Russia	COUNTRY
51155	204	356	Wyoming	US-STATE
51155	204	368	Cheyenne	CITY
51155	208	72	'44	DATE
51155	209	86	Auschwitz	CAMP
51155	209	275	around '44	DATE
51155	209	424	Russia	COUNTRY
51155	209	450	Lwów	PLACE
51155	209	456	Lemberg	CAMP
51155	209	657	Russia	COUNTRY
51155	211	193	division	GEONOUN
51155	211	216	Lwów	PLACE
51155	211	276	Jewish	GEONOUN
51155	212	168	Wyoming	US-STATE
51155	212	192	Cheyenne	CITY
51155	212	262	Cheyenne	CITY
51155	212	310	camp	GEONOUN
51155	212	322	post	GEONOUN
51155	212	484	Germany	COUNTRY
51155	212	560	around '44	DATE
51155	212	767	the United States	COUNTRY
51155	212	1180	Holocaust	EVENT
51155	213	25	Europe	CONTINENT
51155	213	38	1965	DATE
51155	214	46	Vienna	CITY
51155	214	197	district	GEONOUN
51155	215	66	World War II	EVENT
51155	215	307	England	PLACE
51155	215	378	corner	GEONOUN
51155	216	12	'65	DATE
51155	217	70	Cheyenne	CITY
51155	217	315	house	GEONOUN
51155	218	133	the United States	COUNTRY
51155	218	259	school	GEONOUN
51155	218	270	three years--	DATE
51155	218	527	Vienna	CITY
51155	219	70	temple every weekend	GEONOUN
51155	219	77	every weekend	DATE
51155	219	154	Jewish	GEONOUN
51155	219	250	Israel	COUNTRY
51155	219	289	Israel	COUNTRY
51155	219	443	Israel	COUNTRY
51155	219	633	Jewish	GEONOUN
51155	219	880	Jewish	GEONOUN
51155	222	127	England	PLACE
51155	222	191	street	GEONOUN
51155	222	211	London	CITY
51155	222	342	1940	DATE
51155	222	354	the Battle of the Allies	EVENT
51155	224	182	about 14 or 15	DATE
51155	225	133	Jewish	GEONOUN
51155	225	330	house	GEONOUN
51155	227	122	World War II	EVENT
51155	227	482	Jewish	GEONOUN
51155	230	57	Jewish	GEONOUN
51155	230	299	Jewish	GEONOUN
51155	234	16	Vienna	CITY
51155	234	173	1928	DATE
51155	234	181	1929	DATE
51155	235	15	'25	DATE
51155	236	183	eight years	DATE
51155	236	393	school	GEONOUN
51155	236	500	Austria	COUNTRY
51155	237	217	gut	GEONOUN
51155	237	225	gut	GEONOUN
51155	238	113	university	GEONOUN
51155	239	7	the year 1937	DATE
51155	240	72	Vienna	CITY
51155	240	317	United States	COUNTRY
51155	241	96	Austria	COUNTRY
51155	241	108	Germany	COUNTRY
51155	242	54	Austria	COUNTRY
51155	243	99	Austria	COUNTRY
51155	243	118	England	PLACE
51155	243	182	1938	DATE
51155	243	254	Poland	COUNTRY
51155	243	325	the United States	COUNTRY
