FileID	AnswerID	StartCharPos	Entity	Type
51186	4	14	Sopron	CITY
51186	4	22	Hungary	COUNTRY
51186	6	4	66 years old	DATE
51186	7	0	12/25/33	DATE
51186	8	45	Austria	COUNTRY
51186	8	57	Hungary	COUNTRY
51186	8	105	Sopron	CITY
51186	8	122	Hungary	COUNTRY
51186	8	186	Christmas Day	DATE
51186	8	295	room	GEONOUN
51186	8	316	room	GEONOUN
51186	8	512	Christmas Day	DATE
51186	10	23	Zelem	PLACE
51186	10	33	Deutschkreutz	PLACE
51186	11	12	Austria	COUNTRY
51186	14	32	Deutschkreutz	PLACE
51186	15	39	town	GEONOUN
51186	18	204	London	CITY
51186	19	80	Wiener Neustadt	CITY
51186	19	100	Austria	COUNTRY
51186	19	132	Vienna	CITY
51186	20	75	Wiener--	PLACE
51186	20	84	Vienna	CITY
51186	20	136	Wiener Neustadt	CITY
51186	20	155	Vienna	CITY
51186	21	28	three years	DATE
51186	21	102	the day	DATE
51186	21	135	Austria	COUNTRY
51186	21	184	Belgium	COUNTRY
51186	21	267	that day	DATE
51186	24	28	house	GEONOUN
51186	24	55	house	GEONOUN
51186	24	64	Zelem	PLACE
51186	24	122	garden	GEONOUN
51186	24	148	garden	GEONOUN
51186	24	206	stream	GEONOUN
51186	24	372	house	GEONOUN
51186	24	499	house	GEONOUN
51186	24	572	house	GEONOUN
51186	24	601	Wiener Neustadt	CITY
51186	24	638	fence	GEONOUN
51186	24	714	fence	GEONOUN
51186	24	772	house	GEONOUN
51186	24	871	house	GEONOUN
51186	24	1471	crossing	GEONOUN
51186	24	1491	street	GEONOUN
51186	24	1633	street	GEONOUN
51186	24	1756	fell	GEONOUN
51186	24	1871	state	GEONOUN
51186	25	27	Vienna	CITY
51186	25	38	Wiener Neustadt	CITY
51186	26	3	Zelem	PLACE
51186	26	40	Mittelgasse	PLACE
51186	27	85	Zelem	PLACE
51186	27	235	4 or 5 o'clock in the morning	TIME
51186	27	322	town	GEONOUN
51186	27	493	early in the morning	TIME
51186	30	80	slaughterhouse	GEONOUN
51186	31	95	Wiener Neustadt	CITY
51186	31	217	America	COUNTRY
51186	36	281	room	GEONOUN
51186	40	15	Wiener Neustadt	CITY
51186	40	43	Vienna	CITY
51186	40	63	town	GEONOUN
51186	40	131	slaughterhouse	GEONOUN
51186	40	253	Wiener Neustadt	CITY
51186	40	362	Vienna	CITY
51186	41	35	school	GEONOUN
51186	41	45	Belgium	COUNTRY
51186	41	59	school	GEONOUN
51186	41	87	school	GEONOUN
51186	41	97	Vienna	CITY
51186	42	49	train	GEONOUN
51186	42	68	Vienna	CITY
51186	42	78	Belgium	COUNTRY
51186	42	130	Belgium	COUNTRY
51186	42	250	Belgium	COUNTRY
51186	42	371	Vienna	CITY
51186	42	434	Belgium	COUNTRY
51186	42	694	carriage	GEONOUN
51186	42	737	train	GEONOUN
51186	42	810	carriage	GEONOUN
51186	45	154	house	GEONOUN
51186	47	76	Belgium	COUNTRY
51186	47	132	my very young years	DATE
51186	49	143	carriage	GEONOUN
51186	53	125	America	COUNTRY
51186	53	575	Budapest	CITY
51186	53	604	England	PLACE
51186	53	664	Budapest	CITY
51186	54	10	'39	DATE
51186	57	71	England	PLACE
51186	57	208	England	PLACE
51186	58	85	Budapest	CITY
51186	60	41	Belgium	COUNTRY
51186	60	53	Antwerp--	PLACE
51186	60	289	diamond	GEONOUN
51186	60	357	slum area	GEONOUN
51186	60	362	area	GEONOUN
51186	60	380	Antwerp	PLACE
51186	63	26	park	GEONOUN
51186	63	49	street	GEONOUN
51186	63	92	park	GEONOUN
51186	63	190	park	GEONOUN
51186	63	411	Austria	COUNTRY
51186	63	465	Belgium	COUNTRY
51186	63	529	school	GEONOUN
51186	63	539	Belgium	COUNTRY
51186	64	24	school	GEONOUN
51186	64	146	Antwerp	PLACE
51186	64	276	school	GEONOUN
51186	64	330	street	GEONOUN
51186	64	435	street	GEONOUN
51186	64	488	school	GEONOUN
51186	64	588	school	GEONOUN
51186	66	102	town	GEONOUN
51186	66	168	house	GEONOUN
51186	66	277	Los Angeles	CITY
51186	66	360	house	GEONOUN
51186	66	369	Europe	CONTINENT
51186	67	99	hours and hours	TIME
51186	67	119	hours	TIME
51186	70	40	Belgium	COUNTRY
51186	71	82	house	GEONOUN
51186	73	191	school	GEONOUN
51186	73	236	street	GEONOUN
51186	73	592	train station	GEONOUN
51186	74	27	shelter	GEONOUN
51186	74	119	house	GEONOUN
51186	74	245	the night	TIME
51186	74	304	school	GEONOUN
51186	74	357	school	GEONOUN
51186	74	469	every day	DATE
51186	74	548	train station	GEONOUN
51186	74	769	train station	GEONOUN
51186	74	800	roof	GEONOUN
51186	74	1118	train	GEONOUN
51186	74	1150	train	GEONOUN
51186	74	1165	train	GEONOUN
51186	74	1244	train	GEONOUN
51186	74	1448	port	GEONOUN
51186	74	1482	Ostend	CITY
51186	74	1538	ship	GEONOUN
51186	75	3	Antwerp	PLACE
51186	76	23	Ostend	CITY
51186	76	36	port	GEONOUN
51186	76	69	town	GEONOUN
51186	76	174	ship	GEONOUN
51186	76	204	train	GEONOUN
51186	76	275	Jewish	GEONOUN
51186	76	330	Belgium	COUNTRY
51186	76	658	boat	GEONOUN
51186	76	716	boat	GEONOUN
51186	76	752	bench	GEONOUN
51186	76	779	boat	GEONOUN
51186	76	824	bench	GEONOUN
51186	76	966	boat	GEONOUN
51186	76	1489	seat	GEONOUN
51186	76	1515	seat	GEONOUN
51186	76	1546	bench	GEONOUN
51186	76	1655	docks	GEONOUN
51186	76	1768	boat	GEONOUN
51186	76	1899	boat	GEONOUN
51186	76	2109	boat	GEONOUN
51186	78	128	boat	GEONOUN
51186	78	160	boat	GEONOUN
51186	78	184	boat	GEONOUN
51186	78	221	scene	GEONOUN
51186	78	330	boat	GEONOUN
51186	78	399	boat	GEONOUN
51186	78	551	boat	GEONOUN
51186	78	690	boat	GEONOUN
51186	80	343	England	PLACE
51186	80	390	boat	GEONOUN
51186	80	427	two days	DATE
51186	80	447	Belgium	COUNTRY
51186	80	458	England	PLACE
51186	80	513	England	PLACE
51186	81	328	England	PLACE
51186	82	43	boat	GEONOUN
51186	82	221	port	GEONOUN
51186	82	263	boat	GEONOUN
51186	84	25	boat	GEONOUN
51186	84	111	London	CITY
51186	84	154	England	PLACE
51186	84	198	England	PLACE
51186	84	305	England	PLACE
51186	84	370	England	PLACE
51186	85	27	boat	GEONOUN
51186	86	117	scene	GEONOUN
51186	88	26	Southampton	CITY
51186	89	128	Jewish	GEONOUN
51186	89	145	England	PLACE
51186	90	10	'40-- 1940	DATE
51186	92	58	a couple of months	DATE
51186	92	203	Jewish	GEONOUN
51186	93	130	London	CITY
51186	93	199	every single night	TIME
51186	93	223	shelter	GEONOUN
51186	93	270	London	CITY
51186	93	302	5, 6 o'clock	TIME
51186	93	333	shelter	GEONOUN
51186	93	351	ground	GEONOUN
51186	93	379	bench	GEONOUN
51186	93	429	shelter	GEONOUN
51186	93	467	shelter	GEONOUN
51186	93	638	buildings	GEONOUN
51186	93	702	shelter	GEONOUN
51186	93	754	shelters	GEONOUN
51186	93	881	shelter	GEONOUN
51186	93	918	the night	TIME
51186	93	938	the morning	TIME
51186	94	40	London	CITY
51186	94	171	school	GEONOUN
51186	94	193	school	GEONOUN
51186	94	302	London	CITY
51186	94	327	school	GEONOUN
51186	94	445	school	GEONOUN
51186	94	467	countryside	GEONOUN
51186	94	725	under 15 years of age	DATE
51186	94	762	school	GEONOUN
51186	95	143	Christmastime	DATE
51186	95	521	Christmas morning	DATE
51186	98	311	school	GEONOUN
51186	98	321	Cardiff	CITY
51186	98	332	Jewish	GEONOUN
51186	98	356	school	GEONOUN
51186	98	479	school	GEONOUN
51186	98	489	Cardiff	CITY
51186	98	593	15	DATE
51186	98	746	house	GEONOUN
51186	98	796	school	GEONOUN
51186	100	70	Wales	PLACE
51186	101	74	months	DATE
51186	101	105	quite a few months	DATE
51186	103	171	school	GEONOUN
51186	103	181	Cardiff	CITY
51186	103	202	Jewish school	GEONOUN
51186	103	209	school	GEONOUN
51186	103	275	school	GEONOUN
51186	105	132	school	GEONOUN
51186	106	45	school	GEONOUN
51186	106	55	Shefford	PLACE
51186	106	98	Jewish school	GEONOUN
51186	106	105	school	GEONOUN
51186	106	206	school	GEONOUN
51186	106	241	school	GEONOUN
51186	106	265	Shefford	PLACE
51186	106	298	countryside	GEONOUN
51186	106	382	Cardiff	CITY
51186	106	397	school	GEONOUN
51186	107	50	Cardiff	CITY
51186	107	88	school	GEONOUN
51186	107	98	Shefford	PLACE
51186	108	56	school	GEONOUN
51186	108	129	courtyard	GEONOUN
51186	108	154	building	GEONOUN
51186	108	177	building	GEONOUN
51186	108	466	school	GEONOUN
51186	108	776	windows	GEONOUN
51186	108	791	building	GEONOUN
51186	108	833	courtyard	GEONOUN
51186	108	900	windows	GEONOUN
51186	108	1380	house	GEONOUN
51186	108	1436	house	GEONOUN
51186	108	1468	school	GEONOUN
51186	108	1540	night	TIME
51186	108	1723	school	GEONOUN
51186	110	83	city	GEONOUN
51186	110	111	village	GEONOUN
51186	110	194	Jewish	GEONOUN
51186	110	259	Jewish	GEONOUN
51186	110	298	school	GEONOUN
51186	110	391	goyim	PLACE
51186	110	541	hours	TIME
51186	110	562	fields	GEONOUN
51186	110	672	field	GEONOUN
51186	110	849	community	GEONOUN
51186	110	916	town	GEONOUN
51186	110	986	England	PLACE
51186	110	1090	Shabbos	DATE
51186	110	1119	school	GEONOUN
51186	111	52	Manchester	CITY
51186	111	264	Manchester	CITY
51186	111	308	England	PLACE
51186	111	336	Shefford	PLACE
51186	111	359	Wales	PLACE
51186	111	377	London	CITY
51186	111	397	England	PLACE
51186	112	454	this day	DATE
51186	114	12	England	PLACE
51186	114	24	England	PLACE
51186	116	438	England	PLACE
51186	116	595	room	GEONOUN
51186	116	661	Europe	CONTINENT
51186	116	689	hours	TIME
51186	116	984	Europe	CONTINENT
51186	120	54	England	PLACE
51186	120	65	1943	DATE
51186	120	191	school	GEONOUN
51186	122	156	Europe	CONTINENT
51186	123	27	concentration camp	GEONOUN
51186	124	433	England	PLACE
51186	124	600	street	GEONOUN
51186	128	37	Shefford	PLACE
51186	128	113	Manchester	CITY
51186	129	25	store	GEONOUN
51186	129	339	store	GEONOUN
51186	129	467	hours	TIME
51186	129	486	store	GEONOUN
51186	129	512	store	GEONOUN
51186	132	118	school	GEONOUN
51186	132	132	those years	DATE
51186	133	51	this very day	DATE
51186	133	79	Los Angeles	CITY
51186	133	102	America	COUNTRY
51186	133	175	house	GEONOUN
51186	133	220	New York	US-STATE
51186	133	264	California	US-STATE
51186	135	58	Shefford	PLACE
51186	135	245	school	GEONOUN
51186	135	297	school	GEONOUN
51186	135	328	London	CITY
51186	135	368	school	GEONOUN
51186	135	378	London	CITY
51186	135	424	Jewish	GEONOUN
51186	135	441	school	GEONOUN
51186	135	484	school	GEONOUN
51186	135	514	Shefford	PLACE
51186	135	553	school	GEONOUN
51186	135	642	Jewish	GEONOUN
51186	135	697	school	GEONOUN
51186	136	20	19-- end of 1945	DATE
51186	136	60	'45	DATE
51186	137	51	school	GEONOUN
51186	137	157	house	GEONOUN
51186	137	192	dormitory	GEONOUN
51186	137	283	Jewish	GEONOUN
51186	137	304	London	CITY
51186	137	324	school	GEONOUN
51186	137	417	house	GEONOUN
51186	137	447	gardens	GEONOUN
51186	137	577	room	GEONOUN
51186	137	735	school every day	GEONOUN
51186	137	742	every day	DATE
51186	137	857	every winter	DATE
51186	139	147	Manchester	CITY
51186	139	211	school	GEONOUN
51186	139	253	school	GEONOUN
51186	142	102	3 SECONDS	DATE
51186	144	190	concentration camp	GEONOUN
51186	144	220	concentration camp	GEONOUN
51186	146	13	this day	DATE
51186	146	170	street	GEONOUN
51186	146	213	30 years	DATE
51186	146	223	40 years	DATE
51186	146	233	50 years	DATE
51186	146	417	street	GEONOUN
51186	147	252	Zelem	PLACE
51186	147	473	two days later	DATE
51186	147	656	town	GEONOUN
51186	147	766	the morning	TIME
51186	147	801	that evening	TIME
51186	147	1224	Israel	COUNTRY
51186	147	1397	Europe	CONTINENT
51186	147	1504	eight years ago	DATE
51186	147	1643	Belgium	COUNTRY
51186	147	2010	a few months old	DATE
51186	147	2396	house	GEONOUN
51186	147	2505	a few months	DATE
51186	150	14	England	PLACE
51186	150	27	1948	DATE
51186	150	67	America	COUNTRY
51186	150	113	America	COUNTRY
51186	150	138	California	US-STATE
51186	150	181	England	PLACE
51186	150	242	America	COUNTRY
51186	151	40	England	PLACE
51186	151	90	America	COUNTRY
51186	153	11	those three years	DATE
51186	153	35	'45 to '48	DATE
51186	153	99	America	COUNTRY
51186	154	35	Williamsburg	CITY
51186	154	82	California	US-STATE
51186	154	97	Los Angeles	CITY
51186	154	149	boat	GEONOUN
51186	156	132	boat	GEONOUN
51186	157	10	ship	GEONOUN
51186	157	89	America	COUNTRY
51186	157	178	boat	GEONOUN
51186	158	0	The end of '48	DATE
51186	159	19	America	COUNTRY
51186	159	191	house	GEONOUN
51186	159	216	Williamsburg	CITY
51186	159	266	room	GEONOUN
51186	159	358	Williamsburg	CITY
51186	159	462	room	GEONOUN
51186	159	511	room	GEONOUN
51186	159	586	all night	TIME
51186	159	714	California	US-STATE
51186	159	784	railroad	GEONOUN
51186	159	837	Chicago	CITY
51186	159	852	14 years old	DATE
51186	159	880	America	COUNTRY
51186	159	924	Chicago	CITY
51186	159	1080	Jewish	GEONOUN
51186	159	1261	California	US-STATE
51186	159	1418	this day	DATE
51186	159	1500	California	US-STATE
51186	159	1549	California	US-STATE
51186	160	137	school	GEONOUN
51186	160	155	school	GEONOUN
51186	161	9	Los Angeles	CITY
51186	161	34	1953	DATE
51186	162	18	high school	GEONOUN
51186	163	140	the next day	DATE
51186	163	197	high school	GEONOUN
51186	163	227	Jewish	GEONOUN
51186	163	545	a Shabbos afternoon	TIME
51186	163	650	the evening	TIME
51186	166	240	house	GEONOUN
51186	167	118	England	PLACE
51186	167	141	Los Angeles	CITY
51186	167	388	New York	US-STATE
51186	167	514	New York	US-STATE
51186	167	654	airport	GEONOUN
51186	167	724	airport	GEONOUN
51186	167	803	airport	GEONOUN
51186	167	871	airport	GEONOUN
51186	167	924	airport	GEONOUN
51186	167	1118	New York	US-STATE
51186	167	1296	house	GEONOUN
51186	167	1354	Bronx	PLACE
51186	167	1462	Manhattan	CITY
51186	167	1505	house	GEONOUN
51186	167	1856	California	US-STATE
51186	167	2188	10 days later	DATE
51186	167	2251	California	US-STATE
51186	167	2371	10 days	DATE
51186	167	2508	California	US-STATE
51186	167	2574	Williamsburg	CITY
51186	167	2592	school	GEONOUN
51186	167	2679	school	GEONOUN
51186	167	2705	school	GEONOUN
51186	167	2742	house	GEONOUN
51186	167	2863	house	GEONOUN
51186	167	2989	Philadelphia	CITY
51186	167	3128	Northeast Philadelphia	PLACE
51186	167	3304	Los Angeles	CITY
51186	169	17	February of 1954	DATE
51186	170	10	Hungary	COUNTRY
51186	170	22	New York	US-STATE
51186	172	48	room	GEONOUN
51186	172	60	Bronx	PLACE
51186	172	139	apartment	GEONOUN
51186	172	173	Bronx	PLACE
51186	173	3	Pelham Parkway	PLACE
51186	174	75	Manhattan	CITY
51186	174	144	apartment	GEONOUN
51186	174	157	Forest Hills	CITY
51186	174	255	Forest Hills	CITY
51186	174	405	house	GEONOUN
51186	174	414	Forest Hill--	PLACE
51186	174	436	Far Rockaway	CITY
51186	176	3	'62-- 1962	DATE
51186	177	218	school	GEONOUN
51186	182	52	Lawrence	CITY
51186	182	111	Bnei Brak	CITY
51186	182	175	Far Rockaway	CITY
51186	182	262	Cedarhurst	PLACE
51186	182	321	Far Rockaway	CITY
51186	187	272	ship	GEONOUN
51186	187	391	shelter	GEONOUN
51186	187	415	shelter	GEONOUN
51186	187	457	shelter	GEONOUN
51186	191	62	Jewish	GEONOUN
51186	192	186	Belgium	COUNTRY
51186	192	224	England	PLACE
51186	192	245	England	PLACE
51186	192	256	1943	DATE
51186	192	370	Zelem	PLACE
51186	192	694	England	PLACE
51186	192	847	Belgium	COUNTRY
51186	192	871	England	PLACE
51186	192	1032	Cardiff	CITY
51186	192	1053	school	GEONOUN
51186	192	1190	1947	DATE
51186	192	1202	hostel	GEONOUN
51186	192	1217	dormitory	GEONOUN
51186	192	1281	Purim	DATE
51186	192	1530	Bnei Brak	CITY
51186	192	1584	a few months old	DATE
51186	193	296	Israel	COUNTRY
51186	193	1367	Bnei Brak	CITY
51186	193	1381	Eretz Yisrael	PLACE
51186	195	207	Holocaust	EVENT
51186	195	450	den	GEONOUN
51186	195	620	room	GEONOUN
51186	195	1513	college	GEONOUN
51186	195	1541	Holocaust	EVENT
51186	195	1726	Holocaust	EVENT
51186	195	1790	Holocaust	EVENT
51186	195	2621	Jewish	GEONOUN
