FileID	AnswerID	StartCharPos	Entity	Type
51190	3	17	Europe	CONTINENT
51190	4	14	Erquelinnes	PLACE
51190	4	27	Belgium	COUNTRY
51190	5	0	1931	DATE
51190	6	5	69 years old	DATE
51190	7	25	room	GEONOUN
51190	7	64	room	GEONOUN
51190	7	99	room	GEONOUN
51190	7	240	basement	GEONOUN
51190	7	321	those days	DATE
51190	7	347	outhouse	GEONOUN
51190	7	386	house	GEONOUN
51190	8	0	Rue Albert Premier	PLACE
51190	9	52	several years	DATE
51190	9	224	America	COUNTRY
51190	14	250	one week	DATE
51190	14	296	next week	DATE
51190	14	351	house	GEONOUN
51190	15	24	house	GEONOUN
51190	17	16	Lódz	PLACE
51190	17	22	Poland	COUNTRY
51190	20	64	house	GEONOUN
51190	21	56	country	GEONOUN
51190	24	7	Jewish	GEONOUN
51190	26	87	today	DATE
51190	27	24	Europe	CONTINENT
51190	27	87	country	GEONOUN
51190	28	15	Pabianice	CITY
51190	28	26	Poland	COUNTRY
51190	29	56	street	GEONOUN
51190	29	199	three	DATE
51190	29	237	the Sunday	TIME
51190	29	248	morning	TIME
51190	29	353	park	GEONOUN
51190	29	359	Every Sunday	DATE
51190	29	396	park	GEONOUN
51190	30	63	garden	GEONOUN
51190	30	81	house	GEONOUN
51190	30	214	11	DATE
51190	30	220	12	DATE
51190	30	347	garden	GEONOUN
51190	30	463	garden	GEONOUN
51190	33	139	Poland	COUNTRY
51190	34	139	street	GEONOUN
51190	34	384	street	GEONOUN
51190	35	238	school	GEONOUN
51190	35	325	those days	DATE
51190	35	373	town	GEONOUN
51190	36	57	country	GEONOUN
51190	38	13	synagogue	GEONOUN
51190	38	30	town	GEONOUN
51190	40	153	age three	DATE
51190	40	241	every day	DATE
51190	40	258	cemetery	GEONOUN
51190	40	360	Belgium	COUNTRY
51190	40	394	Belgium	COUNTRY
51190	40	410	town	GEONOUN
51190	40	418	Charleroi	CITY
51190	40	474	city	GEONOUN
51190	40	676	town	GEONOUN
51190	40	861	town	GEONOUN
51190	40	1006	Jewish	GEONOUN
51190	42	7	school	GEONOUN
51190	45	106	church	GEONOUN
51190	46	27	Passover	DATE
51190	46	71	city	GEONOUN
51190	46	125	Jewish	GEONOUN
51190	46	223	house	GEONOUN
51190	46	249	corridor	GEONOUN
51190	48	172	Yom Kippur	DATE
51190	48	422	Jewish	GEONOUN
51190	50	104	Christmas	DATE
51190	50	146	a, a-- December 6th	DATE
51190	50	241	Easter	DATE
51190	50	288	garden	GEONOUN
51190	51	208	weekly	DATE
51190	53	0	6 and 1/2 years	DATE
51190	54	6	1937	DATE
51190	62	39	next month	DATE
51190	63	45	school	GEONOUN
51190	63	56	over 25 years	DATE
51190	64	16	Malta	COUNTRY
51190	64	26	New Jersey	US-STATE
51190	66	32	about an hour	TIME
51190	73	626	today	DATE
51190	73	641	Jewish	GEONOUN
51190	74	33	house	GEONOUN
51190	74	55	house	GEONOUN
51190	82	3	Poland	COUNTRY
51190	84	23	building	GEONOUN
51190	84	44	building	GEONOUN
51190	84	57	the City Hall	PLACE
51190	84	94	building	GEONOUN
51190	84	112	building	GEONOUN
51190	84	128	school	GEONOUN
51190	84	296	school	GEONOUN
51190	84	357	Belgium	COUNTRY
51190	84	600	school	GEONOUN
51190	87	237	school	GEONOUN
51190	87	265	America	COUNTRY
51190	88	103	room	GEONOUN
51190	88	139	morning	TIME
51190	95	57	every morning	TIME
51190	95	97	school	GEONOUN
51190	95	136	about 10 minutes	TIME
51190	99	68	11	DATE
51190	99	225	church	GEONOUN
51190	99	962	church	GEONOUN
51190	100	288	church	GEONOUN
51190	100	337	church	GEONOUN
51190	100	402	church	GEONOUN
51190	102	96	many years later	DATE
51190	102	250	windows	GEONOUN
51190	102	273	windows	GEONOUN
51190	104	217	many years	DATE
51190	106	86	every Sunday	DATE
51190	106	216	church	GEONOUN
51190	106	419	Sunday	DATE
51190	106	426	morning	TIME
51190	106	456	the afternoon	TIME
51190	106	633	church	GEONOUN
51190	106	662	the afternoon	TIME
51190	106	679	church	GEONOUN
51190	106	690	maybe a half an hour	TIME
51190	106	744	convent	GEONOUN
51190	109	91	14	DATE
51190	109	95	15	DATE
51190	109	108	those years	DATE
51190	109	217	Belgium	COUNTRY
51190	109	324	church	GEONOUN
51190	109	396	city	GEONOUN
51190	111	89	church	GEONOUN
51190	111	136	'43	DATE
51190	111	141	'44	DATE
51190	111	176	the summer	DATE
51190	111	244	Jewish	GEONOUN
51190	111	281	US	PLACE
51190	111	304	country	GEONOUN
51190	111	355	Jewish	GEONOUN
51190	111	523	church	GEONOUN
51190	111	706	Sunday	DATE
51190	111	719	church	GEONOUN
51190	112	63	city	GEONOUN
51190	114	0	1939	DATE
51190	115	10	'40	DATE
51190	115	72	1939	DATE
51190	115	107	Belgium	COUNTRY
51190	115	181	'37	DATE
51190	115	230	a year and a half	DATE
51190	115	249	'38, '39	DATE
51190	115	331	street	GEONOUN
51190	115	589	France	COUNTRY
51190	121	80	those days	DATE
51190	122	43	school	GEONOUN
51190	123	49	school	GEONOUN
51190	124	66	shelter	GEONOUN
51190	124	93	backyard	GEONOUN
51190	124	139	hole	GEONOUN
51190	124	151	ground	GEONOUN
51190	124	180	shelter	GEONOUN
51190	124	217	ground	GEONOUN
51190	124	241	roof	GEONOUN
51190	124	340	shelter	GEONOUN
51190	124	362	many hours	TIME
51190	126	39	ground	GEONOUN
51190	128	140	shelter	GEONOUN
51190	128	338	fall	GEONOUN
51190	128	372	maybe an hour	TIME
51190	129	38	the summertime	DATE
51190	129	65	'39	DATE
51190	129	81	'39	DATE
51190	129	191	Belgium	COUNTRY
51190	129	253	Philadelphia	CITY
51190	131	24	shelter	GEONOUN
51190	133	13	house	GEONOUN
51190	133	26	backyard	GEONOUN
51190	133	75	house	GEONOUN
51190	133	106	veranda	GEONOUN
51190	133	149	ceiling	GEONOUN
51190	133	191	ceiling fell	GEONOUN
51190	133	199	fell	GEONOUN
51190	133	394	about three weeks	DATE
51190	133	483	one day	DATE
51190	139	59	town	GEONOUN
51190	139	97	France	COUNTRY
51190	139	156	Paris	CITY
51190	139	174	city	GEONOUN
51190	139	199	train station	GEONOUN
51190	139	227	train	GEONOUN
51190	139	327	carriage	GEONOUN
51190	139	421	carriage	GEONOUN
51190	139	604	forest	GEONOUN
51190	139	623	trees	GEONOUN
51190	140	45	one minute	TIME
51190	140	61	the next minute	TIME
51190	140	124	ground	GEONOUN
51190	140	132	fell	GEONOUN
51190	140	144	ground	GEONOUN
51190	140	678	carriage	GEONOUN
51190	140	778	road	GEONOUN
51190	140	938	three to four weeks	DATE
51190	140	1079	road	GEONOUN
51190	140	1133	fields	GEONOUN
51190	140	1385	barns	GEONOUN
51190	140	1566	town	GEONOUN
51190	140	1578	Longchamp	PLACE
51190	140	1591	France	COUNTRY
51190	141	75	days	DATE
51190	141	94	nights	DATE
51190	141	291	road	GEONOUN
51190	141	505	road	GEONOUN
51190	143	76	road	GEONOUN
51190	144	10	town	GEONOUN
51190	146	258	village	GEONOUN
51190	146	307	buildings	GEONOUN
51190	146	330	town	GEONOUN
51190	146	445	property	GEONOUN
51190	146	703	this day	DATE
51190	146	729	upstairs	GEONOUN
51190	148	15	three weeks	DATE
51190	148	86	three or four weeks	DATE
51190	150	128	fields	GEONOUN
51190	154	111	town	GEONOUN
51190	154	136	France	COUNTRY
51190	154	195	properties	GEONOUN
51190	154	215	house	GEONOUN
51190	156	226	cafe restaurant	GEONOUN
51190	156	231	restaurant	GEONOUN
51190	156	289	building	GEONOUN
51190	158	227	veranda	GEONOUN
51190	159	31	town	GEONOUN
51190	159	65	university building	GEONOUN
51190	159	76	building	GEONOUN
51190	159	116	university	GEONOUN
51190	159	175	building	GEONOUN
51190	160	273	house daily	GEONOUN
51190	160	279	daily	DATE
51190	163	136	This particular day	DATE
51190	163	226	street	GEONOUN
51190	163	262	house	GEONOUN
51190	163	303	house	GEONOUN
51190	163	451	house	GEONOUN
51190	163	486	town	GEONOUN
51190	163	527	gardens	GEONOUN
51190	163	572	street	GEONOUN
51190	163	588	gardens	GEONOUN
51190	163	685	house	GEONOUN
51190	163	799	street	GEONOUN
51190	163	830	cape	GEONOUN
51190	163	934	barricaded	GEONOUN
51190	163	1072	house	GEONOUN
51190	164	92	street	GEONOUN
51190	164	121	street	GEONOUN
51190	164	144	house	GEONOUN
51190	164	384	house	GEONOUN
51190	165	163	20 years old	DATE
51190	166	131	town	GEONOUN
51190	166	144	foot	GEONOUN
51190	166	209	carriage	GEONOUN
51190	166	242	foot	GEONOUN
51190	166	506	backyard	GEONOUN
51190	166	547	retreat	GEONOUN
51190	166	591	shelter	GEONOUN
51190	167	202	one day	DATE
51190	167	231	ground	GEONOUN
51190	167	508	fell	GEONOUN
51190	167	571	fall	GEONOUN
51190	167	738	That day	DATE
51190	167	811	house	GEONOUN
51190	169	429	town	GEONOUN
51190	169	704	those days	DATE
51190	170	56	house	GEONOUN
51190	171	103	country	GEONOUN
51190	173	52	Belgium	COUNTRY
51190	173	119	school	GEONOUN
51190	173	232	the same day	DATE
51190	173	304	one day	DATE
51190	173	348	5 o'clock in the morning	TIME
51190	175	74	Jewish	GEONOUN
51190	176	111	one day	DATE
51190	177	168	church	GEONOUN
51190	178	25	church	GEONOUN
51190	178	47	Belgium	COUNTRY
51190	179	168	church	GEONOUN
51190	180	153	Jewish	GEONOUN
51190	180	263	house	GEONOUN
51190	180	338	house	GEONOUN
51190	180	554	river	GEONOUN
51190	180	679	America	COUNTRY
51190	181	28	architect	GEONOUN
51190	184	32	Jewish	GEONOUN
51190	184	600	America	COUNTRY
51190	184	822	Jewish	GEONOUN
51190	184	865	Jewish	GEONOUN
51190	186	67	town	GEONOUN
51190	187	186	France	COUNTRY
51190	190	172	houses	GEONOUN
51190	192	97	Belgium	COUNTRY
51190	192	112	today	DATE
51190	192	158	those days	DATE
51190	192	188	16	DATE
51190	192	213	city hall	GEONOUN
51190	192	234	house	GEONOUN
51190	192	475	America	COUNTRY
51190	194	88	America	COUNTRY
51190	196	15	16	DATE
51190	197	47	18	DATE
51190	197	123	19	DATE
51190	198	68	The day	DATE
51190	198	224	the day	DATE
51190	199	324	France	COUNTRY
51190	200	131	the night	TIME
51190	201	7	house	GEONOUN
51190	201	31	house	GEONOUN
51190	202	47	room	GEONOUN
51190	202	100	The following night	TIME
51190	204	127	city	GEONOUN
51190	204	235	night	TIME
51190	209	175	house	GEONOUN
51190	209	237	town	GEONOUN
51190	209	325	city	GEONOUN
51190	209	339	synagogue	GEONOUN
51190	209	395	synagogue	GEONOUN
51190	209	496	town	GEONOUN
51190	210	82	synagogue	GEONOUN
51190	210	386	downstairs	GEONOUN
51190	210	425	upstairs	GEONOUN
51190	210	502	synagogue	GEONOUN
51190	212	96	school	GEONOUN
51190	212	394	a couple of years	DATE
51190	212	544	city	GEONOUN
51190	214	3	concentration camps	GEONOUN
51190	215	115	every Yom Kippur	DATE
51190	215	380	camp	GEONOUN
51190	215	490	town	GEONOUN
51190	216	230	about 19, 20	DATE
51190	216	247	those days	DATE
51190	216	285	city	GEONOUN
51190	216	293	Charleroi	CITY
51190	216	396	town	GEONOUN
51190	216	420	Jewish	GEONOUN
51190	216	632	camps	GEONOUN
51190	218	108	Australia	COUNTRY
51190	218	270	Australia	COUNTRY
51190	218	289	America	COUNTRY
51190	218	329	Australia	COUNTRY
51190	218	507	Belgium	COUNTRY
51190	218	653	Israel	COUNTRY
51190	221	30	America	COUNTRY
51190	221	215	two weeks	DATE
51190	221	402	Europe	CONTINENT
51190	222	95	night	TIME
51190	222	119	school	GEONOUN
51190	222	149	France	COUNTRY
51190	222	225	Europe	CONTINENT
51190	224	0	March 22, 1950	DATE
51190	225	18	19	DATE
51190	225	68	3 SECONDS	DATE
51190	225	82	March of 2000	DATE
51190	225	97	this past March	DATE
51190	225	127	50 years	DATE
51190	225	144	country	GEONOUN
51190	225	218	America	COUNTRY
51190	226	164	Belgium	COUNTRY
51190	226	264	Jewish	GEONOUN
51190	226	330	Jewish	GEONOUN
51190	226	344	This Rosh Hashanah	DATE
51190	226	397	synagogue	GEONOUN
51190	226	413	every year	DATE
51190	226	463	this year	DATE
51190	229	32	Philadelphia	CITY
51190	229	179	room	GEONOUN
51190	229	433	America	COUNTRY
51190	229	633	Lynn	CITY
51190	229	639	Massachusetts	US-STATE
51190	229	911	Lynn	CITY
51190	229	917	Massachusetts	US-STATE
51190	229	932	Lynn	CITY
51190	229	955	city	GEONOUN
51190	229	971	street	GEONOUN
51190	229	1160	Philadelphia	CITY
51190	229	1662	the Cunard Line	PLACE
51190	229	1690	New York	US-STATE
51190	229	2108	ship	GEONOUN
51190	229	2381	ship	GEONOUN
51190	229	2522	New York	US-STATE
51190	229	2535	a couple of days	DATE
51190	229	2587	Philadelphia	CITY
51190	229	2679	13 months	DATE
51190	229	2808	apartment	GEONOUN
51190	229	2858	room apartment	GEONOUN
51190	229	2863	apartment	GEONOUN
51190	229	2913	room	GEONOUN
51190	229	3020	house	GEONOUN
51190	229	3116	America	COUNTRY
51190	229	3204	school	GEONOUN
51190	229	3256	school	GEONOUN
51190	229	3421	about six months	DATE
51190	230	63	only 50 years	DATE
51190	230	211	room	GEONOUN
51190	230	317	night	TIME
51190	230	645	Jewish	GEONOUN
51190	230	697	Belgium	COUNTRY
51190	230	978	America	COUNTRY
51190	230	1040	the end of the year	DATE
51190	230	1228	country	GEONOUN
51190	230	1255	country	GEONOUN
51190	230	1302	one day	DATE
51190	230	1345	hallway	GEONOUN
51190	230	1522	Belgium	COUNTRY
51190	231	143	Belgium	COUNTRY
51190	231	221	Jewish	GEONOUN
51190	231	606	The day	DATE
51190	231	957	Jewish	GEONOUN
51190	231	1024	building America	GEONOUN
51190	231	1033	America	COUNTRY
51190	234	0	About four days	DATE
51190	234	17	Four or five days	DATE
51190	234	87	an extra day	DATE
51190	234	126	sea	GEONOUN
51190	234	415	ship	GEONOUN
51190	234	513	cabin	GEONOUN
51190	234	861	one day	DATE
51190	234	1215	America	COUNTRY
51190	234	1265	America	COUNTRY
51190	234	1328	Europe	CONTINENT
51190	234	1416	America	COUNTRY
51190	234	1430	1928	DATE
51190	235	12	1950	DATE
51190	235	360	chimneys	GEONOUN
51190	235	376	ship	GEONOUN
51190	235	493	indoors	GEONOUN
51190	235	529	the day	DATE
51190	235	784	many years later	DATE
51190	235	834	island	GEONOUN
51190	236	0	Ellis Island	PLACE
51190	236	104	school	GEONOUN
51190	237	26	Ellis Island	PLACE
51190	238	35	the New York--	PLACE
51190	238	64	Upper West Side	PLACE
51190	238	123	those days	DATE
51190	238	203	Ellis Island	PLACE
51190	238	217	Ellis Island	PLACE
51190	238	251	the '40s	DATE
51190	238	273	the late 40s	DATE
51190	239	7	19th and Chew,	PLACE
51190	239	35	C-H-E-	PLACE
51190	239	47	Germantown	CITY
51190	240	44	every day	DATE
51190	240	57	Germantown Avenue	PLACE
51190	240	122	school	GEONOUN
51190	240	141	every night--	TIME
51190	240	155	three nights	TIME
51190	241	13	April, 1951	DATE
51190	242	131	13 hours	TIME
51190	242	219	6:30	TIME
51190	243	61	that night	TIME
51190	243	73	previous night	TIME
51190	243	100	the day	DATE
51190	243	158	an hour	TIME
51190	243	201	an hour	TIME
51190	243	286	Jersey	COUNTRY
51190	245	139	nine years	DATE
51190	245	175	only 57	DATE
51190	247	48	factory	GEONOUN
51190	247	167	factory	GEONOUN
51190	247	313	Jewish	GEONOUN
51190	247	336	Jewish	GEONOUN
51190	247	357	factory	GEONOUN
51190	247	536	room	GEONOUN
51190	250	98	store	GEONOUN
51190	250	398	New York	US-STATE
51190	250	426	Jewish	GEONOUN
51190	250	668	track	GEONOUN
51190	250	703	track	GEONOUN
51190	250	822	the following week	DATE
51190	250	889	a week later	DATE
51190	250	1222	track	GEONOUN
51190	250	2239	47 years later	DATE
51190	254	212	house	GEONOUN
51190	255	111	factory	GEONOUN
51190	255	363	country	GEONOUN
51190	257	38	Belgium	COUNTRY
51190	260	92	church	GEONOUN
51190	260	186	school	GEONOUN
51190	260	305	house	GEONOUN
51190	261	34	synagogue	GEONOUN
51190	261	173	board	GEONOUN
51190	261	200	synagogue	GEONOUN
51190	261	236	board	GEONOUN
51190	261	415	every New Year's	EVENT
51190	262	20	synagogue	GEONOUN
51190	262	66	Erdenheim	PLACE
51190	264	0	Six months.	DATE
51190	265	31	December 13, 1953	DATE
51190	265	113	Boulevard	PLACE
51190	265	317	afternoon	TIME
51190	265	338	a Sunday	DATE
51190	265	477	Concorde	PLACE
51190	265	490	New York	US-STATE
51190	265	513	a week	DATE
51190	266	13	45	DATE
51190	266	16	yesterday	DATE
51190	266	60	42	DATE
51190	266	85	38	DATE
51190	267	27	school	GEONOUN
51190	267	58	college	GEONOUN
51190	269	46	Philadelphia	CITY
51190	269	156	store	GEONOUN
51190	270	247	New York	US-STATE
51190	270	424	works	GEONOUN
51190	270	458	New York--	PLACE
51190	270	525	school	GEONOUN
51190	271	65	every Rosh Hashanah	DATE
51190	271	89	Yom Kippur	DATE
51190	271	114	Yom Kippur	DATE
51190	278	149	the day	DATE
51190	278	302	fall	GEONOUN
51190	278	340	ground	GEONOUN
51190	278	574	shelter	GEONOUN
51190	278	628	house	GEONOUN
51190	278	665	house	GEONOUN
51190	279	647	raise	GEONOUN
51190	283	3	Poland	COUNTRY
51190	286	54	Poland	COUNTRY
51190	287	46	16	DATE
51190	287	80	about 17	DATE
51190	288	3	Poland	COUNTRY
51190	289	58	three years old	DATE
51190	290	3	Poland	COUNTRY
51190	292	9	a couple of months	DATE
51190	295	14	about three years old	DATE
51190	296	3	Belgium	COUNTRY
51190	298	3	Belgium	COUNTRY
51190	300	9	a year and a half	DATE
51190	302	3	Belgium	COUNTRY
51190	305	89	Belgium	COUNTRY
51190	305	100	America	COUNTRY
51190	305	131	April 1951	DATE
51190	306	59	Belgium	COUNTRY
51190	306	70	America	COUNTRY
51190	307	98	Australia	COUNTRY
51190	308	66	December 13, 1953	DATE
51190	311	12	about five years ago	DATE
51190	312	83	nearly 47 years	DATE
51190	317	280	current	GEONOUN
