FileID	AnswerID	StartCharPos	Entity	Type
51215	2	0	April 21, 1931	DATE
51215	4	14	Czechoslovakia	COUNTRY
51215	4	57	village	GEONOUN
51215	4	72	Herincse	PLACE
51215	7	88	town	GEONOUN
51215	7	100	Chust	CITY
51215	7	137	hometown	GEONOUN
51215	8	16	Sighet	PLACE
51215	8	39	Munkács	PLACE
51215	8	195	Chust	CITY
51215	15	147	1929	DATE
51215	15	215	1936	DATE
51215	16	460	Jewish	GEONOUN
51215	16	491	this wintertime	DATE
51215	16	522	wood	GEONOUN
51215	17	9	sawmill	GEONOUN
51215	17	29	forests	GEONOUN
51215	17	63	Chajmovitz	PLACE
51215	17	106	factory	GEONOUN
51215	17	190	area	GEONOUN
51215	17	200	forests	GEONOUN
51215	17	236	foothill	GEONOUN
51215	17	275	land	GEONOUN
51215	17	281	forests	GEONOUN
51215	17	317	mountains	GEONOUN
51215	17	344	train	GEONOUN
51215	17	383	sawmill	GEONOUN
51215	17	470	that era	DATE
51215	18	24	today	DATE
51215	20	220	a second	TIME
51215	22	4	house	GEONOUN
51215	22	44	house	GEONOUN
51215	22	199	the summertime	DATE
51215	22	227	summer	DATE
51215	22	264	house	GEONOUN
51215	22	319	winter	DATE
51215	22	368	house	GEONOUN
51215	22	393	house	GEONOUN
51215	22	565	indoor	GEONOUN
51215	22	619	houses	GEONOUN
51215	23	34	street	GEONOUN
51215	23	62	street	GEONOUN
51215	23	178	block	GEONOUN
51215	25	14	steps	GEONOUN
51215	25	89	pillars	GEONOUN
51215	25	197	the summertime	DATE
51215	25	226	entrance	GEONOUN
51215	25	275	house	GEONOUN
51215	25	315	foyer	GEONOUN
51215	25	341	foyer	GEONOUN
51215	25	420	room	GEONOUN
51215	25	433	salon	GEONOUN
51215	25	462	room	GEONOUN
51215	25	526	entrance	GEONOUN
51215	25	561	hall	GEONOUN
51215	25	791	room	GEONOUN
51215	25	802	pantry	GEONOUN
51215	25	819	room	GEONOUN
51215	26	9	room	GEONOUN
51215	26	33	hallway	GEONOUN
51215	27	17	Jewish	GEONOUN
51215	27	81	Jewish	GEONOUN
51215	28	44	Herincse	PLACE
51215	28	237	village	GEONOUN
51215	28	657	late 60s	DATE
51215	28	696	today	DATE
51215	33	26	4 SECONDS	DATE
51215	33	37	five years	DATE
51215	33	55	five years	DATE
51215	33	74	five year--	DATE
51215	33	92	five years	DATE
51215	33	136	two years	DATE
51215	34	9	Munkács	PLACE
51215	34	31	hometown	GEONOUN
51215	36	26	Chust	CITY
51215	37	219	town	GEONOUN
51215	38	27	Jewish	GEONOUN
51215	38	323	Jewish	GEONOUN
51215	41	117	the First World War	EVENT
51215	43	157	today	DATE
51215	45	16	synagogue	GEONOUN
51215	45	50	the Big Synagogue	PLACE
51215	46	49	community	GEONOUN
51215	46	95	community	GEONOUN
51215	46	328	synagogue	GEONOUN
51215	48	20	plaza	GEONOUN
51215	48	68	street	GEONOUN
51215	49	3	Chust	CITY
51215	49	181	school	GEONOUN
51215	50	33	school	GEONOUN
51215	51	259	the last minute	TIME
51215	51	381	1938	DATE
51215	51	479	area	GEONOUN
51215	51	497	Romania	COUNTRY
51215	51	512	Hungary	COUNTRY
51215	51	529	Czechoslovakia	COUNTRY
51215	51	551	Hungary	COUNTRY
51215	51	634	Hungary	COUNTRY
51215	51	658	Czechoslovakia	COUNTRY
51215	51	695	Hungary	COUNTRY
51215	52	30	school	GEONOUN
51215	52	58	two, three years	DATE
51215	52	272	two, three years	DATE
51215	52	304	school	GEONOUN
51215	53	71	Rosh Hashanah	DATE
51215	53	86	Yom Kippur	DATE
51215	53	112	Shavuos	DATE
51215	53	131	Purim	DATE
51215	53	166	Sukkos	DATE
51215	53	199	house	GEONOUN
51215	53	264	house	GEONOUN
51215	53	335	roof	GEONOUN
51215	53	354	Sukkos	DATE
51215	54	178	Budapest	CITY
51215	54	191	Prague	CITY
51215	54	214	Budapest	CITY
51215	54	273	Summers	DATE
51215	54	305	resort	GEONOUN
51215	55	36	four	DATE
51215	55	45	five	DATE
51215	55	109	a weekend day	DATE
51215	55	134	the week	DATE
51215	55	167	town	GEONOUN
51215	55	345	town	GEONOUN
51215	57	325	the last year	DATE
51215	59	125	1943	DATE
51215	59	249	Budapest	CITY
51215	59	271	Buda	PLACE
51215	59	287	resort	GEONOUN
51215	59	307	resort	GEONOUN
51215	59	331	sanatorium	GEONOUN
51215	59	455	the summer	DATE
51215	59	653	like four or five months	DATE
51215	59	725	the holidays of '43	DATE
51215	59	768	fall	GEONOUN
51215	59	936	Palestine	CITY
51215	59	1092	Friday	DATE
51215	59	1099	night	TIME
51215	59	1313	Jewish community	GEONOUN
51215	59	1320	community	GEONOUN
51215	59	1335	Jewish community	GEONOUN
51215	59	1342	community	GEONOUN
51215	59	1822	house	GEONOUN
51215	60	80	1942	DATE
51215	60	298	1942	DATE
51215	60	352	Jewish	GEONOUN
51215	60	371	Herincse	PLACE
51215	60	434	train	GEONOUN
51215	60	493	train	GEONOUN
51215	60	522	village	GEONOUN
51215	60	531	Herincse--	PLACE
51215	60	802	two days	DATE
51215	60	826	Uzh-Ungvar	PLACE
51215	60	855	county seat	GEONOUN
51215	60	862	seat	GEONOUN
51215	60	960	Chust--	PLACE
51215	60	984	village	GEONOUN
51215	60	1069	'42	DATE
51215	60	1154	New York	US-STATE
51215	60	1167	Brooklyn	CITY
51215	60	1322	Poland	COUNTRY
51215	61	16	'42	DATE
51215	61	37	Chust	CITY
51215	61	62	houses	GEONOUN
51215	61	99	Jewish	GEONOUN
51215	61	130	'42	DATE
51215	61	137	Poland	COUNTRY
51215	61	374	'42	DATE
51215	61	411	'44	DATE
51215	61	419	March of '44	DATE
51215	61	537	Budapest	CITY
51215	61	743	spring	GEONOUN
51215	61	751	Passover	DATE
51215	61	780	the day after Passover	DATE
51215	61	823	Passover	DATE
51215	61	901	6:30 in the morning	TIME
51215	61	1074	city	GEONOUN
51215	61	1185	synagogue	GEONOUN
51215	61	1369	the day after Passover	DATE
51215	61	1426	the day after Passover	DATE
51215	61	1483	a few days	DATE
51215	61	1576	Jewish	GEONOUN
51215	61	1801	12	DATE
51215	61	1989	daily	DATE
51215	61	2098	house	GEONOUN
51215	61	2319	community	GEONOUN
51215	61	2429	forest	GEONOUN
51215	61	2573	that week	DATE
51215	61	2640	synagogue	GEONOUN
51215	62	175	city	GEONOUN
51215	62	280	ghetto	GEONOUN
51215	62	315	city	GEONOUN
51215	62	371	area	GEONOUN
51215	62	411	house	GEONOUN
51215	62	447	room	GEONOUN
51215	62	511	house	GEONOUN
51215	62	525	ghetto	GEONOUN
51215	62	573	synagogue	GEONOUN
51215	62	605	synagogue	GEONOUN
51215	62	787	street	GEONOUN
51215	62	908	canteen	GEONOUN
51215	62	945	forest	GEONOUN
51215	62	1345	a day	DATE
51215	62	1354	a half a day	DATE
51215	62	1525	room	GEONOUN
51215	63	78	street	GEONOUN
51215	63	351	house	GEONOUN
51215	63	505	hometown	GEONOUN
51215	63	555	hometown	GEONOUN
51215	63	671	house	GEONOUN
51215	63	737	carriage	GEONOUN
51215	63	815	street	GEONOUN
51215	63	834	Jewish	GEONOUN
51215	63	970	house	GEONOUN
51215	63	999	synagogue	GEONOUN
51215	63	1066	ghetto	GEONOUN
51215	63	1105	area	GEONOUN
51215	63	1129	five weeks, six weeks--	DATE
51215	63	1153	five, six weeks	DATE
51215	63	1170	The day	DATE
51215	63	1216	ghetto	GEONOUN
51215	63	1331	Auschwitz	CAMP
51215	64	89	room	GEONOUN
51215	64	537	tomorrow	DATE
51215	64	547	Tomorrow	DATE
51215	64	694	town	GEONOUN
51215	66	45	about five, six weeks	DATE
51215	66	106	town	GEONOUN
51215	66	178	one morning	TIME
51215	66	1184	brick factory	GEONOUN
51215	66	1190	factory	GEONOUN
51215	66	1218	brick factory	GEONOUN
51215	66	1224	factory	GEONOUN
51215	67	23	train	GEONOUN
51215	67	33	three days	DATE
51215	67	91	5 SECONDS	TIME
51215	67	261	train	GEONOUN
51215	67	316	corner	GEONOUN
51215	67	390	narrow	GEONOUN
51215	67	582	train	GEONOUN
51215	67	643	Auschwitz	CAMP
51215	67	673	two nights	DATE
51215	67	691	the first day	DATE
51215	67	739	train	GEONOUN
51215	67	931	train	GEONOUN
51215	68	55	the next day	DATE
51215	69	574	Chust	CITY
51215	70	17	the third day	DATE
51215	70	52	Auschwitz	CAMP
51215	70	242	the night	TIME
51215	70	284	two nights	DATE
51215	70	611	reach	GEONOUN
51215	70	648	train	GEONOUN
51215	70	675	Auschwitz	CAMP
51215	70	724	Auschwitz	CAMP
51215	70	749	train	GEONOUN
51215	70	918	camp	GEONOUN
51215	70	1109	corner	GEONOUN
51215	70	1354	18 years old	DATE
51215	70	1370	17	DATE
51215	70	1419	corner	GEONOUN
51215	70	1561	June	DATE
51215	70	1619	train	GEONOUN
51215	70	1845	the last minute	TIME
51215	71	117	17	DATE
51215	73	6	13	DATE
51215	73	16	13	DATE
51215	73	33	12	DATE
51215	73	45	13	DATE
51215	73	195	train	GEONOUN
51215	73	476	minutes	TIME
51215	73	504	minutes	TIME
51215	73	1169	'44	DATE
51215	73	1410	Auschwitz	CAMP
51215	73	1420	every single day	DATE
51215	73	1930	chamber	GEONOUN
51215	73	2037	steps	GEONOUN
51215	73	2226	17	DATE
51215	73	2237	17	DATE
51215	73	2272	17	DATE
51215	73	2786	nine years old	DATE
51215	73	2994	chamber	GEONOUN
51215	74	116	minutes	TIME
51215	75	116	a year older	DATE
51215	77	164	hallway	GEONOUN
51215	77	543	room	GEONOUN
51215	77	584	hall	GEONOUN
51215	77	600	room	GEONOUN
51215	77	889	train	GEONOUN
51215	77	1334	room	GEONOUN
51215	77	2233	the year before	DATE
51215	77	2261	labor camp	GEONOUN
51215	77	2758	room	GEONOUN
51215	78	79	our whole year	DATE
51215	78	235	Birkenau	CAMP
51215	78	277	crematorium	GEONOUN
51215	78	394	room	GEONOUN
51215	78	500	Auschwitz	CAMP
51215	78	525	Auschwitz	CAMP
51215	78	631	Camp C.	PLACE
51215	78	688	Camp C	PLACE
51215	78	709	That first night	TIME
51215	78	825	barracks	GEONOUN
51215	78	1136	whole day--	DATE
51215	78	1190	Camp C	PLACE
51215	78	1410	June	DATE
51215	78	1461	the end of a-- May--	DATE
51215	78	1563	the night	TIME
51215	78	1881	that first night	TIME
51215	78	2150	camp	GEONOUN
51215	79	21	street	GEONOUN
51215	79	40	camp	GEONOUN
51215	79	72	that afternoon	TIME
51215	79	279	Camp C.	PLACE
51215	79	336	the afternoon	TIME
51215	79	405	hometown	GEONOUN
51215	80	11	Camp C	PLACE
51215	80	21	Auschwitz	CAMP
51215	80	32	First day	DATE
51215	80	43	daylight	TIME
51215	80	114	barracks	GEONOUN
51215	80	152	barracks	GEONOUN
51215	80	246	two years later	DATE
51215	80	715	daily	DATE
51215	80	874	the afternoon	TIME
51215	80	990	the first day	DATE
51215	80	1068	Camp C--	PLACE
51215	81	37	camp	GEONOUN
51215	81	549	chamber	GEONOUN
51215	81	570	Camp C.	PLACE
51215	81	578	Camp C--	PLACE
51215	81	596	Camp C	PLACE
51215	81	607	five months	DATE
51215	81	661	Camp C	PLACE
51215	81	841	Auschwitz	CAMP
51215	81	1348	fall	GEONOUN
51215	81	1363	fall	GEONOUN
51215	81	1402	fall	GEONOUN
51215	81	1806	3 o'clock, 3:30 in the morning	TIME
51215	81	1896	the morning	TIME
51215	81	1954	block	GEONOUN
51215	81	2076	block	GEONOUN
51215	81	2095	Jewish	GEONOUN
51215	81	2134	Auschwitz	CAMP
51215	81	2148	two, three years	DATE
51215	81	2201	Slovakia	COUNTRY
51215	81	2254	camp	GEONOUN
51215	81	2299	Auschwitz	CAMP
51215	81	2605	1944	DATE
51215	82	78	block	GEONOUN
51215	82	463	every day	DATE
51215	82	476	morning	TIME
51215	82	650	7 o'clock in the morning	TIME
51215	82	686	8 o'clock in the morning	TIME
51215	82	765	3 SECONDS	TIME
51215	82	911	club	GEONOUN
51215	82	1166	hours	TIME
51215	82	1875	the first few weeks	DATE
51215	83	89	Auschwitz	CAMP
51215	83	235	Three weeks	DATE
51215	83	264	Auschwitz	CAMP
51215	83	310	Zahlappell	EVENT
51215	83	461	block	GEONOUN
51215	83	1034	a couple years older	DATE
51215	83	1203	that day	DATE
51215	83	1240	One day	DATE
51215	83	1306	three months	DATE
51215	83	1324	camp	GEONOUN
51215	83	1364	camp	GEONOUN
51215	83	1377	Camp B.	PLACE
51215	83	1455	Camp B.	PLACE
51215	83	1496	camp	GEONOUN
51215	83	1722	Theresienstadt	CAMP
51215	83	1767	Camp B.	PLACE
51215	83	2008	a night	TIME
51215	83	2157	the next morning--	TIME
51215	83	2207	camp	GEONOUN
51215	83	2217	all night	TIME
51215	83	2558	all night long	TIME
51215	83	2581	the morning	TIME
51215	83	2640	Camp B.	PLACE
51215	83	2718	Camp C	PLACE
51215	83	2743	that night	TIME
51215	83	2764	that night	TIME
51215	83	2852	all night	TIME
51215	83	2872	camp	GEONOUN
51215	83	2891	one day	DATE
51215	83	2904	the day after	DATE
51215	83	3053	Three days later	DATE
51215	83	3075	camp	GEONOUN
51215	83	3090	Camp B.	PLACE
51215	83	3098	One morning	TIME
51215	83	3111	one noon	TIME
51215	86	118	Camp B.	PLACE
51215	86	162	ground	GEONOUN
51215	86	683	block	GEONOUN
51215	86	879	summers	DATE
51215	86	1072	hometown	GEONOUN
51215	86	1357	only two, three weeks	DATE
51215	86	2028	the fifth month	DATE
51215	86	2082	Auschwitz	CAMP
51215	86	2426	the fifth month	DATE
51215	86	2465	every day	DATE
51215	86	2527	chamber	GEONOUN
51215	86	2803	the end of the fifth month	DATE
51215	86	2895	block	GEONOUN
51215	86	3758	chimney	GEONOUN
51215	86	4683	that second	TIME
51215	86	5255	that second	TIME
51215	86	6079	Auschwitz	CAMP
51215	86	6251	That day	DATE
51215	86	6351	chamber	GEONOUN
51215	86	6668	Auschwitz	CAMP
51215	87	212	camp	GEONOUN
51215	88	108	the day	DATE
51215	90	34	Auschwitz	CAMP
51215	91	388	between June and-- and	DATE
51215	91	411	the end of August	DATE
51215	91	444	May	DATE
51215	91	452	August	DATE
51215	91	470	May	DATE
51215	91	478	August	DATE
51215	91	578	Auschwitz	CAMP
51215	91	737	the last year	DATE
51215	91	1142	Auschwitz	CAMP
51215	91	1293	Auschwitz	CAMP
51215	91	1345	the morning	TIME
51215	91	1404	barracks	GEONOUN
51215	91	1427	gutter	GEONOUN
51215	91	1651	Auschwitz	CAMP
51215	91	1698	daily	DATE
51215	92	100	two or three weeks	DATE
51215	92	164	the holidays	DATE
51215	92	200	fall	GEONOUN
51215	92	297	scar	GEONOUN
51215	92	330	scar	GEONOUN
51215	92	410	that day	DATE
51215	92	447	scar	GEONOUN
51215	92	513	35	DATE
51215	92	531	34	DATE
51215	92	634	scar	GEONOUN
51215	92	792	scar	GEONOUN
51215	92	866	that day	DATE
51215	92	1023	Auschwitz	CAMP
51215	92	1198	About two, three weeks	DATE
51215	92	1277	division	GEONOUN
51215	92	1350	early in the morning	TIME
51215	92	1398	barracks	GEONOUN
51215	92	1501	street	GEONOUN
51215	92	1558	Auschwitz	CAMP
51215	92	1649	barracks	GEONOUN
51215	92	1728	barracks	GEONOUN
51215	92	1903	all day long--	DATE
51215	92	2240	tunnel	GEONOUN
51215	92	2415	barracks	GEONOUN
51215	92	2492	barracks	GEONOUN
51215	92	2800	chamber	GEONOUN
51215	92	2898	that day--	DATE
51215	92	2946	Auschwitz	CAMP
51215	92	2972	that day	DATE
51215	92	3045	next	DATE
51215	92	3051	next	DATE
51215	92	3430	that night	TIME
51215	92	3454	that day	DATE
51215	92	3488	evening	TIME
51215	92	3524	ground	GEONOUN
51215	92	3584	barracks	GEONOUN
51215	92	3640	ground	GEONOUN
51215	92	3698	a horrendous day	DATE
51215	92	3723	a horrendous day	DATE
51215	92	4432	two months before	DATE
51215	92	4925	area	GEONOUN
51215	92	5096	all night long outside	TIME
51215	92	5124	bathhouse	GEONOUN
51215	92	5242	All night long	TIME
51215	92	5325	the morning	TIME
51215	92	5360	bathhouse	GEONOUN
51215	92	5690	that night	TIME
51215	92	5713	Auschwitz	CAMP
51215	92	5897	hometown	GEONOUN
51215	92	6171	camps	GEONOUN
51215	92	6220	all night	TIME
51215	92	6372	three hours	TIME
51215	92	6410	three hours	TIME
51215	92	6537	two days	DATE
51215	92	6665	Leipzig	CITY
51215	92	6697	Hainichen	CAMP
51215	92	6723	town	GEONOUN
51215	92	6742	factory	GEONOUN
51215	92	6970	Jewish	GEONOUN
51215	92	7065	camp	GEONOUN
51215	92	7079	camp	GEONOUN
51215	92	7489	ceiling	GEONOUN
51215	92	7717	Auschwitz	CAMP
51215	92	7750	camp	GEONOUN
51215	92	7784	factory	GEONOUN
51215	92	8216	24 hours	TIME
51215	92	8234	Auschwitz	CAMP
51215	92	8259	Camp C--	PLACE
51215	92	8282	Camp C	PLACE
51215	92	8393	less than maybe a week	DATE
51215	92	8726	factory	GEONOUN
51215	92	8815	area	GEONOUN
51215	94	604	area	GEONOUN
51215	94	716	18	DATE
51215	94	779	factory	GEONOUN
51215	94	1126	school	GEONOUN
51215	94	1142	factory	GEONOUN
51215	94	1163	room	GEONOUN
51215	94	1257	the afternoon	TIME
51215	94	1287	an hour	TIME
51215	94	1295	every day	DATE
51215	94	1309	two weeks	DATE
51215	94	1550	Jewish	GEONOUN
51215	94	1870	6:00 to 6:00	TIME
51215	94	1887	7:00 to-- 12 hours	TIME
51215	94	1935	12 hours	TIME
51215	94	1966	two weeks	DATE
51215	94	2010	the night	TIME
51215	95	108	ceiling	GEONOUN
51215	95	163	area	GEONOUN
51215	95	734	Hainichen	CAMP
51215	95	824	a month	DATE
51215	95	1161	today	DATE
51215	95	1335	plain	GEONOUN
51215	95	1412	a good day	DATE
51215	95	1539	camp	GEONOUN
51215	95	1681	the morning	TIME
51215	95	2102	steps	GEONOUN
51215	95	2190	Zahlappell	EVENT
51215	95	2694	area	GEONOUN
51215	95	2819	Auschwitz	CAMP
51215	95	2951	scar	GEONOUN
51215	95	2997	hole	GEONOUN
51215	95	3207	night	TIME
51215	95	3230	hour	TIME
51215	95	3630	the 40-- four months	DATE
51215	95	3714	five months	DATE
51215	95	3762	every day	DATE
51215	95	3831	factory	GEONOUN
51215	95	3894	shelter	GEONOUN
51215	95	3909	Christmas	DATE
51215	95	3936	New Year's	DATE
51215	95	4000	shelter	GEONOUN
51215	95	4352	shelter	GEONOUN
51215	95	4426	the day	DATE
51215	95	4631	shelter	GEONOUN
51215	95	4664	shelter	GEONOUN
51215	95	4861	the five months	DATE
51215	95	5119	every morning	TIME
51215	95	5511	Romania	COUNTRY
51215	95	5535	Hungary	COUNTRY
51215	95	5665	factory	GEONOUN
51215	95	6207	daily	DATE
51215	95	6223	morning	TIME
51215	95	6234	night	TIME
51215	95	6339	fell	GEONOUN
51215	95	6503	a year later	DATE
51215	95	6603	Auschwitz	CAMP
51215	95	6742	the night	TIME
51215	95	6760	the day	DATE
51215	95	6878	the night	TIME
51215	95	6917	the day	DATE
51215	95	7195	one day	DATE
51215	95	7204	one morning	TIME
51215	95	7252	camp	GEONOUN
51215	95	7369	camp	GEONOUN
51215	95	7742	fields	GEONOUN
51215	95	8113	One morning	TIME
51215	95	8170	early in the morning--	TIME
51215	95	8266	city	GEONOUN
51215	95	8365	houses	GEONOUN
51215	95	8485	narrow	GEONOUN
51215	95	8630	city	GEONOUN
51215	95	8657	houses	GEONOUN
51215	95	8714	Europe	CONTINENT
51215	95	8762	camp	GEONOUN
51215	95	8791	city	GEONOUN
51215	95	8815	house	GEONOUN
51215	95	8875	city	GEONOUN
51215	95	8966	all day long	DATE
51215	95	9061	field	GEONOUN
51215	95	9082	fields	GEONOUN
51215	95	9114	buildings	GEONOUN
51215	95	9725	neck	GEONOUN
51215	95	10277	field	GEONOUN
51215	95	10439	that day	DATE
51215	96	46	a day	DATE
51215	96	73	train	GEONOUN
51215	96	387	walls	GEONOUN
51215	96	396	Theresienstadt	CAMP
51215	96	817	hours	TIME
51215	96	932	Jewish	GEONOUN
51215	96	1169	city	GEONOUN
51215	96	1213	balconies	GEONOUN
51215	96	1250	buildings	GEONOUN
51215	96	1304	windows	GEONOUN
51215	96	1521	houses	GEONOUN
51215	96	1678	the Tower of Babel	PLACE
51215	96	1805	Europe	CONTINENT
51215	96	2021	camps	GEONOUN
51215	96	2063	Germany	COUNTRY
51215	96	2105	concentration camps	GEONOUN
51215	96	2148	factory	GEONOUN
51215	96	2162	factory	GEONOUN
51215	96	2362	camps	GEONOUN
51215	96	2389	Theresienstadt	CAMP
51215	96	2479	maybe another three weeks	DATE
51215	96	2858	Theresienstadt	CAMP
51215	96	2907	Theresienstadt	CAMP
51215	96	2950	Prague	CITY
51215	96	3033	state	GEONOUN
51215	97	115	hometown	GEONOUN
51215	97	177	buildings	GEONOUN
51215	97	555	field	GEONOUN
51215	97	579	field	GEONOUN
51215	97	951	field	GEONOUN
51215	97	1000	today	DATE
51215	97	1030	chimney	GEONOUN
51215	97	1471	field	GEONOUN
51215	97	1961	Theresienstadt	CAMP
51215	97	2374	Theresienstadt	CAMP
51215	97	2754	the night	TIME
51215	97	2793	Prague	CITY
51215	97	3023	Prague	CITY
51215	97	3140	Prague	CITY
51215	97	3160	hotel	GEONOUN
51215	97	3180	Prague	CITY
51215	97	3256	hotel	GEONOUN
51215	97	3291	rooms	GEONOUN
51215	97	3308	hotel	GEONOUN
51215	97	3360	downstairs	GEONOUN
51215	97	3376	rooms	GEONOUN
51215	97	3459	room	GEONOUN
51215	97	3528	ground	GEONOUN
51215	97	3746	hotel	GEONOUN
51215	97	3873	two, three days	DATE
51215	97	4049	hometown	GEONOUN
51215	97	4163	town	GEONOUN
51215	97	4378	chamber	GEONOUN
51215	97	4393	reconstructed	GEONOUN
51215	97	4601	school	GEONOUN
51215	97	4656	Dachau	CITY
51215	98	816	Prague	CITY
51215	98	836	Prague	CITY
51215	98	1054	the morning	TIME
51215	98	1122	hotel downstairs	GEONOUN
51215	98	1128	downstairs	GEONOUN
51215	98	1144	walls	GEONOUN
51215	98	1230	hometown	GEONOUN
51215	98	1352	hometown	GEONOUN
51215	98	1405	hometown	GEONOUN
51215	98	1483	Prague	CITY
51215	98	1922	Budapest	CITY
51215	98	1940	the first few weeks	DATE
51215	98	1963	Prague	CITY
51215	98	2104	Budapest	CITY
51215	98	2302	Budapest	CITY
51215	98	2343	Budapest	CITY
51215	98	2371	eight days	DATE
51215	98	2387	Prague	CITY
51215	98	2397	Budapest	CITY
51215	98	2431	train	GEONOUN
51215	98	2454	an hour	TIME
51215	98	2600	Budapest	CITY
51215	98	2733	one night	TIME
51215	98	2786	the night	TIME
51215	98	2885	railroad	GEONOUN
51215	98	2984	train	GEONOUN
51215	98	3143	The morning	TIME
51215	98	3191	train	GEONOUN
51215	98	3205	roof	GEONOUN
51215	98	3232	roof	GEONOUN
51215	98	3597	Budapest	CITY
51215	98	3645	Budapest	CITY
51215	98	3994	Budapest	CITY
51215	98	4052	nine-month-old	DATE
51215	98	4121	the last three or four months	DATE
51215	98	4165	Budapest	CITY
51215	98	4296	nine-month-old	DATE
51215	98	4317	three-and-a-half-year-old	DATE
51215	99	19	Budapest	CITY
51215	99	96	town	GEONOUN
51215	99	293	Jewish	GEONOUN
51215	99	530	Europe	CONTINENT
51215	99	553	restaurant	GEONOUN
51215	99	730	country	GEONOUN
51215	99	754	Europe	CONTINENT
51215	99	945	school	GEONOUN
51215	99	967	school	GEONOUN
51215	99	1010	'45	DATE
51215	99	1171	building	GEONOUN
51215	99	1263	apartment	GEONOUN
51215	99	1472	Budapest	CITY
51215	99	1493	Vienna	CITY
51215	99	1593	hospital	GEONOUN
51215	99	1615	Jewish hospital	GEONOUN
51215	99	1622	hospital	GEONOUN
51215	99	1822	two, three days	DATE
51215	99	1872	camp	GEONOUN
51215	99	1891	camp	GEONOUN
51215	99	1925	Munich	CITY
51215	99	1945	camp	GEONOUN
51215	99	1955	Munich	CITY
51215	99	1998	Aschau	PLACE
51215	99	2028	Aschau	PLACE
51215	99	2186	camp	GEONOUN
51215	99	2207	Frankfurt	PLACE
51215	99	2415	Frankfurt	PLACE
51215	99	2446	camp	GEONOUN
51215	99	2472	States	PLACE
51215	99	2525	the United States	COUNTRY
51215	99	2604	Bad Salzschlirf	PLACE
51215	99	2636	Fulda	CITY
51215	99	2660	Frankfurt	PLACE
51215	99	2758	branch	GEONOUN
51215	99	3268	Bremerhaven	CITY
51215	99	3284	three months	DATE
51215	99	3308	three days	DATE
51215	99	3342	the United States	COUNTRY
51215	99	3363	January 1947	DATE
51215	101	269	camps	GEONOUN
51215	101	302	Florida	US-STATE
51215	101	343	Florida	US-STATE
51215	102	7	States	PLACE
51215	102	107	boat	GEONOUN
51215	102	254	ship	GEONOUN
51215	102	522	age 17	DATE
51215	102	533	18	DATE
51215	102	590	19	DATE
51215	102	657	16	DATE
51215	102	896	18	DATE
51215	102	947	16	DATE
51215	102	971	cutoff	GEONOUN
51215	102	1358	ship	GEONOUN
51215	102	1650	hospital	GEONOUN
51215	102	1662	Ellis Island	PLACE
51215	102	1810	the next day	DATE
51215	102	1850	windows	GEONOUN
51215	102	1957	Auschwitz	CAMP
51215	102	2000	Ellis Island	PLACE
51215	102	2086	hospital	GEONOUN
51215	102	2399	four or five days	DATE
51215	102	2592	almost 24 hours	TIME
51215	104	25	Miami Beach	CITY
51215	104	49	Miami Beach	CITY
51215	104	62	Florida	US-STATE
51215	105	126	New York	US-STATE
51215	105	283	four years	DATE
51215	105	315	Thursday	DATE
51215	105	336	school the following Monday	GEONOUN
51215	105	343	the following Monday	DATE
51215	107	33	high school	GEONOUN
51215	107	433	house	GEONOUN
51215	107	458	dormitory	GEONOUN
51215	107	548	New York City	CITY
51215	107	598	school	GEONOUN
51215	107	744	school	GEONOUN
51215	107	754	the evening	TIME
51215	108	17	1958	DATE
51215	108	59	school	GEONOUN
51215	108	69	'56	DATE
51215	108	124	school	GEONOUN
51215	113	12	today	DATE
51215	113	359	road	GEONOUN
51215	115	508	Leipzig	CITY
51215	115	524	factory	GEONOUN
51215	115	786	Auschwitz	CAMP
51215	115	810	Camp C	PLACE
51215	115	979	a second	TIME
51215	116	138	Salzschlirf	PLACE
51215	116	217	hill	GEONOUN
51215	116	270	camp	GEONOUN
51215	116	417	incline	GEONOUN
51215	116	435	hill	GEONOUN
51215	116	461	tree	GEONOUN
51215	116	505	tree	GEONOUN
51215	116	685	Yizkor	PLACE
51215	116	701	Auschwitz	CAMP
51215	116	725	Yizkor	PLACE
51215	116	880	5,000-year	DATE
51215	116	964	Auschwitz	CAMP
