FileID	AnswerID	StartCharPos	Entity	Type
51263	5	152	the United States	COUNTRY
51263	5	220	school	GEONOUN
51263	7	0	October 3, 1930	DATE
51263	7	17	Motzei Yom Kippur	DATE
51263	8	3	Munkács	PLACE
51263	10	18	Ukraine	COUNTRY
51263	10	38	Czechoslovakia	COUNTRY
51263	10	77	1938	DATE
51263	10	109	19-- 1939	DATE
51263	10	158	Hungary	COUNTRY
51263	12	125	nine years old	DATE
51263	12	205	about 9 or 10 years old	DATE
51263	12	252	Auschwitz	CAMP
51263	15	22	store	GEONOUN
51263	15	45	store	GEONOUN
51263	15	83	Szatmár	PLACE
51263	15	110	Munkács	PLACE
51263	15	131	Szatmár	PLACE
51263	15	392	Munkács	PLACE
51263	15	627	house	GEONOUN
51263	16	276	this day	DATE
51263	16	463	synagogue	GEONOUN
51263	16	612	house	GEONOUN
51263	17	124	fall	GEONOUN
51263	17	473	school	GEONOUN
51263	17	492	Mother's Day	DATE
51263	17	670	Mother's Day	DATE
51263	18	116	our summer vacation	DATE
51263	18	208	village	GEONOUN
51263	18	228	farm	GEONOUN
51263	18	336	farm	GEONOUN
51263	18	348	village	GEONOUN
51263	18	386	the summer	DATE
51263	21	79	summers	DATE
51263	23	23	entrance hall	GEONOUN
51263	23	32	hall	GEONOUN
51263	23	57	entrance hall	GEONOUN
51263	23	66	hall	GEONOUN
51263	23	126	entrance	GEONOUN
51263	23	156	house	GEONOUN
51263	26	14	yard	GEONOUN
51263	26	47	yard	GEONOUN
51263	26	115	street	GEONOUN
51263	26	134	yard	GEONOUN
51263	26	155	houses	GEONOUN
51263	26	252	courtyard	GEONOUN
51263	28	32	Jewish	GEONOUN
51263	29	125	Jewish	GEONOUN
51263	29	195	Jewish	GEONOUN
51263	29	266	Jewish	GEONOUN
51263	29	295	cheder	PLACE
51263	30	7	school	GEONOUN
51263	31	33	Shabbos	DATE
51263	31	265	today	DATE
51263	31	355	the rest of the week	DATE
51263	32	98	Shabbos	EVENT
51263	32	116	Shabbos	DATE
51263	33	38	today	DATE
51263	33	103	today	DATE
51263	33	270	Pesach	EVENT
51263	33	475	those days	DATE
51263	35	23	Passover	EVENT
51263	36	12	Shabbos	EVENT
51263	41	36	school	GEONOUN
51263	41	67	high school	GEONOUN
51263	41	198	high school	GEONOUN
51263	41	379	school	GEONOUN
51263	41	409	school	GEONOUN
51263	43	121	yard	GEONOUN
51263	43	339	every day	DATE
51263	44	33	synagogue	GEONOUN
51263	46	372	market	GEONOUN
51263	46	477	attic	GEONOUN
51263	46	711	market	GEONOUN
51263	48	73	synagogue	GEONOUN
51263	53	61	high school	GEONOUN
51263	54	38	between 1943 and '44	DATE
51263	57	136	market	GEONOUN
51263	57	162	April 1944	DATE
51263	57	218	labor camp	GEONOUN
51263	57	476	building	GEONOUN
51263	63	119	April of '44	DATE
51263	63	157	ghetto	GEONOUN
51263	63	271	area	GEONOUN
51263	63	286	ghetto	GEONOUN
51263	64	7	ghetto	GEONOUN
51263	64	155	room	GEONOUN
51263	68	44	several weeks	DATE
51263	72	8	several weeks	DATE
51263	76	39	area	GEONOUN
51263	77	26	a few weeks	DATE
51263	78	128	labor camp	GEONOUN
51263	81	241	Auschwitz	CAMP
51263	81	395	Auschwitz	CAMP
51263	82	48	room	GEONOUN
51263	84	64	Auschwitz	CAMP
51263	84	74	a few days before	DATE
51263	84	123	four days before	DATE
51263	84	430	Shema Yisrael	PLACE
51263	84	581	Shema Yisrael	PLACE
51263	84	807	late 70s	DATE
51263	84	1186	14	DATE
51263	84	1225	15	DATE
51263	84	1315	42	DATE
51263	84	1423	42	DATE
51263	84	2142	only 13	DATE
51263	84	2441	a whole year	DATE
51263	84	2593	a year older	DATE
51263	84	3149	barracks	GEONOUN
51263	84	3471	three years	DATE
51263	84	3604	three years	DATE
51263	84	4051	wood	GEONOUN
51263	86	65	a few years	DATE
51263	86	94	Israel	COUNTRY
51263	91	563	the day	DATE
51263	91	767	the day	DATE
51263	96	367	every single day	DATE
51263	96	541	May till October	DATE
51263	96	559	every single day	DATE
51263	96	661	hours	TIME
51263	96	1053	every single day	DATE
51263	100	90	Munkács	PLACE
51263	102	30	boat	GEONOUN
51263	103	52	only 13	DATE
51263	103	341	several years	DATE
51263	106	133	Reichenbach	PLACE
51263	107	6	Langenbielau	PLACE
51263	107	36	Langenbielau	PLACE
51263	107	123	Germany	COUNTRY
51263	107	192	Langenbielau	PLACE
51263	107	223	Reichenbach	PLACE
51263	107	236	Reichenbach	PLACE
51263	107	260	city	GEONOUN
51263	107	309	parts	GEONOUN
51263	108	13	train	GEONOUN
51263	109	25	Langenbielau	PLACE
51263	110	9	camp	GEONOUN
51263	111	97	camp	GEONOUN
51263	112	24	parts	GEONOUN
51263	113	4	All day	DATE
51263	115	9	factory	GEONOUN
51263	121	69	October	DATE
51263	121	85	January	DATE
51263	121	284	camp	GEONOUN
51263	121	342	Auschwitz	CAMP
51263	123	16	January	DATE
51263	125	67	all day	DATE
51263	127	181	hometown	GEONOUN
51263	127	857	a week to 10 days	DATE
51263	127	931	Parschnitz	CAMP
51263	127	974	Poland	COUNTRY
51263	127	1000	area	GEONOUN
51263	128	527	January	DATE
51263	128	570	May '45	DATE
51263	137	29	a few days	DATE
51263	137	142	one morning	TIME
51263	137	667	a day	DATE
51263	138	201	road	GEONOUN
51263	139	3	foot	GEONOUN
51263	139	209	camps	GEONOUN
51263	140	106	camp	GEONOUN
51263	140	1163	foot	GEONOUN
51263	140	1182	train	GEONOUN
51263	141	166	Munkács	PLACE
51263	141	201	house	GEONOUN
51263	141	651	Auschwitz	CAMP
51263	141	859	only a year younger	DATE
51263	141	1234	Budapest	CITY
51263	141	1249	hospital	GEONOUN
51263	141	1423	Budapest	CITY
51263	141	1846	hospital	GEONOUN
51263	141	1995	hospital	GEONOUN
51263	141	2007	Budapest	CITY
51263	141	2126	Munkács	PLACE
51263	141	2284	Budapest	CITY
51263	141	2308	capital	GEONOUN
51263	141	2319	Hungary	COUNTRY
51263	141	2569	Budapest	CITY
51263	141	2990	Budapest	CITY
51263	141	3091	Palestine	CITY
51263	141	3296	camp	GEONOUN
51263	141	3309	Leipheim	PLACE
51263	141	3332	Bavaria	PLACE
51263	141	3386	Munich	CITY
51263	141	3490	Palestine	CITY
51263	142	36	hospital	GEONOUN
51263	144	15	a year later	DATE
51263	144	38	14	DATE
51263	144	162	Palestine	CITY
51263	144	300	Cyprus	COUNTRY
51263	144	329	Romania	COUNTRY
51263	144	369	the United States	COUNTRY
51263	144	498	1939	DATE
51263	144	981	age 16	DATE
51263	144	1053	age 16	DATE
51263	144	1073	the United States	COUNTRY
51263	144	1420	several years	DATE
51263	144	1519	those days	DATE
51263	144	1746	the United States	COUNTRY
51263	144	1864	Shabbos	DATE
51263	144	2090	Europe	CONTINENT
51263	144	2136	five years old	DATE
51263	144	2386	the United States	COUNTRY
51263	144	2819	camp	GEONOUN
51263	144	2898	the United States	COUNTRY
51263	145	20	February 7	DATE
51263	145	127	February 7, 1947	DATE
51263	146	37	boat	GEONOUN
51263	146	61	boat	GEONOUN
51263	146	158	Palestine	CITY
51263	146	260	basement apartment	GEONOUN
51263	146	269	apartment	GEONOUN
51263	147	26	Brighton Beach	CITY
51263	147	102	two weeks--	DATE
51263	147	306	pay day	DATE
51263	147	479	school	GEONOUN
51263	147	521	two weeks	DATE
51263	147	715	night	TIME
51263	147	774	store	GEONOUN
51263	147	817	store	GEONOUN
51263	149	119	school	GEONOUN
51263	149	173	the day	DATE
51263	149	233	two years later	DATE
51263	150	13	resort	GEONOUN
51263	151	25	1939	DATE
51263	154	81	four and a half years	DATE
51263	154	322	five years	DATE
51263	156	27	Israel	COUNTRY
51263	157	237	five years later	DATE
51263	158	39	any day	DATE
51263	159	47	New Jersey--	PLACE
51263	159	60	Teaneck	CITY
51263	159	69	New Jersey	US-STATE
51263	159	101	White Plains	CITY
51263	160	41	nine years old	DATE
51263	160	97	18--	DATE
51263	160	140	18	DATE
51263	160	160	11 and a half	DATE
51263	161	231	school	GEONOUN
51263	161	420	high school	GEONOUN
51263	161	454	college	GEONOUN
51263	162	26	the United States	COUNTRY
51263	162	446	Yeshiva Flatbush	PLACE
51263	162	520	Holocaust	EVENT
51263	162	580	Yom HaShoah	DATE
51263	162	677	Holocaust	EVENT
51263	162	882	20 years	DATE
51263	163	59	school	GEONOUN
51263	163	328	18	DATE
51263	163	360	school	GEONOUN
51263	163	375	Poland	COUNTRY
51263	163	383	Auschwitz	CAMP
51263	163	414	camps	GEONOUN
51263	163	746	camp	GEONOUN
51263	163	754	Auschwitz	CAMP
51263	163	796	crematorium	GEONOUN
51263	163	1240	crematorium	GEONOUN
51263	164	214	13	DATE
51263	164	249	20	DATE
51263	167	147	50 years	DATE
51263	169	219	Israel	COUNTRY
51263	172	0	Hungary	COUNTRY
51263	173	169	Munkács	PLACE
51263	175	108	Munkács	PLACE
51263	176	152	1950	DATE
51263	176	161	1950	DATE
51263	176	1075	bar	GEONOUN
51263	176	1090	Israel	COUNTRY
51263	176	1312	bar	GEONOUN
