FileID	AnswerID	StartCharPos	Entity	Type
51349	0	41	Stryków	PLACE
51349	0	50	Poland	COUNTRY
51349	0	63	Lódz--	PLACE
51349	1	5	25th-- 19th of March, 1925	DATE
51349	3	31	Stryków	PLACE
51349	3	50	a couple hundred years	DATE
51349	5	12	city	GEONOUN
51349	6	29	roofing	GEONOUN
51349	9	105	1917	DATE
51349	13	45	land	GEONOUN
51349	13	54	Stryków	PLACE
51349	13	141	land	GEONOUN
51349	14	8	land	GEONOUN
51349	15	3	Poland	COUNTRY
51349	15	11	Jewish	GEONOUN
51349	15	60	land	GEONOUN
51349	16	139	land	GEONOUN
51349	18	14	land	GEONOUN
51349	19	16	land	GEONOUN
51349	19	26	1939	DATE
51349	20	52	Stryków	PLACE
51349	21	79	land	GEONOUN
51349	21	131	street	GEONOUN
51349	21	199	cemetery	GEONOUN
51349	24	4	house	GEONOUN
51349	24	47	houses	GEONOUN
51349	24	101	today	DATE
51349	24	115	city	GEONOUN
51349	25	41	house	GEONOUN
51349	26	3	fell	GEONOUN
51349	26	35	the '50s	DATE
51349	28	19	school	GEONOUN
51349	30	11	school	GEONOUN
51349	30	38	school	GEONOUN
51349	30	71	school	GEONOUN
51349	30	96	Jewish	GEONOUN
51349	31	123	school	GEONOUN
51349	31	138	Jewish school	GEONOUN
51349	31	145	school	GEONOUN
51349	31	158	the age of 13 years old	DATE
51349	34	29	house	GEONOUN
51349	34	49	Moszczenica	PLACE
51349	35	34	river	GEONOUN
51349	36	8	the summertime	DATE
51349	36	66	orchards	GEONOUN
51349	36	87	city	GEONOUN
51349	36	96	the weekends	DATE
51349	37	8	orchard	GEONOUN
51349	37	85	city	GEONOUN
51349	38	26	Betar	PLACE
51349	41	57	school	GEONOUN
51349	43	23	Palestine	CITY
51349	47	8	Stryków	PLACE
51349	47	22	school	GEONOUN
51349	47	161	school	GEONOUN
51349	47	183	city	GEONOUN
51349	50	10	Jewish	GEONOUN
51349	50	31	Stryków--	PLACE
51349	50	45	city	GEONOUN
51349	50	92	Jewish	GEONOUN
51349	50	108	school	GEONOUN
51349	50	142	school	GEONOUN
51349	51	12	city	GEONOUN
51349	53	81	about 10 years old	DATE
51349	53	171	Warsaw	CITY
51349	53	191	school	GEONOUN
51349	53	317	Jewish	GEONOUN
51349	53	343	a three-day	DATE
51349	53	358	Warsaw	CITY
51349	54	31	train	GEONOUN
51349	54	64	about two and a half hour	TIME
51349	55	161	school	GEONOUN
51349	56	40	school	GEONOUN
51349	57	34	city	GEONOUN
51349	59	139	Warsaw	CITY
51349	59	166	hotel	GEONOUN
51349	59	201	hall	GEONOUN
51349	60	7	the next day	DATE
51349	60	37	Warsaw	CITY
51349	60	66	Warsaw	CITY
51349	60	89	restaurant	GEONOUN
51349	69	56	church	GEONOUN
51349	70	16	church	GEONOUN
51349	70	56	church	GEONOUN
51349	70	334	church	GEONOUN
51349	70	465	a half hour	TIME
51349	70	478	an hour	TIME
51349	70	573	city	GEONOUN
51349	70	581	Warsaw	CITY
51349	72	79	pass	GEONOUN
51349	74	70	synagogue	GEONOUN
51349	74	200	Jewish	GEONOUN
51349	74	224	city	GEONOUN
51349	76	13	the beis medrash	PLACE
51349	79	150	Saturday	DATE
51349	79	292	house	GEONOUN
51349	79	320	room	GEONOUN
51349	79	335	Saturday	DATE
51349	79	371	about three years	DATE
51349	81	46	about 8 o'clock, 8:30	TIME
51349	81	74	about 12:00, 12:30	TIME
51349	89	35	city	GEONOUN
51349	90	30	today	DATE
51349	91	0	Saturday	DATE
51349	91	9	afternoon	TIME
51349	99	0	The holiday--	DATE
51349	99	60	Friday	DATE
51349	99	67	afternoon	TIME
51349	99	78	Friday	DATE
51349	99	85	evening	TIME
51349	99	101	the evening	TIME
51349	99	161	Friday	DATE
51349	99	168	night	TIME
51349	99	268	Saturday	DATE
51349	99	291	morning	TIME
51349	99	324	about 8:00, 9 o'clock	TIME
51349	99	443	10 o'clock	TIME
51349	100	26	Sabbath	DATE
51349	101	34	the evening	TIME
51349	102	7	Sunday	DATE
51349	103	5	Monday	DATE
51349	104	9	Sunday	DATE
51349	104	20	a whole day	DATE
51349	104	35	cheder	PLACE
51349	104	53	day school	GEONOUN
51349	104	74	the whole day	DATE
51349	104	99	Monday to Friday	DATE
51349	104	139	school	GEONOUN
51349	104	162	Hebrew	DATE
51349	104	169	day school	GEONOUN
51349	105	11	school	GEONOUN
51349	105	27	8 o'clock	TIME
51349	105	55	12:00 to	TIME
51349	105	64	2:00	TIME
51349	105	93	12:00--	TIME
51349	106	25	1:00 or 2 o'clock in the afternoon	TIME
51349	107	19	houses	GEONOUN
51349	109	53	8:00	TIME
51349	109	59	9 o'clock in the evening	TIME
51349	110	16	the longest day	DATE
51349	110	36	Thursday	DATE
51349	110	69	Thursday	DATE
51349	110	108	the whole week	DATE
51349	111	0	Sunday	DATE
51349	111	8	all day long	DATE
51349	112	4	Passover	EVENT
51349	112	21	Passover	EVENT
51349	112	62	Passover	DATE
51349	115	15	a week before	DATE
51349	115	111	rooms	GEONOUN
51349	115	135	Thursday	DATE
51349	115	172	room	GEONOUN
51349	116	19	a day before Passover	DATE
51349	116	42	erev Passover	DATE
51349	116	57	9 o'clock	TIME
51349	118	145	houses	GEONOUN
51349	119	39	Shavuot	DATE
51349	120	13	summer	DATE
51349	121	67	house	GEONOUN
51349	122	21	Sukkot-- Sukkot-- Sukkos	DATE
51349	122	47	Sukkos	DATE
51349	125	48	walls	GEONOUN
51349	125	98	house	GEONOUN
51349	128	63	roof	GEONOUN
51349	128	104	roof	GEONOUN
51349	129	77	the year	DATE
51349	129	97	hallway	GEONOUN
51349	129	136	house	GEONOUN
51349	129	234	hallway	GEONOUN
51349	130	173	next year	DATE
51349	131	90	city	GEONOUN
51349	131	112	stopover	GEONOUN
51349	131	198	city	GEONOUN
51349	134	33	house	GEONOUN
51349	139	0	1933--	DATE
51349	139	28	community	GEONOUN
51349	140	106	city	GEONOUN
51349	140	161	city	GEONOUN
51349	140	243	village	GEONOUN
51349	143	104	roofing	GEONOUN
51349	145	52	Germany	COUNTRY
51349	147	39	Germany	COUNTRY
51349	150	93	house	GEONOUN
51349	155	51	March 1939	DATE
51349	157	25	city	GEONOUN
51349	157	45	Tarnopol	PLACE
51349	157	74	city	GEONOUN
51349	157	96	city	GEONOUN
51349	157	120	capital	GEONOUN
51349	157	137	Podole	PLACE
51349	157	158	state city	GEONOUN
51349	157	164	city	GEONOUN
51349	157	260	1940	DATE
51349	160	83	Jewish	GEONOUN
51349	160	135	Jewish	GEONOUN
51349	160	217	Lublin	CITY
51349	160	242	city	GEONOUN
51349	160	296	Jewish	GEONOUN
51349	160	380	Jewish community	GEONOUN
51349	160	387	community	GEONOUN
51349	160	487	city	GEONOUN
51349	160	640	city Biala	GEONOUN
51349	160	645	Biala	PLACE
51349	160	654	Podlaska	PLACE
51349	160	809	Stryków	PLACE
51349	160	850	Stryków	PLACE
51349	160	868	1939	DATE
51349	160	877	December	DATE
51349	160	910	Jewish	GEONOUN
51349	161	11	city	GEONOUN
51349	163	3	December 1939	DATE
51349	164	0	December 1939	DATE
51349	167	53	building	GEONOUN
51349	167	147	school	GEONOUN
51349	167	159	about two months	DATE
51349	168	15	school	GEONOUN
51349	168	26	December 1939	DATE
51349	168	114	city	GEONOUN
51349	168	139	city	GEONOUN
51349	168	292	city	GEONOUN
51349	168	323	Glowno	PLACE
51349	171	151	city	GEONOUN
51349	172	14	city	GEONOUN
51349	173	55	about three weeks--	DATE
51349	173	75	two, three weeks	DATE
51349	174	225	city	GEONOUN
51349	174	235	city council	GEONOUN
51349	174	240	council	GEONOUN
51349	177	59	city hall	GEONOUN
51349	181	24	Glowno	PLACE
51349	181	35	city hall	GEONOUN
51349	181	389	Stryków--	PLACE
51349	181	402	Stryków	PLACE
51349	182	50	cellar	GEONOUN
51349	182	103	land	GEONOUN
51349	182	514	house	GEONOUN
51349	183	160	the night	TIME
51349	183	200	Jewish houses	GEONOUN
51349	183	207	houses	GEONOUN
51349	183	218	night	TIME
51349	189	75	house	GEONOUN
51349	189	89	house	GEONOUN
51349	189	223	house	GEONOUN
51349	189	321	30 years--	DATE
51349	189	332	30 years later	DATE
51349	190	26	the summer	DATE
51349	190	68	1940	DATE
51349	190	83	street	GEONOUN
51349	190	103	street	GEONOUN
51349	190	181	street	GEONOUN
51349	190	201	ghetto	GEONOUN
51349	190	303	rooms	GEONOUN
51349	193	27	Jewish	GEONOUN
51349	193	91	ghetto	GEONOUN
51349	194	4	ghetto	GEONOUN
51349	194	25	ghetto	GEONOUN
51349	195	123	Jewish	GEONOUN
51349	195	282	factory	GEONOUN
51349	196	60	'39	DATE
51349	200	6	city	GEONOUN
51349	201	60	factory	GEONOUN
51349	201	92	factory	GEONOUN
51349	202	38	factory	GEONOUN
51349	204	26	factory	GEONOUN
51349	205	10	19--	DATE
51349	205	48	May	DATE
51349	207	212	house	GEONOUN
51349	208	17	rooms	GEONOUN
51349	208	72	room	GEONOUN
51349	208	106	room	GEONOUN
51349	209	54	rooms	GEONOUN
51349	212	33	roofing	GEONOUN
51349	212	83	city	GEONOUN
51349	212	126	station	GEONOUN
51349	212	164	barracks	GEONOUN
51349	212	202	roofing	GEONOUN
51349	217	74	barracks	GEONOUN
51349	217	154	barracks	GEONOUN
51349	222	51	ghetto	GEONOUN
51349	223	27	city	GEONOUN
51349	223	44	city	GEONOUN
51349	223	115	ghetto	GEONOUN
51349	225	54	Glowno	PLACE
51349	225	96	Glowno	PLACE
51349	225	152	Glowno	PLACE
51349	225	188	Stryków	PLACE
51349	225	285	Russia	COUNTRY
51349	225	411	Russia	COUNTRY
51349	225	584	Stryków--	PLACE
51349	225	597	Stryków--	PLACE
51349	225	658	village	GEONOUN
51349	227	9	1940	DATE
51349	228	7	summertime	DATE
51349	229	42	June	DATE
51349	229	50	July	DATE
51349	232	71	city	GEONOUN
51349	232	86	houses	GEONOUN
51349	232	144	roofing	GEONOUN
51349	232	183	1940	DATE
51349	232	239	labor camp	GEONOUN
51349	234	7	labor camp	GEONOUN
51349	235	4	Jewish community	GEONOUN
51349	235	11	community	GEONOUN
51349	236	46	ghetto	GEONOUN
51349	238	30	community	GEONOUN
51349	238	182	15 years-- 15 years old	DATE
51349	239	59	labor camp	GEONOUN
51349	242	42	labor camp	GEONOUN
51349	242	130	labor camp	GEONOUN
51349	242	163	December	DATE
51349	242	222	camp	GEONOUN
51349	242	260	labor camp	GEONOUN
51349	242	290	summer	DATE
51349	242	341	wood	GEONOUN
51349	242	358	the morning	TIME
51349	242	373	6 o'clock	TIME
51349	243	44	the winter	DATE
51349	245	65	one day	DATE
51349	246	42	the winter	DATE
51349	249	109	camp	GEONOUN
51349	249	176	ghetto	GEONOUN
51349	249	186	Stryków	PLACE
51349	249	365	labor camp	GEONOUN
51349	250	31	area	GEONOUN
51349	251	101	city	GEONOUN
51349	255	24	labor camp	GEONOUN
51349	260	15	the first day	DATE
51349	260	92	the summertime	DATE
51349	262	90	about an hour	TIME
51349	263	99	city	GEONOUN
51349	263	128	city	GEONOUN
51349	263	142	Brzeziny	PLACE
51349	263	183	camp	GEONOUN
51349	263	214	city	GEONOUN
51349	263	267	city	GEONOUN
51349	264	27	city	GEONOUN
51349	265	14	city	GEONOUN
51349	266	85	city	GEONOUN
51349	266	118	the winter	DATE
51349	267	44	the winter	DATE
51349	268	52	fall	GEONOUN
51349	268	63	fall	GEONOUN
51349	268	104	building	GEONOUN
51349	268	199	Christmastime	DATE
51349	268	217	Christmastime	DATE
51349	268	258	city	GEONOUN
51349	269	23	ghetto	GEONOUN
51349	274	19	labor camp	GEONOUN
51349	275	34	city	GEONOUN
51349	275	72	city	GEONOUN
51349	276	76	city	GEONOUN
51349	276	288	camp	GEONOUN
51349	278	109	city	GEONOUN
51349	286	153	ghetto	GEONOUN
51349	286	166	about February or March	DATE
51349	289	12	labor camp	GEONOUN
51349	289	26	1940	DATE
51349	289	32	December 1940	DATE
51349	289	182	a couple of hours	TIME
51349	289	230	ghetto	GEONOUN
51349	291	15	30	DATE
51349	293	74	ghetto	GEONOUN
51349	293	89	ghetto	GEONOUN
51349	297	134	street	GEONOUN
51349	306	23	ghetto	GEONOUN
51349	306	66	Jewish	GEONOUN
51349	307	6	Jewish	GEONOUN
51349	309	14	street	GEONOUN
51349	309	42	street	GEONOUN
51349	309	76	street	GEONOUN
51349	310	74	street	GEONOUN
51349	311	114	ghetto	GEONOUN
51349	311	173	Jewish	GEONOUN
51349	311	426	ghetto	GEONOUN
51349	311	520	ghetto	GEONOUN
51349	313	141	houses	GEONOUN
51349	313	206	summer	DATE
51349	314	4	one day	DATE
51349	314	177	1941	DATE
51349	323	62	'41	DATE
51349	323	89	ghetto	GEONOUN
51349	324	5	foot	GEONOUN
51349	325	166	city	GEONOUN
51349	325	179	Brzeziny	PLACE
51349	327	12	city	GEONOUN
51349	329	106	ghetto	GEONOUN
51349	330	17	ghetto	GEONOUN
51349	332	78	city	GEONOUN
51349	333	53	couple of days	DATE
51349	335	45	a couple of days	DATE
51349	336	295	Treblinka	PLACE
51349	336	308	Chelm--	PLACE
51349	336	326	camps	GEONOUN
51349	337	124	camp	GEONOUN
51349	339	38	ghetto	GEONOUN
51349	339	141	Brzeziny	PLACE
51349	339	166	ghetto	GEONOUN
51349	340	30	another day	DATE
51349	350	21	camps	GEONOUN
51349	351	9	camps	GEONOUN
51349	352	142	Posen	PLACE
51349	353	50	the-- couple days later	DATE
51349	353	118	Lódz	PLACE
51349	353	131	ghetto	GEONOUN
51349	354	16	train	GEONOUN
51349	355	5	train	GEONOUN
51349	355	55	station	GEONOUN
51349	355	130	Lódz	PLACE
51349	355	135	ghetto	GEONOUN
51349	356	14	a couple hours	TIME
51349	359	69	train	GEONOUN
51349	360	49	Lódz--	PLACE
51349	362	48	Lódz--	PLACE
51349	363	9	ghetto	GEONOUN
51349	367	86	Lódz	PLACE
51349	367	91	ghetto	GEONOUN
51349	367	150	room	GEONOUN
51349	368	15	ghetto	GEONOUN
51349	368	34	Jewish	GEONOUN
51349	369	46	ghetto	GEONOUN
51349	370	36	the first-- the first week	DATE
51349	371	147	ghetto	GEONOUN
51349	371	280	room	GEONOUN
51349	371	330	room	GEONOUN
51349	375	41	room	GEONOUN
51349	376	20	store	GEONOUN
51349	377	17	room	GEONOUN
51349	377	70	the first night	TIME
51349	377	89	the second night	TIME
51349	377	134	ghetto	GEONOUN
51349	377	210	prison	GEONOUN
51349	377	225	ghetto	GEONOUN
51349	379	70	two days	DATE
51349	379	203	a day later	DATE
51349	381	21	prison	GEONOUN
51349	391	33	ghetto	GEONOUN
51349	391	50	a year	DATE
51349	391	58	a year and a half	DATE
51349	393	11	factory	GEONOUN
51349	394	7	ghetto	GEONOUN
51349	394	40	factory	GEONOUN
51349	396	132	factory	GEONOUN
51349	398	79	ghetto	GEONOUN
51349	398	92	church	GEONOUN
51349	403	18	Lódz	PLACE
51349	403	23	ghetto	GEONOUN
51349	406	107	the morning	TIME
51349	407	29	ghetto	GEONOUN
51349	410	122	city	GEONOUN
51349	413	43	about a year later	DATE
51349	415	106	Treblinka	PLACE
51349	418	41	about 16 or--	DATE
51349	418	55	16	DATE
51349	419	7	14	DATE
51349	420	7	14	DATE
51349	420	393	night	TIME
51349	424	40	a couple of days later--	DATE
51349	424	158	house	GEONOUN
51349	425	64	Auschwitz	CAMP
51349	425	77	Treblinka	PLACE
51349	429	34	the summer	DATE
51349	434	13	ghetto	GEONOUN
51349	434	85	1944	DATE
51349	434	115	ghetto	GEONOUN
51349	435	3	August	DATE
51349	436	0	August	DATE
51349	436	31	beginning of August	DATE
51349	436	54	end of July	DATE
51349	437	9	ghetto	GEONOUN
51349	437	37	August	DATE
51349	437	105	about two days'	DATE
51349	438	21	Auschwitz	CAMP
51349	441	53	train	GEONOUN
51349	443	90	Auschwitz	CAMP
51349	444	27	camp	GEONOUN
51349	444	61	camp	GEONOUN
51349	492	30	room	GEONOUN
51349	506	71	camp	GEONOUN
51349	509	61	camp	GEONOUN
51349	509	85	barracks	GEONOUN
51349	510	39	the whole day	DATE
51349	512	46	the next morning	TIME
51349	512	184	night	TIME
51349	513	30	camp	GEONOUN
51349	513	44	camp	GEONOUN
51349	514	26	street	GEONOUN
51349	515	14	barracks	GEONOUN
51349	516	19	camp	GEONOUN
51349	517	28	camp	GEONOUN
51349	517	42	hospital camp	GEONOUN
51349	517	51	camp	GEONOUN
51349	518	38	city	GEONOUN
51349	518	78	Brzeziny	PLACE
51349	526	35	hospital camp	GEONOUN
51349	526	44	camp	GEONOUN
51349	532	47	camp	GEONOUN
51349	533	24	ghetto	GEONOUN
51349	534	28	camp	GEONOUN
51349	535	31	ghetto	GEONOUN
51349	543	36	the same day	DATE
51349	545	5	the next day	DATE
51349	545	51	foot	GEONOUN
51349	545	76	Auschwitz	CAMP
51349	546	11	Birkenau	CAMP
51349	546	34	foot	GEONOUN
51349	546	62	camp	GEONOUN
51349	547	40	barracks	GEONOUN
51349	547	70	Birkenau	CAMP
51349	547	90	barracks	GEONOUN
51349	550	9	10	DATE
51349	550	29	9	DATE
51349	550	35	11	DATE
51349	553	38	17	DATE
51349	553	45	'44	DATE
51349	554	10	19	DATE
51349	558	8	15 year old	DATE
51349	560	19	15	DATE
51349	560	39	17	DATE
51349	561	16	17	DATE
51349	561	39	14	DATE
51349	563	32	Auschwitz	CAMP
51349	564	25	railroad	GEONOUN
51349	572	131	school	GEONOUN
51349	572	183	school	GEONOUN
51349	572	198	camp	GEONOUN
51349	572	209	the morning	TIME
51349	572	226	the night	TIME
51349	572	244	brick	GEONOUN
51349	573	177	camp	GEONOUN
51349	574	35	camp	GEONOUN
51349	575	37	November in 1944	DATE
51349	575	242	camp	GEONOUN
51349	576	20	only four weeks--	DATE
51349	577	46	the next two, three days	DATE
51349	583	51	camp	GEONOUN
51349	584	22	camp	GEONOUN
51349	584	261	camp	GEONOUN
51349	585	37	Birkenau	CAMP
51349	585	239	a week later	DATE
51349	586	56	camp	GEONOUN
51349	586	200	post	GEONOUN
51349	587	102	camp	GEONOUN
51349	587	234	block	GEONOUN
51349	587	291	block	GEONOUN
51349	591	151	one day	DATE
51349	591	163	the evening--	TIME
51349	591	208	camp	GEONOUN
51349	593	10	camp	GEONOUN
51349	597	74	a couple of days later	DATE
51349	598	258	fence	GEONOUN
51349	598	277	crematorium	GEONOUN
51349	602	94	camp	GEONOUN
51349	604	74	ghetto	GEONOUN
51349	604	161	Auschwitz	CAMP
51349	604	221	Auschwitz	CAMP
51349	605	28	December	DATE
51349	606	9	Auschwitz	CAMP
51349	608	10	camp	GEONOUN
51349	608	50	December	DATE
51349	609	7	December	DATE
51349	609	34	train	GEONOUN
51349	609	60	train	GEONOUN
51349	609	198	camp	GEONOUN
51349	609	221	Sachsenhausen	CAMP
51349	609	247	night	TIME
51349	609	261	middle of the night	TIME
51349	612	26	the morning	TIME
51349	612	95	the morning	TIME
51349	612	224	camp	GEONOUN
51349	612	242	barracks	GEONOUN
51349	614	79	overnight	TIME
51349	615	26	about two weeks	DATE
51349	615	140	camp	GEONOUN
51349	615	161	camp	GEONOUN
51349	616	17	trees	GEONOUN
51349	616	38	houses	GEONOUN
51349	616	61	housing	GEONOUN
51349	616	93	tree	GEONOUN
51349	616	151	trees	GEONOUN
51349	619	283	house	GEONOUN
51349	619	669	20	DATE
51349	619	733	10	DATE
51349	620	32	factory	GEONOUN
51349	623	157	Gross Rosen	CAMP
51349	623	178	mines	GEONOUN
51349	626	26	camp	GEONOUN
51349	630	49	camp	GEONOUN
51349	634	89	camp	GEONOUN
51349	636	339	every day	DATE
51349	636	413	camp	GEONOUN
51349	637	38	wood	GEONOUN
51349	637	226	the wintertime	DATE
51349	638	52	February	DATE
51349	638	144	bench	GEONOUN
51349	640	327	about February	DATE
51349	640	394	camp	GEONOUN
51349	640	411	barracks	GEONOUN
51349	641	54	barracks	GEONOUN
51349	644	50	camp	GEONOUN
51349	646	321	Sachsenhausen	CAMP
51349	647	20	Sachsenhausen	CAMP
51349	647	52	block	GEONOUN
51349	648	24	about a couple of weeks	DATE
51349	649	58	ship	GEONOUN
51349	649	96	the night	TIME
51349	649	521	camp	GEONOUN
51349	649	674	the next day	DATE
51349	650	92	ship	GEONOUN
51349	650	139	foot	GEONOUN
51349	659	28	march	DATE
51349	659	90	camp	GEONOUN
51349	660	40	about three weeks	DATE
51349	660	59	two or three weeks	DATE
51349	664	28	pass	GEONOUN
51349	664	38	village	GEONOUN
51349	665	69	pass	GEONOUN
51349	665	78	fields	GEONOUN
51349	667	39	field	GEONOUN
51349	670	86	the evening	TIME
51349	670	346	the morning	TIME
51349	671	191	ghetto	GEONOUN
51349	672	79	ghetto	GEONOUN
51349	672	153	camp	GEONOUN
51349	672	177	Sachsenhausen	CAMP
51349	672	197	camp	GEONOUN
51349	672	210	Heinkel	CAMP
51349	672	263	camp	GEONOUN
51349	672	284	road	GEONOUN
51349	672	571	village	GEONOUN
51349	672	606	village	GEONOUN
51349	672	702	village	GEONOUN
51349	672	754	village	GEONOUN
51349	673	92	one night	TIME
51349	673	116	the morning	TIME
51349	673	253	village	GEONOUN
51349	673	315	farms	GEONOUN
51349	673	512	one night	TIME
51349	673	565	the morning	TIME
51349	673	792	camp	GEONOUN
51349	674	47	Hamburg	CITY
51349	674	56	Germany	COUNTRY
51349	674	275	Hamburg	CITY
51349	675	3	Hamburg	CITY
51349	676	213	room	GEONOUN
51349	676	270	Hamburg	CITY
51349	676	306	Hamburg	CITY
51349	676	340	Blankenese	PLACE
51349	676	361	Warburg	CITY
51349	676	414	Warburg	CITY
51349	677	10	estate	GEONOUN
51349	677	32	Hamburg	CITY
51349	677	64	refugee camp	GEONOUN
51349	678	6	school	GEONOUN
51349	679	14	some months	DATE
51349	679	42	quite a few months	DATE
51349	679	70	school	GEONOUN
51349	679	116	school	GEONOUN
51349	679	143	school	GEONOUN
51349	679	171	1946	DATE
51349	679	194	Israel	COUNTRY
51349	679	233	Israel	COUNTRY
51349	682	6	Israel	COUNTRY
51349	682	87	Hamburg	CITY
51349	683	12	room	GEONOUN
51349	683	159	school	GEONOUN
51349	683	185	Jewish	GEONOUN
51349	683	219	Haganah	PLACE
51349	690	13	Israel	COUNTRY
51349	691	9	Israel	COUNTRY
51349	691	17	1967	DATE
51349	692	89	'48	DATE
51349	693	4	'56	DATE
51349	694	46	'56	DATE
51349	695	7	1958	DATE
51349	695	21	1960	DATE
51349	695	91	the United States	COUNTRY
51349	696	26	Germany	COUNTRY
51349	698	8	1950	DATE
51349	698	24	the United States	COUNTRY
51349	699	60	Germany	COUNTRY
51349	699	142	Germany	COUNTRY
51349	699	157	1950	DATE
51349	699	215	the United States	COUNTRY
51349	700	27	1945	DATE
51349	700	75	camps	GEONOUN
51349	701	59	municipality	GEONOUN
51349	701	79	village	GEONOUN
51349	702	23	Hamburg	CITY
51349	703	71	Hamburg	CITY
51349	703	87	city	GEONOUN
51349	704	192	the next day	DATE
51349	704	236	camp	GEONOUN
51349	704	260	port camp	GEONOUN
51349	704	265	camp	GEONOUN
51349	704	280	Hamburg	CITY
51349	704	295	port city	GEONOUN
51349	704	300	city	GEONOUN
51349	705	17	Emden	CITY
51349	705	87	camp	GEONOUN
51349	707	58	Hamburg	CITY
51349	707	85	a couple of weeks	DATE
51349	708	3	1950	DATE
51349	708	9	May, 19-- 15 of May, 1950	DATE
51349	709	20	ship	GEONOUN
51349	712	43	room	GEONOUN
51349	712	52	board	GEONOUN
51349	717	46	the Korean War	EVENT
51349	723	22	Israel	COUNTRY
51349	723	80	Paris	CITY
51349	723	117	Paris	CITY
51349	724	21	Hamburg	CITY
51349	724	61	Hamburg	CITY
51349	724	83	Hamburg	CITY
51349	725	85	Israel	COUNTRY
51349	725	107	school	GEONOUN
51349	725	130	about six months	DATE
51349	726	33	Israel	COUNTRY
51349	727	47	1955	DATE
51349	728	3	1958	DATE
51349	729	71	Israel	COUNTRY
51349	729	82	the United States	COUNTRY
51349	731	31	about four years ago	DATE
51349	731	67	Israel	COUNTRY
51349	731	105	school	GEONOUN
51349	731	118	Auschwitz	CAMP
51349	732	4	masonry school	GEONOUN
51349	732	12	school	GEONOUN
51349	732	127	Israel	COUNTRY
51349	735	12	plain	GEONOUN
51349	735	174	village	GEONOUN
51349	737	88	Jewish	GEONOUN
51349	739	12	1967	DATE
51349	739	33	Israel	COUNTRY
51349	739	62	'60	DATE
51349	739	81	the 19	DATE
51349	739	97	1967	DATE
51349	740	0	'68	DATE
51349	741	10	'68	DATE
51349	745	123	the United States	COUNTRY
