FileID	AnswerID	StartCharPos	Entity	Type
51365	0	5	afternoon	TIME
51365	2	48	United States	COUNTRY
51365	4	49	Greece	COUNTRY
51365	7	44	October the 26, 1924	DATE
51365	7	69	Salonika Greece	PLACE
51365	7	90	Salonika	PLACE
51365	7	110	Thessaloniki	PLACE
51365	8	23	Jewish	GEONOUN
51365	8	40	Greece	COUNTRY
51365	8	58	Jewish	GEONOUN
51365	9	32	Jewish	GEONOUN
51365	12	182	the United States	COUNTRY
51365	13	25	500 years	DATE
51365	13	95	the Ottoman Empire	PLACE
51365	13	128	'14-'18,	DATE
51365	13	137	Greece	COUNTRY
51365	13	157	Salonika	PLACE
51365	13	175	Macedonia	PLACE
51365	13	204	Macedonia	PLACE
51365	13	218	Salonika	PLACE
51365	17	109	11, 12 years old	DATE
51365	18	85	school	GEONOUN
51365	18	154	the weekends	DATE
51365	18	281	cafe	GEONOUN
51365	18	292	cafe	GEONOUN
51365	18	597	cafe	GEONOUN
51365	18	618	sea	GEONOUN
51365	18	649	sea	GEONOUN
51365	19	146	Jewish	GEONOUN
51365	19	521	a few years younger	DATE
51365	20	4	one day	DATE
51365	21	177	all night	TIME
51365	22	49	wintertime	DATE
51365	22	88	house	GEONOUN
51365	22	118	Wintertime	DATE
51365	22	198	street	GEONOUN
51365	22	217	house	GEONOUN
51365	22	235	house	GEONOUN
51365	22	365	house	GEONOUN
51365	22	405	Salonika	PLACE
51365	22	431	12	DATE
51365	22	435	13	DATE
51365	22	449	16	DATE
51365	22	490	sea	GEONOUN
51365	22	593	street	GEONOUN
51365	22	612	shore	GEONOUN
51365	22	649	the evenings	DATE
51365	22	1018	Israel	COUNTRY
51365	22	1057	four or five years	DATE
51365	22	1205	Israel	COUNTRY
51365	22	1272	house	GEONOUN
51365	22	1282	two or three days	DATE
51365	22	1498	house	GEONOUN
51365	22	1622	high school	GEONOUN
51365	22	1646	college	GEONOUN
51365	22	1669	60 years ago	DATE
51365	22	1683	70 years ago	DATE
51365	22	1725	college	GEONOUN
51365	22	1794	school	GEONOUN
51365	22	1945	Germany	COUNTRY
51365	22	1965	Warsaw	CITY
51365	22	1983	Auschwitz	CAMP
51365	23	85	Greece	COUNTRY
51365	23	295	synagogue	GEONOUN
51365	23	379	synagogue	GEONOUN
51365	23	392	a Friday night	TIME
51365	23	408	Saturday morning	TIME
51365	23	463	synagogue	GEONOUN
51365	23	548	Jewish	GEONOUN
51365	23	579	Jewish	GEONOUN
51365	23	711	11, 12 years old	DATE
51365	23	895	the evening	TIME
51365	23	988	Sunday	DATE
51365	23	1039	house	GEONOUN
51365	23	1136	synagogue	GEONOUN
51365	23	1250	today	DATE
51365	23	1273	synagogue	GEONOUN
51365	23	1288	temple	GEONOUN
51365	25	29	Greece	COUNTRY
51365	25	37	a Friday night	DATE
51365	25	83	Friday	DATE
51365	25	90	night	TIME
51365	25	159	today	DATE
51365	25	413	about two or three months ago	DATE
51365	25	453	Spain	COUNTRY
51365	25	637	every Friday night	TIME
51365	25	669	every Friday night	TIME
51365	26	6	the Rosh Hashanah	DATE
51365	26	28	Yom Kippur	DATE
51365	26	71	Pesach	DATE
51365	26	135	house	GEONOUN
51365	26	326	the holidays	DATE
51365	26	340	Rosh Hashanah and	DATE
51365	26	358	Yom Kippur	DATE
51365	26	435	an hour	TIME
51365	26	487	about eight or 10	TIME
51365	26	675	two, three hours	TIME
51365	26	704	Yom Kippur	DATE
51365	27	23	today	DATE
51365	27	155	Greece	COUNTRY
51365	27	278	today	DATE
51365	27	691	today	DATE
51365	27	876	Baltimore	CITY
51365	27	1012	the weekends	DATE
51365	29	43	bar	GEONOUN
51365	31	30	Jewish	GEONOUN
51365	31	100	Jewish	GEONOUN
51365	32	8	Salonika	PLACE
51365	32	31	Jewish community	GEONOUN
51365	32	38	community	GEONOUN
51365	32	69	Jewish hospital	GEONOUN
51365	32	76	hospital	GEONOUN
51365	32	115	75, 80 years ago	DATE
51365	32	135	Jewish hospital	GEONOUN
51365	32	142	hospital	GEONOUN
51365	32	152	Hospital Hirsch	PLACE
51365	32	245	hospital	GEONOUN
51365	32	262	Jewish	GEONOUN
51365	32	289	Jewish hospital	GEONOUN
51365	32	296	hospital	GEONOUN
51365	32	370	housing	GEONOUN
51365	32	412	Jewish	GEONOUN
51365	32	488	Jewish	GEONOUN
51365	32	526	Jewish	GEONOUN
51365	32	572	district	GEONOUN
51365	32	634	Israel	COUNTRY
51365	32	712	Jewish	GEONOUN
51365	32	801	Jewish	GEONOUN
51365	32	836	community	GEONOUN
51365	32	869	community	GEONOUN
51365	33	51	city	GEONOUN
51365	33	70	Salonika	PLACE
51365	33	113	Greece	COUNTRY
51365	33	140	Salonika	PLACE
51365	33	176	Athens	CITY
51365	34	52	Jewish	GEONOUN
51365	36	40	Jewish	GEONOUN
51365	36	167	Jewish community	GEONOUN
51365	36	174	community	GEONOUN
51365	37	27	plain	GEONOUN
51365	37	170	Palestine	CITY
51365	40	3	Salonika	PLACE
51365	41	19	two years	DATE
51365	41	47	school	GEONOUN
51365	41	55	Two years	DATE
51365	41	103	school	GEONOUN
51365	41	147	two years	DATE
51365	41	167	two more years	DATE
51365	41	198	school	GEONOUN
51365	41	245	school	GEONOUN
51365	41	264	Jewish school	GEONOUN
51365	41	271	school	GEONOUN
51365	41	388	school	GEONOUN
51365	41	432	eight hours	TIME
51365	41	583	Jewish	GEONOUN
51365	41	613	one hour later	TIME
51365	45	9	Salonika	PLACE
51365	45	67	today	DATE
51365	45	86	school	GEONOUN
51365	45	174	house	GEONOUN
51365	45	244	house	GEONOUN
51365	45	357	every night	TIME
51365	45	395	school	GEONOUN
51365	45	562	sea	GEONOUN
51365	45	656	Jewish	GEONOUN
51365	45	732	a Friday evening	TIME
51365	45	752	Saturday morning	TIME
51365	45	783	Sunday	DATE
51365	45	790	evening	TIME
51365	45	807	overnight	TIME
51365	45	834	hills	GEONOUN
51365	45	847	pitch tents	GEONOUN
51365	45	853	tents	GEONOUN
51365	45	897	mountains	GEONOUN
51365	45	981	sea	GEONOUN
51365	45	1008	beaches	GEONOUN
51365	45	1069	tents	GEONOUN
51365	45	1131	early in the morning	TIME
51365	45	1179	early in morning	TIME
51365	45	1281	10 years old	DATE
51365	46	45	Jewish	GEONOUN
51365	49	98	1940	DATE
51365	49	182	Albania	COUNTRY
51365	49	267	Greece	COUNTRY
51365	49	448	Tirana	CITY
51365	49	463	capital	GEONOUN
51365	49	474	Albania	COUNTRY
51365	49	487	one day	DATE
51365	49	515	A week later	DATE
51365	49	609	Greece	COUNTRY
51365	49	719	1941	DATE
51365	49	747	Europe	CONTINENT
51365	49	782	Greece	COUNTRY
51365	49	812	Albania	COUNTRY
51365	49	867	Jewish	GEONOUN
51365	49	901	days	DATE
51365	49	910	days	DATE
51365	49	997	windows	GEONOUN
51365	49	1308	France	COUNTRY
51365	50	62	Albania	COUNTRY
51365	50	153	station	GEONOUN
51365	50	215	corner	GEONOUN
51365	50	318	every day	DATE
51365	50	357	every day	DATE
51365	50	503	Every day	DATE
51365	52	3	1941	DATE
51365	53	37	school	GEONOUN
51365	53	63	Greece	COUNTRY
51365	54	187	England	PLACE
51365	54	217	Greece	COUNTRY
51365	54	242	England	PLACE
51365	54	338	Jewish	GEONOUN
51365	54	442	high school	GEONOUN
51365	54	472	school	GEONOUN
51365	54	617	ghetto	GEONOUN
51365	55	10	house	GEONOUN
51365	59	64	plain	GEONOUN
51365	59	87	plain	GEONOUN
51365	60	114	Germany	COUNTRY
51365	60	290	Jewish	GEONOUN
51365	61	67	town	GEONOUN
51365	61	163	railroad station	GEONOUN
51365	62	27	railroad station	GEONOUN
51365	65	34	Jewish	GEONOUN
51365	66	46	ghetto	GEONOUN
51365	66	107	board	GEONOUN
51365	66	138	Jewish	GEONOUN
51365	66	205	city	GEONOUN
51365	66	223	building	GEONOUN
51365	66	532	East	PLACE
51365	66	593	Jewish	GEONOUN
51365	66	628	concentration camps	GEONOUN
51365	66	744	ghetto	GEONOUN
51365	66	834	labor camp	GEONOUN
51365	68	57	ghetto	GEONOUN
51365	70	106	Jewish	GEONOUN
51365	71	26	ghetto	GEONOUN
51365	72	54	ghetto	GEONOUN
51365	72	307	community	GEONOUN
51365	72	417	Jewish	GEONOUN
51365	72	517	500 years	DATE
51365	72	594	consulate	GEONOUN
51365	72	652	Spain	COUNTRY
51365	72	694	consulate	GEONOUN
51365	72	730	Italy	COUNTRY
51365	72	797	Greece	COUNTRY
51365	72	811	camps	GEONOUN
51365	72	845	passage	GEONOUN
51365	72	878	Italy	COUNTRY
51365	72	887	Germany	COUNTRY
51365	72	913	Italy	COUNTRY
51365	72	960	Germany	COUNTRY
51365	72	1228	Italy	COUNTRY
51365	72	1310	Jewish	GEONOUN
51365	72	1444	England	PLACE
51365	74	268	farm	GEONOUN
51365	74	305	farms	GEONOUN
51365	74	319	Greece	COUNTRY
51365	74	346	farm	GEONOUN
51365	74	381	hundreds of years	DATE
51365	74	426	farm	GEONOUN
51365	75	0	Today	DATE
51365	75	7	today	DATE
51365	75	22	school	GEONOUN
51365	76	7	ghetto	GEONOUN
51365	76	21	about two, three months	DATE
51365	77	118	labor camp	GEONOUN
51365	82	31	Greece	COUNTRY
51365	82	56	Greece	COUNTRY
51365	82	83	Lamía	CITY
51365	82	101	Lamía	CITY
51365	83	17	town	GEONOUN
51365	83	52	town	GEONOUN
51365	83	83	Larissa	PLACE
51365	83	115	Larissa	PLACE
51365	83	140	railroad station	GEONOUN
51365	83	195	railroad track	GEONOUN
51365	83	204	track	GEONOUN
51365	83	242	Salonika	PLACE
51365	83	254	Athens	CITY
51365	83	326	train	GEONOUN
51365	83	337	Athens	CITY
51365	83	376	station	GEONOUN
51365	83	385	Lamía	CITY
51365	83	400	train	GEONOUN
51365	83	411	Salonika	PLACE
51365	83	550	railroad	GEONOUN
51365	83	669	six months	DATE
51365	84	22	barracks	GEONOUN
51365	85	39	labor camp	GEONOUN
51365	90	233	16 and a 1/2 years old	DATE
51365	90	279	ghetto	GEONOUN
51365	90	426	Sunday	DATE
51365	90	499	Greece	COUNTRY
51365	90	620	six years old	DATE
51365	91	82	mountains	GEONOUN
51365	91	104	mountains	GEONOUN
51365	92	72	six months	DATE
51365	92	112	Salonika	PLACE
51365	94	74	Greece	COUNTRY
51365	95	295	Jewish	GEONOUN
51365	95	336	concentration camps	GEONOUN
51365	96	0	Close to six months	DATE
51365	97	25	Salonika	PLACE
51365	98	14	train	GEONOUN
51365	98	32	Auschwitz	CAMP
51365	100	44	labor camp	GEONOUN
51365	101	3	six months' time	DATE
51365	102	194	station	GEONOUN
51365	102	225	camps	GEONOUN
51365	103	12	Auschwitz	CAMP
51365	104	4	Birkenau	CAMP
51365	105	0	About five days.	DATE
51365	109	11	August of 1943	DATE
51365	110	14	early in the morning	TIME
51365	112	14	camp	GEONOUN
51365	112	43	camp	GEONOUN
51365	115	49	six months	DATE
51365	116	530	camp	GEONOUN
51365	116	746	camps	GEONOUN
51365	116	769	Birkenau	CAMP
51365	116	809	Birkenau	CAMP
51365	116	822	Auschwitz	CAMP
51365	116	842	Birkenau	CAMP
51365	116	880	15 days	DATE
51365	116	916	this 15 days	DATE
51365	116	930	every day	DATE
51365	116	1158	camp	GEONOUN
51365	116	1256	camp	GEONOUN
51365	116	1290	cabin	GEONOUN
51365	116	1552	barracks	GEONOUN
51365	116	1625	Czechoslovakia	COUNTRY
51365	116	1643	Jewish	GEONOUN
51365	119	60	barracks	GEONOUN
51365	119	137	every day	DATE
51365	120	40	barracks	GEONOUN
51365	124	40	camps	GEONOUN
51365	124	74	Salonika	PLACE
51365	124	99	camps	GEONOUN
51365	124	158	Poland	COUNTRY
51365	124	297	ghetto	GEONOUN
51365	124	464	camp	GEONOUN
51365	124	607	every day	DATE
51365	124	618	24 hours	TIME
51365	124	669	two weeks	DATE
51365	124	707	Auschwitz	CAMP
51365	126	22	August 31, 1943	DATE
51365	128	52	camps	GEONOUN
51365	130	11	Birkenau	CAMP
51365	130	76	grounds	GEONOUN
51365	131	34	Jewish	GEONOUN
51365	131	42	Jewish	GEONOUN
51365	131	58	Salonika	PLACE
51365	133	12	camps	GEONOUN
51365	136	0	Auschwitz	CAMP
51365	137	0	Birkenau	CAMP
51365	137	14	Birkenau	CAMP
51365	137	42	Auschwitz	CAMP
51365	139	3	Auschwitz	CAMP
51365	140	10	three days	DATE
51365	140	27	ship	GEONOUN
51365	140	38	Warsaw	CITY
51365	140	46	Poland	COUNTRY
51365	141	0	Warsaw	CITY
51365	141	8	Poland	COUNTRY
51365	142	7	ghetto	GEONOUN
51365	144	12	ghetto	GEONOUN
51365	144	111	April	DATE
51365	144	130	ghetto	GEONOUN
51365	144	182	September the 1st	DATE
51365	145	1	43	DATE
51365	146	9	bricks	GEONOUN
51365	146	27	the [?	PLACE
51365	146	34	Warsaw	CITY
51365	146	93	buildings	GEONOUN
51365	146	216	buildings	GEONOUN
51365	146	257	flat	GEONOUN
51365	146	302	bricks	GEONOUN
51365	146	354	one year	DATE
51365	149	21	Auschwitz	CAMP
51365	149	34	Warsaw	CITY
51365	149	42	Poland	COUNTRY
51365	149	57	ghetto	GEONOUN
51365	149	78	barracks	GEONOUN
51365	149	98	ghetto	GEONOUN
51365	149	122	camp	GEONOUN
51365	149	128	concentration camp	GEONOUN
51365	149	158	ghetto	GEONOUN
51365	150	210	walls	GEONOUN
51365	151	91	building	GEONOUN
51365	151	104	barracks	GEONOUN
51365	153	9	Warsaw	CITY
51365	153	215	about three or four months	DATE
51365	153	243	five months	DATE
51365	156	64	Warsaw	CITY
51365	156	154	city	GEONOUN
51365	156	283	camp	GEONOUN
51365	156	314	almost every day	DATE
51365	156	358	city	GEONOUN
51365	156	691	camp	GEONOUN
51365	156	769	city	GEONOUN
51365	156	905	camp	GEONOUN
51365	156	925	camps	GEONOUN
51365	156	1170	camp	GEONOUN
51365	156	1216	hospital	GEONOUN
51365	156	1299	East	PLACE
51365	156	1308	the East Front	PLACE
51365	156	1417	hospital	GEONOUN
51365	156	1679	Sunday	DATE
51365	156	1735	walls	GEONOUN
51365	156	2372	Warsaw	CITY
51365	156	2393	a whole year	DATE
51365	156	2794	Jewish	GEONOUN
51365	156	2810	Jewish	GEONOUN
51365	156	2835	one night	TIME
51365	156	2921	daytime	TIME
51365	156	2930	Second night	TIME
51365	156	2944	the third night	TIME
51365	156	3114	The third day	DATE
51365	156	3132	the morning	TIME
51365	156	3277	five days	DATE
51365	157	307	the evening	TIME
51365	157	428	hole	GEONOUN
51365	157	440	ground	GEONOUN
51365	157	492	every night	TIME
51365	157	584	railroad track	GEONOUN
51365	157	593	track	GEONOUN
51365	157	651	a day	DATE
51365	157	667	overnight	TIME
51365	157	684	ground	GEONOUN
51365	157	707	the next day	DATE
51365	157	725	train	GEONOUN
51365	157	797	Dachau	CITY
51365	158	11	the summer	DATE
51365	158	172	night	TIME
51365	158	299	Dachau	CITY
51365	163	3	Dachau	CITY
51365	163	64	two weeks	DATE
51365	163	104	camp	GEONOUN
51365	167	164	three weeks later	DATE
51365	168	48	Dachau	CITY
51365	168	59	two weeks	DATE
51365	169	65	ground	GEONOUN
51365	169	163	Dachau	CITY
51365	169	173	Germany	COUNTRY
51365	169	189	Germany	COUNTRY
51365	169	235	Jewish	GEONOUN
51365	169	262	two weeks	DATE
51365	169	322	camp	GEONOUN
51365	169	341	Augsburg	CITY
51365	169	383	Waldlager	PLACE
51365	171	3	Augsburg	CITY
51365	171	30	Mühldorf	CITY
51365	171	51	town	GEONOUN
51365	171	57	Mühldorf	CITY
51365	172	58	Dachau	CITY
51365	172	72	Dachau	CITY
51365	172	85	city	GEONOUN
51365	172	103	city	GEONOUN
51365	172	113	camp	GEONOUN
51365	172	127	city	GEONOUN
51365	172	281	city	GEONOUN
51365	172	287	Dachau	CITY
51365	172	325	camp	GEONOUN
51365	172	358	Birkenau	CAMP
51365	172	455	city	GEONOUN
51365	172	491	camp	GEONOUN
51365	172	513	camp	GEONOUN
51365	172	531	airport	GEONOUN
51365	172	670	camp	GEONOUN
51365	172	790	one day	DATE
51365	172	833	camp	GEONOUN
51365	172	980	Jewish	GEONOUN
51365	172	1223	camp	GEONOUN
51365	172	1237	building	GEONOUN
51365	172	1359	12 hours	TIME
51365	172	1378	day	DATE
51365	172	1385	night	TIME
51365	172	1398	12 hours	TIME
51365	172	1515	ramp	GEONOUN
51365	172	1521	dump	GEONOUN
51365	172	1618	all night	TIME
51365	173	89	six months	DATE
51365	173	116	six months	DATE
51365	173	175	camp	GEONOUN
51365	173	206	camp	GEONOUN
51365	174	83	a Sunday	DATE
51365	174	103	a day	DATE
51365	174	386	six months	DATE
51365	174	398	one day	DATE
51365	174	425	Jewish	GEONOUN
51365	174	464	Jewish	GEONOUN
51365	174	641	a whole day long	DATE
51365	174	666	the evening	TIME
51365	174	679	about 5:30, 6 o'clock	TIME
51365	174	732	barracks	GEONOUN
51365	174	817	construction	GEONOUN
51365	174	1005	Jewish	GEONOUN
51365	174	1103	Jewish	GEONOUN
51365	174	1122	Jewish	GEONOUN
51365	174	1198	building	GEONOUN
51365	174	1308	forest	GEONOUN
51365	174	1467	evening	TIME
51365	174	1520	barracks	GEONOUN
51365	174	1530	the following morning	TIME
51365	174	1582	camp	GEONOUN
51365	174	1673	65	DATE
51365	174	1677	70 years old	DATE
51365	174	1804	camp	GEONOUN
51365	175	156	camp	GEONOUN
51365	178	220	Jewish	GEONOUN
51365	179	0	May the 2nd, 1945	DATE
51365	182	50	factory	GEONOUN
51365	183	23	dump	GEONOUN
51365	187	79	about three or four weeks later	DATE
51365	191	15	camp	GEONOUN
51365	191	24	a few days	DATE
51365	191	336	four years	DATE
51365	191	348	five years	DATE
51365	191	366	camps	GEONOUN
51365	192	67	village	GEONOUN
51365	193	3	June	DATE
51365	194	12	village	GEONOUN
51365	194	27	Ampfing	PLACE
51365	194	49	Ampfing	PLACE
51365	195	31	village	GEONOUN
51365	195	51	village	GEONOUN
51365	195	92	camp	GEONOUN
51365	195	113	house	GEONOUN
51365	195	251	Russia	COUNTRY
51365	195	352	Russia	COUNTRY
51365	195	380	Germany	COUNTRY
51365	195	579	village	GEONOUN
51365	195	751	village	GEONOUN
51365	195	779	buildings	GEONOUN
51365	195	822	building	GEONOUN
51365	195	882	building	GEONOUN
51365	195	902	room	GEONOUN
51365	195	961	one day	DATE
51365	195	1546	village	GEONOUN
51365	195	1604	camp	GEONOUN
51365	195	1616	Feldafing	CAMP
51365	195	1771	Feldafing	CAMP
51365	195	1789	Feldafing	CAMP
51365	195	1830	room	GEONOUN
51365	195	1866	villas	GEONOUN
51365	195	1901	Feldafing	CAMP
51365	195	2011	camp	GEONOUN
51365	195	2034	barracks	GEONOUN
51365	195	2056	villas	GEONOUN
51365	195	2090	villas	GEONOUN
51365	195	2136	barracks	GEONOUN
51365	195	2287	Feldafing	CAMP
51365	196	8	Germany	COUNTRY
51365	198	0	June the 20th, 1945	DATE
51365	198	63	May	DATE
51365	199	80	Feldafing	CAMP
51365	199	94	two years	DATE
51365	199	182	Poland	COUNTRY
51365	199	223	country	GEONOUN
51365	199	232	Czechoslovakia	COUNTRY
51365	199	294	Russia	COUNTRY
51365	199	348	Russia	COUNTRY
51365	199	394	one day	DATE
51365	199	479	Greece	COUNTRY
51365	199	544	Czechoslovakia	COUNTRY
51365	199	677	Greece	COUNTRY
51365	199	793	ship	GEONOUN
51365	199	806	Greece	COUNTRY
51365	199	827	Greece	COUNTRY
51365	199	942	Macedonia	PLACE
51365	199	1089	Vilna	PLACE
51365	199	1096	Lithuania	COUNTRY
51365	199	1107	Vilna	PLACE
51365	199	1146	forest	GEONOUN
51365	199	1164	hole	GEONOUN
51365	199	1174	forest	GEONOUN
51365	199	1234	midnight	TIME
51365	199	1254	farms	GEONOUN
51365	199	1383	Germany	COUNTRY
51365	199	1411	camp	GEONOUN
51365	199	1610	camp	GEONOUN
51365	199	1630	camp	GEONOUN
51365	199	1642	Heidenheim am Brenz	PLACE
51365	199	1687	Heidenheim	PLACE
51365	199	1736	two years	DATE
51365	199	1757	Feldafing	CAMP
51365	199	1788	Heidenheim	PLACE
51365	199	1806	Heidenheim	PLACE
51365	199	1833	Jewish	GEONOUN
51365	199	2127	the United States	COUNTRY
51365	199	2148	1949	DATE
51365	204	47	Feldafing	CAMP
51365	204	401	market	GEONOUN
51365	206	14	Heidenheim	PLACE
51365	206	42	house	GEONOUN
51365	206	65	house	GEONOUN
51365	206	84	upstairs	GEONOUN
51365	206	106	downstairs	GEONOUN
51365	206	133	upstairs	GEONOUN
51365	206	150	Israel	COUNTRY
51365	206	246	Heidenheim	PLACE
51365	207	173	camp	GEONOUN
51365	207	192	Stuttgart	CITY
51365	207	297	the United States	COUNTRY
51365	207	349	United States	COUNTRY
51365	207	393	New York	US-STATE
51365	207	468	United States	COUNTRY
51365	207	555	Stuttgart	CITY
51365	207	585	Stuttgart	CITY
51365	207	600	Heidenheim	PLACE
51365	207	625	Stuttgart	CITY
51365	207	639	Ulm	CITY
51365	207	819	upstairs	GEONOUN
51365	207	923	Palestine	CITY
51365	207	1062	United States	COUNTRY
51365	209	29	Salonika	PLACE
51365	209	274	a weekend	DATE
51365	209	330	Greece	COUNTRY
51365	209	403	camps	GEONOUN
51365	209	995	the United States	COUNTRY
51365	211	0	July the 22, 1949	DATE
51365	212	11	Hartford	CITY
51365	212	21	Connecticut	US-STATE
51365	212	42	overnight	TIME
51365	212	53	The next day	DATE
51365	212	101	New York	US-STATE
51365	212	132	station	GEONOUN
51365	212	160	Cincinnati	CITY
51365	212	191	Los Angeles	CITY
51365	212	223	Philadelphia	CITY
51365	212	311	seven months	DATE
51365	212	388	July	DATE
51365	212	398	September	DATE
51365	213	5	New York	US-STATE
51365	213	39	Cincinnati	CITY
51365	213	51	Cincinnati	CITY
51365	213	63	Ohio	US-STATE
51365	214	0	40 years	DATE
51365	217	32	Germany	COUNTRY
51365	217	80	house	GEONOUN
51365	217	126	an hour	TIME
51365	217	213	week	DATE
51365	217	225	week	DATE
51365	217	287	United States	COUNTRY
51365	217	306	Jewish	GEONOUN
51365	217	663	Jewish	GEONOUN
51365	217	1018	factory	GEONOUN
51365	217	1154	Jewish	GEONOUN
51365	217	1230	apron	GEONOUN
51365	217	1260	apron	GEONOUN
51365	217	1614	Jewish	GEONOUN
51365	217	1817	1949	DATE
51365	217	1928	Europe	CONTINENT
51365	217	2195	two weeks later	DATE
51365	217	2401	three years	DATE
51365	217	2586	all day	DATE
51365	217	2923	house	GEONOUN
51365	217	2990	three years	DATE
51365	217	3349	house	GEONOUN
51365	217	3407	Germany	COUNTRY
51365	217	3446	Germany	COUNTRY
51365	217	3503	10 years later	DATE
51365	217	3531	house	GEONOUN
51365	217	3703	house	GEONOUN
51365	217	3756	house	GEONOUN
51365	217	3829	Washington	US-STATE
51365	217	3898	house	GEONOUN
51365	217	3915	20 years	DATE
51365	217	3931	house	GEONOUN
51365	217	3961	62	DATE
51365	217	4013	62	DATE
51365	217	4028	house	GEONOUN
51365	217	4069	house	GEONOUN
51365	217	4107	house	GEONOUN
51365	220	95	Baltimore	CITY
51365	220	316	Baltimore	CITY
51365	224	20	14 months ago	DATE
51365	224	58	1945	DATE
51365	224	84	55 years	DATE
51365	227	172	Israel	COUNTRY
51365	227	184	Greece	COUNTRY
51365	227	220	school	GEONOUN
51365	227	438	camps	GEONOUN
51365	227	526	Israel	COUNTRY
51365	227	767	Israel	COUNTRY
51365	227	789	Israel	COUNTRY
51365	227	837	Israel	COUNTRY
51365	227	844	next month	DATE
51365	229	80	Jewish	GEONOUN
51365	229	127	Poland	COUNTRY
51365	229	156	Poland	COUNTRY
51365	229	215	cemetery	GEONOUN
51365	229	256	cemetery	GEONOUN
51365	229	305	walls	GEONOUN
51365	229	316	sea	GEONOUN
51365	235	168	house	GEONOUN
51365	235	322	Friday	DATE
51365	235	329	night	TIME
51365	235	613	Jewish	GEONOUN
51365	240	272	a year later	DATE
51365	240	294	the same year	DATE
51365	241	3	Salonika Greece	PLACE
