FileID	AnswerID	StartCharPos	Entity	Type
51410	1	48	Mordechai	PLACE
51410	2	21	the 31st September--	DATE
51410	2	46	August the 31st, 1916	DATE
51410	4	4	city	GEONOUN
51410	4	31	Pabianice	CITY
51410	5	0	Poland	COUNTRY
51410	6	372	1924	DATE
51410	7	46	1926	DATE
51410	7	67	roughly 10 years old	DATE
51410	7	192	these 10 years	DATE
51410	8	0	Perl	PLACE
51410	9	515	about six years old	DATE
51410	9	923	November	DATE
51410	9	968	school	GEONOUN
51410	9	982	seven years old	DATE
51410	9	999	'23	DATE
51410	9	1021	1923	DATE
51410	9	1082	the whole three months	DATE
51410	9	1119	the winter	DATE
51410	9	1157	the winter	DATE
51410	9	1254	a March	DATE
51410	9	1274	'24	DATE
51410	11	156	Pultusk	PLACE
51410	11	191	Warsaw	CITY
51410	11	264	Jewish	GEONOUN
51410	11	460	London	CITY
51410	11	668	Jewish	GEONOUN
51410	11	842	spare	GEONOUN
51410	11	910	Jewish	GEONOUN
51410	12	181	Poland	COUNTRY
51410	12	214	1922, '23	DATE
51410	12	244	France	COUNTRY
51410	12	345	Algiers	CITY
51410	12	376	Algiers	CITY
51410	12	399	two, three years	DATE
51410	12	489	1926	DATE
51410	12	520	about 42	DATE
51410	12	632	1926	DATE
51410	12	638	10 years old	DATE
51410	16	136	1924, '25	DATE
51410	16	562	1926	DATE
51410	16	604	Rosh Ha-Shana	DATE
51410	16	622	Yom Kippur	DATE
51410	16	639	the Hoshana Rabbah	DATE
51410	16	690	10 years old	DATE
51410	16	706	9 years or so	DATE
51410	16	749	Pabianice	CITY
51410	16	786	locality	GEONOUN
51410	16	898	Lódz	PLACE
51410	16	916	Jewish hospital	GEONOUN
51410	16	923	hospital	GEONOUN
51410	16	933	Poznanski Hospital	PLACE
51410	16	980	a Wednesday	DATE
51410	16	1030	Wednesday	DATE
51410	16	1089	a Thursday night	TIME
51410	16	1107	the following night	TIME
51410	16	1188	the night	TIME
51410	16	1365	Friday	DATE
51410	16	1385	Thursday	DATE
51410	16	1394	night	TIME
51410	16	1424	a Friday	DATE
51410	18	56	Pabianice	CITY
51410	18	82	Lódz	PLACE
51410	18	176	Jewish	GEONOUN
51410	18	299	Lódz	PLACE
51410	18	408	Lódz	PLACE
51410	18	586	autumn	DATE
51410	18	630	alley	GEONOUN
51410	18	698	cemetery	GEONOUN
51410	18	735	cemetery	GEONOUN
51410	18	766	Taharah	PLACE
51410	18	774	room	GEONOUN
51410	18	1060	three years old	DATE
51410	18	1429	grave	GEONOUN
51410	18	1498	Jewish	GEONOUN
51410	18	1726	Pabianice	CITY
51410	18	1750	a Friday	DATE
51410	18	1810	Friday	DATE
51410	18	1817	night	TIME
51410	18	1892	Friday	DATE
51410	18	1937	Saturday	DATE
51410	18	2160	Saturday	DATE
51410	18	2295	That Sunday	DATE
51410	18	2352	six days	DATE
51410	18	2417	10 years old	DATE
51410	18	2505	10 months	DATE
51410	18	2524	10 months	DATE
51410	18	2703	Pabianice	CITY
51410	18	2720	Jewish	GEONOUN
51410	18	2753	Jewish	GEONOUN
51410	18	2804	Jewish	GEONOUN
51410	18	2837	city	GEONOUN
51410	18	2860	city	GEONOUN
51410	18	2898	Gorka Pabianicka	PLACE
51410	18	2929	Pabianice	CITY
51410	18	2946	hill	GEONOUN
51410	18	3028	area	GEONOUN
51410	18	3062	Pabianice	CITY
51410	18	3090	fields	GEONOUN
51410	18	3130	school	GEONOUN
51410	18	3170	10-year-old	DATE
51410	18	3209	every day	DATE
51410	18	3272	synagogue	GEONOUN
51410	18	3305	about half-past 8:00--	TIME
51410	18	3328	school	GEONOUN
51410	18	3343	9 o'clock--	TIME
51410	18	3363	Kaddish	EVENT
51410	18	3536	some 6 o'clock	TIME
51410	18	3567	some 7:00	TIME
51410	18	3578	some 8:00	TIME
51410	18	3651	8 o'clock	TIME
51410	18	3851	1916	DATE
51410	18	3878	1915	DATE
51410	18	4101	synagogue	GEONOUN
51410	18	4307	school	GEONOUN
51410	18	4338	10 months	DATE
51410	18	4358	school	GEONOUN
51410	18	4380	2 o'clock	TIME
51410	18	4395	school	GEONOUN
51410	18	4409	9:00	TIME
51410	18	4436	school about 1 o'clock	GEONOUN
51410	18	4443	about 1 o'clock	TIME
51410	18	4471	2 o'clock	TIME
51410	18	4504	school	GEONOUN
51410	18	4572	school	GEONOUN
51410	18	4580	about 4 o'clock	TIME
51410	18	4643	about 6 o'clock	TIME
51410	18	4670	6:00	TIME
51410	18	4708	Kaddish	EVENT
51410	18	4737	evening	TIME
51410	18	5024	street	GEONOUN
51410	18	5091	resort	GEONOUN
51410	18	5491	10 o'clock	TIME
51410	18	5577	10 o'clock in the night	TIME
51410	18	5604	10-year-old	DATE
51410	19	45	14 years old	DATE
51410	19	187	about 17 years old	DATE
51410	19	318	Jewish	GEONOUN
51410	19	419	all day	DATE
51410	19	467	school	GEONOUN
51410	19	493	school	GEONOUN
51410	19	504	1926	DATE
51410	19	526	six	DATE
51410	19	551	school	GEONOUN
51410	19	743	wood	GEONOUN
51410	19	841	bridge	GEONOUN
51410	19	903	timber	GEONOUN
51410	19	963	bridge	GEONOUN
51410	19	986	bridge	GEONOUN
51410	19	1481	timber	GEONOUN
51410	19	1646	train	GEONOUN
51410	19	1701	coal mines	GEONOUN
51410	19	1724	Silesia	PLACE
51410	20	6	a 10-year-old	DATE
51410	21	27	bridge	GEONOUN
51410	21	50	bridge	GEONOUN
51410	21	143	winter	DATE
51410	21	206	pool	GEONOUN
51410	21	351	platform	GEONOUN
51410	21	572	reach	GEONOUN
51410	21	611	platform	GEONOUN
51410	21	757	platform	GEONOUN
51410	22	46	the '20s	DATE
51410	23	14	brick house	GEONOUN
51410	23	20	house	GEONOUN
51410	23	36	house	GEONOUN
51410	23	55	street	GEONOUN
51410	23	63	narrow	GEONOUN
51410	23	118	street	GEONOUN
51410	23	154	the night	TIME
51410	23	201	windows	GEONOUN
51410	23	220	windows	GEONOUN
51410	23	237	street	GEONOUN
51410	23	265	room	GEONOUN
51410	23	278	room	GEONOUN
51410	23	335	backyard	GEONOUN
51410	23	425	bridge	GEONOUN
51410	23	437	bridge	GEONOUN
51410	23	449	platform	GEONOUN
51410	23	734	room	GEONOUN
51410	23	798	bench	GEONOUN
51410	23	985	all day	DATE
51410	23	1173	all day	DATE
51410	23	1221	bench	GEONOUN
51410	23	1354	bench	GEONOUN
51410	24	180	divide	GEONOUN
51410	24	285	room	GEONOUN
51410	24	478	rooms	GEONOUN
51410	25	41	house	GEONOUN
51410	26	103	March	DATE
51410	26	196	Pesach	EVENT
51410	26	542	cellar	GEONOUN
51410	26	558	cellar	GEONOUN
51410	26	707	cellar	GEONOUN
51410	29	79	room	GEONOUN
51410	29	129	room	GEONOUN
51410	31	181	Jewish	GEONOUN
51410	31	222	ghetto	GEONOUN
51410	31	267	city	GEONOUN
51410	31	313	Jewish sector	GEONOUN
51410	31	320	sector	GEONOUN
51410	31	382	Gorka Pabianicka	PLACE
51410	32	46	Sabbath	DATE
51410	32	286	Kaddish	DATE
51410	34	51	Saturday	DATE
51410	34	136	Brest	CITY
51410	35	13	bungalow	GEONOUN
51410	35	71	Friday	DATE
51410	35	78	night	TIME
51410	35	142	stable	GEONOUN
51410	35	187	Friday	DATE
51410	35	198	Saturday	DATE
51410	37	197	Koszykowa 8	PLACE
51410	37	237	Nowogrodzka	PLACE
51410	37	686	today	DATE
51410	37	734	Tomorrow	DATE
51410	37	759	Today	DATE
51410	37	1325	Jewish	GEONOUN
51410	37	1542	ghetto	GEONOUN
51410	37	1711	ghetto	GEONOUN
51410	37	2025	Warsaw	CITY
51410	37	2481	Lódz	PLACE
51410	37	2603	the Hotel Polski-- Polski Hotel--	PLACE
51410	37	2700	a week	DATE
51410	37	2759	Berlin	CITY
51410	37	3092	Auschwitz	CAMP
51410	38	154	just three days	DATE
51410	40	61	Zlota Ulica	PLACE
51410	40	158	ruins	GEONOUN
51410	41	43	ghetto	GEONOUN
51410	41	156	road	GEONOUN
51410	41	171	London	CITY
51410	42	9	Warsaw	CITY
51410	42	52	Jewish	GEONOUN
51410	42	536	market	GEONOUN
51410	42	579	railway station	GEONOUN
51410	42	587	station	GEONOUN
51410	42	797	Jewish	GEONOUN
51410	44	11	one morning	TIME
51410	44	96	courtyard	GEONOUN
51410	44	131	building	GEONOUN
51410	44	174	the 8th of May	DATE
51410	44	394	one day	DATE
51410	44	473	casino a few days	GEONOUN
51410	44	480	a few days	DATE
51410	44	498	the 1st of September	DATE
51410	44	536	July	DATE
51410	44	554	the 1st of-- no, 1st of August	DATE
51410	44	602	1st of August	DATE
51410	44	624	the 1st of August	DATE
51410	44	674	the 1st of August	DATE
51410	44	702	about July	DATE
51410	44	755	Italy	COUNTRY
51410	45	18	'44, July	DATE
51410	45	56	London	CITY
51410	45	93	the 1st of August	DATE
51410	45	138	1st of August	DATE
51410	45	153	August, September--	DATE
51410	45	173	3rd of October	DATE
51410	45	473	Warsaw	CITY
51410	45	546	the 1st of August	DATE
51410	45	565	4 o'clock in the afternoon	TIME
51410	45	877	5 o'clock	TIME
51410	45	955	6 o'clock	TIME
51410	45	1001	courtyard	GEONOUN
51410	46	137	downstairs	GEONOUN
51410	46	475	All night--	TIME
51410	46	539	barricades	GEONOUN
51410	46	571	road	GEONOUN
51410	46	652	barricades all night	GEONOUN
51410	46	663	all night	TIME
51410	46	697	The next day	DATE
51410	46	847	city	GEONOUN
51410	46	869	city	GEONOUN
51410	46	989	Warsaw	CITY
51410	46	1031	division	GEONOUN
51410	46	1259	London	CITY
51410	46	1344	Warsaw	CITY
51410	46	1363	Powstania	PLACE
51410	47	55	hole	GEONOUN
51410	47	115	building	GEONOUN
51410	49	12	roof	GEONOUN
51410	49	39	roof	GEONOUN
51410	50	66	roof	GEONOUN
51410	50	141	post office	GEONOUN
51410	50	476	three days	DATE
51410	51	81	building	GEONOUN
51410	51	338	London	CITY
51410	51	661	hospital	GEONOUN
51410	51	924	hospital	GEONOUN
51410	51	964	Warsaw	CITY
51410	51	1145	Jewish	GEONOUN
51410	51	1395	Jewish	GEONOUN
51410	51	1433	Warsaw	CITY
51410	51	1486	Jewish	GEONOUN
51410	51	1552	narrow	GEONOUN
51410	51	1576	that day	DATE
51410	51	1758	city	GEONOUN
51410	51	1820	store	GEONOUN
51410	51	1912	narrow	GEONOUN
51410	51	1933	10:00 in the morning	TIME
51410	51	2004	afternoon	TIME
51410	51	2015	4 o'clock	TIME
51410	51	2525	one day	DATE
51410	51	2540	backyard	GEONOUN
51410	51	2585	Jewish	GEONOUN
51410	52	66	backyard	GEONOUN
51410	52	108	road	GEONOUN
51410	52	180	Jewish	GEONOUN
51410	53	155	hospital	GEONOUN
51410	53	265	hole	GEONOUN
51410	53	559	4 SECONDS	DATE
51410	53	584	the 3rd of October	DATE
51410	53	609	August, September-- 63 days	DATE
51410	53	1070	three days	DATE
51410	53	1096	Warsaw	CITY
51410	53	1350	beach	GEONOUN
51410	53	1518	Warsaw	CITY
51410	53	1529	the 3rd of October	DATE
51410	53	1601	railway	GEONOUN
51410	53	2220	train	GEONOUN
51410	53	2382	Warsaw	CITY
51410	53	2392	Prusków	PLACE
51410	53	2438	railway junction	GEONOUN
51410	53	2556	train	GEONOUN
51410	53	2657	Auschwitz	CAMP
51410	53	2726	today	DATE
51410	53	3041	Auschwitz	CAMP
51410	54	62	Dora	CAMP
51410	54	188	Germany	COUNTRY
51410	54	287	Italy	COUNTRY
51410	54	310	Germany	COUNTRY
51410	54	348	Australia	COUNTRY
51410	54	395	the Canadian Embassy	PLACE
51410	54	646	railway	GEONOUN
51410	54	741	barn	GEONOUN
51410	54	1148	barn	GEONOUN
51410	54	1191	Jewish	GEONOUN
51410	54	1368	Jewish	GEONOUN
51410	54	1392	neck	GEONOUN
51410	54	1523	the morning	TIME
51410	54	1573	barn	GEONOUN
51410	54	1731	Warsaw	CITY
51410	55	60	Lemberg	CAMP
51410	55	277	Brwinów	PLACE
51410	55	298	Brwinów	PLACE
51410	55	318	Milanówek	CITY
51410	55	368	Warsaw	CITY
51410	55	413	Warsaw	CITY
51410	55	839	Jewish	GEONOUN
51410	55	883	a few days	DATE
51410	55	927	'44	DATE
51410	55	935	November, December	DATE
51410	55	999	Brwinów	PLACE
51410	55	1096	Milanówek	CITY
51410	55	1109	Brwinów	PLACE
51410	55	1134	town hall	GEONOUN
51410	55	1373	Brwinów	PLACE
51410	55	1401	villa	GEONOUN
51410	55	1418	villa	GEONOUN
51410	55	2108	every Friday	DATE
51410	55	2128	market	GEONOUN
51410	55	2239	villa	GEONOUN
51410	56	306	Kraków	CITY
51410	56	788	bar	GEONOUN
51410	56	817	every day	DATE
51410	56	956	November	DATE
51410	56	966	December	DATE
51410	56	980	January	DATE
51410	56	1011	about two and a half months	DATE
51410	60	19	Brwinów	PLACE
51410	61	38	Jewish	GEONOUN
51410	61	151	Jewish	GEONOUN
51410	61	221	Jewish	GEONOUN
51410	61	648	concentration camps	GEONOUN
51410	61	1085	one day	DATE
51410	61	1668	forest	GEONOUN
51410	61	1929	villa	GEONOUN
51410	61	2099	two in the morning	TIME
51410	61	2767	Milanovic	PLACE
51410	61	2921	Milanovic	PLACE
51410	61	2953	colony	GEONOUN
51410	61	3146	Poland	COUNTRY
51410	63	3	Brwinów	PLACE
51410	63	37	Brwinów	PLACE
51410	63	117	houses	GEONOUN
51410	63	130	villas	GEONOUN
51410	63	157	Jewish	GEONOUN
51410	63	207	Brwinów	PLACE
51410	65	14	the day before	DATE
51410	65	30	Brwinów	PLACE
51410	65	266	a Monday	DATE
51410	65	276	Tuesday	DATE
51410	65	284	morning	TIME
51410	65	311	10 o'clock	TIME
51410	65	367	the fourth or	DATE
51410	65	394	January	DATE
51410	65	497	Jewish	GEONOUN
51410	65	546	church	GEONOUN
51410	66	60	two days later	DATE
51410	66	335	Tuesday	DATE
51410	66	343	morning	TIME
51410	66	356	villa	GEONOUN
51410	66	473	bench	GEONOUN
51410	66	496	bench	GEONOUN
51410	66	546	Lwów	PLACE
51410	66	557	Lemberg	CAMP
51410	66	725	edge	GEONOUN
51410	66	1221	Jewish	GEONOUN
51410	66	1555	Jewish	GEONOUN
51410	66	1577	Jewish	GEONOUN
51410	66	1868	Jewish	GEONOUN
51410	66	1946	today	DATE
51410	66	2390	ghetto	GEONOUN
51410	66	2615	Jewish	GEONOUN
51410	66	2768	Jewish	GEONOUN
51410	66	3023	forest	GEONOUN
51410	66	3093	forest	GEONOUN
51410	66	3237	2 and 1/2 months	DATE
51410	66	3334	Warsaw	CITY
51410	66	3471	Lódz	PLACE
51410	66	3504	school	GEONOUN
51410	66	3668	about two hours	TIME
51410	66	3880	the morning	TIME
51410	66	3941	Warsaw	CITY
51410	66	3969	ruins	GEONOUN
51410	66	3987	Nowogrodzka	PLACE
51410	66	4126	house	GEONOUN
51410	66	4260	just three days	DATE
51410	66	4323	hospital	GEONOUN
51410	66	4493	Jewish	GEONOUN
51410	66	4517	Praga	PLACE
51410	66	4549	Vistula	PLACE
51410	66	4624	Jewish	GEONOUN
51410	66	4718	Warsaw	CITY
51410	66	4725	ghetto	GEONOUN
51410	66	4801	city	GEONOUN
51410	66	4931	Jewish	GEONOUN
51410	66	5000	Jewish	GEONOUN
51410	68	37	five years	DATE
51410	68	78	Jewish	GEONOUN
51410	68	100	Pabianice	CITY
51410	68	364	Lublin	CITY
51410	68	397	Lwów	PLACE
51410	68	431	Lwów	PLACE
51410	68	441	Lublin	CITY
51410	68	665	village	GEONOUN
51410	68	878	school	GEONOUN
51410	68	1041	Lublin	CITY
51410	68	1107	street	GEONOUN
51410	68	1310	1905	DATE
51410	68	1327	about 11 years older	DATE
51410	68	1427	department	GEONOUN
51410	68	1704	department	GEONOUN
51410	68	1875	January	DATE
51410	68	1896	a couple of weeks' time	DATE
51410	68	1935	reach Lódz	GEONOUN
51410	68	1941	Lódz	PLACE
51410	68	1997	Lódz	PLACE
51410	68	2046	Lódz	PLACE
51410	68	2133	Lódz	PLACE
51410	68	2264	river	GEONOUN
51410	68	2280	bridge	GEONOUN
51410	68	2296	bridge	GEONOUN
51410	68	2516	river	GEONOUN
51410	68	2572	river	GEONOUN
51410	68	2671	Jewish	GEONOUN
51410	69	66	edge	GEONOUN
51410	69	93	flat	GEONOUN
51410	69	150	bank	GEONOUN
51410	69	163	bank	GEONOUN
51410	69	199	fell	GEONOUN
51410	69	221	two days	DATE
51410	69	346	Lódz	PLACE
51410	69	360	about 14th of January	DATE
51410	69	385	a Sunday	DATE
51410	69	411	Lódz	PLACE
51410	69	428	1939	DATE
51410	69	437	1939	DATE
51410	69	450	Lódz	PLACE
51410	69	475	1945	DATE
51410	69	509	a Sunday	DATE
51410	69	568	town	GEONOUN
51410	69	805	cemetery	GEONOUN
51410	69	820	the next day	DATE
51410	69	919	Lódz	PLACE
51410	69	924	ghetto	GEONOUN
51410	69	971	only two years ago	DATE
51410	69	1229	Lódz	PLACE
51410	69	1234	ghetto	GEONOUN
51410	73	94	18-years-old	DATE
51410	73	117	flat	GEONOUN
51410	73	235	the 14th of January '45	DATE
51410	73	264	the 5th of the 8th-- of the 1945	DATE
51410	73	341	18 months	DATE
51410	73	354	Lódz	PLACE
51410	76	31	Lódz	PLACE
51410	76	146	Warsaw	CITY
51410	76	178	Skierniewice	CITY
51410	76	274	Lódz	PLACE
51410	76	449	Lublin	CITY
51410	76	487	apartment	GEONOUN
51410	76	782	ghetto	GEONOUN
51410	76	898	department	GEONOUN
51410	76	954	Silesia	PLACE
51410	81	45	department	GEONOUN
51410	81	169	rock	GEONOUN
51410	81	455	Jewish	GEONOUN
51410	82	49	Australia	COUNTRY
51410	82	83	cemetery	GEONOUN
51410	83	111	raise	GEONOUN
51410	83	237	Warsaw	CITY
51410	83	250	Danzig	CAMP
51410	83	352	Kielce	CITY
51410	83	426	that night	TIME
51410	83	524	hotel	GEONOUN
51410	84	27	The next day	DATE
51410	85	41	three or four months	DATE
51410	85	68	Pesach	EVENT
51410	85	80	Jewish	GEONOUN
51410	85	154	every day	DATE
51410	85	181	April	DATE
51410	85	319	One day in	DATE
51410	85	330	April	DATE
51410	85	376	day	DATE
51410	85	454	Bergen-Belsen	CAMP
51410	85	590	just yesterday	DATE
51410	85	718	Poland	COUNTRY
51410	85	792	Siberia	PLACE
51410	85	858	Radom	CITY
51410	85	883	one day	DATE
51410	85	905	narrow	GEONOUN
51410	85	971	Radom	CITY
51410	85	1120	28	DATE
51410	85	1138	28	DATE
51410	85	1164	Poland	COUNTRY
51410	85	1755	18 months	DATE
51410	85	1913	ministry	GEONOUN
51410	85	1954	department	GEONOUN
51410	85	2055	Poland	COUNTRY
51410	85	2267	Poland	COUNTRY
51410	85	2708	Australia	COUNTRY
51410	85	2854	Australia	COUNTRY
51410	85	3004	Poland	COUNTRY
51410	85	3292	Australia	COUNTRY
51410	85	3345	about three hours	TIME
51410	85	3710	consulate	GEONOUN
51410	85	3756	Australia	COUNTRY
51410	85	3820	any minute	TIME
51410	85	3862	consulate	GEONOUN
51410	85	3997	consulate	GEONOUN
51410	85	4025	England	PLACE
51410	85	4066	Poland	COUNTRY
51410	85	4131	train	GEONOUN
51410	85	4237	Siberia	PLACE
51410	85	4371	Czechoslovakia	COUNTRY
51410	86	18	Pabianice	CITY
51410	86	32	1939	DATE
51410	86	40	March	DATE
51410	86	50	school	GEONOUN
51410	86	143	Australia	COUNTRY
51410	86	184	1927, '28	DATE
51410	86	231	factory	GEONOUN
51410	86	287	Collingwood	CITY
51410	86	389	Australia	COUNTRY
51410	86	402	March '39	DATE
51410	86	427	school	GEONOUN
51410	86	495	Lódz	PLACE
51410	86	530	Lódz	PLACE
51410	86	551	street	GEONOUN
51410	86	559	Piotrkowska	PLACE
51410	86	674	Australia	COUNTRY
51410	86	727	Australia	COUNTRY
51410	86	823	Lódz	PLACE
51410	86	868	Australia	COUNTRY
51410	87	36	Poland	COUNTRY
51410	87	365	camp	GEONOUN
51410	87	510	Bergen-Belsen	CAMP
51410	87	571	any minute	TIME
51410	87	586	any minute	TIME
51410	87	670	Braunau	PLACE
51410	87	681	Austria	COUNTRY
51410	88	40	Jewish	GEONOUN
51410	88	83	the Polish Olympic Games	EVENT
51410	88	116	Australia	COUNTRY
51410	88	129	1956	DATE
51410	88	161	Lwów	PLACE
51410	88	183	Lwów	PLACE
51410	88	194	Lemberg	CAMP
51410	88	237	department	GEONOUN
51410	88	289	government building	GEONOUN
51410	88	328	building that night	GEONOUN
51410	88	337	that night	TIME
51410	89	119	buildings	GEONOUN
51410	89	164	the morning	TIME
51410	89	187	train	GEONOUN
51410	89	204	Warsaw	CITY
51410	89	215	Warsaw	CITY
51410	89	223	Praga	PLACE
51410	89	247	Prague	CITY
51410	89	263	the same day	DATE
51410	89	285	Prague	CITY
51410	89	333	Prague	CITY
51410	89	343	London	CITY
51410	89	363	Prague	CITY
51410	89	375	hotel	GEONOUN
51410	89	386	hotel	GEONOUN
51410	89	542	London	CITY
51410	89	642	Prague	CITY
51410	89	690	Marienbad	PLACE
51410	89	762	Marienbad	PLACE
51410	89	797	Lódz	PLACE
51410	89	838	London	CITY
51410	89	898	Praga	PLACE
51410	89	961	Marienbad	PLACE
51410	89	1020	about a week	DATE
51410	89	1100	any minute	TIME
51410	89	1154	London	CITY
51410	89	1182	Praga	PLACE
51410	89	1191	Germany	COUNTRY
51410	89	1200	Munich	CITY
51410	89	1284	zone	GEONOUN
51410	89	1598	train	GEONOUN
51410	89	1655	Australia	COUNTRY
51410	89	1765	Bergen-Belsen	CAMP
51410	89	1804	Australia	COUNTRY
51410	89	1871	Jewish	GEONOUN
51410	89	1951	train	GEONOUN
51410	89	1976	Munich	CITY
51410	89	1996	Nuremberg	CAMP
51410	89	2037	Belsen	PLACE
51410	89	2115	München	PLACE
51410	89	2134	train	GEONOUN
51410	89	2155	zone	GEONOUN
51410	89	2164	Baden-Baden	CITY
51410	89	2182	Baden-Baden	CITY
51410	89	2244	Constance	PLACE
51410	89	2258	Constance	PLACE
51410	89	2357	Bergen-Belsen	CAMP
51410	89	2448	Constance	PLACE
51410	89	2534	Constance	PLACE
51410	89	2567	Bergen-Belsen	CAMP
51410	89	2586	camp	GEONOUN
51410	89	2606	camp	GEONOUN
51410	89	2648	Jewish	GEONOUN
51410	89	2728	block	GEONOUN
51410	89	2739	huts	GEONOUN
51410	89	2758	August '45	DATE
51410	90	94	huts	GEONOUN
51410	90	198	huts	GEONOUN
51410	90	597	Warsaw	CITY
51410	91	53	about three, four weeks	DATE
51410	92	3	Bergen-Belsen	CAMP
51410	92	88	Bergen-Belsen	CAMP
51410	92	472	Bergen-Belsen	CAMP
51410	92	566	cemetery	GEONOUN
51410	93	55	the last minute	TIME
51410	93	305	Just any minute	TIME
51410	93	706	Marienbad	PLACE
51410	94	187	'26	DATE
51410	95	118	Auschwitz	CAMP
51410	95	132	Lódz	PLACE
51410	95	141	Lódz	PLACE
51410	95	407	Lódz	PLACE
51410	95	428	Auschwitz	CAMP
51410	95	584	Auschwitz	CAMP
51410	95	598	Bergen-Belsen	CAMP
51410	96	91	Piotrków	PLACE
51410	96	111	Warsaw	CITY
51410	96	129	Piotrków	PLACE
51410	96	216	street	GEONOUN
51410	96	226	Jewish	GEONOUN
51410	96	285	Piotrków	PLACE
51410	96	372	Piotrków	PLACE
51410	96	595	Piotrków	PLACE
51410	96	749	ghetto	GEONOUN
51410	96	1113	Piotrków	PLACE
51410	96	1130	ghetto	GEONOUN
51410	96	1176	Skarzysko	PLACE
51410	96	1239	Piotrków	PLACE
51410	96	1269	camp	GEONOUN
51410	96	1281	Skarzysko	PLACE
51410	96	1301	Skarzysko	PLACE
51410	96	1345	Mauthausen	PLACE
51410	96	1425	Mauthausen	PLACE
51410	96	1466	a few days	DATE
51410	96	1502	Bergen-Belsen	CAMP
51410	96	1628	diamond	GEONOUN
51410	96	1861	Mauthausen	PLACE
51410	97	180	Australia	COUNTRY
51410	97	529	Auschwitz	CAMP
51410	97	587	Flossenburg	CAMP
51410	97	624	Flossenburg	CAMP
51410	97	782	Flossenburg	CAMP
51410	97	903	Flossenburg	CAMP
51410	97	1186	Flossenburg	CAMP
51410	97	1257	Mauthausen	PLACE
51410	97	1285	Flossenburg	CAMP
51410	97	1297	dead march	DATE
51410	97	1328	Bergen-Belsen	CAMP
51410	97	1342	three weeks--	DATE
51410	97	1368	April 1945	DATE
51410	97	1380	May-- 5th of May	DATE
51410	98	26	1940	DATE
51410	98	130	Chelmno	PLACE
51410	99	19	Bergen-Belsen	CAMP
51410	99	54	a few days	DATE
51410	99	273	Warsaw	CITY
51410	99	421	Bad Nauheim	CITY
51410	99	470	Frankfurt am Main	CITY
51410	99	554	Bad Nauheim	CITY
51410	99	609	Bad Nauheim	CITY
51410	99	693	all day	DATE
51410	99	720	Bad Nauheim	CITY
51410	99	962	house	GEONOUN
51410	99	1020	house	GEONOUN
51410	99	1041	rooms	GEONOUN
51410	99	1309	Baden-Baden	CITY
51410	99	1555	Bad Nauheim	CITY
51410	99	1752	downstairs	GEONOUN
51410	99	1775	room	GEONOUN
51410	99	1892	2 o'clock	TIME
51410	99	1927	Germany	COUNTRY
51410	99	1936	between 1:00 and 2 o'clock	TIME
51410	99	2273	Frankfurt	PLACE
51410	99	2435	Australia	COUNTRY
51410	99	2562	five years	DATE
51410	99	2591	January '45	DATE
51410	99	2606	Bad Nauheim	CITY
51410	99	2645	Munich	CITY
51410	100	47	Bad Nauheim	CITY
51410	100	173	Bergen-Belsen	CAMP
51410	100	321	Baden--	PLACE
51410	100	332	Bad Nauheim	CITY
51410	101	47	Bad Nauheim	CITY
51410	101	72	Katowice	CITY
51410	101	156	fell	GEONOUN
51410	101	365	Jewish	GEONOUN
51410	102	15	Bad Nauheim	CITY
51410	103	315	all night	TIME
51410	106	70	one day	DATE
51410	106	89	Frankfurt	PLACE
51410	106	264	Australia	COUNTRY
51410	106	411	camp	GEONOUN
51410	106	489	five years	DATE
51410	106	595	Paris	CITY
51410	106	627	Paris	CITY
51410	106	722	three months	DATE
51410	106	746	Paris	CITY
51410	107	4	three months	DATE
51410	107	42	Paris	CITY
51410	107	48	about January	DATE
51410	110	189	England	PLACE
51410	110	246	1946	DATE
51410	110	309	cabin	GEONOUN
51410	110	381	ship	GEONOUN
51410	110	465	Australia	COUNTRY
51410	110	516	London	CITY
51410	110	633	cabin	GEONOUN
51410	111	0	Five weeks.	DATE
51410	112	17	Marseille	CITY
51410	112	41	port	GEONOUN
51410	112	77	Port Said	CITY
51410	112	174	Pabianice	CITY
51410	112	204	boat	GEONOUN
51410	112	299	last year	DATE
51410	113	17	Jakarta	CITY
51410	113	26	Surabaya	CITY
51410	113	36	Indonesia	COUNTRY
51410	113	66	ship	GEONOUN
51410	113	129	Indonesia	COUNTRY
51410	113	143	Surabaya	CITY
51410	113	170	boat	GEONOUN
51410	113	247	bar	GEONOUN
51410	113	270	Lódz	PLACE
51410	113	290	Lódz--	PLACE
51410	113	326	the 18 months	DATE
51410	113	348	4 o'clock	TIME
51410	113	483	bar	GEONOUN
51410	113	580	Australia	COUNTRY
51410	113	656	Jewish	GEONOUN
51410	113	711	hall	GEONOUN
51410	113	823	cabin	GEONOUN
51410	113	848	Jewish	GEONOUN
51410	113	897	downstairs	GEONOUN
51410	113	976	boat	GEONOUN
51410	113	984	Jewish	GEONOUN
51410	113	1016	hammock	GEONOUN
51410	113	1398	Jewish	GEONOUN
51410	113	1444	hall	GEONOUN
51410	113	1502	Australia	COUNTRY
51410	113	1582	One day	DATE
51410	113	1659	Australia	COUNTRY
51410	113	1736	47 days	DATE
51410	113	1762	39 days	DATE
51410	113	1792	Six weeks	DATE
51410	113	1805	30-- 42 days	DATE
51410	113	1858	three weeks	DATE
51410	113	1879	Another three weeks	DATE
51410	113	2233	downstairs	GEONOUN
51410	113	2461	hammock	GEONOUN
51410	113	2539	fall	GEONOUN
51410	113	2551	ocean	GEONOUN
51410	113	2615	fall	GEONOUN
51410	113	2729	three weeks	DATE
51410	114	25	Darwin	CITY
51410	114	242	Sydney	CITY
51410	114	268	Sydney	CITY
51410	114	323	Melbourne	CITY
51410	114	340	a Sunday	DATE
51410	114	556	shed	GEONOUN
51410	116	93	Jewish	GEONOUN
51410	116	117	boat	GEONOUN
51410	116	272	Jewish	GEONOUN
51410	117	8	Sunday, the 16th of March	DATE
51410	118	0	1946	DATE
51410	120	0	The next morning	TIME
51410	120	32	train	GEONOUN
51410	120	41	Melbourne	CITY
51410	122	17	train	GEONOUN
51410	123	39	room	GEONOUN
51410	123	61	Orrong Road--	PLACE
51410	123	79	Orrong Road	PLACE
51410	123	106	corner Kambea Road	GEONOUN
51410	123	113	Kambea Road	PLACE
51410	123	126	corner	GEONOUN
51410	123	142	Kambea Road	PLACE
51410	123	172	Orrong Road	PLACE
51410	123	194	Kambea Road--	PLACE
51410	124	53	the 26th of May, 1948	DATE
51410	126	24	Australia	COUNTRY
51410	126	56	factory	GEONOUN
51410	126	175	factory	GEONOUN
51410	126	327	Poland	COUNTRY
51410	126	594	broom	GEONOUN
51410	126	667	Warsaw	CITY
51410	126	778	fell flat	GEONOUN
51410	126	783	flat	GEONOUN
51410	126	923	department	GEONOUN
51410	126	1073	High Street	PLACE
51410	127	211	Russia	COUNTRY
51410	127	512	Jewish	GEONOUN
51410	127	753	Jewish	GEONOUN
51410	127	782	Jewish	GEONOUN
51410	127	830	one night	TIME
51410	127	894	Poland	COUNTRY
51410	127	1045	Elsternwick	PLACE
51410	127	1266	Poland	COUNTRY
51410	127	1301	Poland	COUNTRY
51410	127	1491	1 o'clock in the morning	TIME
51410	127	1771	Jewish	GEONOUN
51410	127	1957	three weeks	DATE
51410	127	1981	Elsternwick	PLACE
51410	127	2002	Caulfield	PLACE
51410	127	2050	street Caulfield	GEONOUN
51410	127	2057	Caulfield	PLACE
51410	127	2143	Three weeks later	DATE
51410	131	28	1950-- 1949	DATE
51410	131	61	'53	DATE
51410	132	44	the King David	PLACE
51410	137	121	Holocaust	EVENT
51410	137	258	'95	DATE
51410	137	374	two, three-hour	TIME
51410	137	417	Holocaust	EVENT
51410	140	229	Poland	COUNTRY
51410	140	260	Poland	COUNTRY
51410	142	30	Lwów	PLACE
51410	146	63	Holocaust	EVENT
51410	146	95	Holocaust	EVENT
51410	146	137	Sosnowiec	CITY
51410	146	214	Washington DC	PLACE
51410	146	232	Columbia	CITY
51410	147	95	nine	DATE
51410	147	124	11	DATE
51410	147	131	Paris	CITY
51410	147	149	13	DATE
51410	147	184	17	DATE
51410	149	176	the many, many years ago	DATE
51410	152	5	ghetto	GEONOUN
51410	153	69	a few years ago	DATE
51410	154	324	24	DATE
51410	154	348	Europe	CONTINENT
51410	154	453	the age of 24	DATE
51410	154	509	Europe	CONTINENT
51410	154	535	Africa	CONTINENT
51410	154	564	the age of 24	DATE
51410	154	588	Poland	COUNTRY
51410	154	721	Czechoslovakia	COUNTRY
51410	154	747	Germany	COUNTRY
51410	154	766	Hungary	COUNTRY
51410	154	828	hole Poland	GEONOUN
51410	154	833	Poland	COUNTRY
51410	154	875	hole	GEONOUN
51410	155	340	street	GEONOUN
51410	155	620	beach	GEONOUN
51410	155	690	Jewish	GEONOUN
51410	155	775	Piotrków	PLACE
51410	156	375	Poland	COUNTRY
51410	156	409	Spain	COUNTRY
51410	156	460	Russia	COUNTRY
51410	156	583	Lódz	PLACE
51410	156	720	Jewish	GEONOUN
51410	156	780	Australia	COUNTRY
51410	156	1200	Jewish	GEONOUN
51410	156	1339	Jewish	GEONOUN
51410	157	42	1928	DATE
51410	157	50	'29	DATE
51410	157	61	meadow	GEONOUN
51410	158	34	garden	GEONOUN
51410	158	59	garden	GEONOUN
51410	158	85	meadow	GEONOUN
51410	158	185	vegetable garden	GEONOUN
51410	158	216	lawn	GEONOUN
51410	159	3	Pabianice	CITY
51410	160	308	Australia	COUNTRY
51410	160	438	Israel	COUNTRY
51410	162	12	a couple of years ago	DATE
51410	162	37	Israel	COUNTRY
51410	163	15	the age of about 12	DATE
51410	166	52	rooms	GEONOUN
51410	166	67	street	GEONOUN
51410	166	113	upstairs	GEONOUN
51410	169	34	12 years old	DATE
51410	169	112	12 to 14-year-olds	DATE
51410	171	133	Pabianice	CITY
51410	171	202	Auschwitz	CAMP
51410	171	215	Bergen-Belsen	CAMP
51410	171	258	the 29th of May, 1945	DATE
51410	171	416	about 24	DATE
51410	171	447	Venice	CITY
51410	171	471	palace	GEONOUN
51410	172	18	Lódz	PLACE
51410	172	23	ghetto	GEONOUN
51410	172	113	Lódz	PLACE
51410	172	118	ghetto	GEONOUN
51410	172	144	Jewish	GEONOUN
51410	172	199	Lódz	PLACE
51410	172	204	ghetto	GEONOUN
51410	172	232	ghetto	GEONOUN
51410	172	422	ghetto	GEONOUN
51410	172	480	Auschwitz	CAMP
51410	172	602	America	COUNTRY
51410	174	37	Pabianice	CITY
51410	174	50	1939	DATE
51410	174	59	March	DATE
51410	174	80	school	GEONOUN
51410	179	249	29th of May	DATE
51410	179	264	Bergen-Belsen	CAMP
51410	179	293	school	GEONOUN
51410	179	321	school	GEONOUN
51410	179	342	school	GEONOUN
51410	179	420	school	GEONOUN
51410	179	451	school	GEONOUN
51410	180	167	1939	DATE
51410	180	176	March	DATE
51410	180	208	Australia	COUNTRY
51410	180	332	Bergen-Belsen	CAMP
51410	180	384	camp	GEONOUN
51410	180	512	the 28th of the 4th, 1945	DATE
51410	180	552	Belsen	PLACE
51410	181	413	many, many years	DATE
51410	182	41	that third--	DATE
51410	182	57	that 30th--	DATE
51410	182	69	the 30th on the 7th, June--	DATE
51410	182	97	July, 1946	DATE
51410	183	103	Bergen-Belsen	CAMP
51410	183	120	the 29th of May, 1945	DATE
51410	183	148	stone	GEONOUN
51410	183	393	concentration camp	GEONOUN
51410	183	413	Bergen-Belsen	CAMP
51410	183	482	Pabianice	CITY
51410	183	520	1945	DATE
51410	184	158	Czechoslovakia--	PLACE
51410	184	219	Camp 4L8/26	PLACE
51410	184	232	Belsen-Bergen	PLACE
51410	184	359	Marienbad	PLACE
51410	185	51	Bad Nauheim	CITY
51410	185	64	Germany	COUNTRY
51410	186	44	the war years	DATE
51410	186	65	Ukraine	COUNTRY
51410	186	140	Lódz	PLACE
51410	186	173	Germany	COUNTRY
51410	186	200	Australia	COUNTRY
51410	186	232	Melbourne	CITY
51410	186	315	Lódz	PLACE
51410	186	320	ghetto	GEONOUN
51410	187	144	Pabianice	CITY
51410	187	165	1939	DATE
51410	187	173	Lwów	PLACE
51410	187	190	'39 till 19--	DATE
51410	187	214	'91	DATE
51410	187	242	the war years	DATE
51410	187	266	about seven years	DATE
51410	187	412	Lwów	PLACE
51410	187	438	Lwów	PLACE
51410	187	627	Lublin	CITY
51410	187	640	Lublin	CITY
51410	187	660	Lódz	PLACE
51410	187	815	Australia	COUNTRY
51410	188	126	1977	DATE
51410	189	564	bar	GEONOUN
51410	189	579	the Beth-- Temple--	PLACE
51410	190	8	bar	GEONOUN
51410	192	17	Pultusk	PLACE
51410	192	98	Sosnowice	PLACE
51410	192	118	Silesia	PLACE
51410	193	22	Paris	CITY
51410	193	49	France	COUNTRY
51410	193	122	Pabianice	CITY
51410	193	154	house	GEONOUN
51410	193	203	extension	GEONOUN
51410	193	225	house	GEONOUN
51410	193	420	rooms	GEONOUN
51410	194	38	room	GEONOUN
51410	194	129	the Polish War	EVENT
51410	197	82	Krynica	PLACE
51410	197	409	Lódz--	PLACE
51410	197	429	Lódz--	PLACE
51410	197	469	Pabianice	CITY
51410	197	579	the holidays	DATE
51410	197	682	every three months	DATE
51410	197	716	every week	DATE
51410	198	119	the winter	DATE
51410	198	395	the winter	DATE
51410	198	555	city	GEONOUN
51410	198	632	block	GEONOUN
51410	198	641	land	GEONOUN
51410	198	701	frontage	GEONOUN
51410	198	715	frontage	GEONOUN
51410	198	779	shacks	GEONOUN
51410	198	951	school	GEONOUN
51410	198	970	a Saturday	DATE
51410	198	1312	Every two years	DATE
51410	198	1611	forests	GEONOUN
51410	198	1666	park	GEONOUN
51410	198	1678	lake	GEONOUN
51410	198	1684	man-made lake	GEONOUN
51410	198	1722	cemetery	GEONOUN
51410	198	1736	the First World War	EVENT
51410	198	1893	the First World War	EVENT
51410	198	2020	hall	GEONOUN
51410	198	2089	a Saturday	DATE
51410	198	2113	city	GEONOUN
51410	198	2249	cart	PLACE
51410	198	2257	national park	GEONOUN
51410	198	2332	all day	DATE
51410	199	0	Betar	PLACE
51410	200	29	the age of about 12	DATE
51410	201	39	Jewish	GEONOUN
51410	201	62	Pabianice	CITY
51410	201	518	school	GEONOUN
51410	201	873	16	DATE
51410	201	894	18	DATE
51410	201	1074	a 16-year-old	DATE
51410	201	1152	every Saturday	DATE
51410	201	1434	Palestine	CITY
51410	201	1447	Israel	COUNTRY
51410	201	1604	every Saturday	DATE
51410	201	1640	between 3:00 till 5:00	TIME
51410	204	95	school	GEONOUN
51410	205	53	environment	GEONOUN
51410	205	424	school	GEONOUN
51410	205	513	area	GEONOUN
51410	205	565	city	GEONOUN
51410	205	588	city	GEONOUN
51410	205	602	school	GEONOUN
51410	205	624	city	GEONOUN
51410	205	640	Eckstein	PLACE
51410	205	814	bushes	GEONOUN
51410	205	852	area	GEONOUN
51410	205	986	school	GEONOUN
51410	205	1004	woodwork	GEONOUN
51410	205	1330	Australia	COUNTRY
51410	205	2033	today	DATE
51410	205	2096	fell	GEONOUN
51410	205	2110	fell	GEONOUN
51410	207	631	church	GEONOUN
51410	207	1168	10, 12-year-old	DATE
51410	207	1242	15	DATE
51410	207	1248	16	DATE
51410	209	27	school	GEONOUN
51410	209	46	7	DATE
51410	209	67	the age of 14	DATE
51410	210	116	school	GEONOUN
51410	210	173	Jewish	GEONOUN
51410	210	306	Jewish	GEONOUN
51410	210	411	Jewish state	GEONOUN
51410	210	418	state	GEONOUN
51410	210	479	Jewish	GEONOUN
51410	210	559	room	GEONOUN
51410	210	576	Jewish	GEONOUN
51410	210	627	Jewish	GEONOUN
51410	210	737	school	GEONOUN
51410	210	868	school	GEONOUN
51410	210	878	Lódz	PLACE
51410	210	884	Jarocinski	PLACE
51410	210	903	the day	DATE
51410	210	932	Jewish	GEONOUN
51410	210	960	the day	DATE
51410	210	1021	three-year	DATE
51410	210	1060	the evening	TIME
51410	210	1083	evening	TIME
51410	210	1131	school	GEONOUN
51410	211	69	14	DATE
51410	211	144	school	GEONOUN
51410	211	161	July	DATE
51410	211	174	school	GEONOUN
51410	211	205	14	DATE
51410	211	215	14-- 19--	DATE
51410	211	235	1930	DATE
51410	211	295	Jewish	GEONOUN
51410	211	435	14-year-old	DATE
51410	211	863	spare	GEONOUN
51410	212	15	two years	DATE
51410	212	118	factory	GEONOUN
51410	212	180	factory	GEONOUN
51410	212	274	hall	GEONOUN
51410	212	447	downstairs	GEONOUN
51410	212	594	roof	GEONOUN
51410	212	918	loft	GEONOUN
51410	212	938	loft	GEONOUN
51410	212	1009	a black day	DATE
51410	213	258	Jewish	GEONOUN
51410	213	499	Jewish	GEONOUN
51410	213	795	Jewish	GEONOUN
51410	213	1031	upstairs	GEONOUN
51410	214	286	1933	DATE
51410	214	292	'	DATE
51410	214	293	34	DATE
51410	214	297	'	DATE
51410	214	298	35	DATE
51410	214	648	country	GEONOUN
51410	214	728	England	PLACE
51410	214	740	France	COUNTRY
51410	215	135	Poland	COUNTRY
51410	215	189	'36	DATE
51410	215	235	Jewish	GEONOUN
51410	215	361	Palestine	CITY
51410	215	383	America	COUNTRY
51410	215	397	10-year	DATE
51410	217	121	college	GEONOUN
51410	217	223	Argentina	COUNTRY
51410	217	234	Chile	COUNTRY
51410	217	330	America	COUNTRY
51410	218	82	sea	GEONOUN
51410	218	153	Europe	CONTINENT
51410	218	284	Jewish	GEONOUN
51410	218	304	Lódz	PLACE
51410	218	310	Jewish	GEONOUN
51410	218	493	houses	GEONOUN
51410	218	587	buildings	GEONOUN
51410	218	699	church	GEONOUN
51410	218	1384	Palestine	CITY
51410	218	1395	Palestine	CITY
51410	218	1454	Romania	COUNTRY
51410	218	1507	hakhsharas	PLACE
51410	221	43	America	COUNTRY
51410	221	55	South America	CONTINENT
51410	222	153	Warsaw	CITY
51410	222	400	Friday	DATE
51410	222	686	school	GEONOUN
51410	222	1113	today	DATE
51410	222	1790	a Christmas	DATE
51410	222	1821	Passover	DATE
51410	222	2016	gardens	GEONOUN
51410	224	314	'34	DATE
51410	224	319	'36	DATE
51410	224	324	'37	DATE
51410	224	454	club	GEONOUN
51410	224	469	club	GEONOUN
51410	224	562	'39	DATE
51410	225	8	year	DATE
51410	226	9	'39	DATE
51410	227	52	street	GEONOUN
51410	227	114	every Saturday	DATE
51410	227	245	about '38 to 1939	DATE
51410	227	516	Melbourne	CITY
51410	228	199	factory	GEONOUN
51410	228	448	a weekend	DATE
51410	228	830	weekends	DATE
51410	231	75	6:00 to 2:00	TIME
51410	231	92	2:00 to 10:00	TIME
51410	234	84	Jewish	GEONOUN
51410	234	150	Jewish	GEONOUN
51410	234	230	Jewish	GEONOUN
51410	234	324	the night	TIME
51410	234	337	Thursday	DATE
51410	234	367	the 7th of September	DATE
51410	234	399	reach Pabianice	GEONOUN
51410	234	405	Pabianice	CITY
51410	234	421	seven days	DATE
51410	234	481	that First World War	EVENT
51410	234	711	Pabianice	CITY
51410	234	774	Lódz	PLACE
51410	235	22	Jewish	GEONOUN
51410	235	50	stream	GEONOUN
51410	235	105	6 o'clock	TIME
51410	235	129	night	TIME
51410	235	144	all night	TIME
51410	235	173	Lódz	PLACE
51410	235	181	the 8th of September	DATE
51410	235	221	the 8th of September	DATE
51410	238	52	Lódz	PLACE
51410	238	72	Lódz	PLACE
51410	238	77	about 8:00 in the morning	TIME
51410	238	104	All night--	TIME
51410	239	207	hiding place	GEONOUN
51410	239	312	spare room	GEONOUN
51410	239	318	room	GEONOUN
51410	242	31	a Friday	DATE
51410	242	301	about 5 o'clock	TIME
51410	242	329	Jewish	GEONOUN
51410	242	373	Friday	DATE
51410	242	457	Friday	DATE
51410	242	464	night	TIME
51410	242	662	about 5, 6 o'clock	TIME
51410	242	1163	a beautiful Friday	DATE
51410	242	1183	the 8th of September	DATE
51410	242	1485	Saturday	DATE
51410	242	1494	morning	TIME
51410	242	1552	the next day	DATE
51410	242	1579	the morning	TIME
51410	242	1604	street	GEONOUN
51410	242	1640	main street	GEONOUN
51410	242	1794	Jewish	GEONOUN
51410	242	2015	plain	GEONOUN
51410	242	2168	Jewish	GEONOUN
51410	242	2328	Jewish	GEONOUN
51410	242	2534	Jewish	GEONOUN
51410	242	2656	Jewish	GEONOUN
51410	243	237	Jewish	GEONOUN
51410	243	313	overnight	TIME
51410	243	435	Jewish	GEONOUN
51410	244	3	Lódz	PLACE
51410	248	91	rooms	GEONOUN
51410	248	145	Lódz	PLACE
51410	248	175	Pabianice	CITY
51410	249	13	Lódz	PLACE
51410	249	31	city	GEONOUN
51410	249	88	Pabianice	CITY
51410	249	166	Lódz	PLACE
51410	249	256	weeks	DATE
51410	249	482	room	GEONOUN
51410	254	104	backyards	GEONOUN
51410	254	119	field	GEONOUN
51410	254	158	field	GEONOUN
51410	254	204	street	GEONOUN
51410	254	411	Jewish	GEONOUN
51410	254	433	Jewish	GEONOUN
51410	254	582	every day	DATE
51410	255	8	one day	DATE
51410	255	161	Jewish	GEONOUN
51410	255	221	Poland	COUNTRY
51410	256	196	Berlin	CITY
51410	256	222	Cuba	COUNTRY
51410	256	230	Mexico	COUNTRY
51410	256	267	council	GEONOUN
51410	256	279	Sweden	COUNTRY
51410	256	309	Sweden	COUNTRY
51410	257	89	factory	GEONOUN
51410	257	148	all day	DATE
51410	257	861	all day	DATE
51410	257	1043	field	GEONOUN
51410	257	1063	backyard	GEONOUN
51410	257	1097	field	GEONOUN
51410	258	110	fell	GEONOUN
51410	258	172	backyard	GEONOUN
51410	258	244	Jewish	GEONOUN
51410	259	3	1939	DATE
51410	262	3	Lódz	PLACE
51410	263	44	Lódz	PLACE
51410	263	105	Lódz	PLACE
51410	263	139	ghetto	GEONOUN
51410	263	176	hospital	GEONOUN
51410	263	254	Jewish hospital	GEONOUN
51410	263	261	hospital	GEONOUN
51410	263	339	practically every day	DATE
51410	267	345	Pabianice	CITY
51410	267	361	fell	GEONOUN
51410	267	385	16-year-old	DATE
51410	267	426	fell	GEONOUN
51410	267	456	1934	DATE
51410	267	480	Pabianice	CITY
51410	267	629	Brest	CITY
51410	267	683	Lódz	PLACE
51410	267	689	Lipke	PLACE
51410	267	785	Brest	CITY
51410	267	837	Brest	CITY
51410	267	1166	Malkinia	PLACE
51410	267	1191	Bialystok	PLACE
51410	267	1245	Bialystok	PLACE
51410	267	1256	Bialystok	PLACE
51410	267	1331	Terespol	PLACE
51410	267	1360	Bug	PLACE
51410	267	1368	river	GEONOUN
51410	267	1425	Bug	PLACE
51410	267	1437	river	GEONOUN
51410	267	1514	Ribbentrop	PLACE
51410	267	1569	Poland	COUNTRY
51410	267	1585	Brest	CITY
51410	267	1644	Terespol	PLACE
51410	267	1783	Brest	CITY
51410	267	1837	nook	GEONOUN
51410	267	1872	one day	DATE
51410	267	1933	October	DATE
51410	267	1954	November	DATE
51410	267	1964	October	DATE
51410	267	2020	Pabianice	CITY
51410	267	2048	Lódz	PLACE
51410	267	2063	a Friday	DATE
51410	267	2078	Friday	DATE
51410	267	2085	morning	TIME
51410	267	2263	17 years old	DATE
51410	267	2286	16	DATE
51410	267	2310	14	DATE
51410	267	2451	Jewish	GEONOUN
51410	267	2605	railway	GEONOUN
51410	267	2669	Friday	DATE
51410	267	2874	Russia	COUNTRY
51410	267	2908	tram	GEONOUN
51410	267	2950	railway	GEONOUN
51410	267	3001	railway	GEONOUN
51410	267	3049	train	GEONOUN
51410	267	3089	about 5 o'clock	TIME
51410	267	3178	Warsaw	CITY
51410	267	3190	town	GEONOUN
51410	267	3229	city	GEONOUN
51410	267	3432	street	GEONOUN
51410	267	3464	Jewish	GEONOUN
51410	267	3495	Warsaw	CITY
51410	267	3588	Friday	DATE
51410	267	3595	night	TIME
51410	267	3643	a Friday	TIME
51410	267	3749	overnight	TIME
51410	267	3763	the morning	TIME
51410	267	3905	Warsaw	CITY
51410	267	3927	street	GEONOUN
51410	267	4198	the Kierbedz Bridge	PLACE
51410	267	4456	Bialystok	PLACE
51410	267	4571	Vladek	PLACE
51410	267	4672	Warsaw	CITY
51410	267	4690	train	GEONOUN
51410	267	4701	Warsaw	CITY
51410	267	4724	train	GEONOUN
51410	267	4868	Terespol	PLACE
51410	268	25	Brest	CITY
51410	268	50	river	GEONOUN
51410	268	73	a Sunday	DATE
51410	268	83	Saturday	DATE
51410	268	118	Sunday	DATE
51410	268	125	morning	TIME
51410	268	185	Saturday 2 o'clock	DATE
51410	268	230	road	GEONOUN
51410	268	390	train 2 o'clock	GEONOUN
51410	268	396	2 o'clock	TIME
51410	268	415	Terespol	PLACE
51410	268	453	Terespol	PLACE
51410	268	462	station	GEONOUN
51410	268	574	Jewish	GEONOUN
51410	268	629	Terespol	PLACE
51410	268	693	Terespol	PLACE
51410	268	702	about 6 o'clock	TIME
51410	268	1093	pass	GEONOUN
51410	268	1244	ground	GEONOUN
51410	268	1346	Terespol	PLACE
51410	268	1463	Vladek	PLACE
51410	268	1508	Terespol	PLACE
51410	268	1625	the night	TIME
51410	268	1653	6 o'clock	TIME
51410	268	1678	stable	GEONOUN
51410	268	1784	upstairs	GEONOUN
51410	268	1832	the day	DATE
51410	268	1880	November	DATE
51410	268	1933	the morning	TIME
51410	268	1966	winter	DATE
51410	268	2060	Terespol	PLACE
51410	268	2074	Terespol	PLACE
51410	268	2369	a couple of hours	TIME
51410	268	2520	village	GEONOUN
51410	268	2697	banks	GEONOUN
51410	268	2729	river	GEONOUN
51410	271	45	town	GEONOUN
51410	271	140	Melbourne	CITY
51410	271	172	Geelong	CITY
51410	273	37	territory	GEONOUN
51410	273	48	crossing	GEONOUN
51410	273	61	Bug	PLACE
51410	273	98	Brest	CITY
51410	275	28	boat	GEONOUN
51410	275	45	boat	GEONOUN
51410	275	91	boat	GEONOUN
51410	277	16	river	GEONOUN
51410	277	108	banks	GEONOUN
51410	277	121	river	GEONOUN
51410	277	133	boat	GEONOUN
51410	277	234	Bug	PLACE
51410	277	280	Brest	CITY
51410	277	299	city	GEONOUN
51410	277	421	only 20 minutes	TIME
51410	277	461	river	GEONOUN
51410	277	511	Yarra	PLACE
51410	277	529	Yarra	PLACE
51410	279	44	river	GEONOUN
51410	279	83	pitch	GEONOUN
51410	280	3	night	TIME
51410	280	180	bushes	GEONOUN
51410	280	199	the day	DATE
51410	280	252	the night	TIME
51410	281	209	dump	GEONOUN
51410	281	236	dump	GEONOUN
51410	281	410	dump	GEONOUN
51410	282	78	the Brest Litovsk Twierdza	PLACE
51410	282	364	crossing	GEONOUN
51410	282	374	Jewish	GEONOUN
51410	283	475	Lódz	PLACE
51410	283	649	that evening	TIME
51410	283	753	banks	GEONOUN
51410	283	830	about daytime	TIME
51410	283	1028	another night	TIME
51410	283	1047	the next morning	TIME
51410	283	1327	prison	GEONOUN
51410	283	1365	prison	GEONOUN
51410	283	1398	prison	GEONOUN
51410	283	1447	backyard	GEONOUN
51410	283	1674	Jewish	GEONOUN
51410	286	60	Brest	CITY
51410	286	215	the night	TIME
51410	286	407	the night	TIME
51410	286	460	the night	TIME
51410	286	529	Monday	DATE
51410	286	541	Monday	DATE
51410	286	549	Tuesday	DATE
51410	286	580	Wednesday	DATE
51410	286	591	Thursday	DATE
51410	286	605	Friday	DATE
51410	286	613	three days	DATE
51410	286	639	prison	GEONOUN
51410	286	738	every night	TIME
51410	286	1019	prison	GEONOUN
51410	286	1046	Saturday	DATE
51410	286	1055	morning	TIME
51410	286	1161	downstairs	GEONOUN
51410	286	1207	bench	GEONOUN
51410	286	1309	street	GEONOUN
51410	286	1581	Saturday	DATE
51410	286	1615	synagogue	GEONOUN
51410	286	1698	Shabbos	DATE
51410	286	1727	Saturday	DATE
51410	286	1749	Saturday	DATE
51410	286	1758	Warsaw	CITY
51410	286	1769	a whole seven days	DATE
51410	286	1806	Warsaw	CITY
51410	286	1850	a whole week	DATE
51410	287	4	Warsaw	CITY
51410	287	25	Warsaw	CITY
51410	287	35	train	GEONOUN
51410	287	61	Terespol	PLACE
51410	287	81	a whole week	DATE
51410	287	110	Russia	COUNTRY
51410	287	156	a week	DATE
51410	288	0	Saturday	DATE
51410	288	14	Sunday	DATE
51410	288	21	morning	TIME
51410	288	357	Bialystok	PLACE
51410	288	370	Bialystok	PLACE
51410	288	526	train	GEONOUN
51410	288	544	Brest	CITY
51410	288	566	Bialystok	PLACE
51410	289	13	Bialystok	PLACE
51410	289	136	a few weeks	DATE
51410	289	356	Bialystok	PLACE
51410	289	384	Malkinia	PLACE
51410	289	622	chain	GEONOUN
51410	289	694	house	GEONOUN
51410	289	714	room	GEONOUN
51410	289	742	railway	GEONOUN
51410	289	793	railway	GEONOUN
51410	289	846	railway	GEONOUN
51410	289	887	Malkinia	PLACE
51410	289	1061	Bialystok	PLACE
51410	289	1345	a whole day	DATE
51410	289	1394	10 o'clock in the night	TIME
51410	289	1528	East	PLACE
51410	290	4	Lwów	PLACE
51410	290	58	Lwów	PLACE
51410	290	83	Bialystok	PLACE
51410	290	200	Kovel	CITY
51410	290	233	Lwów	PLACE
51410	290	247	Kovel	CITY
51410	290	304	forests	GEONOUN
51410	290	358	forest	GEONOUN
51410	290	503	Kovel	CITY
51410	290	546	Kovel	CITY
51410	290	595	December	DATE
51410	291	3	train	GEONOUN
51410	292	67	Kovel	CITY
51410	292	145	Kovel	CITY
51410	292	185	forest	GEONOUN
51410	292	437	Jewish	GEONOUN
51410	292	540	Jewish	GEONOUN
51410	292	628	forest	GEONOUN
51410	292	979	Kovel	CITY
51410	292	1030	guesthouse	GEONOUN
51410	292	1140	Lwów	PLACE
51410	292	1278	Lwów	PLACE
51410	292	1287	Lwów	PLACE
51410	292	1371	Lwów	PLACE
51410	292	1390	Lwów	PLACE
51410	292	1411	Friday	DATE
51410	292	1418	night	TIME
51410	292	1434	Friday	DATE
51410	292	1537	flat apartment	GEONOUN
51410	292	1542	apartment	GEONOUN
51410	292	1557	Lwów	PLACE
51410	292	1644	apartment	GEONOUN
51410	292	1993	Kovel	CITY
51410	292	2139	Lwów	PLACE
51410	292	2159	Lwów	PLACE
51410	292	2244	club	GEONOUN
51410	292	2385	Every morning	TIME
51410	292	2513	12 o'clock in the night	TIME
51410	292	2541	the morning	TIME
51410	292	2573	9 o'clock	TIME
51410	292	2677	a half an hour	TIME
51410	292	2788	market	GEONOUN
51410	292	2978	a few days	DATE
51410	292	3039	factory	GEONOUN
51410	292	3287	Poland	COUNTRY
51410	292	4277	1940	DATE
51410	292	4425	hole	GEONOUN
51410	292	4518	one day	DATE
51410	292	4568	market	GEONOUN
51410	292	4722	prison	GEONOUN
51410	292	4844	15 minutes	TIME
51410	292	5213	Siberia	PLACE
51410	292	5428	room	GEONOUN
51410	292	5782	The next day	DATE
51410	292	5842	prison	GEONOUN
51410	292	5922	room	GEONOUN
51410	292	5958	room	GEONOUN
51410	293	9	street	GEONOUN
51410	293	64	backyard	GEONOUN
51410	293	94	rooms	GEONOUN
51410	293	107	room	GEONOUN
51410	293	145	room	GEONOUN
51410	293	177	rooms	GEONOUN
51410	293	202	rooms	GEONOUN
51410	293	236	room	GEONOUN
51410	293	262	dormitory	GEONOUN
51410	293	281	room	GEONOUN
51410	293	422	coal mine	GEONOUN
51410	293	601	about six months	DATE
51410	295	234	factory	GEONOUN
51410	295	280	factory	GEONOUN
51410	295	398	school	GEONOUN
51410	295	406	Jarocinski	PLACE
51410	295	420	Lódz	PLACE
51410	295	709	Ternopil	CITY
51410	295	728	Stanislawow	PLACE
51410	295	872	Lemberg	CAMP
51410	295	902	factory	GEONOUN
51410	295	1037	Bialystok	PLACE
51410	295	1271	Bielsko	PLACE
51410	295	1429	factory	GEONOUN
51410	295	1446	factory	GEONOUN
51410	295	1557	Leningrad	PLACE
51410	295	1795	factory	GEONOUN
51410	295	1842	10 o'clock	TIME
51410	295	2110	half an hour	TIME
51410	295	2138	six months	DATE
51410	295	2664	Saturday	DATE
51410	295	2799	the evening	TIME
51410	295	3277	the next Monday	DATE
51410	295	3304	Monday	DATE
51410	297	21	camp	GEONOUN
51410	297	963	hall	GEONOUN
51410	297	1349	two weeks	DATE
51410	298	45	Lwów	PLACE
51410	298	51	Lemberg	CAMP
51410	298	164	two weeks	DATE
51410	298	211	One day	DATE
51410	298	401	Lwów	PLACE
51410	298	529	Lódz	PLACE
51410	298	553	Lódz	PLACE
51410	298	608	all night	TIME
51410	298	701	Litzmannstadt	PLACE
51410	298	716	Lódz	PLACE
51410	298	888	house	GEONOUN
51410	298	954	Siberia	PLACE
51410	298	1006	that night	TIME
51410	298	1075	10 days	DATE
51410	298	1173	lock	GEONOUN
51410	298	1301	Siberia	PLACE
51410	298	1342	Karelia	PLACE
51410	298	1351	Finland	COUNTRY
51410	298	1378	night	TIME
51410	298	1394	all day	DATE
51410	298	1403	24 hours	TIME
51410	299	186	Lwów	PLACE
51410	299	218	Lwów	PLACE
51410	299	282	Pabianice	CITY
51410	301	84	region	GEONOUN
51410	301	100	region	GEONOUN
51410	302	216	Moscow	CITY
51410	302	634	Gusiev	PLACE
51410	302	1066	area	GEONOUN
51410	302	1162	town	GEONOUN
51410	302	1325	18	DATE
51410	302	1697	1940	DATE
51410	302	1963	apartment	GEONOUN
51410	302	2017	Ukraine	COUNTRY
51410	303	92	Yom Kippur	DATE
51410	303	106	Rosh Hashanah	DATE
51410	304	27	Russia	COUNTRY
51410	305	48	Lódz	PLACE
51410	305	53	ghetto	GEONOUN
51410	305	233	hospital	GEONOUN
51410	305	243	Monday	DATE
51410	305	250	morning	TIME
51410	305	319	hospital	GEONOUN
51410	305	376	Moscow	CITY
51410	305	500	Russia	COUNTRY
51410	305	511	Germany	COUNTRY
51410	305	567	Lódz	PLACE
51410	305	572	ghetto	GEONOUN
51410	305	587	Moscow	CITY
51410	305	880	plumber	GEONOUN
51410	305	1000	Lódz	PLACE
51410	305	1005	ghetto	GEONOUN
51410	306	62	Chelmno	PLACE
51410	306	155	Chelmno	PLACE
51410	306	519	Lódz	PLACE
51410	306	524	ghetto	GEONOUN
51410	306	793	Chelmno	PLACE
51410	306	873	the Holocaust Center	PLACE
51410	309	18	Jewish	GEONOUN
51410	310	91	synagogue	GEONOUN
51410	310	154	Yom Kippur	DATE
51410	310	169	Sabbath	DATE
51410	313	83	apartment	GEONOUN
51410	314	30	April	DATE
51410	314	51	'41	DATE
51410	314	59	'41	DATE
51410	314	172	every Sunday	DATE
51410	314	236	club	GEONOUN
51410	314	251	club	GEONOUN
51410	314	271	club	GEONOUN
51410	314	493	two weeks	DATE
51410	314	525	about April '41	DATE
51410	314	542	April '41	DATE
51410	314	577	railway	GEONOUN
51410	314	635	Limburg	PLACE
51410	314	667	guesthouse	GEONOUN
51410	314	690	railway	GEONOUN
51410	314	742	train	GEONOUN
51410	314	1215	Lwów	PLACE
51410	314	1236	Lwów	PLACE
51410	314	1251	end of April '41	DATE
51410	314	1310	the morning	TIME
51410	314	1545	Pabianice	CITY
51410	314	1602	Lódz--	PLACE
51410	314	1664	region	GEONOUN
51410	314	1702	region	GEONOUN
51410	314	1725	Pabianice	CITY
51410	314	1750	Poland	COUNTRY
51410	314	1880	the 3rd of May	DATE
51410	314	1925	railway station	GEONOUN
51410	314	1933	station	GEONOUN
51410	314	1955	May '41	DATE
51410	315	83	train	GEONOUN
51410	315	101	eight hours	TIME
51410	315	129	town	GEONOUN
51410	315	306	railway	GEONOUN
51410	315	464	forest	GEONOUN
51410	315	495	wood	GEONOUN
51410	316	11	Lwów	PLACE
51410	316	33	January 1940	DATE
51410	316	51	May '41	DATE
51410	317	146	theater	GEONOUN
51410	317	163	opera	GEONOUN
51410	317	215	opera	GEONOUN
51410	319	58	Germany	COUNTRY
51410	319	226	Belgium	COUNTRY
51410	319	235	Holland	CITY
51410	319	274	England	PLACE
51410	321	153	Berlin	CITY
51410	321	346	'39	DATE
51410	321	357	Lódz	PLACE
51410	321	362	ghetto	GEONOUN
51410	322	18	the 3rd of May	DATE
51410	322	320	court	GEONOUN
51410	322	451	pass	GEONOUN
51410	322	745	Jewish	GEONOUN
51410	322	762	Lwów	PLACE
51410	322	779	Lwów	PLACE
51410	325	0	Soltzenberg	PLACE
51410	326	209	two minutes	TIME
51410	326	419	6 o'clock	TIME
51410	326	869	Siberia	PLACE
51410	327	120	the Black Sea	PLACE
51410	327	176	one day	DATE
51410	327	262	ground	GEONOUN
51410	327	338	camp	GEONOUN
51410	327	370	all night	TIME
51410	327	401	Jewish	GEONOUN
51410	327	691	eight weeks	DATE
51410	328	3	one Saturday	DATE
51410	328	29	3 SECONDS	DATE
51410	328	105	eight weeks	DATE
51410	328	118	reserve	GEONOUN
51410	328	202	eight weeks	DATE
51410	328	273	eight weeks	DATE
51410	328	286	Three years	DATE
51410	328	299	five years	DATE
51410	328	912	Saturday, 4 o'clock	DATE
51410	328	1068	Jewish	GEONOUN
51410	328	1415	Germany	COUNTRY
51410	328	1456	Lwów	PLACE
51410	328	1574	Lódz	PLACE
51410	328	1804	an hour	TIME
51410	328	1818	about 5:00	TIME
51410	328	1833	nearly 5 o'clock	TIME
51410	328	1913	store	GEONOUN
51410	328	2200	prison	GEONOUN
51410	328	2224	Lwów	PLACE
51410	328	2274	Lwów	PLACE
51410	328	2368	railway	GEONOUN
51410	328	2414	train	GEONOUN
51410	328	2593	Lwów	PLACE
51410	328	2643	Lwów	PLACE
51410	328	2700	timber	GEONOUN
51410	328	2732	Lwów	PLACE
51410	329	251	Limburg	PLACE
51410	329	354	prison	GEONOUN
51410	329	384	about 11:00 in the night	TIME
51410	329	412	Lwów	PLACE
51410	329	554	bench	GEONOUN
51410	329	814	camp	GEONOUN
51410	329	987	12 o'clock in the night	TIME
51410	329	1119	about 12 o'clock	TIME
51410	329	1156	about 4 o'clock in the morning	TIME
51410	329	1196	4 o'clock in morning	TIME
51410	329	1399	camp	GEONOUN
51410	329	1455	Limburg	PLACE
51410	329	1464	Four hours	TIME
51410	329	1521	camp	GEONOUN
51410	329	1572	camp	GEONOUN
51410	329	1702	Lwów	PLACE
51410	329	1711	two, three days	DATE
51410	329	1728	Sunday	DATE
51410	329	1747	Monday	DATE
51410	329	1818	Lwów	PLACE
51410	329	1909	desert	GEONOUN
51410	329	1940	spot	GEONOUN
51410	330	11	house	GEONOUN
51410	330	156	plot	GEONOUN
51410	330	329	6 o'clock	TIME
51410	330	403	the next morning	TIME
51410	330	486	Lwów	PLACE
51410	330	596	About Wednesday	DATE
51410	330	646	Lwów	PLACE
51410	331	36	10 days	DATE
51410	331	48	10 nights	DATE
51410	331	178	field	GEONOUN
51410	331	238	spot	GEONOUN
51410	331	290	Ternopol--	PLACE
51410	331	301	Zloczów	PLACE
51410	331	325	Ternopol	PLACE
51410	331	366	Friday	DATE
51410	332	3	the morning	TIME
51410	332	110	synagogue	GEONOUN
51410	332	131	synagogue	GEONOUN
51410	332	173	Jewish	GEONOUN
51410	332	277	barn	GEONOUN
51410	332	287	barn	GEONOUN
51410	332	356	Friday	DATE
51410	332	364	Overnight	TIME
51410	332	460	about 3 o'clock in the afternoon	TIME
51410	332	699	corner	GEONOUN
51410	332	787	Lódz	PLACE
51410	332	882	corner	GEONOUN
51410	332	1226	house	GEONOUN
51410	332	1259	barn	GEONOUN
51410	332	1357	a couple of hours	TIME
51410	335	274	The first night	TIME
51410	335	390	church	GEONOUN
51410	335	418	scaffold	GEONOUN
51410	335	451	all night	TIME
51410	335	553	the morning--	TIME
51410	335	649	the morning	TIME
51410	335	752	district	GEONOUN
51410	335	841	Friday	DATE
51410	336	68	Wednesday	DATE
51410	336	83	Friday	DATE
51410	336	156	village	GEONOUN
51410	336	193	Wednesday, Thursday, Friday, Saturday	DATE
51410	336	232	four days	DATE
51410	336	604	house	GEONOUN
51410	336	618	Russia	COUNTRY
51410	337	20	Jewish	GEONOUN
51410	340	76	mud	GEONOUN
51410	342	889	Lwów	PLACE
51410	342	1111	Ukraine	COUNTRY
51410	342	1146	1917	DATE
51410	342	1306	Lwów	PLACE
51410	342	1473	Lwów	PLACE
51410	344	82	Lódz	PLACE
51410	345	462	points	GEONOUN
51410	345	658	today	DATE
51410	345	1294	Jewish	GEONOUN
51410	345	1505	Jewish	GEONOUN
51410	345	1721	chain	GEONOUN
51410	345	1949	camps	GEONOUN
51410	347	59	Tarnów	CITY
51410	347	70	Tarnopol	PLACE
51410	348	0	10 days.	DATE
51410	349	13	the night	TIME
51410	349	66	mud	GEONOUN
51410	349	87	mud	GEONOUN
51410	350	1074	spot	GEONOUN
51410	351	62	Zloczów	PLACE
51410	351	115	village	GEONOUN
51410	351	213	ground	GEONOUN
51410	351	227	10 minutes	TIME
51410	351	239	15 minutes	TIME
51410	351	326	about 15 minute	TIME
51410	351	372	five minutes	TIME
51410	351	446	barns	GEONOUN
51410	351	534	Zloczów	PLACE
51410	351	545	Poland	COUNTRY
51410	351	1009	village	GEONOUN
51410	351	1981	room	GEONOUN
51410	351	2018	room	GEONOUN
51410	351	2050	barn	GEONOUN
51410	351	2334	village	GEONOUN
51410	351	2823	village	GEONOUN
51410	351	2844	July	DATE
51410	351	2850	August	DATE
51410	351	2864	September	DATE
51410	351	3015	stable	GEONOUN
51410	351	3078	trees	GEONOUN
51410	351	3101	trees	GEONOUN
51410	351	3123	trees	GEONOUN
51410	353	115	every Sunday	DATE
51410	354	38	an hour	TIME
51410	355	107	every Sunday	DATE
51410	355	126	church	GEONOUN
51410	356	10	the morning	TIME
51410	356	49	church	GEONOUN
51410	357	27	Jewish	GEONOUN
51410	357	145	church	GEONOUN
51410	357	300	one day	DATE
51410	357	328	tomorrow	DATE
51410	357	338	Sunday	DATE
51410	357	355	5 o'clock	TIME
51410	357	828	village	GEONOUN
51410	357	1168	presbytery Saturday	GEONOUN
51410	357	1179	Saturday	DATE
51410	357	1188	morning	TIME
51410	357	1219	Friday	DATE
51410	357	1231	Saturday	DATE
51410	357	1240	morning	TIME
51410	357	1263	presbytery	GEONOUN
51410	357	1552	village	GEONOUN
51410	357	1803	road	GEONOUN
51410	357	1821	village	GEONOUN
51410	357	2260	village	GEONOUN
51410	357	2429	Saturday	DATE
51410	357	2518	farm	GEONOUN
51410	357	2566	a couple of days	DATE
51410	357	2671	Tarnopol	PLACE
51410	357	2702	Lwów	PLACE
51410	358	285	Lwów	PLACE
51410	358	298	Lódz	PLACE
51410	358	327	town	GEONOUN
51410	358	340	Belzec	CAMP
51410	358	427	Lwów	PLACE
51410	359	15	Lwów	PLACE
51410	359	192	Jewish	GEONOUN
51410	359	282	apartment	GEONOUN
51410	359	309	apartment	GEONOUN
51410	359	435	apartment	GEONOUN
51410	359	564	December '41	DATE
51410	359	654	timber	GEONOUN
51410	359	702	Jewish	GEONOUN
51410	359	1188	apartment	GEONOUN
51410	359	2128	Lwów	PLACE
51410	359	2185	Lódz	PLACE
51410	359	2237	Lódz	PLACE
51410	359	2389	Jewish	GEONOUN
51410	360	37	Lwów	PLACE
51410	360	175	Lódz	PLACE
51410	360	191	Litzmannstadt	PLACE
51410	360	290	Litzmannstadt	PLACE
51410	360	336	camp	GEONOUN
51410	360	395	Jewish	GEONOUN
51410	360	566	Jewish	GEONOUN
51410	360	735	school	GEONOUN
51410	360	829	Kraków	CITY
51410	360	1126	Saturday	DATE
51410	360	1135	night	TIME
51410	360	1141	next week	DATE
51410	360	1267	Czestochowa	PLACE
51410	360	1366	Czestochowa	PLACE
51410	360	1444	Krakow	PLACE
51410	360	1527	Czestochowa	PLACE
51410	360	1616	Czestochowa	PLACE
51410	360	1661	Kraków	CITY
51410	360	1669	Czestochowa	PLACE
51410	360	1730	a day	DATE
51410	360	1781	Kraków	CITY
51410	361	134	Kraków	CITY
51410	361	172	Czestochowa	PLACE
51410	361	184	ghetto	GEONOUN
51410	361	257	ghetto that night	GEONOUN
51410	361	264	that night	TIME
51410	361	334	about 10 o'clock in the night	TIME
51410	361	377	ghetto	GEONOUN
51410	362	69	ghetto	GEONOUN
51410	362	98	the night	TIME
51410	362	115	The next morning	TIME
51410	362	149	Czestochowa	PLACE
51410	364	13	ghetto	GEONOUN
51410	364	24	Jewish	GEONOUN
51410	364	59	ghetto	GEONOUN
51410	364	67	Czestochowa	PLACE
51410	364	180	Czestochowa	PLACE
51410	365	213	ghetto	GEONOUN
51410	365	362	Jewish	GEONOUN
51410	365	399	1942	DATE
51410	365	408	1942	DATE
51410	365	413	December	DATE
51410	365	423	January	DATE
51410	365	456	January	DATE
51410	365	484	December '42	DATE
51410	366	52	'43	DATE
51410	366	67	another six months	DATE
51410	366	109	ghetto	GEONOUN
51410	367	8	January '43	DATE
51410	367	21	December '42	DATE
51410	367	38	January '43	DATE
51410	367	75	Christmas, '42	DATE
51410	367	108	new year	DATE
51410	368	3	Czestochowa	PLACE
51410	368	83	Czestochowa	PLACE
51410	369	451	Czestochowa	PLACE
51410	369	611	Piotrków	PLACE
51410	369	682	Jewish	GEONOUN
51410	369	706	Jewish	GEONOUN
51410	369	905	spot	GEONOUN
51410	369	924	train	GEONOUN
51410	369	935	Czestochowa	PLACE
51410	369	965	Piotrków	PLACE
51410	369	989	Piotrków	PLACE
51410	369	998	station	GEONOUN
51410	369	1072	station	GEONOUN
51410	369	1253	1939	DATE
51410	370	84	Piotrków	PLACE
51410	370	139	forest	GEONOUN
51410	370	172	farm	GEONOUN
51410	370	210	Piotrków	PLACE
51410	371	5	'39	DATE
51410	371	14	'42	DATE
51410	371	26	'39	DATE
51410	371	42	'39	DATE
51410	371	47	'40	DATE
51410	371	52	'41	DATE
51410	371	58	about three years	DATE
51410	371	108	'43	DATE
51410	371	203	January 1942	DATE
51410	373	310	street	GEONOUN
51410	373	359	Lemberg	CAMP
51410	373	403	Lemberg	CAMP
51410	373	574	spot	GEONOUN
51410	373	594	Auschwitz	CAMP
51410	373	633	prison	GEONOUN
51410	373	870	Russia	COUNTRY
51410	373	973	spot	GEONOUN
51410	373	1004	Auschwitz	CAMP
51410	376	44	Czestochowa	PLACE
51410	376	215	pass	GEONOUN
51410	376	237	pass	GEONOUN
51410	376	377	train	GEONOUN
51410	376	433	Piotrków	PLACE
51410	376	484	Piotrków	PLACE
51410	376	696	Jewish	GEONOUN
51410	376	922	Piotrków	PLACE
51410	376	960	Czestochowa--	PLACE
51410	376	1004	ghetto	GEONOUN
51410	376	1047	Poland	COUNTRY
51410	376	1106	Piotrków	PLACE
51410	376	1311	Piotrków	PLACE
51410	376	1530	Piotrków	PLACE
51410	376	1577	Piotrków	PLACE
51410	376	1797	Piotrków	PLACE
51410	376	1842	the Fort Knox	PLACE
51410	377	75	timber yard	GEONOUN
51410	377	82	yard	GEONOUN
51410	377	495	Germany	COUNTRY
51410	377	582	mill	GEONOUN
51410	377	602	mill	GEONOUN
51410	377	707	timber yard	GEONOUN
51410	377	714	yard	GEONOUN
51410	377	736	sheds	GEONOUN
51410	377	776	Jewish	GEONOUN
51410	377	820	Jewish	GEONOUN
51410	377	945	trees	GEONOUN
51410	377	1017	Jewish	GEONOUN
51410	378	73	weekly	DATE
51410	378	120	pass	GEONOUN
51410	378	159	ghetto	GEONOUN
51410	378	490	February 1942	DATE
51410	378	529	May or June 1942	DATE
51410	378	594	Melbourne	CITY
51410	378	997	Kwaszniewsk	PLACE
51410	381	30	ghetto	GEONOUN
51410	382	5	Kwaszniewsk	PLACE
51410	384	103	farm	GEONOUN
51410	384	137	farm	GEONOUN
51410	384	155	every Friday	DATE
51410	384	292	every Friday	DATE
51410	384	322	Friday	DATE
51410	384	437	Pabianice	CITY
51410	384	452	every week	DATE
51410	384	696	Czestochowa	PLACE
51410	386	49	the morning	TIME
51410	386	191	road	GEONOUN
51410	386	336	road	GEONOUN
51410	386	362	Kwaszniewsk	PLACE
51410	389	28	Piotrków	PLACE
51410	389	95	Poland	COUNTRY
51410	389	126	Piotrków	PLACE
51410	392	16	May	DATE
51410	392	46	Warsaw	CITY
51410	392	54	1942	DATE
51410	392	90	Warsaw	CITY
51410	392	272	Warsaw	CITY
51410	392	283	Warsaw	CITY
51410	393	20	Warsaw	CITY
51410	393	141	the day--	DATE
51410	393	228	'42	DATE
51410	393	247	a Sunday	DATE
51410	393	269	Piotrków	PLACE
51410	393	285	post office	GEONOUN
51410	393	300	Jewish post office	GEONOUN
51410	393	307	post office	GEONOUN
51410	393	415	post office	GEONOUN
51410	393	518	Lódz	PLACE
51410	393	662	Lódz	PLACE
51410	394	142	farm	GEONOUN
51410	394	157	farm	GEONOUN
51410	394	404	Gorzkowice	PLACE
51410	394	476	Piotrków	PLACE
51410	394	501	village	GEONOUN
51410	394	576	Judenrate	PLACE
51410	394	639	river	GEONOUN
51410	394	772	Gorzkowice	PLACE
51410	394	799	Gorzkowice	PLACE
51410	394	1077	Russia	COUNTRY
51410	395	141	railway	GEONOUN
51410	395	169	spot	GEONOUN
51410	396	75	Piotrków	PLACE
51410	397	3	Gorzkowice	PLACE
51410	397	29	Rosh Hashanah 1942	DATE
51410	398	0	May	DATE
51410	398	5	June	DATE
51410	398	11	July	DATE
51410	398	42	four months	DATE
51410	399	144	post	GEONOUN
51410	399	205	beach every day	GEONOUN
51410	399	211	every day	DATE
51410	399	316	synagogue every Saturday	GEONOUN
51410	399	326	every Saturday	DATE
51410	399	460	Gorzkowice--	PLACE
51410	399	473	Gorzkowice	PLACE
51410	399	881	Rosh Hashanah	DATE
51410	399	1062	Gorzkowice	PLACE
51410	399	1701	Lemberg	CAMP
51410	399	1778	Piotrków	PLACE
51410	399	1855	Piotrków	PLACE
51410	399	1937	room	GEONOUN
51410	399	1961	Gorzkowice	PLACE
51410	400	100	Jewish	GEONOUN
51410	401	137	evening	TIME
51410	401	260	Czestochowa	PLACE
51410	401	317	train	GEONOUN
51410	401	347	Czestochowa	PLACE
51410	401	599	ghetto	GEONOUN
51410	401	716	the next day	DATE
51410	401	771	a few days later	DATE
51410	401	797	about 10 days	DATE
51410	401	842	Erev Yom Kippur	DATE
51410	401	863	Czestochowa	PLACE
51410	401	875	ghetto	GEONOUN
51410	401	932	ghetto	GEONOUN
51410	401	988	Czestochowa	PLACE
51410	401	1207	Gorzkowice	PLACE
51410	401	1268	railway crossing	GEONOUN
51410	401	1276	crossing	GEONOUN
51410	401	1301	train	GEONOUN
51410	401	1312	Czestochowa	PLACE
51410	401	1334	Jewish	GEONOUN
51410	401	1366	windows	GEONOUN
51410	401	1542	only a year ago	DATE
51410	402	110	Treblinka	PLACE
51410	402	137	Czestochowa	PLACE
51410	402	222	ghetto	GEONOUN
51410	402	271	ghetto	GEONOUN
51410	402	288	Gorzkowice	PLACE
51410	402	346	Piotrków	PLACE
51410	402	362	Piotrków	PLACE
51410	402	381	Gorzkowice	PLACE
51410	402	501	village	GEONOUN
51410	402	519	hamlet	GEONOUN
51410	402	539	hamlet	GEONOUN
51410	402	774	Pabianice	CITY
51410	402	840	Czestochowa	PLACE
51410	402	927	Czestochowa	PLACE
51410	402	1051	a few days	DATE
51410	403	67	Gorzkowice	PLACE
51410	403	406	chain	GEONOUN
51410	403	579	Vladek	PLACE
51410	403	631	room	GEONOUN
51410	403	710	street	GEONOUN
51410	403	810	room	GEONOUN
51410	403	939	about 1 o'clock	TIME
51410	404	49	Gorzkowice	PLACE
51410	404	161	Lemberg	CAMP
51410	404	291	Washingtona	PLACE
51410	404	447	Washingtona	PLACE
51410	404	481	about in his 40s	DATE
51410	404	592	About 6, 7 o'clock in the morning	TIME
51410	404	807	7 o'clock in the morning	TIME
51410	404	983	Germany	COUNTRY
51410	404	1287	department	GEONOUN
51410	404	1616	street	GEONOUN
51410	404	1626	Czestochowa	PLACE
51410	404	1772	Jewish	GEONOUN
51410	404	2213	windows	GEONOUN
51410	404	2239	windows	GEONOUN
51410	404	2294	room	GEONOUN
51410	404	2307	room	GEONOUN
51410	404	2675	Germany	COUNTRY
51410	404	2700	Jewish	GEONOUN
51410	404	2744	Jewish	GEONOUN
51410	404	2777	Gorzkowice--	PLACE
51410	404	2813	Piotrków	PLACE
51410	404	2910	Gorzkowice	PLACE
51410	404	2971	Piotrków	PLACE
51410	404	3006	Piotrków	PLACE
51410	404	3315	'42	DATE
51410	404	4087	church	GEONOUN
51410	404	4234	Jewish	GEONOUN
51410	405	130	Jewish	GEONOUN
51410	405	243	quarter	DATE
51410	405	407	cellar	GEONOUN
51410	405	446	cellar	GEONOUN
51410	405	691	a few minutes later	TIME
51410	405	823	ghetto	GEONOUN
51410	405	1067	ghetto	GEONOUN
51410	405	1162	Germany	COUNTRY
51410	405	1198	Jewish	GEONOUN
51410	405	1232	hall	GEONOUN
51410	405	1286	about 9 o'clock	TIME
51410	405	1550	ghetto	GEONOUN
51410	405	1786	Jewish	GEONOUN
51410	405	2377	corner	GEONOUN
51410	405	2509	corner	GEONOUN
51410	405	2554	road	GEONOUN
51410	405	2565	buildings	GEONOUN
51410	405	2588	road	GEONOUN
51410	405	2694	street	GEONOUN
51410	405	2844	road	GEONOUN
51410	407	58	road	GEONOUN
51410	407	116	entrance	GEONOUN
51410	407	130	house	GEONOUN
51410	407	167	house	GEONOUN
51410	407	193	vestibule	GEONOUN
51410	407	287	tip	GEONOUN
51410	407	292	tip	GEONOUN
51410	407	297	tip	GEONOUN
51410	407	321	ghetto	GEONOUN
51410	407	461	ghetto	GEONOUN
51410	407	475	cemetery	GEONOUN
51410	407	541	house	GEONOUN
51410	407	947	passage	GEONOUN
51410	407	1010	three weeks old	DATE
51410	407	1027	three weeks	DATE
51410	407	1240	house	GEONOUN
51410	407	1290	three or four hours	TIME
51410	407	1614	ghetto	GEONOUN
51410	407	1664	house	GEONOUN
51410	407	1701	attic	GEONOUN
51410	407	1833	brick fence	GEONOUN
51410	407	1839	fence	GEONOUN
51410	407	1862	ghetto	GEONOUN
51410	407	1920	fence	GEONOUN
51410	407	2022	houses	GEONOUN
51410	407	2054	house	GEONOUN
51410	407	2124	the night	TIME
51410	407	2194	house	GEONOUN
51410	407	2265	brick	GEONOUN
51410	407	2302	about 4 o'clock	TIME
51410	407	2341	the morning	TIME
51410	407	2353	about 7:00	TIME
51410	407	2484	school	GEONOUN
51410	407	2616	foot fence	GEONOUN
51410	407	2621	fence	GEONOUN
51410	407	2682	brick	GEONOUN
51410	407	2696	fence	GEONOUN
51410	407	2859	fell	GEONOUN
51410	407	2919	fell	GEONOUN
51410	407	3136	the same day	DATE
51410	407	3275	Katedraina 8	PLACE
51410	407	3357	cellar	GEONOUN
51410	407	3374	cellar	GEONOUN
51410	407	3386	bricks	GEONOUN
51410	407	3497	the night	TIME
51410	407	3516	bricks	GEONOUN
51410	407	3538	Katedraina 8	PLACE
51410	407	3552	The next morning	TIME
51410	407	3631	Czestochowa	PLACE
51410	407	3675	main street	GEONOUN
51410	407	3700	Katedraina	PLACE
51410	407	3902	Turkey	COUNTRY
51410	407	4251	Czestochowa	PLACE
51410	407	5121	4 o'clock	TIME
51410	407	5131	today	DATE
51410	407	5960	train	GEONOUN
51410	409	44	Silesia	PLACE
51410	410	188	Poland	COUNTRY
51410	410	326	Lemberg	CAMP
51410	410	339	Lemberg	CAMP
51410	410	550	train	GEONOUN
51410	410	573	Lemberg	CAMP
51410	410	622	Lemberg	CAMP
51410	410	985	Lemberg	CAMP
51410	410	1009	Lemberg	CAMP
51410	410	1390	ghetto	GEONOUN
51410	410	1461	spare	GEONOUN
51410	410	1615	area	GEONOUN
51410	410	1798	all day	DATE
51410	410	2049	trench	GEONOUN
51410	410	2268	university	GEONOUN
51410	410	2319	university	GEONOUN
51410	410	2688	Czestochowa	PLACE
51410	410	2720	Lwów	PLACE
51410	410	2767	Kraków	CITY
51410	410	2777	fell	GEONOUN
51410	410	2796	railway	GEONOUN
51410	410	3162	a few days	DATE
51410	410	3231	Silesia	PLACE
51410	410	3542	a few minutes	TIME
51410	410	3647	spot	GEONOUN
51410	410	3736	Jewish	GEONOUN
51410	410	4123	Lwów	PLACE
51410	410	4137	Lwów	PLACE
51410	410	4405	Washington	US-STATE
51410	410	4736	Lwów	PLACE
51410	410	4763	the day before	DATE
51410	410	4866	Silesia	PLACE
51410	410	5184	Jewish	GEONOUN
51410	410	5666	Pabianice	CITY
51410	411	119	Lwów	PLACE
51410	411	164	Lwów	PLACE
51410	411	318	Warsaw	CITY
51410	411	350	Warsaw	CITY
51410	411	387	Warsaw	CITY
51410	411	524	a minute	TIME
51410	411	635	street	GEONOUN
51410	411	722	house	GEONOUN
51410	411	758	Jewish	GEONOUN
51410	411	1040	diamond	GEONOUN
51410	411	1106	house	GEONOUN
51410	411	1433	cellar	GEONOUN
51410	411	1514	cellars	GEONOUN
51410	411	1532	passage	GEONOUN
51410	411	1778	market the next day	GEONOUN
51410	411	1785	the next day	DATE
51410	411	2004	house	GEONOUN
51410	411	2055	downstairs	GEONOUN
51410	411	2663	brick	GEONOUN
51410	411	2674	bricks	GEONOUN
51410	411	2972	Ukraine	COUNTRY
51410	411	3007	cellar	GEONOUN
51410	411	3032	room	GEONOUN
51410	411	3354	a split second	TIME
51410	411	3571	Warsaw	CITY
51410	411	3606	train	GEONOUN
51410	411	3700	'42	DATE
51410	411	3743	the beginning of January '43	DATE
51410	412	12	December '42	DATE
51410	412	40	'40--	DATE
51410	412	66	'42 December	DATE
51410	412	118	October '42	DATE
51410	412	139	Czestochowa	PLACE
51410	412	151	ghetto	GEONOUN
51410	412	187	a few months	DATE
51410	412	215	Lemberg	CAMP
51410	412	246	Christmas '42-- '43	DATE
51410	413	10	Warsaw	CITY
51410	414	26	Warsaw	CITY
51410	414	96	city	GEONOUN
51410	417	3	Lwów	PLACE
51410	417	371	train	GEONOUN
51410	417	534	Zlota	PLACE
51410	417	657	Christmas	DATE
51410	417	688	Christmas '42	DATE
51410	417	737	Christmas	DATE
51410	417	1082	Lwów	PLACE
51410	417	1100	Kraków	CITY
51410	417	1330	Nowogrodzka 4	PLACE
51410	417	1389	apartment	GEONOUN
51410	417	1411	apartments	GEONOUN
51410	417	1427	rooms	GEONOUN
51410	417	1513	downstairs	GEONOUN
51410	417	1547	upstairs	GEONOUN
51410	417	1811	Jewish	GEONOUN
51410	417	1901	rooms	GEONOUN
51410	417	2334	Piotrków	PLACE
51410	417	2404	track	GEONOUN
51410	417	2763	Jewish	GEONOUN
51410	417	3025	three days	DATE
51410	417	3250	overnight	TIME
51410	417	3365	That night	TIME
51410	419	83	room	GEONOUN
51410	419	133	room	GEONOUN
51410	420	7	Jewish	GEONOUN
51410	420	22	Jewish	GEONOUN
51410	420	180	one day	DATE
51410	420	189	two days	DATE
51410	420	199	The third day	DATE
51410	420	224	Jancenova	PLACE
51410	420	336	Jancenova	PLACE
51410	420	650	January '43	DATE
51410	420	723	street	GEONOUN
51410	420	909	Treblinka	PLACE
51410	420	1044	Jewish	GEONOUN
51410	420	1112	hospital	GEONOUN
51410	420	1191	three days	DATE
51410	420	1294	Czestochowa	PLACE
51410	420	1344	Czestochowa	PLACE
51410	420	1385	camp	GEONOUN
51410	420	1895	Nowogrodzka	PLACE
51410	420	2296	brothel	GEONOUN
51410	420	2333	brothel	GEONOUN
51410	420	2688	brothel	GEONOUN
51410	420	2721	the night	TIME
51410	420	2746	the day	DATE
51410	420	2785	the morning	TIME
51410	420	3053	a couple months	DATE
51410	420	3308	house	GEONOUN
51410	423	304	prison	GEONOUN
51410	424	104	London	CITY
51410	424	142	Poland	COUNTRY
51410	429	568	forests	GEONOUN
51410	429	628	Warsaw	CITY
51410	429	704	train	GEONOUN
51410	433	92	Jewish	GEONOUN
51410	435	37	street	GEONOUN
51410	435	66	street	GEONOUN
51410	435	132	tram	GEONOUN
51410	435	142	train	GEONOUN
51410	436	635	house	GEONOUN
51410	436	753	Jewish	GEONOUN
51410	436	761	Jewish	GEONOUN
51410	437	132	Poland	COUNTRY
51410	437	249	Warsaw	CITY
51410	437	288	house	GEONOUN
51410	440	224	court	GEONOUN
51410	440	246	court	GEONOUN
51410	440	334	country	GEONOUN
51410	440	529	retreat	GEONOUN
51410	440	772	March, April '43	DATE
51410	440	981	Wolin	PLACE
51410	440	991	Lutsk	CITY
51410	440	1376	vestibule	GEONOUN
51410	444	377	house	GEONOUN
51410	444	550	tomorrow night	TIME
51410	444	904	tonight	TIME
51410	444	1061	Auschwitz	CAMP
51410	444	1079	'43	DATE
51410	444	1084	about April, May	DATE
51410	444	1156	Auschwitz	CAMP
51410	444	1260	Auschwitz	CAMP
51410	444	1569	Auschwitz	CAMP
51410	444	1657	Auschwitz	CAMP
51410	444	1680	the next day	DATE
51410	445	123	Jewish	GEONOUN
51410	445	492	Warsaw	CITY
51410	445	706	brick	GEONOUN
51410	445	930	hole	GEONOUN
51410	445	945	two days	DATE
51410	445	996	hole	GEONOUN
51410	445	1025	fields	GEONOUN
51410	445	1048	Warsaw	CITY
51410	445	1171	two hours	DATE
51410	445	1423	a whole week	DATE
51410	445	1693	windows	GEONOUN
51410	445	1832	factory	GEONOUN
51410	445	1931	Birkenau	CAMP
51410	445	2018	Jewish	GEONOUN
51410	445	2239	May	DATE
51410	445	2465	casino	GEONOUN
51410	445	2480	26 years old	DATE
51410	445	2515	everyday	DATE
51410	445	2600	retreat	GEONOUN
51410	445	2643	Stalingrad	PLACE
51410	445	2682	Kursk	CITY
51410	447	9	'43	DATE
51410	447	34	Brwinów	PLACE
51410	453	161	yesterday	DATE
51410	455	176	May '43	DATE
51410	455	453	Warsaw	CITY
51410	455	810	one nice afternoon	TIME
51410	455	862	Nowogrodzka	PLACE
51410	455	1009	upstairs	GEONOUN
51410	455	1207	Sochaczew	CITY
51410	455	1472	broom	GEONOUN
51410	455	1772	May '43	DATE
51410	455	1806	the 1st September, 1944	DATE
51410	455	1860	May	DATE
51410	455	1865	June	DATE
51410	455	1871	July	DATE
51410	455	1877	August	DATE
51410	455	1885	September	DATE
51410	455	1896	October	DATE
51410	455	1905	November December '43	DATE
51410	455	1933	the 1st of September	DATE
51410	456	172	yards	GEONOUN
51410	456	434	all day	DATE
51410	457	45	'43	DATE
51410	457	80	bridge	GEONOUN
51410	457	394	London	CITY
51410	459	31	1920	DATE
51410	459	149	bridge	GEONOUN
51410	459	159	'43	DATE
51410	459	218	Jewish ghetto	GEONOUN
51410	459	225	ghetto	GEONOUN
51410	459	250	Jewish	GEONOUN
51410	459	373	yard	GEONOUN
51410	459	393	Jewish	GEONOUN
51410	459	501	Saturday	DATE
51410	459	510	night	TIME
51410	459	524	bridge	GEONOUN
51410	459	1018	boat	GEONOUN
51410	459	1045	ocean	GEONOUN
51410	459	1164	house	GEONOUN
51410	459	1173	Nowogrodzka	PLACE
51410	459	1218	Jewish	GEONOUN
51410	459	1289	one day	DATE
51410	459	1304	6:00	TIME
51410	461	566	Jewish	GEONOUN
51410	461	1085	school	GEONOUN
51410	461	1103	Lwów	PLACE
51410	461	1130	Lwów	PLACE
51410	461	1166	Jewish	GEONOUN
51410	463	9	Jewish	GEONOUN
51410	467	198	windows	GEONOUN
51410	467	294	gutters	GEONOUN
51410	467	543	Warsaw	CITY
51410	467	583	cemetery	GEONOUN
