FileID	AnswerID	StartCharPos	Entity	Type
51540	0	32	last night	TIME
51540	5	0	June the 26th	DATE
51540	5	17	1928	DATE
51540	6	0	72	DATE
51540	7	34	Hungary	COUNTRY
51540	7	45	town	GEONOUN
51540	7	57	Sátoraljaújhely	CITY
51540	8	141	Hungary	COUNTRY
51540	9	10	city	GEONOUN
51540	9	22	Kassa	PLACE
51540	9	60	Slovakia	COUNTRY
51540	12	31	NON-ENGLISH	PLACE
51540	12	85	Sátoraljaújhely	CITY
51540	12	122	Czechoslovakia	COUNTRY
51540	12	141	Hungary	COUNTRY
51540	13	175	the First World War	EVENT
51540	13	266	1936	DATE
51540	13	306	approximately 1936	DATE
51540	13	386	school	GEONOUN
51540	13	413	Europe	CONTINENT
51540	14	48	foot	GEONOUN
51540	14	224	Sátoraljaújhely	CITY
51540	14	366	Budapest	CITY
51540	17	34	Sátoraljaújhely	CITY
51540	17	108	town	GEONOUN
51540	22	129	Budapest	CITY
51540	24	116	town	GEONOUN
51540	25	146	United States	COUNTRY
51540	25	447	Amsterdam	CITY
51540	25	458	Holland	CITY
51540	25	590	Florida	US-STATE
51540	25	602	Delray Beach--	PLACE
51540	27	207	school	GEONOUN
51540	28	8	Sátoraljaújhely--	PLACE
51540	28	45	Budapest	CITY
51540	28	104	house	GEONOUN
51540	28	199	house	GEONOUN
51540	28	252	room	GEONOUN
51540	28	345	rooms	GEONOUN
51540	28	396	rooms	GEONOUN
51540	28	457	factory	GEONOUN
51540	28	500	rooms	GEONOUN
51540	28	515	rooms	GEONOUN
51540	29	7	the day	DATE
51540	29	41	room	GEONOUN
51540	29	53	room	GEONOUN
51540	29	93	room	GEONOUN
51540	29	110	room	GEONOUN
51540	29	134	the winter time	DATE
51540	29	177	room	GEONOUN
51540	29	221	brick	GEONOUN
51540	29	357	room	GEONOUN
51540	29	458	room	GEONOUN
51540	31	0	Jewish	GEONOUN
51540	31	67	Friday	DATE
51540	31	74	night	TIME
51540	31	244	Shabbat	DATE
51540	31	323	temple	GEONOUN
51540	31	932	bench	GEONOUN
51540	31	1053	Shabbos	DATE
51540	31	1222	18 years older	DATE
51540	31	1302	about six or eight years old	DATE
51540	32	18	Shabbat	DATE
51540	32	62	the week	DATE
51540	32	255	Friday	DATE
51540	32	262	night	TIME
51540	32	269	Saturday	DATE
51540	32	339	Shabbat	DATE
51540	32	632	Friday	DATE
51540	32	639	afternoon	TIME
51540	32	916	Saturday	DATE
51540	32	925	morning	TIME
51540	32	962	11 o'clock	TIME
51540	32	1183	Saturday	DATE
51540	32	1227	Saturday	DATE
51540	33	19	Sátoraljaújhely	CITY
51540	33	54	Sátoraljaújhely	CITY
51540	33	192	school	GEONOUN
51540	33	263	yard	GEONOUN
51540	33	343	Jewish	GEONOUN
51540	34	48	Sátoraljaújhely	CITY
51540	34	216	about eight years old	DATE
51540	34	262	Sátoraljaújhely	CITY
51540	34	405	courtyard	GEONOUN
51540	37	28	the year 1936	DATE
51540	37	62	Sátoraljaújhely	CITY
51540	37	101	town	GEONOUN
51540	37	113	Nyáregyháza	PLACE
51540	38	204	Nyáregyháza	PLACE
51540	38	261	Nyáregyháza	PLACE
51540	38	279	a year	DATE
51540	38	294	a year and a half	DATE
51540	38	359	Budapest	CITY
51540	39	10	Nyáregyháza	PLACE
51540	39	108	a year	DATE
51540	39	116	a year and a half	DATE
51540	39	163	the end of one year	DATE
51540	39	187	the beginning of next year	DATE
51540	41	76	hole	GEONOUN
51540	41	304	Nyáregyháza	PLACE
51540	43	0	Budapest	CITY
51540	43	31	1938-- '39-- '38	DATE
51540	43	81	about 10 years old	DATE
51540	44	117	building	GEONOUN
51540	44	153	Jewish community	GEONOUN
51540	44	160	community	GEONOUN
51540	44	210	apartment	GEONOUN
51540	44	242	Sátoraljaújhely	CITY
51540	44	263	rooms	GEONOUN
51540	44	351	yard	GEONOUN
51540	44	373	corridor	GEONOUN
51540	44	450	apartment	GEONOUN
51540	45	112	Slovakia	COUNTRY
51540	45	122	Czechoslovakia	COUNTRY
51540	45	200	Sátoraljaújhely	CITY
51540	45	246	Debrecen	CITY
51540	45	272	city	GEONOUN
51540	45	301	Nyáregyháza	PLACE
51540	45	336	Sátoraljaújhely	CITY
51540	46	89	Budapest	CITY
51540	46	121	motel	GEONOUN
51540	47	30	school	GEONOUN
51540	47	62	school	GEONOUN
51540	47	106	school	GEONOUN
51540	47	234	high school	GEONOUN
51540	47	268	the age of 10	DATE
51540	47	319	8 o'clock in the morning	TIME
51540	47	349	1 o'clock in the afternoon	TIME
51540	47	386	the afternoon	TIME
51540	47	406	3:00 to 6:00	TIME
51540	47	563	five-hour	TIME
51540	47	594	three hours	TIME
51540	48	256	early in the morning	TIME
51540	48	387	10-minute	TIME
51540	49	54	Jewish	GEONOUN
51540	50	33	house	GEONOUN
51540	50	163	Jewish	GEONOUN
51540	50	185	house	GEONOUN
51540	50	230	Jewish	GEONOUN
51540	52	101	1942	DATE
51540	52	107	'40--	DATE
51540	52	128	'28-- '30	DATE
51540	52	144	'42, '43	DATE
51540	52	321	post office	GEONOUN
51540	52	459	1944	DATE
51540	52	483	'43	DATE
51540	52	645	barracks	GEONOUN
51540	52	687	barracks	GEONOUN
51540	52	729	apartment houses	GEONOUN
51540	52	739	houses	GEONOUN
51540	52	762	buildings	GEONOUN
51540	52	783	building	GEONOUN
51540	52	858	construction	GEONOUN
51540	52	949	roofs	GEONOUN
51540	52	986	roofs	GEONOUN
51540	52	997	tile	GEONOUN
51540	52	1013	slates	GEONOUN
51540	52	1021	tile roofs	GEONOUN
51540	52	1026	roofs	GEONOUN
51540	56	134	city	GEONOUN
51540	56	212	about four, eight--	DATE
51540	56	247	about 14 years old	DATE
51540	58	72	1941	DATE
51540	58	85	'42	DATE
51540	58	110	camp	GEONOUN
51540	58	151	camp	GEONOUN
51540	58	243	Nyáregyháza	PLACE
51540	58	311	Budapest	CITY
51540	58	400	Pesach	PLACE
51540	58	431	Pesach	PLACE
51540	58	512	house	GEONOUN
51540	58	546	Seder	EVENT
51540	58	573	next day	DATE
51540	58	688	Transylvania	PLACE
51540	58	777	ground	GEONOUN
51540	59	61	two, three months	DATE
51540	60	333	Poland	COUNTRY
51540	60	349	Slovakia	COUNTRY
51540	60	432	synagogue	GEONOUN
51540	60	455	synagogue	GEONOUN
51540	60	582	Israel	COUNTRY
51540	60	638	Poland	COUNTRY
51540	62	148	city	GEONOUN
51540	62	263	1944	DATE
51540	62	340	a couple hours	TIME
51540	62	442	city	GEONOUN
51540	62	559	14	DATE
51540	62	735	1942	DATE
51540	62	774	1942	DATE
51540	65	88	March, 1944	DATE
51540	65	315	under 16	DATE
51540	65	435	18	DATE
51540	65	580	building	GEONOUN
51540	65	595	barracks	GEONOUN
51540	65	840	March 19, 1944	DATE
51540	65	886	Hungary	COUNTRY
51540	65	910	the day	DATE
51540	65	957	Danube	PLACE
51540	65	983	riverside road	GEONOUN
51540	65	993	road	GEONOUN
51540	65	1221	Yugoslavia	CAMP
51540	65	1269	Budapest	CITY
51540	65	1288	March the 19th	DATE
51540	65	1307	a Sunday	DATE
51540	65	1327	two days later	DATE
51540	65	1346	Tuesday	DATE
51540	65	1393	building	GEONOUN
51540	65	1448	temple	GEONOUN
51540	65	1494	temple	GEONOUN
51540	65	1531	building	GEONOUN
51540	65	1573	apartments	GEONOUN
51540	65	1662	building	GEONOUN
51540	65	1715	house	GEONOUN
51540	65	1725	apartment	GEONOUN
51540	65	1972	temple	GEONOUN
51540	65	2043	buildings	GEONOUN
51540	65	2123	barracks	GEONOUN
51540	65	2174	Tuesday	DATE
51540	65	2183	Two days later	DATE
51540	65	2291	house	GEONOUN
51540	65	2323	yard	GEONOUN
51540	65	2342	courtyard	GEONOUN
51540	65	2537	neck	GEONOUN
51540	65	2667	the Tuesday	DATE
51540	65	2783	apartment	GEONOUN
51540	65	2808	room	GEONOUN
51540	65	2843	the rest of the next-- next few months	DATE
51540	65	2899	apartment	GEONOUN
51540	65	2999	Jewish	GEONOUN
51540	65	3018	house	GEONOUN
51540	65	3069	certain hours	TIME
51540	65	3287	March till the	DATE
51540	65	3302	fall	GEONOUN
51540	65	3331	September	DATE
51540	65	3344	October	DATE
51540	65	3398	19-- in--	DATE
51540	65	3411	October	DATE
51540	65	3422	September	DATE
51540	65	3858	a Sunday	DATE
51540	65	3911	a few days later	DATE
51540	65	4223	a few days	DATE
51540	65	4265	building	GEONOUN
51540	65	4410	house	GEONOUN
51540	65	4452	16 years old	DATE
51540	65	4534	Budapest	CITY
51540	65	4748	five days	DATE
51540	65	5078	40s	DATE
51540	65	5083	50s	DATE
51540	65	5613	maybe five or six days	DATE
51540	65	5667	town	GEONOUN
51540	65	5748	early in the morning	TIME
51540	65	5835	wood	GEONOUN
51540	65	5905	early in the morning	TIME
51540	65	5938	Budapest	CITY
51540	65	6002	city	GEONOUN
51540	65	6015	reach	GEONOUN
51540	65	6352	shelter	GEONOUN
51540	65	6662	shelter	GEONOUN
51540	65	6697	three or four weeks	DATE
51540	66	43	city	GEONOUN
51540	68	65	house	GEONOUN
51540	68	196	Transylvania	PLACE
51540	68	275	Germany	COUNTRY
51540	68	337	Romania	COUNTRY
51540	68	390	foot	GEONOUN
51540	68	411	Germany	COUNTRY
51540	68	472	Budapest	CITY
51540	68	501	Budapest	CITY
51540	68	637	a week later	DATE
51540	68	654	a few days later	DATE
51540	68	745	house	GEONOUN
51540	69	435	States	PLACE
51540	70	10	Jewish	GEONOUN
51540	71	159	store	GEONOUN
51540	74	23	Budapest	CITY
51540	74	56	Budapest	CITY
51540	74	136	Budapest	CITY
51540	74	188	town	GEONOUN
51540	75	16	hiding place	GEONOUN
51540	75	72	hiding place	GEONOUN
51540	75	173	area	GEONOUN
51540	76	46	compound	GEONOUN
51540	76	97	area	GEONOUN
51540	76	136	area	GEONOUN
51540	78	16	about 16--	DATE
51540	78	62	16	DATE
51540	78	81	1944	DATE
51540	78	101	'28	DATE
51540	80	111	December the 3rd	DATE
51540	80	179	building	GEONOUN
51540	80	261	city	GEONOUN
51540	80	314	apartment building	GEONOUN
51540	80	363	building	GEONOUN
51540	80	391	building	GEONOUN
51540	80	404	one day	DATE
51540	80	413	Next day	DATE
51540	80	444	railroad station	GEONOUN
51540	80	523	December the 4th	DATE
51540	80	586	train	GEONOUN
51540	80	650	Austria	COUNTRY
51540	80	695	Budapest	CITY
51540	80	774	train six days	GEONOUN
51540	80	780	six days	DATE
51540	80	997	train	GEONOUN
51540	80	1268	six days	DATE
51540	80	1319	about 70 hours	TIME
51540	80	1583	cornfield	GEONOUN
51540	80	1873	train	GEONOUN
51540	81	365	store	GEONOUN
51540	81	901	Jewish	GEONOUN
51540	81	1500	train	GEONOUN
51540	81	1587	track	GEONOUN
51540	85	436	four days later	DATE
51540	85	463	Bergen-Belsen	CAMP
51540	85	520	Germany	COUNTRY
51540	85	587	train	GEONOUN
51540	85	716	camp	GEONOUN
51540	85	888	barracks	GEONOUN
51540	86	98	Auschwitz	CAMP
51540	86	143	those days	DATE
51540	87	193	camp	GEONOUN
51540	87	437	Early in the morning	TIME
51540	87	628	barracks	GEONOUN
51540	87	855	every day	DATE
51540	87	889	every day	DATE
51540	87	943	every day--	DATE
51540	87	1338	weekly	DATE
51540	87	1364	daily	DATE
51540	87	1491	three days	DATE
51540	87	1541	four days	DATE
51540	88	36	room	GEONOUN
51540	89	163	edge	GEONOUN
51540	89	175	camp	GEONOUN
51540	89	238	camp	GEONOUN
51540	90	41	the 3rd of December	DATE
51540	90	183	the same day	DATE
51540	90	232	ghetto	GEONOUN
51540	90	301	Bergen-Belsen	CAMP
51540	90	368	train	GEONOUN
51540	90	391	maybe 11 days after	DATE
51540	90	434	the day after Christmas	DATE
51540	91	109	road	GEONOUN
51540	91	152	fence	GEONOUN
51540	91	281	the beginning of April	DATE
51540	91	349	fence	GEONOUN
51540	91	511	camp	GEONOUN
51540	92	84	corner	GEONOUN
51540	94	192	school	GEONOUN
51540	95	119	foot	GEONOUN
51540	97	15	camp	GEONOUN
51540	97	230	camp	GEONOUN
51540	97	295	camps	GEONOUN
51540	97	304	Bergen-Belsen	CAMP
51540	97	398	camp	GEONOUN
51540	98	67	16 years old	DATE
51540	98	408	trees	GEONOUN
51540	98	451	earth	GEONOUN
51540	98	496	earth	GEONOUN
51540	98	616	camp	GEONOUN
51540	98	880	next day	DATE
51540	98	1246	camp	GEONOUN
51540	98	1427	Switzerland	COUNTRY
51540	98	1729	camp	GEONOUN
51540	98	2686	daily	DATE
51540	98	2692	scene	GEONOUN
51540	98	2848	scene	GEONOUN
51540	98	3341	16 years old	DATE
51540	100	71	country	GEONOUN
51540	100	111	Europe	CONTINENT
51540	100	151	Russia	COUNTRY
51540	100	170	Poland	COUNTRY
51540	101	130	camp	GEONOUN
51540	103	107	camp	GEONOUN
51540	103	973	train	GEONOUN
51540	104	980	16	DATE
51540	104	1164	camps	GEONOUN
51540	105	159	fence	GEONOUN
51540	105	253	track	GEONOUN
51540	105	311	April the 7th	DATE
51540	105	333	camp	GEONOUN
51540	105	346	April the 7th	DATE
51540	105	392	train	GEONOUN
51540	105	456	train	GEONOUN
51540	105	526	train	GEONOUN
51540	105	670	Bergen-Belsen	CAMP
51540	105	706	7 to 13 is about six days--	DATE
51540	105	1083	the 13th of April--	DATE
51540	105	1110	a Friday--	DATE
51540	105	1149	the next morning	TIME
51540	105	1320	train	GEONOUN
51540	105	1331	about 11 o'clock in the morning	TIME
51540	105	1401	hill	GEONOUN
51540	105	1516	locality	GEONOUN
51540	105	1535	two days	DATE
51540	105	1617	one night	TIME
51540	105	1878	village	GEONOUN
51540	105	2203	that day	DATE
51540	105	2215	the day after--	DATE
51540	105	2423	Hillersleben	PLACE
51540	105	2454	settlement	GEONOUN
51540	105	2468	villas	GEONOUN
51540	105	2486	villas	GEONOUN
51540	105	3084	room	GEONOUN
51540	105	4085	Bergen-Belsen	CAMP
51540	105	4351	Bergen-Belsen	CAMP
51540	105	4635	days	DATE
51540	105	4751	23 years old	DATE
51540	105	4889	Celle--	PLACE
51540	105	4933	town	GEONOUN
51540	105	5307	a week	DATE
51540	105	5592	Bergen-Belsen	CAMP
51540	105	5708	Yugoslavia	CAMP
51540	105	6025	school	GEONOUN
51540	105	6041	Budapest	CITY
51540	105	6063	school	GEONOUN
51540	105	6178	a month	DATE
51540	105	6326	school	GEONOUN
51540	105	6412	hospital	GEONOUN
51540	105	6597	hospital	GEONOUN
51540	105	7276	hospital	GEONOUN
51540	105	7507	pass	GEONOUN
51540	105	7619	pass	GEONOUN
51540	105	8281	Hillersleben	PLACE
51540	105	8459	Hillersleben	PLACE
51540	105	8504	the end of July	DATE
51540	105	8524	this middle of July	DATE
51540	105	8545	end of July	DATE
51540	105	8592	Hungary	COUNTRY
51540	106	51	a couple of weeks	DATE
51540	106	107	train	GEONOUN
51540	106	202	Czechoslovakia	COUNTRY
51540	106	246	Prague	CITY
51540	106	409	Bad Kissingen	CITY
51540	106	470	town	GEONOUN
51540	106	514	a few days	DATE
51540	106	671	Prague	CITY
51540	106	686	Prague	CITY
51540	106	1205	Czechoslovakia	COUNTRY
51540	106	1319	Prague	CITY
51540	106	1347	train	GEONOUN
51540	106	1371	Bratislava	CITY
51540	106	1445	Budapest	CITY
51540	106	1521	house	GEONOUN
51540	106	1718	States	PLACE
51540	106	1751	Germany	COUNTRY
51540	106	2000	Hungary	COUNTRY
51540	106	2028	August the 5th	DATE
51540	106	2051	Budapest	CITY
51540	106	2065	Budapest	CITY
51540	106	2216	street	GEONOUN
51540	106	2433	Budapest	CITY
51540	106	2458	the beginning of December	DATE
51540	106	2570	West Germany	PLACE
51540	106	2682	Hungary	COUNTRY
51540	106	2871	West Germany	PLACE
51540	106	2973	Palestine	CITY
51540	106	3043	Eastern Europe	PLACE
51540	106	3080	Vienna	CITY
51540	106	3093	Vienna	CITY
51540	106	3103	Salzburg	CITY
51540	106	3118	Salzburg	CITY
51540	106	3227	zone	GEONOUN
51540	106	3272	Munich	CITY
51540	106	3289	Munich	CITY
51540	106	3363	Trier	CITY
51540	106	3375	Trieste	CITY
51540	106	3441	Germany	COUNTRY
51540	106	3557	camps	GEONOUN
51540	106	3695	Bamberg	CITY
51540	106	3727	camps	GEONOUN
51540	106	3775	Bamberg	CITY
51540	106	3783	the end of 1945	DATE
51540	106	3800	the last few days	DATE
51540	106	3867	the middle of-- till the beginning of 1948	DATE
51540	106	4079	Hungary	COUNTRY
51540	106	4194	West Germany	PLACE
51540	106	4271	States	PLACE
51540	106	4294	Budapest	CITY
51540	106	4333	spring	GEONOUN
51540	106	4368	Budapest	CITY
51540	106	4423	Bamberg	CITY
51540	106	4549	States	PLACE
51540	106	4774	1947	DATE
51540	106	4796	States	PLACE
51540	106	4818	21 years old	DATE
51540	106	4963	1948	DATE
51540	106	5012	1948	DATE
51540	106	5087	20 years old	DATE
51540	109	63	this April the 7th	DATE
51540	109	118	concentration camp	GEONOUN
51540	109	143	Bergen-Belsen	CAMP
51540	109	175	train	GEONOUN
51540	109	191	train	GEONOUN
51540	109	222	train	GEONOUN
51540	109	232	Theresienstadt	CAMP
51540	109	271	Theresienstadt	CAMP
51540	109	374	city	GEONOUN
51540	109	386	Magdeburg	CITY
51540	109	412	city	GEONOUN
51540	109	478	Theresienstadt	CAMP
51540	109	684	Theresienstadt	CAMP
51540	109	731	camp	GEONOUN
51540	109	781	concentration camp	GEONOUN
51540	112	14	Germany	COUNTRY
51540	112	33	hometown	GEONOUN
51540	113	75	those days	DATE
51540	113	521	basement	GEONOUN
51540	113	589	area	GEONOUN
51540	116	14	camp	GEONOUN
51540	116	65	Germany	COUNTRY
51540	116	80	Hungary	COUNTRY
51540	116	274	Switzerland	COUNTRY
51540	116	315	Switzerland	COUNTRY
51540	116	335	Hungary	COUNTRY
51540	116	415	foot	GEONOUN
51540	116	620	school	GEONOUN
51540	116	654	school	GEONOUN
51540	116	664	Budapest	CITY
51540	119	8	Budapest	CITY
51540	120	196	apartments	GEONOUN
51540	123	7	camp	GEONOUN
51540	123	74	the Ulanen Kaserne	PLACE
51540	123	96	Bamberg	CITY
51540	123	119	apartment house	GEONOUN
51540	123	182	barracks	GEONOUN
51540	123	286	apartment house	GEONOUN
51540	123	316	corridor	GEONOUN
51540	123	355	rooms	GEONOUN
51540	123	387	room	GEONOUN
51540	123	423	rooms	GEONOUN
51540	123	652	buildings	GEONOUN
51540	123	716	room	GEONOUN
51540	123	755	buildings	GEONOUN
51540	123	784	rooms	GEONOUN
51540	123	871	room	GEONOUN
51540	123	894	rooms	GEONOUN
51540	124	283	camp	GEONOUN
51540	124	389	North Miami Beach--	PLACE
51540	125	174	store	GEONOUN
51540	126	8	camp	GEONOUN
51540	126	57	camps	GEONOUN
51540	126	117	camp	GEONOUN
51540	126	169	Poland	COUNTRY
51540	126	182	Lithuania	COUNTRY
51540	127	158	division	GEONOUN
51540	128	10	camp	GEONOUN
51540	128	70	this end of '46	DATE
51540	128	122	18 year--	DATE
51540	128	141	18 years old	DATE
51540	128	167	18 years old	DATE
51540	128	231	camp	GEONOUN
51540	128	267	camp	GEONOUN
51540	128	425	town	GEONOUN
51540	128	490	maybe six months	DATE
51540	128	592	1946	DATE
51540	128	600	'47	DATE
51540	128	680	the United States	COUNTRY
51540	128	709	1947	DATE
51540	128	776	Munich	CITY
51540	128	1358	States	PLACE
51540	129	25	Palestine	CITY
51540	129	54	Palestine	CITY
51540	129	103	States	PLACE
51540	129	139	States	PLACE
51540	129	283	Israel	COUNTRY
51540	130	151	consulate	GEONOUN
51540	130	177	consulate	GEONOUN
51540	130	344	States	PLACE
51540	130	377	consulate	GEONOUN
51540	130	1072	'46	DATE
51540	130	1077	'47	DATE
51540	130	1734	States	PLACE
51540	130	1782	Hungary	COUNTRY
51540	130	1847	Budapest	CITY
51540	130	2516	a year earlier	DATE
51540	131	10	America	COUNTRY
51540	131	38	America	COUNTRY
51540	131	49	July the 8th in 1948	DATE
51540	131	123	Bremen--	PLACE
51540	131	132	Bremerhaven	CITY
51540	131	166	port	GEONOUN
51540	131	184	Germany	COUNTRY
51540	131	215	board	GEONOUN
51540	131	225	ship	GEONOUN
51540	131	233	early April	DATE
51540	131	261	States	PLACE
51540	131	337	April the 3rd	DATE
51540	131	576	room	GEONOUN
51540	131	641	room	GEONOUN
51540	131	657	board	GEONOUN
51540	131	667	ship	GEONOUN
51540	131	677	all night long	TIME
51540	131	951	next morning	TIME
51540	131	982	infirmary	GEONOUN
51540	131	1127	hospital	GEONOUN
51540	131	1210	the same afternoon	TIME
51540	131	1268	hospital	GEONOUN
51540	131	1287	three weeks	DATE
51540	131	1458	Jewish	GEONOUN
51540	131	1754	States	PLACE
51540	131	1928	hospital	GEONOUN
51540	131	1984	three weeks	DATE
51540	131	2105	hospital	GEONOUN
51540	131	2226	room	GEONOUN
51540	131	2304	every few hours	TIME
51540	131	2386	Germany	COUNTRY
51540	131	2472	hospital	GEONOUN
51540	131	2503	the end of June	DATE
51540	131	2580	June	DATE
51540	131	2740	train	GEONOUN
51540	131	2766	the end of June	DATE
51540	131	2835	boat	GEONOUN
51540	131	2868	boat	GEONOUN
51540	131	2887	ocean	GEONOUN
51540	131	2960	hospital	GEONOUN
51540	131	3010	days	DATE
51540	131	3100	the next day	DATE
51540	131	3288	hospital	GEONOUN
51540	131	3371	year	DATE
51540	131	3572	States	PLACE
51540	132	8	eight days	DATE
51540	132	53	crossing	GEONOUN
51540	132	66	ocean	GEONOUN
51540	132	97	ocean	GEONOUN
51540	132	151	ship	GEONOUN
51540	132	167	Canada	COUNTRY
51540	132	273	Canada	COUNTRY
51540	132	346	Montreal	PLACE
51540	132	398	coast	GEONOUN
51540	132	413	New York	US-STATE
51540	132	443	rough	GEONOUN
51540	132	513	a day or two	DATE
51540	133	76	night	TIME
51540	133	104	harbor	GEONOUN
51540	133	114	New York Harbor	PLACE
51540	133	163	coast	GEONOUN
51540	133	465	the morning	TIME
51540	133	526	harbor	GEONOUN
51540	133	607	pass	GEONOUN
51540	133	640	the West Side	PLACE
51540	133	691	boat	GEONOUN
51540	133	797	a few minutes later	TIME
51540	133	1128	Bronx	PLACE
51540	133	1217	city	GEONOUN
51540	133	1317	city	GEONOUN
51540	133	1412	waste	GEONOUN
51540	133	1526	Europe	CONTINENT
51540	134	82	store	GEONOUN
51540	135	162	Hungary	COUNTRY
51540	135	327	Bamberg	CITY
51540	135	347	Bamberg	CITY
51540	135	370	Hungary	COUNTRY
51540	135	459	Germany	COUNTRY
51540	135	510	Hungary	COUNTRY
51540	136	80	1947	DATE
51540	136	109	Holland	CITY
51540	136	163	Holland	CITY
51540	136	333	Holland	CITY
51540	136	362	Holland	CITY
51540	136	424	Holland	CITY
51540	136	444	States	PLACE
51540	136	454	1951	DATE
51540	136	474	'47	DATE
51540	136	491	Holland	CITY
51540	136	507	'51	DATE
51540	136	599	concentration camp	GEONOUN
51540	137	287	Auschwitz	CAMP
51540	139	51	Passover	DATE
51540	139	410	Jewish	GEONOUN
51540	139	472	Siberia	PLACE
51540	139	517	Siberia	PLACE
51540	139	589	West Germany	PLACE
51540	139	674	Germany	COUNTRY
51540	139	735	hometown	GEONOUN
51540	139	754	Sátoraljaújhely	CITY
51540	139	983	Sweden	COUNTRY
51540	139	1005	Sweden	COUNTRY
51540	139	1016	a few years	DATE
51540	139	1046	Australia	COUNTRY
51540	139	1061	Sweden	COUNTRY
51540	139	1104	Australia	COUNTRY
51540	139	1148	Australia	COUNTRY
51540	139	1233	Australia	COUNTRY
51540	143	126	hospital	GEONOUN
51540	143	139	three months	DATE
51540	143	224	about five weeks	DATE
51540	143	323	five weeks	DATE
51540	143	415	road	GEONOUN
51540	143	448	New York	US-STATE
51540	143	796	industrial area	GEONOUN
51540	143	815	Brooklyn	CITY
51540	143	1260	the end of the day	DATE
51540	143	1615	a Monday	DATE
51540	143	1629	Tuesday	DATE
51540	143	1805	daily	DATE
51540	143	1849	the first day	DATE
51540	143	1877	the third day	DATE
51540	143	2095	that evening	TIME
51540	143	2114	raise	GEONOUN
51540	143	2159	raise	GEONOUN
51540	143	2233	Friday	DATE
51540	143	2240	night	TIME
51540	143	2414	raise yesterday	GEONOUN
51540	143	2420	yesterday	DATE
51540	143	2506	the one week	DATE
51540	143	2727	10 years	DATE
51540	143	3058	many years	DATE
51540	143	3216	10 years	DATE
51540	143	3380	store	GEONOUN
51540	143	3435	store	GEONOUN
51540	143	3485	store	GEONOUN
51540	144	27	night	TIME
51540	144	45	school	GEONOUN
51540	144	104	school	GEONOUN
51540	145	68	complex	GEONOUN
51540	145	415	Manhattan	CITY
51540	145	528	club	GEONOUN
51540	145	547	club	GEONOUN
51540	145	580	club	GEONOUN
51540	145	751	Bronx	PLACE
51540	145	899	room	GEONOUN
51540	145	917	Brooklyn	CITY
51540	145	946	room	GEONOUN
51540	145	1005	50s	DATE
51540	145	1034	20	DATE
51540	145	1067	apartment	GEONOUN
51540	145	1105	night	TIME
51540	145	1136	daytime	TIME
51540	145	1206	apartment	GEONOUN
51540	145	1249	apartment	GEONOUN
51540	145	1286	the first New Year's	DATE
51540	145	1682	club	GEONOUN
51540	145	1701	New Year's	EVENT
51540	145	1788	New Year's	EVENT
51540	145	1967	camp	GEONOUN
51540	146	7	fell	GEONOUN
51540	146	47	'56	DATE
51540	146	52	'56-- '55	DATE
51540	146	81	1955	DATE
51540	146	571	camp	GEONOUN
51540	146	579	1946	DATE
51540	146	632	States	PLACE
51540	146	807	area	GEONOUN
51540	146	869	Poconos	PLACE
51540	146	1063	Poconos	PLACE
51540	146	1123	Poconos	PLACE
51540	146	1167	Philadelphia	CITY
51540	146	1194	New York	US-STATE
51540	147	21	Jewish	GEONOUN
51540	147	58	1933	DATE
51540	147	66	Peru	COUNTRY
51540	147	72	South America	CONTINENT
51540	147	104	17	DATE
51540	147	129	States	PLACE
51540	147	149	college	GEONOUN
51540	147	182	room	GEONOUN
51540	147	194	Jewish	GEONOUN
51540	147	211	Philadelphia	CITY
51540	147	297	college	GEONOUN
51540	148	343	roofing	GEONOUN
51540	148	381	roofing	GEONOUN
51540	148	552	about 10 years	DATE
51540	149	84	Israel	COUNTRY
51540	149	112	California	US-STATE
51540	149	124	Millbrae	CITY
51540	149	134	California	US-STATE
51540	149	151	San Francisco	CITY
51540	151	51	Jewish	GEONOUN
51540	151	92	30 years	DATE
51540	151	148	Sarasota	CITY
51540	152	87	next month	DATE
51540	152	99	29 years old	DATE
51540	152	130	Brooklyn	CITY
51540	152	152	works	GEONOUN
51540	152	163	hospital	GEONOUN
51540	152	186	Brooklyn	CITY
51540	153	171	States	PLACE
51540	153	289	20 years old	DATE
51540	153	313	20	DATE
51540	153	317	21	DATE
51540	155	103	the last [PAUSES FOR 3 SECONDS] 15, 20 years	DATE
51540	157	293	seven years older	DATE
51540	157	736	concentration camp	GEONOUN
51540	157	832	Auschwitz	CAMP
51540	157	911	Hungary	COUNTRY
51540	157	958	town	GEONOUN
51540	157	1006	city	GEONOUN
51540	157	1015	Budapest	CITY
51540	157	1104	camp	GEONOUN
51540	157	1214	the end of 1940	DATE
51540	157	1243	December	DATE
51540	157	1277	concentration camp	GEONOUN
51540	158	746	Jewish	GEONOUN
51540	159	255	Budapest	CITY
51540	159	298	one night	TIME
51540	159	432	field	GEONOUN
51540	159	454	bush all night long	GEONOUN
51540	159	459	all night long	TIME
51540	159	592	the night	TIME
51540	166	11	Czechoslovakia	COUNTRY
51540	166	42	Russia	COUNTRY
51540	166	52	Slovakia	COUNTRY
51540	166	71	Slovakia	COUNTRY
51540	167	34	the early '30s	DATE
51540	167	66	about '30-- between '30 and '34	DATE
51540	169	12	1930	DATE
51540	170	42	1930	DATE
51540	171	3	1930	DATE
