FileID	AnswerID	StartCharPos	Entity	Type
51589	0	40	Riga	CITY
51589	0	46	April 19, 1924	DATE
51589	0	66	the first day of Pesach	DATE
51589	1	118	about eight years	DATE
51589	1	172	1932	DATE
51589	2	20	one year older	DATE
51589	2	56	1923	DATE
51589	6	34	about 50 years ago	DATE
51589	6	147	school	GEONOUN
51589	6	171	school	GEONOUN
51589	6	204	Riga	CITY
51589	6	222	3 SECONDS	DATE
51589	6	238	late '30s	DATE
51589	6	262	'39	DATE
51589	6	283	the 1940	DATE
51589	6	296	June	DATE
51589	6	335	Riga	CITY
51589	6	341	Latvia	COUNTRY
51589	6	414	school	GEONOUN
51589	6	459	Riga	CITY
51589	6	506	city	GEONOUN
51589	6	554	1940	DATE
51589	7	44	7:00 in the morning	TIME
51589	7	83	11:00 in the night	TIME
51589	7	146	1940	DATE
51589	7	180	Riga	CITY
51589	7	186	Latvia	COUNTRY
51589	8	21	city	GEONOUN
51589	8	29	Latvia	COUNTRY
51589	9	23	Jewish community	GEONOUN
51589	9	30	community	GEONOUN
51589	9	48	community	GEONOUN
51589	10	26	summertime	DATE
51589	10	75	a summer	DATE
51589	11	14	apartment	GEONOUN
51589	11	71	apartment	GEONOUN
51589	11	88	Elisabethstrasse	PLACE
51589	11	136	1939	DATE
51589	11	144	'40	DATE
51589	11	160	apartment	GEONOUN
51589	12	7	Jewish area	GEONOUN
51589	12	14	area	GEONOUN
51589	13	66	apartment	GEONOUN
51589	13	336	house	GEONOUN
51589	15	18	Jewish	GEONOUN
51589	15	39	Jewish	GEONOUN
51589	16	149	Friday	DATE
51589	16	169	winter	DATE
51589	21	84	factory	GEONOUN
51589	21	112	house	GEONOUN
51589	24	164	a year later	DATE
51589	24	181	the year	DATE
51589	24	205	June	DATE
51589	24	213	end of June	DATE
51589	24	228	1941	DATE
51589	24	267	Riga	CITY
51589	24	273	Latvia	COUNTRY
51589	25	37	street	GEONOUN
51589	26	27	house	GEONOUN
51589	26	64	street	GEONOUN
51589	26	158	ghetto	GEONOUN
51589	26	186	October	DATE
51589	26	202	1941	DATE
51589	26	237	ghetto	GEONOUN
51589	26	307	apartment	GEONOUN
51589	27	102	about 15, 16	DATE
51589	27	182	city	GEONOUN
51589	27	301	ghetto	GEONOUN
51589	27	400	ghetto	GEONOUN
51589	27	449	ghetto	GEONOUN
51589	30	45	ghetto	GEONOUN
51589	30	79	ghetto	GEONOUN
51589	30	99	ghetto	GEONOUN
51589	30	156	ghetto	GEONOUN
51589	30	212	ghetto	GEONOUN
51589	30	260	Germany	COUNTRY
51589	30	295	ghetto	GEONOUN
51589	30	410	Riga	CITY
51589	30	423	city	GEONOUN
51589	30	446	every few days	DATE
51589	30	496	ghetto	GEONOUN
51589	31	81	overnight	TIME
51589	35	9	Riga	CITY
51589	35	214	ghetto	GEONOUN
51589	35	243	ghetto	GEONOUN
51589	35	489	Riga	CITY
51589	35	494	ghetto	GEONOUN
51589	35	706	about 16 or so	DATE
51589	35	775	basement	GEONOUN
51589	35	1169	many, many weeks	DATE
51589	35	1212	basement	GEONOUN
51589	35	1268	ghetto	GEONOUN
51589	35	1290	ghetto	GEONOUN
51589	35	1358	camp	GEONOUN
51589	35	1371	Strasdenhof	PLACE
51589	35	1420	ghetto	GEONOUN
51589	35	1545	camp	GEONOUN
51589	36	0	Strasdenhof	PLACE
51589	38	17	Riga	CITY
51589	38	65	Strasdenhof	PLACE
51589	40	136	Kaiserwald	CAMP
51589	40	257	Strasdenhof	PLACE
51589	40	317	Kaiserwald	CAMP
51589	40	378	Kaiserwald	CAMP
51589	40	638	Kaiserwald	CAMP
51589	40	729	Strasdenhof	PLACE
51589	40	832	Kaiserwald	CAMP
51589	40	875	concentration camp	GEONOUN
51589	40	1180	Danzig	CAMP
51589	40	1194	ship	GEONOUN
51589	41	12	Kaiserwald	CAMP
51589	41	24	A few months	DATE
51589	42	0	Strasdenhof	PLACE
51589	42	18	a few months	DATE
51589	42	49	Kaiserwald	CAMP
51589	45	80	two days	DATE
51589	46	68	winter	DATE
51589	46	149	Kaiserwald	CAMP
51589	46	281	Danzig	CAMP
51589	46	404	Riga	CITY
51589	46	719	Danzig	CAMP
51589	50	17	Newark	CITY
51589	50	70	Wilno	PLACE
51589	51	114	boat	GEONOUN
51589	51	152	about three days	DATE
51589	51	182	facilities	GEONOUN
51589	51	201	basement	GEONOUN
51589	51	211	three days	DATE
51589	51	251	ocean	GEONOUN
51589	51	292	Danzig	CAMP
51589	51	364	town	GEONOUN
51589	53	74	Danzig	CAMP
51589	53	107	train station	GEONOUN
51589	53	165	camp	GEONOUN
51589	53	224	room	GEONOUN
51589	53	265	three days	DATE
51589	53	295	Danzig	CAMP
51589	53	382	One week	DATE
51589	53	404	7:00 in the morning	TIME
51589	53	427	7:00 at night	TIME
51589	53	446	the next week	DATE
51589	53	466	7:00 at night	TIME
51589	53	483	7:00 in the morning	TIME
51589	53	520	school	GEONOUN
51589	53	569	school	GEONOUN
51589	53	593	Danzig	CAMP
51589	53	718	hospital	GEONOUN
51589	53	744	a week	DATE
51589	54	483	camp	GEONOUN
51589	55	7	the beginning of March	DATE
51589	56	0	1945	DATE
51589	56	90	Riga	CITY
51589	56	99	boat	GEONOUN
51589	56	109	Yom Kippur	DATE
51589	56	121	Yom Kippur	DATE
51589	57	146	camp	GEONOUN
51589	57	184	road	GEONOUN
51589	57	366	area	GEONOUN
51589	57	597	city	GEONOUN
51589	57	868	house	GEONOUN
51589	57	1201	Next day--	DATE
51589	57	1236	house	GEONOUN
51589	57	1275	downstairs	GEONOUN
51589	57	1295	Jewish	GEONOUN
51589	57	1350	Holocaust	EVENT
51589	58	194	spot	GEONOUN
51589	58	346	Jewish	GEONOUN
51589	58	432	hole	GEONOUN
51589	58	449	yard	GEONOUN
51589	58	505	13-year-old	DATE
51589	58	544	the next day	DATE
51589	58	702	house	GEONOUN
51589	58	753	next morning	TIME
51589	58	835	city	GEONOUN
51589	58	843	the morning	TIME
51589	58	868	the morning	TIME
51589	58	998	apartment	GEONOUN
51589	58	1177	hospital	GEONOUN
51589	58	1189	town	GEONOUN
51589	58	1202	about March 7 or 8, 1945	DATE
51589	58	1257	hospital	GEONOUN
51589	58	1377	hospital	GEONOUN
51589	58	1391	March 8	DATE
51589	58	1405	July	DATE
51589	59	11	city	GEONOUN
51589	60	121	July	DATE
51589	60	150	hospital	GEONOUN
51589	60	356	hospital	GEONOUN
51589	60	459	Russia	COUNTRY
51589	60	496	the Second World War	EVENT
51589	60	590	Russia	COUNTRY
51589	60	643	October	DATE
51589	62	256	saddle	GEONOUN
51589	62	315	road	GEONOUN
51589	62	482	Torún	PLACE
51589	62	503	city	GEONOUN
51589	62	512	Wilkowice	PLACE
51589	62	553	Poland	COUNTRY
51589	62	564	Russia	COUNTRY
51589	62	634	about a week	DATE
51589	62	863	train station	GEONOUN
51589	66	52	country	GEONOUN
51589	68	14	States	PLACE
51589	68	22	October 1, 1949	DATE
51589	69	127	years ago	DATE
51589	69	185	tomorrow	DATE
51589	70	540	hospital	GEONOUN
51589	70	1022	Riga	CITY
51589	70	1028	about seven, eight years ago	DATE
51589	70	1335	San Francisco	CITY
51589	72	112	Wilkowice	PLACE
51589	72	158	train station	GEONOUN
51589	72	306	Riga	CITY
51589	72	404	train	GEONOUN
51589	72	413	Riga	CITY
51589	72	419	Latvia	COUNTRY
51589	72	445	Riga	CITY
51589	72	832	area	GEONOUN
51589	72	849	building	GEONOUN
51589	72	882	buildings	GEONOUN
51589	72	969	block	GEONOUN
51589	72	1040	today	DATE
51589	72	1133	every day	DATE
51589	72	1384	this day on	DATE
51589	72	1439	apartment	GEONOUN
51589	72	1528	Riga	CITY
51589	72	1594	Riga	CITY
51589	72	1622	concentration camp	GEONOUN
51589	72	1677	Strasdenhof	PLACE
51589	72	1746	over 30 years old	DATE
51589	72	1799	over 30 years old	DATE
51589	72	1877	chimney	GEONOUN
51589	72	1891	factory	GEONOUN
51589	72	1918	chimney	GEONOUN
51589	72	2050	Riga	CITY
51589	72	2086	cemetery	GEONOUN
51589	72	2107	walls	GEONOUN
51589	73	98	apartment	GEONOUN
51589	73	174	Riga	CITY
51589	73	298	apartment	GEONOUN
51589	73	368	apartment	GEONOUN
51589	73	404	station	GEONOUN
51589	73	580	apartment	GEONOUN
51589	73	617	apartment	GEONOUN
51589	73	725	Riga	CITY
51589	76	29	Israel	COUNTRY
51589	79	107	Kiev	PLACE
51589	79	157	Kiev	PLACE
51589	80	80	airport	GEONOUN
51589	80	91	Kiev	PLACE
51589	80	123	opera	GEONOUN
51589	80	227	Israel	COUNTRY
51589	80	370	about 15 years ago	DATE
51589	81	262	driving school	GEONOUN
51589	82	18	Israel	COUNTRY
51589	83	13	the '30s	DATE
51589	85	165	Poland	COUNTRY
51589	85	246	Poland	COUNTRY
51589	85	265	Poland	COUNTRY
51589	85	276	Lodz	PLACE
51589	85	326	Poland	COUNTRY
51589	85	349	Germany	COUNTRY
51589	85	361	Berlin	CITY
51589	85	376	Bricha	PLACE
51589	85	402	the middle of the night	TIME
51589	86	3	Israel	COUNTRY
51589	86	49	Berlin	CITY
51589	86	101	camp	GEONOUN
51589	86	196	Berlin	CITY
51589	86	224	Kassel	CITY
51589	86	234	area	GEONOUN
51589	86	395	Israel	COUNTRY
51589	86	542	school	GEONOUN
51589	86	797	America	COUNTRY
51589	86	826	America	COUNTRY
51589	89	15	Poland	COUNTRY
51589	89	81	America	COUNTRY
51589	90	15	camp	GEONOUN
51589	90	50	camp	GEONOUN
51589	90	68	America	COUNTRY
51589	90	140	Israel	COUNTRY
51589	90	159	America	COUNTRY
51589	90	179	America	COUNTRY
51589	90	211	October 14, 1949	DATE
51589	91	31	August 14, 1949	DATE
51589	91	72	the States	PLACE
51589	92	32	Germany	COUNTRY
51589	92	114	October 1, 1949	DATE
51589	94	11	Brighton Beach	CITY
51589	94	27	Brooklyn	CITY
51589	94	189	Newark	CITY
51589	94	211	Newark	CITY
51589	94	219	New Jersey	US-STATE
51589	95	189	8:00 to 5:00	TIME
51589	95	226	6:00 to	TIME
51589	95	234	1:00	TIME
51589	96	121	Coney Island	CITY
51589	96	187	Newark	CITY
51589	96	602	night	TIME
51589	96	628	5:00 in the evening	TIME
51589	96	651	5:00 in the morning	TIME
51589	96	695	the day	DATE
51589	97	310	Israel	COUNTRY
51589	98	53	Israel	COUNTRY
51589	98	124	'	DATE
51589	98	125	67	DATE
51589	100	94	field	GEONOUN
51589	101	11	Israel	COUNTRY
51589	101	209	about 17	DATE
51589	101	277	about 13	DATE
51589	101	311	about 12	DATE
51589	102	257	about over a year ago	DATE
51589	103	71	about a year's old	DATE
51589	103	104	the same day	DATE
51589	103	128	first day of Pesach	DATE
51589	103	205	this month	DATE
51589	103	217	May	DATE
51589	103	309	about 17 and 1/2	DATE
51589	103	379	about 19	DATE
51589	104	56	Ra'anana	PLACE
51589	104	95	States	PLACE
51589	104	149	Israel	COUNTRY
51589	106	332	the mid 1930s	DATE
51589	108	231	New York	US-STATE
51589	108	270	Israel	COUNTRY
51589	108	630	Holocaust	EVENT
51589	108	678	years	DATE
51589	108	731	Holocaust	EVENT
51589	108	785	about a year ago	DATE
51589	108	924	Holocaust	EVENT
51589	108	1314	Holocaust	EVENT
