FileID	AnswerID	StartCharPos	Entity	Type
51602	9	0	7/7/1925	DATE
51602	10	10	75	DATE
51602	10	18	almost 76	DATE
51602	13	0	Czechoslovakia	COUNTRY
51602	14	15	town	GEONOUN
51602	14	39	town	GEONOUN
51602	14	102	Little America	PLACE
51602	23	15	1921	DATE
51602	24	48	1923	DATE
51602	25	148	porch	GEONOUN
51602	28	229	city	GEONOUN
51602	30	76	wintertime	DATE
51602	35	22	farm	GEONOUN
51602	38	79	city	GEONOUN
51602	39	105	farm	GEONOUN
51602	40	37	farm	GEONOUN
51602	43	28	farm	GEONOUN
51602	43	84	a season	DATE
51602	43	142	field	GEONOUN
51602	43	196	farm	GEONOUN
51602	46	14	school	GEONOUN
51602	46	33	town	GEONOUN
51602	46	65	high school	GEONOUN
51602	46	101	city	GEONOUN
51602	51	202	Europe	CONTINENT
51602	56	123	school	GEONOUN
51602	56	133	Saturday	DATE
51602	56	168	high school	GEONOUN
51602	56	198	school	GEONOUN
51602	56	208	Saturday	DATE
51602	56	244	town	GEONOUN
51602	56	267	Friday	DATE
51602	56	288	Sunday	DATE
51602	56	295	morning	TIME
51602	59	31	Jewish	GEONOUN
51602	61	49	their holy days	DATE
51602	61	85	the Christmas	DATE
51602	61	136	tree	GEONOUN
51602	64	29	8--	TIME
51602	64	38	8	TIME
51602	66	55	Kosice	PLACE
51602	69	0	Vel'ká Ida	PLACE
51602	69	27	train	GEONOUN
51602	69	40	about an hour	TIME
51602	70	0	Every day	DATE
51602	72	37	train	GEONOUN
51602	73	48	Passover	DATE
51602	73	76	Purim	DATE
51602	73	150	house	GEONOUN
51602	79	83	every day	DATE
51602	80	8	Shabbat	DATE
51602	80	23	Friday	DATE
51602	80	30	afternoon	TIME
51602	80	73	the morning	TIME
51602	80	166	synagogue	GEONOUN
51602	80	177	Friday	DATE
51602	80	184	night	TIME
51602	80	229	Saturday	DATE
51602	80	238	morning	TIME
51602	80	265	synagogue	GEONOUN
51602	80	394	the night	TIME
51602	87	38	1938	DATE
51602	87	92	field	GEONOUN
51602	87	198	Jewish	GEONOUN
51602	88	14	1938	DATE
51602	88	63	Czechoslovakia	COUNTRY
51602	90	35	Jewish	GEONOUN
51602	90	217	Europe	CONTINENT
51602	90	266	house	GEONOUN
51602	93	235	farm	GEONOUN
51602	95	51	Europe	CONTINENT
51602	98	51	train	GEONOUN
51602	103	101	fields	GEONOUN
51602	103	134	fall	GEONOUN
51602	105	51	Saturday	DATE
51602	105	86	school	GEONOUN
51602	105	116	Saturday	DATE
51602	105	178	school	GEONOUN
51602	105	230	Poland	COUNTRY
51602	109	48	1942	DATE
51602	110	199	school	GEONOUN
51602	110	245	school	GEONOUN
51602	110	289	town	GEONOUN
51602	110	476	town	GEONOUN
51602	110	496	Jewish	GEONOUN
51602	110	582	school	GEONOUN
51602	111	14	1944	DATE
51602	111	50	end of the May	DATE
51602	113	131	Jewish	GEONOUN
51602	113	230	locks	GEONOUN
51602	118	28	town	GEONOUN
51602	119	68	school	GEONOUN
51602	119	141	Jewish	GEONOUN
51602	119	160	school	GEONOUN
51602	119	194	about two days	DATE
51602	122	62	Passover	DATE
51602	123	40	school	GEONOUN
51602	123	65	town	GEONOUN
51602	123	121	city	GEONOUN
51602	123	168	city	GEONOUN
51602	123	185	town	GEONOUN
51602	123	213	city	GEONOUN
51602	123	233	ghetto	GEONOUN
51602	123	243	Kosice	PLACE
51602	124	9	ghetto	GEONOUN
51602	124	51	roof	GEONOUN
51602	126	28	train	GEONOUN
51602	126	44	train	GEONOUN
51602	126	74	train	GEONOUN
51602	126	104	about two months	DATE
51602	128	80	roof	GEONOUN
51602	130	139	ghetto	GEONOUN
51602	130	241	ghetto	GEONOUN
51602	130	278	ghetto	GEONOUN
51602	131	96	ghetto	GEONOUN
51602	132	415	ghetto	GEONOUN
51602	132	498	ghetto	GEONOUN
51602	134	41	field	GEONOUN
51602	138	25	May	DATE
51602	138	58	six weeks	DATE
51602	138	69	six or eight weeks	DATE
51602	138	192	ghetto	GEONOUN
51602	138	403	maybe two days	DATE
51602	140	7	a sunny day	DATE
51602	140	20	spring	GEONOUN
51602	140	39	a nice day	DATE
51602	140	231	Auschwitz-Birkenau	PLACE
51602	141	90	school	GEONOUN
51602	141	100	Vel'ká Ida	PLACE
51602	143	275	Auschwitz-Birkenau	PLACE
51602	144	91	chimney	GEONOUN
51602	144	242	station	GEONOUN
51602	144	521	neck	GEONOUN
51602	150	99	couple of years	DATE
51602	150	153	chimney	GEONOUN
51602	150	1138	block	GEONOUN
51602	150	1159	Birkenau	CAMP
51602	153	72	the days	DATE
51602	153	138	block that night	GEONOUN
51602	153	144	that night	TIME
51602	153	163	night	TIME
51602	153	444	the morning	TIME
51602	153	551	concentration camp	GEONOUN
51602	153	607	every morning	TIME
51602	154	90	camp	GEONOUN
51602	154	157	Birkenau--	PLACE
51602	156	147	the other day	DATE
51602	157	135	concentration camp	GEONOUN
51602	157	276	Czechoslovakia	COUNTRY
51602	157	316	one day	DATE
51602	157	331	camp	GEONOUN
51602	157	472	camp	GEONOUN
51602	158	315	concentration camp	GEONOUN
51602	158	354	all day	DATE
51602	165	13	Birkenau	CAMP
51602	168	51	block	GEONOUN
51602	168	150	three, four years	DATE
51602	168	204	block	GEONOUN
51602	171	54	Birkenau	CAMP
51602	171	77	1945, January 22nd	DATE
51602	172	57	January 15 to-- you know, till 22	DATE
51602	173	47	Auschwitz-Birkenau	PLACE
51602	173	153	Auschwitz	CAMP
51602	173	167	Birkenau	CAMP
51602	173	193	wintertime	DATE
51602	173	240	Poland	COUNTRY
51602	173	251	Germany	COUNTRY
51602	173	292	Poland	COUNTRY
51602	174	388	Poland	COUNTRY
51602	174	440	street	GEONOUN
51602	174	677	road	GEONOUN
51602	174	731	Germany	COUNTRY
51602	174	811	ranch	GEONOUN
51602	174	824	ranch	GEONOUN
51602	174	1127	ranch	GEONOUN
51602	174	1149	walls	GEONOUN
51602	174	1170	roof	GEONOUN
51602	174	1221	Germany	COUNTRY
51602	174	1315	fall	GEONOUN
51602	176	21	ranches	GEONOUN
51602	178	29	ranches	GEONOUN
51602	180	64	fall	GEONOUN
51602	181	22	about three days	DATE
51602	181	87	Poland	COUNTRY
51602	181	98	Germany	COUNTRY
51602	181	153	city	GEONOUN
51602	181	200	Germany	COUNTRY
51602	181	222	Magdeburg	CITY
51602	184	6	next morning	TIME
51602	184	75	city	GEONOUN
51602	184	100	train station	GEONOUN
51602	184	311	train pass	GEONOUN
51602	184	317	pass	GEONOUN
51602	189	46	Bergen-Belsen	CAMP
51602	190	10	two days	DATE
51602	190	22	one day	DATE
51602	191	7	train	GEONOUN
51602	191	70	Bergen-Belsen	CAMP
51602	192	0	Bergen-Belsen	CAMP
51602	192	28	concentration camp	GEONOUN
51602	192	52	Auschwitz-Birkenau	PLACE
51602	192	380	field	GEONOUN
51602	192	415	wood	GEONOUN
51602	192	524	wood	GEONOUN
51602	193	12	about three, four weeks	DATE
51602	195	79	block	GEONOUN
51602	195	301	field	GEONOUN
51602	195	469	block	GEONOUN
51602	195	606	the Atlantic Ocean	PLACE
51602	195	650	Bergen	CITY
51602	195	665	Hanover	CITY
51602	195	681	city	GEONOUN
51602	195	980	field	GEONOUN
51602	195	1028	soil	GEONOUN
51602	196	587	barracks	GEONOUN
51602	196	820	block	GEONOUN
51602	196	1626	April 15, 1945	DATE
51602	198	110	Celle	CITY
51602	198	132	town	GEONOUN
51602	198	214	at least six to eight weeks	DATE
51602	201	0	Czechoslovakia	COUNTRY
51602	202	155	Switzerland	COUNTRY
51602	202	323	Germany	COUNTRY
51602	202	350	bridges	GEONOUN
51602	202	462	Czechoslovakia	COUNTRY
51602	202	505	Hungary	COUNTRY
51602	202	514	Budapest	CITY
51602	202	631	house	GEONOUN
51602	205	21	Vel'ká Ida	PLACE
51602	208	33	September	DATE
51602	210	0	About that time	DATE
51602	210	32	August	DATE
51602	210	40	July	DATE
51602	210	46	July	DATE
51602	210	52	August	DATE
51602	212	31	mines	GEONOUN
51602	212	89	carriage	GEONOUN
51602	212	116	the mine	GEONOUN
51602	212	200	carriage	GEONOUN
51602	212	242	carriage	GEONOUN
51602	214	3	Streda	PLACE
51602	214	36	1949	DATE
51602	217	35	town	GEONOUN
51602	217	48	fields	GEONOUN
51602	217	175	property	GEONOUN
51602	217	384	only a month	DATE
51602	218	66	United States	COUNTRY
51602	218	98	New Braunfels	CITY
51602	218	113	Texas	US-STATE
51602	218	162	United States	COUNTRY
51602	218	199	United States	COUNTRY
51602	218	230	Austria	COUNTRY
51602	218	242	Vienna	CITY
51602	218	314	United States	COUNTRY
51602	218	463	Austria	COUNTRY
51602	218	485	embassy	GEONOUN
51602	218	562	ship	GEONOUN
51602	218	576	Europe	CONTINENT
51602	221	45	Czechoslovakia	COUNTRY
51602	221	215	Austria	COUNTRY
51602	221	223	about two, three months	DATE
51602	221	307	1949	DATE
51602	221	313	December 29	DATE
51602	221	326	December 30, 31	DATE
51602	221	357	Munich	CITY
51602	221	405	Italy	COUNTRY
51602	221	421	Italy	COUNTRY
51602	221	437	boat	GEONOUN
51602	221	452	boat	GEONOUN
51602	221	467	boat	GEONOUN
51602	225	45	boat	GEONOUN
51602	225	197	boat	GEONOUN
51602	225	331	island	GEONOUN
51602	225	379	ocean	GEONOUN
51602	225	477	Venezuela	COUNTRY
51602	226	32	boat	GEONOUN
51602	227	45	boat	GEONOUN
51602	227	53	United States	COUNTRY
51602	228	5	Venezuela	COUNTRY
51602	228	32	Italy	COUNTRY
51602	228	46	Gibraltar	COUNTRY
51602	228	117	Venezuela	COUNTRY
51602	228	137	Venezuela	COUNTRY
51602	228	155	the summertime	DATE
51602	228	204	New York	US-STATE
51602	228	221	winter	DATE
51602	229	17	boat	GEONOUN
51602	229	33	Italy	COUNTRY
51602	229	40	Genoa	CITY
51602	229	47	Italy	COUNTRY
51602	229	72	boat	GEONOUN
51602	229	96	Venezuela	COUNTRY
51602	230	7	January 22, 1950	DATE
51602	232	213	road	GEONOUN
51602	232	262	hotel	GEONOUN
51602	234	0	Marseilles	PLACE
51602	235	31	hotel	GEONOUN
51602	235	64	Europe	CONTINENT
51602	236	36	Ellis [LAUGHS] Island	PLACE
51602	238	3	Ellis Island	PLACE
51602	239	14	about two, three weeks	DATE
51602	239	82	Detroit	CITY
51602	240	217	New Braunfels	CITY
51602	241	36	New Braunfels	CITY
51602	241	192	New Braunfels	CITY
51602	241	232	San Antonio	CITY
51602	242	15	train	GEONOUN
51602	242	71	train	GEONOUN
51602	242	168	Jewish	GEONOUN
51602	242	257	apartment	GEONOUN
51602	243	12	February	DATE
51602	244	0	1950	DATE
51602	244	11	the end of February	DATE
51602	244	65	nice day	DATE
51602	244	97	New York	US-STATE
51602	245	172	factory	GEONOUN
51602	249	28	about six months	DATE
51602	251	12	August 23, 1950	DATE
51602	251	29	1950	DATE
51602	253	22	1951	DATE
51602	254	20	November 7, 1951	DATE
51602	255	19	19--	DATE
51602	256	44	factory	GEONOUN
51602	257	59	town	GEONOUN
51602	257	79	Laredo	CITY
51602	257	90	San Saba	PLACE
51602	257	166	synagogue	GEONOUN
51602	258	111	Saturday	DATE
51602	261	15	1977	DATE
51602	263	17	Staten Island	CITY
51602	263	32	New York	US-STATE
51602	263	61	San Diego	CITY
51602	263	72	California	US-STATE
51602	263	103	Dallas	CITY
51602	263	111	Texas	US-STATE
51602	265	11	about two and a half months	DATE
51602	265	55	tomorrow	DATE
51602	270	180	my late years	DATE
51602	271	158	concentration camp	GEONOUN
51602	278	24	1935	DATE
51602	280	48	neck	GEONOUN
51602	280	81	every day	DATE
51602	280	166	neck	GEONOUN
51602	281	53	farm	GEONOUN
51602	283	51	First World War	EVENT
51602	286	37	a summertime	DATE
51602	288	12	18	DATE
51602	292	84	concentration camp	GEONOUN
51602	293	92	Bergen-Belsen	CAMP
51602	294	15	camp	GEONOUN
51602	296	35	1950	DATE
51602	296	57	51 years old	DATE
51602	296	81	a minute	TIME
51602	296	120	51	DATE
51602	296	146	1945	DATE
51602	296	168	about 56, 57 years old	DATE
51602	300	31	concentration camp	GEONOUN
51602	301	48	so many years	DATE
51602	302	57	1949	DATE
51602	303	18	Kosice	PLACE
51602	303	37	Kosice	PLACE
51602	303	210	Detroit	CITY
51602	305	6	25	DATE
51602	306	7	28	DATE
51602	306	11	29	DATE
51602	308	60	Genoa	CITY
51602	308	93	America	COUNTRY
51602	309	33	a couple days	DATE
51602	313	42	Kosice	PLACE
51602	314	40	San Antonio	CITY
51602	314	77	a month	DATE
51602	315	45	'79-- '80	DATE
51602	316	55	'77	DATE
51602	316	79	1980	DATE
51602	319	63	Czechoslovakia	COUNTRY
51602	319	88	1963	DATE
51602	320	0	'65	DATE
51602	320	32	'65	DATE
51602	321	0	About six weeks.	DATE
51602	325	11	10 years	DATE
51602	326	0	1964	DATE
51602	328	18	1963	DATE
51602	329	22	backyard	GEONOUN
51602	333	18	hotel	GEONOUN
51602	333	103	hotel	GEONOUN
