FileID	AnswerID	StartCharPos	Entity	Type
51621	0	36	May the 8th, 1919	DATE
51621	0	58	Budapest	CITY
51621	0	68	Hungary	COUNTRY
51621	2	21	Budapest	CITY
51621	2	35	1949	DATE
51621	3	26	Budapest	CITY
51621	3	35	about a half an hour	TIME
51621	3	56	train	GEONOUN
51621	4	44	9 and 1/2 years old	DATE
51621	4	93	Budapest	CITY
51621	4	124	1919	DATE
51621	4	129	Hungary	COUNTRY
51621	5	50	apartment	GEONOUN
51621	5	63	Budapest	CITY
51621	5	126	Budapest	CITY
51621	6	14	factory	GEONOUN
51621	11	102	States	PLACE
51621	11	118	New York	US-STATE
51621	11	148	store	GEONOUN
51621	13	13	two weeks old	DATE
51621	13	86	apartment	GEONOUN
51621	13	99	Budapest	CITY
51621	13	125	house	GEONOUN
51621	13	138	country	GEONOUN
51621	13	187	apartment	GEONOUN
51621	13	223	Sashalom	PLACE
51621	14	36	9 and 1/2	DATE
51621	14	61	school	GEONOUN
51621	15	230	the weekend	DATE
51621	17	117	Vienna	CITY
51621	17	137	about 18	DATE
51621	17	147	19	DATE
51621	17	179	Hungary	COUNTRY
51621	17	263	house	GEONOUN
51621	23	75	land	GEONOUN
51621	23	98	main street	GEONOUN
51621	23	120	passageway	GEONOUN
51621	23	138	house	GEONOUN
51621	23	192	flower garden	GEONOUN
51621	23	273	trees	GEONOUN
51621	24	52	monthly	DATE
51621	25	111	Budapest	CITY
51621	25	147	the weekend	DATE
51621	26	300	weekend	DATE
51621	26	330	the whole week	DATE
51621	26	363	market	GEONOUN
51621	27	250	country	GEONOUN
51621	30	25	Yom Kippur	DATE
51621	30	37	Rosh Hashanah	DATE
51621	30	87	every Friday	DATE
51621	30	121	Yahrzeit	DATE
51621	31	114	every Sunday	DATE
51621	31	197	early in the morning	TIME
51621	31	361	fence	GEONOUN
51621	31	387	railway station	GEONOUN
51621	31	395	station	GEONOUN
51621	31	404	every day	DATE
51621	33	60	village	GEONOUN
51621	35	25	Sunday	DATE
51621	35	32	afternoon	TIME
51621	35	204	Sunday	DATE
51621	35	211	afternoon	TIME
51621	35	347	country	GEONOUN
51621	35	616	1929	DATE
51621	35	639	Budapest	CITY
51621	38	4	1929	DATE
51621	38	102	country house	GEONOUN
51621	38	138	Budapest	CITY
51621	39	20	school	GEONOUN
51621	40	29	the four year	DATE
51621	40	77	Budapest	CITY
51621	42	10	apartment	GEONOUN
51621	42	43	Rákóczi út 22	PLACE
51621	42	75	Rákóczi út 4	PLACE
51621	43	25	apartment	GEONOUN
51621	43	142	ground	GEONOUN
51621	44	14	Budapest	CITY
51621	46	119	Jewish	GEONOUN
51621	46	184	the weekends	DATE
51621	47	32	locals	GEONOUN
51621	49	7	school	GEONOUN
51621	50	56	the first four year	DATE
51621	51	28	school	GEONOUN
51621	51	46	another four years	DATE
51621	51	90	school	GEONOUN
51621	51	108	another four years	DATE
51621	51	150	the age of 18	DATE
51621	51	181	14	DATE
51621	51	234	school	GEONOUN
51621	51	246	14	DATE
51621	52	34	14	DATE
51621	52	48	school	GEONOUN
51621	52	73	building	GEONOUN
51621	52	105	building	GEONOUN
51621	52	122	eight years	DATE
51621	53	33	school	GEONOUN
51621	54	235	Vienna	CITY
51621	57	11	Budapest	CITY
51621	57	31	Dohány utca	PLACE
51621	57	43	temple	GEONOUN
51621	57	94	ghetto	GEONOUN
51621	58	33	school	GEONOUN
51621	58	96	one hour	TIME
51621	58	216	Israel	COUNTRY
51621	58	242	Jewish	GEONOUN
51621	59	19	school	GEONOUN
51621	60	40	Jewish	GEONOUN
51621	60	81	Jewish	GEONOUN
51621	61	15	10	DATE
51621	61	39	bar	GEONOUN
51621	61	54	Budapest	CITY
51621	64	35	bar	GEONOUN
51621	65	38	school	GEONOUN
51621	71	8	Budapest	CITY
51621	72	4	synagogue	GEONOUN
51621	72	19	Dohány utca	PLACE
51621	72	31	temple	GEONOUN
51621	75	54	18	DATE
51621	77	17	school	GEONOUN
51621	77	50	labor camp	GEONOUN
51621	79	16	music school	GEONOUN
51621	79	143	Jewish	GEONOUN
51621	82	198	university	GEONOUN
51621	82	250	university	GEONOUN
51621	82	320	Hungary	COUNTRY
51621	82	347	country	GEONOUN
51621	82	368	country	GEONOUN
51621	86	7	Jewish	GEONOUN
51621	86	86	university	GEONOUN
51621	87	291	Jewish	GEONOUN
51621	87	311	Jewish	GEONOUN
51621	91	17	school	GEONOUN
51621	91	38	10 to 14	DATE
51621	91	67	America	COUNTRY
51621	91	100	school	GEONOUN
51621	91	124	school	GEONOUN
51621	91	201	14	DATE
51621	91	227	school	GEONOUN
51621	91	255	the next four years	DATE
51621	92	24	club	GEONOUN
51621	94	39	about 16	DATE
51621	94	193	school	GEONOUN
51621	96	106	opera	GEONOUN
51621	96	133	a year and 1/2	DATE
51621	97	65	18	DATE
51621	97	105	school	GEONOUN
51621	97	145	labor camp	GEONOUN
51621	97	238	school	GEONOUN
51621	97	309	labor camp	GEONOUN
51621	97	357	a few months	DATE
51621	99	45	Jewish	GEONOUN
51621	99	202	Budapest	CITY
51621	100	18	Hungary	COUNTRY
51621	100	102	ghetto	GEONOUN
51621	100	395	ghetto	GEONOUN
51621	100	417	house	GEONOUN
51621	102	81	Paris	CITY
51621	102	121	US	PLACE
51621	105	24	1937	DATE
51621	105	75	Germany	COUNTRY
51621	105	235	Hungary	COUNTRY
51621	105	308	Hungary	COUNTRY
51621	105	420	Austria	COUNTRY
51621	105	684	Hungary	COUNTRY
51621	105	811	about five minutes	TIME
51621	105	889	Hungary	COUNTRY
51621	105	933	school	GEONOUN
51621	105	943	July 1938	DATE
51621	105	961	September	DATE
51621	105	991	labor camp	GEONOUN
51621	105	1013	labor camp	GEONOUN
51621	105	1039	Galanta	CITY
51621	105	1066	Hungary	COUNTRY
51621	108	136	Tehran	CITY
51621	109	0	Iran	COUNTRY
51621	113	36	Hungary	COUNTRY
51621	113	66	labor camp	GEONOUN
51621	115	13	Galanta	CITY
51621	115	117	pillar	GEONOUN
51621	115	162	foot	GEONOUN
51621	115	193	ground	GEONOUN
51621	115	226	pass	GEONOUN
51621	115	235	the weekend	DATE
51621	116	73	Galanta	CITY
51621	117	7	train	GEONOUN
51621	119	40	Germany	COUNTRY
51621	119	101	Germany	COUNTRY
51621	119	128	Austria	COUNTRY
51621	121	49	labor camp	GEONOUN
51621	126	34	labor camp	GEONOUN
51621	126	136	Russia	COUNTRY
51621	127	0	'9	DATE
51621	127	17	'39	DATE
51621	128	20	labor camp	GEONOUN
51621	129	14	Galanta	CITY
51621	129	22	labor camp	GEONOUN
51621	131	16	camp	GEONOUN
51621	131	272	every morning	TIME
51621	132	24	bank	GEONOUN
51621	132	99	river	GEONOUN
51621	132	124	river	GEONOUN
51621	132	152	every morning	TIME
51621	132	330	river	GEONOUN
51621	132	437	afternoon	TIME
51621	132	498	the morning	TIME
51621	132	618	river	GEONOUN
51621	132	696	river	GEONOUN
51621	135	50	labor camp	GEONOUN
51621	139	37	'39	DATE
51621	139	80	school	GEONOUN
51621	139	130	Budapest	CITY
51621	139	142	the beginning of '39	DATE
51621	149	37	Budapest	CITY
51621	150	24	houses	GEONOUN
51621	150	122	house	GEONOUN
51621	150	193	houses	GEONOUN
51621	151	5	house	GEONOUN
51621	153	7	labor camp	GEONOUN
51621	155	24	apartment	GEONOUN
51621	155	81	house	GEONOUN
51621	157	22	house	GEONOUN
51621	159	36	'39	DATE
51621	160	182	Budapest	CITY
51621	162	148	ghetto	GEONOUN
51621	163	13	ghetto	GEONOUN
51621	164	4	ghetto	GEONOUN
51621	164	26	temple	GEONOUN
51621	165	106	labor camp	GEONOUN
51621	165	126	Budapest	CITY
51621	165	205	ghetto	GEONOUN
51621	165	348	corner	GEONOUN
51621	167	67	ghetto	GEONOUN
51621	167	92	'39	DATE
51621	167	146	labor camp	GEONOUN
51621	167	189	Mosonmagyaróvár	CITY
51621	167	223	Hungary	COUNTRY
51621	170	68	train	GEONOUN
51621	170	104	Magyaróvár	PLACE
51621	170	166	Budapest	CITY
51621	172	16	Magyaróvár	PLACE
51621	172	28	Mosonmagyaróvár	CITY
51621	174	4	locals	GEONOUN
51621	176	20	locals	GEONOUN
51621	176	72	country	GEONOUN
51621	178	20	labor camp	GEONOUN
51621	178	34	Mosonmagyaróvár	CITY
51621	179	18	factory	GEONOUN
51621	181	203	factory	GEONOUN
51621	181	256	board	GEONOUN
51621	182	179	wood	GEONOUN
51621	183	276	fell	GEONOUN
51621	186	63	wintertime	DATE
51621	186	129	flat	GEONOUN
51621	186	165	wood	GEONOUN
51621	186	246	room	GEONOUN
51621	186	254	wintertime	DATE
51621	188	107	'39	DATE
51621	188	120	Mosonmagyaróvár	CITY
51621	188	144	'40	DATE
51621	188	166	Gyor	PLACE
51621	189	68	factory	GEONOUN
51621	189	132	factory	GEONOUN
51621	190	291	railway	GEONOUN
51621	190	316	factory	GEONOUN
51621	190	410	building	GEONOUN
51621	190	423	railway	GEONOUN
51621	190	489	factory	GEONOUN
51621	190	577	trench	GEONOUN
51621	190	617	trench	GEONOUN
51621	190	637	trench	GEONOUN
51621	190	893	Mosonmagyaróvár	CITY
51621	191	18	nighttime	TIME
51621	191	38	factory	GEONOUN
51621	193	141	district	GEONOUN
51621	195	25	factory	GEONOUN
51621	196	151	19-- came to, you know,	DATE
51621	196	175	1942	DATE
51621	196	205	factory	GEONOUN
51621	196	216	Vác	CITY
51621	196	221	Vác	CITY
51621	196	238	town	GEONOUN
51621	196	254	Budapest	CITY
51621	196	317	every morning	TIME
51621	196	399	rocks	GEONOUN
51621	196	613	Vác	CITY
51621	198	206	Újpest	PLACE
51621	198	214	Újpest	PLACE
51621	198	233	Vác	CITY
51621	198	241	Budapest	CITY
51621	198	275	Újpest	PLACE
51621	198	319	Vác	CITY
51621	198	365	factory	GEONOUN
51621	198	483	wood	GEONOUN
51621	198	550	wood	GEONOUN
51621	199	22	street	GEONOUN
51621	199	216	next week	DATE
51621	199	392	wood	GEONOUN
51621	199	415	wood	GEONOUN
51621	200	269	every day	DATE
51621	200	502	wood	GEONOUN
51621	202	42	wood	GEONOUN
51621	202	283	factory	GEONOUN
51621	202	332	Újpest	PLACE
51621	202	364	Budapest	CITY
51621	204	109	Budapest	CITY
51621	204	141	Budapest	CITY
51621	205	46	ghetto	GEONOUN
51621	205	137	ghetto	GEONOUN
51621	205	387	apartment	GEONOUN
51621	205	508	ghetto	GEONOUN
51621	206	35	district	GEONOUN
51621	213	14	five	DATE
51621	213	20	six	DATE
51621	214	191	Budapest	CITY
51621	214	228	bridge	GEONOUN
51621	214	238	Buda	PLACE
51621	214	300	Buda	PLACE
51621	214	383	Buda	PLACE
51621	217	18	house	GEONOUN
51621	217	28	Buda	PLACE
51621	217	203	evening	TIME
51621	217	385	nighttime	TIME
51621	217	413	Buda	PLACE
51621	217	421	Pest	PLACE
51621	217	440	house	GEONOUN
51621	217	512	street	GEONOUN
51621	217	652	Budapest	CITY
51621	219	150	a few days'	DATE
51621	219	326	railway line	GEONOUN
51621	219	361	train	GEONOUN
51621	219	702	train	GEONOUN
51621	219	984	edge	GEONOUN
51621	219	992	Budapest	CITY
51621	219	1167	Budapest	CITY
51621	219	1196	house	GEONOUN
51621	219	1225	house	GEONOUN
51621	219	1296	24 hours	TIME
51621	219	1371	a few days	DATE
51621	219	1417	street	GEONOUN
51621	219	1466	street	GEONOUN
51621	219	1641	railway station	GEONOUN
51621	219	1649	station	GEONOUN
51621	220	90	railway station	GEONOUN
51621	220	98	station	GEONOUN
51621	222	97	railway station	GEONOUN
51621	222	105	station	GEONOUN
51621	222	153	'44	DATE
51621	222	201	Bergen-Belsen	CAMP
51621	224	21	Austria	COUNTRY
51621	224	195	field	GEONOUN
51621	226	53	one or two days--	DATE
51621	226	122	Bergen-Belsen	CAMP
51621	228	66	room	GEONOUN
51621	230	59	Bergen-Belsen	CAMP
51621	231	66	Bergen-Belsen	CAMP
51621	231	126	Switzerland	COUNTRY
51621	231	143	Bergen-Belsen	CAMP
51621	231	274	Bergen-Belsen	CAMP
51621	231	439	barracks	GEONOUN
51621	231	502	concentration camp	GEONOUN
51621	231	530	barracks	GEONOUN
51621	232	36	station	GEONOUN
51621	232	104	camp	GEONOUN
51621	233	66	camp	GEONOUN
51621	234	41	forest	GEONOUN
51621	234	49	The Bergen-Belsen	PLACE
51621	234	67	camp	GEONOUN
51621	234	97	edge	GEONOUN
51621	234	109	forest	GEONOUN
51621	234	222	concentration camp	GEONOUN
51621	234	265	barracks	GEONOUN
51621	236	19	barracks	GEONOUN
51621	236	127	passageway	GEONOUN
51621	237	137	barracks	GEONOUN
51621	237	177	4 o'clock, 5 o'clock in the morning	TIME
51621	239	38	street	GEONOUN
51621	239	64	yard	GEONOUN
51621	239	127	forest	GEONOUN
51621	241	93	other day	DATE
51621	241	128	forest	GEONOUN
51621	242	71	fence	GEONOUN
51621	242	97	fence	GEONOUN
51621	242	126	fence	GEONOUN
51621	243	268	camp	GEONOUN
51621	243	321	Hamburg	CITY
51621	243	333	Hanover	CITY
51621	243	370	Theresienstadt	CAMP
51621	244	0	Maybe eight months	DATE
51621	245	91	Hungary	COUNTRY
51621	248	15	Bergen-Belsen	CAMP
51621	248	83	barracks	GEONOUN
51621	249	31	a minute	TIME
51621	249	41	minute and a half	TIME
51621	251	79	train	GEONOUN
51621	251	102	Theresienstadt	CAMP
51621	251	170	train	GEONOUN
51621	251	271	train	GEONOUN
51621	251	315	train	GEONOUN
51621	251	400	train	GEONOUN
51621	251	445	forest	GEONOUN
51621	251	480	road	GEONOUN
51621	251	490	railway line	GEONOUN
51621	251	517	forest	GEONOUN
51621	252	330	train	GEONOUN
51621	252	348	Theresienstadt	CAMP
51621	252	394	Lüneburg	CITY
51621	252	406	Germany	COUNTRY
51621	252	438	a couple hours earlier	TIME
51621	252	469	railway station	GEONOUN
51621	252	477	station	GEONOUN
51621	252	493	train	GEONOUN
51621	252	698	crater	GEONOUN
51621	252	726	yards	GEONOUN
51621	252	1100	train	GEONOUN
51621	252	1117	Theresienstadt	CAMP
51621	252	1218	'45	DATE
51621	252	1233	1945	DATE
51621	256	12	Theresienstadt	CAMP
51621	256	41	camp	GEONOUN
51621	257	9	Jewish	GEONOUN
51621	257	178	camp	GEONOUN
51621	257	265	fence	GEONOUN
51621	257	317	the morning	TIME
51621	257	330	May 8, 1945	DATE
51621	257	381	my birthday	DATE
51621	257	502	half an hour later	TIME
51621	258	188	camp	GEONOUN
51621	258	265	camp	GEONOUN
51621	258	295	Prague	CITY
51621	263	59	street	GEONOUN
51621	263	270	Germany	COUNTRY
51621	263	336	Prague	CITY
51621	264	94	camp	GEONOUN
51621	264	127	town	GEONOUN
51621	264	181	Prague	CITY
51621	264	370	Prague	CITY
51621	264	528	Budapest	CITY
51621	264	599	train	GEONOUN
51621	264	777	Romania	COUNTRY
51621	264	880	one day	DATE
51621	264	937	Siberia	PLACE
51621	265	291	Budapest	CITY
51621	265	303	the 26th of May	DATE
51621	268	266	May 26	DATE
51621	270	17	about September	DATE
51621	270	65	Budapest	CITY
51621	270	271	street	GEONOUN
51621	270	465	chain	GEONOUN
51621	270	618	Hungary	COUNTRY
51621	270	640	10 o'clock evening	TIME
51621	270	664	6:00 at night	TIME
51621	270	736	7:00 till	TIME
51621	270	746	10:00	TIME
51621	272	242	the morning-- morning? 10 o'clock	TIME
51621	272	392	street	GEONOUN
51621	272	475	10 o'clock	TIME
51621	272	576	street	GEONOUN
51621	272	626	street	GEONOUN
51621	272	642	fell	GEONOUN
51621	272	675	five, 10 minutes	TIME
51621	272	787	street	GEONOUN
51621	272	811	Siberia	PLACE
51621	272	883	Vienna	CITY
51621	272	969	train	GEONOUN
51621	272	1109	church	GEONOUN
51621	272	1215	train	GEONOUN
51621	272	1286	Vienna	CITY
51621	272	1312	one year	DATE
51621	272	1324	Vienna	CITY
51621	272	1454	Vienna	CITY
51621	273	145	Austria	COUNTRY
51621	273	157	Budapest	CITY
51621	273	346	'47	DATE
51621	273	366	Budapest	CITY
51621	273	404	the Moulin Rouge	PLACE
51621	273	506	concentration camp	GEONOUN
51621	273	590	a couple afternoons	TIME
51621	273	615	department store	GEONOUN
51621	273	626	store	GEONOUN
51621	273	731	3:00 till	TIME
51621	273	741	5:00	TIME
51621	274	168	Lebanon	COUNTRY
51621	274	594	consulate	GEONOUN
51621	274	637	one day	DATE
51621	274	721	tomorrow	DATE
51621	274	731	8 o'clock	TIME
51621	274	915	corridors	GEONOUN
51621	274	965	walls	GEONOUN
51621	274	1122	Lebanon	COUNTRY
51621	274	1286	Beirut	CITY
51621	274	1428	every week	DATE
51621	274	1651	'49 February	DATE
51621	274	1679	train	GEONOUN
51621	274	1706	Hungary	COUNTRY
51621	274	1889	Lebanon	COUNTRY
51621	274	1951	Yugoslavia	CAMP
51621	274	1974	Trieste	CITY
51621	274	2014	port	GEONOUN
51621	274	2057	Trieste	CITY
51621	274	2074	train	GEONOUN
51621	274	2103	Italy	COUNTRY
51621	274	2112	Genoa	CITY
51621	274	2196	Beirut	CITY
51621	274	2250	Mediterranean	PLACE
51621	274	2333	ship	GEONOUN
51621	274	2458	boat	GEONOUN
51621	274	2627	cabin	GEONOUN
51621	274	2660	cabin	GEONOUN
51621	274	2851	Port Said	CITY
51621	274	2862	Port Said	CITY
51621	274	2910	boat	GEONOUN
51621	274	2940	port	GEONOUN
51621	274	2958	ocean	GEONOUN
51621	274	3088	Port Said	CITY
51621	274	3110	Beirut	CITY
51621	274	3122	Beirut	CITY
51621	274	3144	Paris	CITY
51621	274	3235	Lido	CITY
51621	274	3339	Paris	CITY
51621	274	3447	coffee shop	GEONOUN
51621	274	3466	street	GEONOUN
51621	274	3558	store	GEONOUN
51621	274	3672	Jordan	COUNTRY
51621	274	3886	Amman	CITY
51621	274	4018	six months	DATE
51621	274	4118	Jordan	COUNTRY
51621	274	4143	mountain	GEONOUN
51621	274	4168	Damascus	CITY
51621	274	4210	Jordan	COUNTRY
51621	274	4221	Amman	CITY
51621	274	4240	Amman	CITY
51621	274	4258	building	GEONOUN
51621	274	4313	tents	GEONOUN
51621	274	4364	street	GEONOUN
51621	275	69	station	GEONOUN
51621	275	126	Jordan	COUNTRY
51621	275	158	Israel	COUNTRY
51621	275	200	Jordan	COUNTRY
51621	275	210	Israel	COUNTRY
51621	275	252	Italy	COUNTRY
51621	275	301	Israel	COUNTRY
51621	275	352	Amman	CITY
51621	275	393	Jerusalem	CITY
51621	275	481	Jerusalem	CITY
51621	279	151	Jewish	GEONOUN
51621	279	217	station	GEONOUN
51621	279	306	the Dead Sea	PLACE
51621	280	19	Amman	CITY
51621	280	70	One day	DATE
51621	280	90	two days	DATE
51621	281	125	Jewish	GEONOUN
51621	282	56	Hungary	COUNTRY
51621	283	28	station	GEONOUN
51621	283	157	Amman	CITY
51621	283	185	Jerusalem	CITY
51621	283	203	mosque	GEONOUN
51621	283	259	mosque	GEONOUN
51621	283	309	street	GEONOUN
51621	283	411	street	GEONOUN
51621	283	529	Australia	COUNTRY
51621	283	553	landing	GEONOUN
51621	283	678	Australia	COUNTRY
51621	283	740	Australia	COUNTRY
51621	283	899	ship	GEONOUN
51621	283	931	Beirut	CITY
51621	283	953	ship	GEONOUN
51621	283	965	Egypt	COUNTRY
51621	283	987	ship	GEONOUN
51621	283	999	Australia	COUNTRY
51621	283	1050	Beirut	CITY
51621	283	1060	Port Said	CITY
51621	283	1103	Port Said	CITY
51621	283	1116	Australia	COUNTRY
51621	283	1168	the night	TIME
51621	283	1197	a couple of nights	DATE
51621	283	1227	hotel motel	GEONOUN
51621	283	1233	motel	GEONOUN
51621	283	1325	port	GEONOUN
51621	283	1537	ship	GEONOUN
51621	283	1637	the Suez Canal	PLACE
51621	283	1676	the Suez Canal	PLACE
51621	283	1700	parts	GEONOUN
51621	283	1715	narrow	GEONOUN
51621	283	1740	ship	GEONOUN
51621	283	1827	28 days	DATE
51621	283	1840	Egypt	COUNTRY
51621	283	1859	Australia	COUNTRY
51621	283	1893	boarding house	GEONOUN
51621	284	10	Australia	COUNTRY
51621	284	197	Jewish	GEONOUN
51621	284	413	Australia	COUNTRY
51621	284	463	Australia	COUNTRY
51621	284	532	factory	GEONOUN
51621	284	572	factory	GEONOUN
51621	284	617	factory	GEONOUN
51621	284	872	Sydney	CITY
51621	284	937	Sidney	CITY
51621	284	959	mountain	GEONOUN
51621	284	979	building	GEONOUN
51621	284	990	hydroelectric power station	GEONOUN
51621	284	1023	the Hoover Dam	PLACE
51621	284	1064	club	GEONOUN
51621	284	1163	Cooma	PLACE
51621	284	1193	wintertime	DATE
51621	284	1239	building	GEONOUN
51621	284	1279	nighttime	TIME
51621	284	1433	dam	GEONOUN
51621	284	1594	club	GEONOUN
51621	284	1602	Sydney	CITY
51621	284	1635	States	PLACE
51621	284	1859	Sydney	CITY
51621	284	1894	restaurant	GEONOUN
51621	284	2409	club	GEONOUN
51621	284	2437	club	GEONOUN
51621	284	2461	club	GEONOUN
51621	284	2479	Japan	COUNTRY
51621	284	2499	Sydney	CITY
51621	284	2563	Japan	COUNTRY
51621	284	2595	1960	DATE
51621	284	2611	Japan	COUNTRY
51621	284	2646	one year	DATE
51621	284	2658	Tokyo	CITY
51621	284	2772	Hungary	COUNTRY
51621	284	2809	apartment	GEONOUN
51621	284	2851	'61	DATE
51621	284	2873	'62	DATE
51621	284	2881	Sydney	CITY
51621	284	2938	the Oasis Room	PLACE
51621	284	3313	Japan	COUNTRY
51621	284	3483	road	GEONOUN
51621	284	3524	Japan	COUNTRY
51621	284	3563	Philippines	COUNTRY
51621	284	3576	Taipei	CITY
51621	284	3584	Taiwan	COUNTRY
51621	284	3592	Singapore	COUNTRY
51621	284	3603	Bangkok	CITY
51621	284	3612	Kuala Lumpur	CITY
51621	284	3629	Malaysia	COUNTRY
51621	284	3649	South Korea	COUNTRY
51621	284	3665	Seoul	CITY
51621	284	3769	Hong Kong	COUNTRY
51621	284	3861	Tropicana	PLACE
51621	284	3874	Las Vegas	CITY
51621	284	3939	the Blue Room	PLACE
51621	284	3960	'63	DATE
51621	284	3965	February	DATE
51621	284	3982	Japan	COUNTRY
51621	284	4047	tree	GEONOUN
51621	284	4084	tree	GEONOUN
51621	285	1	63	DATE
51621	286	0	February	DATE
51621	286	19	the United States	COUNTRY
51621	286	69	the Blue Room	PLACE
51621	286	278	room	GEONOUN
51621	287	69	Montreal	PLACE
51621	287	228	Montreal	PLACE
51621	287	347	Montreal	PLACE
51621	287	375	the United States	COUNTRY
51621	287	394	Detroit	CITY
51621	287	508	the Blue Room	PLACE
51621	287	540	room	GEONOUN
51621	287	812	residence	GEONOUN
51621	288	35	'72	DATE
51621	288	54	hotel	GEONOUN
51621	288	378	Denmark	COUNTRY
51621	288	414	Australia	COUNTRY
51621	288	460	every year	DATE
51621	288	518	December	DATE
51621	288	612	December the 1st	DATE
51621	288	726	the Union Plaza	PLACE
51621	288	757	Broadway	PLACE
51621	288	828	the Union Plaza	PLACE
51621	288	863	the Union Plaza	PLACE
51621	288	901	'92	DATE
51621	288	927	showroom	GEONOUN
51621	288	991	Broadway	PLACE
51621	291	24	Broadway	PLACE
51621	292	73	Japan	COUNTRY
51621	292	191	park	GEONOUN
51621	292	255	club	GEONOUN
51621	294	17	Tokyo	CITY
51621	295	42	country	GEONOUN
51621	297	39	Jewish	GEONOUN
51621	297	184	Jewish	GEONOUN
