FileID	AnswerID	StartCharPos	Entity	Type
51692	6	0	June 23, 1925	DATE
51692	7	10	76	DATE
51692	7	17	a few weeks	DATE
51692	8	3	Budapest	CITY
51692	8	13	Hungary	COUNTRY
51692	9	29	yard	GEONOUN
51692	9	97	town	GEONOUN
51692	9	115	Slovakia	COUNTRY
51692	9	131	Dunaszerdahely	PLACE
51692	9	176	Dunajská Streda	CITY
51692	9	213	1923	DATE
51692	9	219	August 26	DATE
51692	9	279	town	GEONOUN
51692	9	299	Komárno	CITY
51692	9	317	Danube	PLACE
51692	9	337	town	GEONOUN
51692	9	353	Hungary	COUNTRY
51692	9	377	Slovakia	COUNTRY
51692	9	393	World War I.	EVENT
51692	9	428	yard	GEONOUN
51692	12	98	10, 12 years old	DATE
51692	12	250	1938	DATE
51692	12	341	1944	DATE
51692	12	385	town	GEONOUN
51692	12	504	ghetto	GEONOUN
51692	12	532	town	GEONOUN
51692	13	79	today	DATE
51692	13	163	Jewish	GEONOUN
51692	13	312	Saturday	DATE
51692	14	17	school	GEONOUN
51692	14	43	town	GEONOUN
51692	14	152	school	GEONOUN
51692	14	508	the four years	DATE
51692	14	537	school	GEONOUN
51692	14	567	Budapest	CITY
51692	14	582	Jewish	GEONOUN
51692	14	659	high school	GEONOUN
51692	14	701	school	GEONOUN
51692	14	752	Jewish school	GEONOUN
51692	14	759	school	GEONOUN
51692	14	767	Jewish	GEONOUN
51692	14	788	Jewish	GEONOUN
51692	14	872	about 14	DATE
51692	14	882	15	DATE
51692	15	30	the early '30s	DATE
51692	15	48	Germany	COUNTRY
51692	15	78	Hungary	COUNTRY
51692	15	111	1937, '38	DATE
51692	15	138	'38	DATE
51692	15	146	'38	DATE
51692	15	151	Hungary	COUNTRY
51692	15	223	Germany	COUNTRY
51692	15	242	Hungary	COUNTRY
51692	15	316	Slovakia	COUNTRY
51692	15	326	Romania	COUNTRY
51692	15	335	Yugoslavia	CAMP
51692	15	373	World War I.	EVENT
51692	15	393	town	GEONOUN
51692	15	422	town	GEONOUN
51692	15	452	town	GEONOUN
51692	15	488	Hungary	COUNTRY
51692	15	561	Hungary	COUNTRY
51692	15	614	village	GEONOUN
51692	15	698	a few years	DATE
51692	15	734	Slovakia	COUNTRY
51692	15	791	1941	DATE
51692	15	800	Hungary	COUNTRY
51692	15	831	the summer of 1944	DATE
51692	15	878	Slovakia	COUNTRY
51692	15	919	Hungary	COUNTRY
51692	15	930	'38	DATE
51692	15	946	three-years	DATE
51692	16	55	1941	DATE
51692	16	125	1931-- '41	DATE
51692	16	161	Slovakia	COUNTRY
51692	16	220	Slovakia	COUNTRY
51692	16	249	Hungary	COUNTRY
51692	17	95	South America	CONTINENT
51692	17	124	the United States	COUNTRY
51692	17	369	six months	DATE
51692	18	31	1934	DATE
51692	18	248	house	GEONOUN
51692	20	3	1941	DATE
51692	20	63	Hungary	COUNTRY
51692	20	124	camps	GEONOUN
51692	20	158	camps	GEONOUN
51692	20	404	town	GEONOUN
51692	20	414	town	GEONOUN
51692	20	469	camps	GEONOUN
51692	20	483	town	GEONOUN
51692	20	735	camp	GEONOUN
51692	20	768	labor camp	GEONOUN
51692	20	789	the winter	DATE
51692	20	804	the Russian winter	DATE
51692	20	851	trees	GEONOUN
51692	20	917	fell	GEONOUN
51692	20	929	ground	GEONOUN
51692	20	983	'41	DATE
51692	20	1122	country	GEONOUN
51692	20	1159	Slovakia	COUNTRY
51692	20	1171	Hungary	COUNTRY
51692	20	1185	Hungary	COUNTRY
51692	20	1196	Yugoslavia	CAMP
51692	20	1211	Romania	COUNTRY
51692	20	1256	his last few years	DATE
51692	21	146	Dunajská Streda	CITY
51692	21	178	town	GEONOUN
51692	21	217	Slovakia	COUNTRY
51692	21	360	a Saturday	DATE
51692	21	419	Slovakia	COUNTRY
51692	21	446	three-year-old	DATE
51692	21	483	just a day	DATE
51692	21	598	United States	COUNTRY
51692	21	856	Austria	COUNTRY
51692	21	981	Austria	COUNTRY
51692	21	1030	Vienna	CITY
51692	21	1156	Hungary	COUNTRY
51692	21	1186	house	GEONOUN
51692	21	1226	region	GEONOUN
51692	21	1236	Austria	COUNTRY
51692	21	1248	Hungary	COUNTRY
51692	21	1320	train	GEONOUN
51692	21	1350	England	PLACE
51692	21	1500	Austria	COUNTRY
51692	21	1527	Hungary	COUNTRY
51692	21	1558	the United States	COUNTRY
51692	22	39	university	GEONOUN
51692	22	303	road	GEONOUN
51692	22	320	house	GEONOUN
51692	22	358	midnight	TIME
51692	22	380	early in the morning	TIME
51692	22	413	the next day	DATE
51692	22	444	station	GEONOUN
51692	22	552	those years	DATE
51692	22	741	those years	DATE
51692	23	18	1935	DATE
51692	23	48	Budapest	CITY
51692	23	82	almost every week	DATE
51692	23	150	Budapest	CITY
51692	23	192	one-hour	TIME
51692	23	201	train	GEONOUN
51692	24	6	the first four years	DATE
51692	24	193	high school	GEONOUN
51692	24	456	1940	DATE
51692	24	499	Jewish	GEONOUN
51692	24	522	1938	DATE
51692	24	530	Hungary	COUNTRY
51692	24	567	Jewish	GEONOUN
51692	24	885	university	GEONOUN
51692	24	1020	Jewish community	GEONOUN
51692	24	1027	community	GEONOUN
51692	24	1040	Budapest	CITY
51692	24	1105	school	GEONOUN
51692	24	1210	school	GEONOUN
51692	24	1231	school	GEONOUN
51692	24	1432	The hours	TIME
51692	24	1471	8:00	TIME
51692	24	1486	12:00	TIME
51692	24	1571	one hour	TIME
51692	24	1591	an hour and a half	TIME
51692	24	1629	the afternoon	TIME
51692	24	1727	7:00	TIME
51692	24	1753	five and 1/2 days	DATE
51692	24	1890	1943	DATE
51692	24	1912	school	GEONOUN
51692	24	2039	university	GEONOUN
51692	24	2142	entrance	GEONOUN
51692	24	2164	university	GEONOUN
51692	24	2302	the summer of 1945	DATE
51692	24	2350	town	GEONOUN
51692	24	2382	university	GEONOUN
51692	24	2545	school	GEONOUN
51692	25	84	10 hours	TIME
51692	25	106	school	GEONOUN
51692	25	118	the summers	DATE
51692	25	162	yard	GEONOUN
51692	26	60	entrance	GEONOUN
51692	26	232	university	GEONOUN
51692	26	324	a horrible year	DATE
51692	26	407	Budapest	CITY
51692	26	509	March 1944	DATE
51692	27	0	March 19th, 1994-- 1944--	DATE
51692	27	26	Germany	COUNTRY
51692	27	43	Hungary	COUNTRY
51692	27	169	Hungary	COUNTRY
51692	27	241	The first day	DATE
51692	27	283	Budapest	CITY
51692	27	422	railroad station	GEONOUN
51692	27	563	train	GEONOUN
51692	27	651	university	GEONOUN
51692	27	913	city	GEONOUN
51692	27	1131	two days later	DATE
51692	27	1464	the first 10 days	DATE
51692	29	11	Jewish	GEONOUN
51692	29	82	Jewish	GEONOUN
51692	31	23	village	GEONOUN
51692	31	140	Jewish	GEONOUN
51692	32	6	a few weeks	DATE
51692	32	45	Hungary	COUNTRY
51692	32	65	early May--	DATE
51692	32	131	labor camp	GEONOUN
51692	32	239	camp	GEONOUN
51692	32	247	Komárno	CITY
51692	32	277	house	GEONOUN
51692	32	289	street	GEONOUN
51692	32	312	street	GEONOUN
51692	32	376	Jewish	GEONOUN
51692	32	391	Shavuot	DATE
51692	32	407	second day of the Shavuot	DATE
51692	32	514	labor camp	GEONOUN
51692	32	596	almost 18 years old	DATE
51692	32	661	station	GEONOUN
51692	32	733	Jewish	GEONOUN
51692	32	750	town	GEONOUN
51692	32	1214	house	GEONOUN
51692	32	1307	a minute	TIME
51692	33	284	house	GEONOUN
51692	33	293	1930	DATE
51692	33	341	house	GEONOUN
51692	33	374	house	GEONOUN
51692	33	434	windows	GEONOUN
51692	33	511	area	GEONOUN
51692	33	527	area	GEONOUN
51692	33	549	rooms	GEONOUN
51692	33	938	Vienna	CITY
51692	33	1135	today	DATE
51692	33	1234	rooms	GEONOUN
51692	33	1258	store	GEONOUN
51692	33	1281	wood	GEONOUN
51692	33	1340	the wintertime	DATE
51692	33	1390	ground	GEONOUN
51692	33	1411	hole	GEONOUN
51692	33	1524	wood	GEONOUN
51692	33	1624	Vienna	CITY
51692	34	332	room	GEONOUN
51692	34	361	bench	GEONOUN
51692	34	388	room	GEONOUN
51692	34	469	bench	GEONOUN
51692	34	910	street	GEONOUN
51692	34	965	spring	GEONOUN
51692	34	1247	room	GEONOUN
51692	34	1478	5 o'clock	TIME
51692	34	1519	5 o'clock	TIME
51692	34	1561	5:00	TIME
51692	34	1594	street	GEONOUN
51692	34	1741	station	GEONOUN
51692	34	1761	station	GEONOUN
51692	34	1797	Danube	PLACE
51692	34	1830	Slovakia	COUNTRY
51692	34	1894	town	GEONOUN
51692	34	1906	bridge	GEONOUN
51692	34	1924	bridge	GEONOUN
51692	34	1950	bridge	GEONOUN
51692	34	2102	bridge	GEONOUN
51692	34	2152	carriage	GEONOUN
51692	34	2177	this day	DATE
51692	34	2248	carriage	GEONOUN
51692	34	2324	yard	GEONOUN
51692	34	2356	factory	GEONOUN
51692	34	2436	factory	GEONOUN
51692	34	2512	factory	GEONOUN
51692	34	2825	next day	DATE
51692	34	2852	labor camp	GEONOUN
51692	34	2868	the day after that	DATE
51692	34	2937	camp	GEONOUN
51692	34	3035	labor camp	GEONOUN
51692	34	3091	this first day of Shavuot	DATE
51692	34	3139	Jewish	GEONOUN
51692	34	3162	Jewish	GEONOUN
51692	34	3203	temple	GEONOUN
51692	34	3332	temple	GEONOUN
51692	34	3358	a day earlier	DATE
51692	34	3438	house	GEONOUN
51692	34	3509	temple	GEONOUN
51692	34	3616	wood	GEONOUN
51692	34	3682	Komárno	CITY
51692	34	3808	temple	GEONOUN
51692	34	3959	Jewish temples	GEONOUN
51692	34	3966	temples	GEONOUN
51692	34	3996	Jewish	GEONOUN
51692	34	4026	house	GEONOUN
51692	34	4101	Shavuot of 1944	DATE
51692	37	175	chain	GEONOUN
51692	37	187	neck	GEONOUN
51692	37	193	The first day	DATE
51692	37	237	camp	GEONOUN
51692	37	365	that day	DATE
51692	37	407	chain	GEONOUN
51692	37	739	chain	GEONOUN
51692	37	789	the next four months	DATE
51692	37	976	chain	GEONOUN
51692	37	1026	spring	GEONOUN
51692	38	173	Germany	COUNTRY
51692	38	245	Jewish	GEONOUN
51692	38	310	Jewish	GEONOUN
51692	39	0	The first week	DATE
51692	39	94	fortification	GEONOUN
51692	39	118	ground	GEONOUN
51692	39	135	city	GEONOUN
51692	39	143	Komárno	CITY
51692	39	166	city	GEONOUN
51692	39	191	town	GEONOUN
51692	39	213	town	GEONOUN
51692	39	324	city	GEONOUN
51692	39	351	1400	DATE
51692	39	388	barracks	GEONOUN
51692	39	429	labor camp	GEONOUN
51692	39	515	Igmánd	PLACE
51692	39	522	barracks	GEONOUN
51692	39	755	A few weeks after	DATE
51692	39	859	factory	GEONOUN
51692	39	1027	ground	GEONOUN
51692	39	1395	three weeks	DATE
51692	39	1591	daily	DATE
51692	39	1642	factory	GEONOUN
51692	39	2468	June	DATE
51692	39	2635	next day	DATE
51692	39	2672	ruins	GEONOUN
51692	39	2693	a few days	DATE
51692	39	2851	shelter	GEONOUN
51692	39	2873	yards	GEONOUN
51692	39	3007	shelter	GEONOUN
51692	39	3088	camp	GEONOUN
51692	39	3161	fortification	GEONOUN
51692	39	3178	Igmánd	PLACE
51692	39	3436	tower	GEONOUN
51692	39	3553	that day	DATE
51692	39	3563	the day	DATE
51692	42	223	Hungary	COUNTRY
51692	42	240	mountains	GEONOUN
51692	42	261	railroad	GEONOUN
51692	42	276	coal mine	GEONOUN
51692	43	12	Dudar--	PLACE
51692	43	162	railroad	GEONOUN
51692	43	179	Budapest	CITY
51692	43	192	Vienna	CITY
51692	43	414	train	GEONOUN
51692	43	563	Budapest	CITY
51692	43	602	Komárno	CITY
51692	43	994	house	GEONOUN
51692	43	1013	Two days later	DATE
51692	43	1082	ghetto	GEONOUN
51692	43	1098	ghetto	GEONOUN
51692	43	1123	temple yard	GEONOUN
51692	43	1130	yard	GEONOUN
51692	43	1221	Komárno	CITY
51692	43	1393	ghetto	GEONOUN
51692	43	1461	13th	DATE
51692	43	1467	almost three weeks	DATE
51692	43	1796	tree	GEONOUN
51692	43	1853	one day	DATE
51692	43	1933	town	GEONOUN
51692	43	1975	years earlier	DATE
51692	44	261	ghetto	GEONOUN
51692	44	353	Auschwitz	CAMP
51692	44	363	a few weeks later	DATE
51692	44	444	44 years old	DATE
51692	44	602	chamber	GEONOUN
51692	46	25	labor camp	GEONOUN
51692	46	292	camp	GEONOUN
51692	46	313	Auschwitz	CAMP
51692	46	326	June 15th of that year	DATE
51692	46	382	the same day	DATE
51692	47	6	ghetto	GEONOUN
51692	48	115	labor camp	GEONOUN
51692	48	141	Dudar	PLACE
51692	48	156	end of June	DATE
51692	48	169	early July	DATE
51692	48	181	building	GEONOUN
51692	48	195	railroad	GEONOUN
51692	48	233	Budapest	CITY
51692	48	497	the whole summer	DATE
51692	50	131	Betar	PLACE
51692	50	250	Budapest	CITY
51692	50	498	Sweden	COUNTRY
51692	50	690	Rome	CITY
51692	50	732	Budapest	CITY
51692	50	813	Sweden	COUNTRY
51692	50	942	consulate	GEONOUN
51692	50	955	Budapest	CITY
51692	52	35	September	DATE
51692	53	58	Germany	COUNTRY
51692	53	245	Budapest	CITY
51692	53	273	winter	DATE
51692	54	78	Budapest	CITY
51692	54	271	camp	GEONOUN
51692	54	336	Budapest	CITY
51692	54	451	Budapest	CITY
51692	54	513	embassy	GEONOUN
51692	55	109	a half a day	DATE
51692	55	283	camp	GEONOUN
51692	56	45	camp	GEONOUN
51692	56	65	Germany	COUNTRY
51692	57	137	June	DATE
51692	57	231	the days--	DATE
51692	57	260	the beginning of 10th of June	DATE
51692	57	315	train	GEONOUN
51692	57	392	train	GEONOUN
51692	57	419	train	GEONOUN
51692	57	550	windows	GEONOUN
51692	57	697	train	GEONOUN
51692	57	794	today	DATE
51692	57	859	train a few days thereafter--	GEONOUN
51692	57	865	a few days thereafter--	DATE
51692	57	1178	camp	GEONOUN
51692	57	1190	October 12th, 13th or so	DATE
51692	57	1297	Budapest	CITY
51692	57	1418	Budapest	CITY
51692	57	1430	the 15th of October, 1944	DATE
51692	57	1493	windows	GEONOUN
51692	57	1502	Hungary	COUNTRY
51692	57	1581	Hungary	COUNTRY
51692	57	1759	the afternoon	TIME
51692	57	1828	radio station	GEONOUN
51692	57	1984	Hungary	COUNTRY
51692	57	2026	that day	DATE
51692	57	2066	street	GEONOUN
51692	57	2185	camps	GEONOUN
51692	57	2279	train	GEONOUN
51692	57	2402	camp	GEONOUN
51692	57	2491	October 15th	DATE
51692	57	2533	Budapest	CITY
51692	57	2547	Budapest	CITY
51692	57	2731	street	GEONOUN
51692	57	2765	house	GEONOUN
51692	57	2858	Budapest	CITY
51692	57	2867	that afternoon	TIME
51692	57	3028	camp	GEONOUN
51692	57	3100	camp	GEONOUN
51692	57	3237	train	GEONOUN
51692	57	3246	Germany	COUNTRY
51692	57	3363	Next morning	TIME
51692	57	3484	railroad station	GEONOUN
51692	57	3529	railroad station	GEONOUN
51692	57	3983	Budapest	CITY
51692	57	4104	camp	GEONOUN
51692	57	4192	town	GEONOUN
51692	57	4200	Buda	PLACE
51692	57	4253	university	GEONOUN
51692	57	4274	house	GEONOUN
51692	57	4303	area	GEONOUN
51692	57	4336	town	GEONOUN
51692	57	4342	Komárno	CITY
51692	57	4417	house	GEONOUN
51692	57	4672	apartment	GEONOUN
51692	57	4692	university	GEONOUN
51692	57	4706	Buda	PLACE
51692	57	4898	basement	GEONOUN
51692	57	4921	one night	TIME
51692	57	5274	today	DATE
51692	57	5380	house next morning	GEONOUN
51692	57	5386	next morning	TIME
51692	57	5414	Budapest	CITY
51692	59	9	the Shomer ha-Tsa'ir	PLACE
51692	59	1015	town	GEONOUN
51692	59	1158	Israel	COUNTRY
51692	59	1670	safe house	GEONOUN
51692	59	1761	house	GEONOUN
51692	59	1820	street	GEONOUN
51692	59	1844	hometown	GEONOUN
51692	59	1973	district	GEONOUN
51692	59	1985	Budapest	CITY
51692	59	2171	house	GEONOUN
51692	60	67	Jewish	GEONOUN
51692	60	414	house	GEONOUN
51692	60	442	night	TIME
51692	60	449	A few days	DATE
51692	60	603	Hungary	COUNTRY
51692	60	1075	Budapest	CITY
51692	61	115	Hungary	COUNTRY
51692	61	153	town	GEONOUN
51692	61	407	Budapest	CITY
51692	61	437	two weeks	DATE
51692	61	534	city	GEONOUN
51692	61	951	street	GEONOUN
51692	61	1042	houses	GEONOUN
51692	61	1087	house	GEONOUN
51692	61	1179	house	GEONOUN
51692	61	1282	house	GEONOUN
51692	61	1427	house	GEONOUN
51692	61	1477	basement	GEONOUN
51692	61	1536	basement	GEONOUN
51692	61	1554	20-- almost 24 hours--	TIME
51692	61	1581	almost 14 hours	TIME
51692	61	1619	next morning	TIME
51692	61	1735	daily	DATE
51692	61	1802	street	GEONOUN
51692	61	1835	corner	GEONOUN
51692	61	2024	city	GEONOUN
51692	61	2156	Christmas day	DATE
51692	62	36	17 years old	DATE
51692	62	111	14	DATE
51692	62	125	almost 17	DATE
51692	62	136	16	DATE
51692	62	147	Christmas day	DATE
51692	62	191	street	GEONOUN
51692	62	438	tomorrow	DATE
51692	62	574	Jewish	GEONOUN
51692	62	596	Jewish	GEONOUN
51692	62	640	house	GEONOUN
51692	62	690	house	GEONOUN
51692	62	851	house	GEONOUN
51692	62	1010	Jewish	GEONOUN
51692	62	1130	basement	GEONOUN
51692	62	1345	houses	GEONOUN
51692	62	1360	winter	DATE
51692	62	1414	street	GEONOUN
51692	62	1537	windows	GEONOUN
51692	62	1746	Budapest	CITY
51692	62	1756	The first day	DATE
51692	62	1831	The next evening	TIME
51692	62	1876	that night	TIME
51692	62	1926	Danube	PLACE
51692	62	1943	chain bridge	GEONOUN
51692	62	1949	bridge	GEONOUN
51692	62	1964	Széchenyi Chain Bridge	PLACE
51692	62	2071	Danube	PLACE
51692	63	343	house	GEONOUN
51692	63	356	street	GEONOUN
51692	63	585	between Christmas and-- and January 1st	DATE
51692	63	752	district	GEONOUN
51692	63	769	house	GEONOUN
51692	63	785	yards	GEONOUN
51692	63	1316	town	GEONOUN
51692	63	1349	summers	DATE
51692	63	1385	town	GEONOUN
51692	63	1419	safe house	GEONOUN
51692	63	1437	apartment	GEONOUN
51692	63	1458	rooms	GEONOUN
51692	63	1622	that previous night	TIME
51692	63	1853	house	GEONOUN
51692	63	2023	next night	TIME
51692	63	2037	two nights later	DATE
51692	63	2070	Danube	PLACE
51692	63	2089	Olympic	EVENT
51692	63	2381	shelter	GEONOUN
51692	63	2398	barracks	GEONOUN
51692	63	2437	barracks	GEONOUN
51692	63	2501	a few days later--	DATE
51692	63	2543	days	DATE
51692	63	2630	Bence Street	PLACE
51692	63	2646	Budapest	CITY
51692	63	2763	a day or two later	DATE
51692	63	2940	about two days	DATE
51692	63	3060	18 years old	DATE
51692	63	3124	ghetto	GEONOUN
51692	63	3208	Auschwitz	CAMP
51692	63	3272	ghetto	GEONOUN
51692	63	3374	street	GEONOUN
51692	63	3693	synagogue	GEONOUN
51692	63	3706	the Dohany Street Synagogue	PLACE
51692	63	3737	Budapest	CITY
51692	63	3810	synagogue today	GEONOUN
51692	63	3820	today	DATE
51692	63	3829	Europe	CONTINENT
51692	63	3850	courtyard	GEONOUN
51692	63	3901	those two days	DATE
51692	63	3997	two days	DATE
51692	64	8	17-year-old	DATE
51692	65	160	town	GEONOUN
51692	65	263	January, 1945	DATE
51692	65	375	hills	GEONOUN
51692	65	384	Buda	PLACE
51692	66	207	camp	GEONOUN
51692	66	225	Hungary	COUNTRY
51692	66	255	camp	GEONOUN
51692	66	294	Germany	COUNTRY
51692	66	333	ghetto	GEONOUN
51692	66	342	day	DATE
51692	66	377	Pest--	PLACE
51692	66	454	river	GEONOUN
51692	66	521	bridges	GEONOUN
51692	66	620	Jewish	GEONOUN
51692	66	646	Sheep Utca	PLACE
51692	66	661	Sheep Street	PLACE
51692	66	693	temple	GEONOUN
51692	66	873	day	DATE
51692	66	1182	12-year-old	DATE
51692	66	1283	apartment	GEONOUN
51692	66	1497	town	GEONOUN
51692	66	1522	hometown	GEONOUN
51692	66	1729	Romania	COUNTRY
51692	66	1743	town	GEONOUN
51692	66	1755	Arad	CITY
51692	67	155	Hungary	COUNTRY
51692	67	168	town	GEONOUN
51692	67	180	Szeged	CITY
51692	67	252	city	GEONOUN
51692	67	260	Arad	CITY
51692	67	313	Hungary	COUNTRY
51692	67	360	the day	DATE
51692	67	635	Budapest	CITY
51692	67	771	train	GEONOUN
51692	67	789	train	GEONOUN
51692	67	819	railroad station	GEONOUN
51692	67	841	Nyugati	PLACE
51692	67	937	A few minutes later	TIME
51692	67	1435	railroad station	GEONOUN
51692	67	1596	Russia	COUNTRY
51692	67	1702	foot	GEONOUN
51692	67	1808	Szeged	CITY
51692	67	1819	Szeged	CITY
51692	67	1857	city	GEONOUN
51692	67	1924	Jewish community	GEONOUN
51692	67	1931	community	GEONOUN
51692	67	2024	Szeged--	PLACE
51692	67	2045	Szeged	CITY
51692	67	2052	a week	DATE
51692	67	2094	Szeged	CITY
51692	67	2101	a week	DATE
51692	67	2129	Arad	CITY
51692	67	2325	Budapest	CITY
51692	67	2346	Dunajská Streda	CITY
51692	67	2468	Budapest	CITY
51692	67	2512	Arad	CITY
51692	67	2677	Jewish	GEONOUN
51692	67	2772	Arad	CITY
51692	67	2836	Komárom	CITY
51692	67	2848	Dunajská Streda	CITY
51692	67	2907	April	DATE
51692	67	2916	hometown fell	GEONOUN
51692	67	2925	fell	GEONOUN
51692	67	2954	Budapest	CITY
51692	67	3022	road	GEONOUN
51692	67	3089	fields	GEONOUN
51692	67	3186	town	GEONOUN
51692	67	3192	two hours	TIME
51692	67	3233	house	GEONOUN
51692	67	3341	one afternoon	TIME
51692	67	3358	foot	GEONOUN
51692	67	3534	eight months	DATE
51692	67	3548	nine months	DATE
51692	67	3589	a great night	TIME
51692	67	3633	that night	TIME
51692	67	3701	Komárom	CITY
51692	67	3709	a few days ago	DATE
51692	67	3756	house	GEONOUN
51692	67	3809	next day,	DATE
51692	67	3819	April 12, 1945	DATE
51692	67	3847	45th birthday	DATE
51692	67	3951	main street	GEONOUN
51692	67	3968	house	GEONOUN
51692	67	4018	house	GEONOUN
51692	67	4044	hole	GEONOUN
51692	67	4236	house	GEONOUN
51692	67	4308	city	GEONOUN
51692	67	4390	house	GEONOUN
51692	67	4422	house	GEONOUN
51692	67	4453	room	GEONOUN
51692	67	4478	room	GEONOUN
51692	67	4524	house	GEONOUN
51692	67	4644	Jewish community	GEONOUN
51692	67	4651	community	GEONOUN
51692	67	4769	10 years older	DATE
51692	67	5042	two weeks	DATE
51692	67	5055	three weeks	DATE
51692	67	5138	labor camp	GEONOUN
51692	67	5212	Jewish	GEONOUN
51692	67	5401	the next morning	TIME
51692	67	5628	Budapest	CITY
51692	67	5763	Komárom	CITY
51692	67	5774	Budapest	CITY
51692	67	5884	Budapest	CITY
51692	67	6072	Budapest	CITY
51692	67	6085	March	DATE
51692	67	6102	March	DATE
51692	67	6175	Arad	CITY
51692	67	6204	town	GEONOUN
51692	67	6237	town	GEONOUN
51692	67	6253	hometown	GEONOUN
51692	67	6265	Dunajská Streda	CITY
51692	67	6332	April	DATE
51692	67	6402	Budapest	CITY
51692	67	6430	Gunskirchen	CAMP
51692	67	6552	Mauthausen	PLACE
51692	67	6566	Gunskirchen	CAMP
51692	67	6616	Gunskirchen	CAMP
51692	67	6659	the winter	DATE
51692	67	6745	Gunskirchen	CAMP
51692	67	6803	road	GEONOUN
51692	67	6937	Gunskirchen	CAMP
51692	67	7049	May 5th	DATE
51692	67	7310	two days	DATE
51692	67	7835	Auschwitz	CAMP
51692	67	7932	Auschwitz	CAMP
51692	67	7942	two days apart	DATE
51692	67	8063	end of April '45	DATE
51692	67	8089	18 years old	DATE
51692	67	8146	house	GEONOUN
51692	67	8481	Komárno	CITY
51692	67	8663	September	DATE
51692	67	8692	university	GEONOUN
51692	67	8762	school	GEONOUN
51692	67	8913	yard	GEONOUN
51692	67	9089	yard	GEONOUN
51692	67	9220	train	GEONOUN
51692	67	9307	yard	GEONOUN
51692	67	9350	roof	GEONOUN
51692	67	9578	house	GEONOUN
51692	67	9647	town	GEONOUN
51692	67	9707	room	GEONOUN
51692	67	9735	house	GEONOUN
51692	67	9808	building	GEONOUN
51692	67	9847	country	GEONOUN
51692	67	9862	ruins	GEONOUN
51692	67	10253	town	GEONOUN
51692	67	10320	ghetto	GEONOUN
51692	67	10502	yard	GEONOUN
51692	68	204	Budapest	CITY
51692	68	470	several weeks	DATE
51692	68	693	those four years	DATE
51692	68	723	school	GEONOUN
51692	68	805	hole	GEONOUN
51692	68	863	house	GEONOUN
51692	68	961	September	DATE
51692	68	1000	university	GEONOUN
51692	68	1216	the year	DATE
51692	68	1243	almost a year--	DATE
51692	68	1391	school	GEONOUN
51692	68	1409	the normal four years in three years	DATE
51692	68	1500	Hungary	COUNTRY
51692	68	1638	Dudar	PLACE
51692	68	1661	camp	GEONOUN
51692	68	1675	Budapest	CITY
51692	68	1740	Budapest	CITY
51692	68	1826	Elizabeth Street	PLACE
51692	68	1903	one day	DATE
51692	68	2027	spot	GEONOUN
51692	68	2074	Jewish	GEONOUN
51692	68	2110	Budapest	CITY
51692	68	2272	Dudar	PLACE
51692	68	2426	camp	GEONOUN
51692	68	2731	Germany	COUNTRY
51692	68	2844	hometown	GEONOUN
51692	68	2854	Komárno	CITY
51692	68	3010	Jewish	GEONOUN
51692	68	3118	late November	DATE
51692	68	3139	early December	DATE
51692	68	3439	school	GEONOUN
51692	68	3449	'45,	DATE
51692	68	3454	fall	GEONOUN
51692	68	3460	Every weekend	DATE
51692	68	3595	yard	GEONOUN
51692	68	3759	at least two days	DATE
51692	68	3791	the weekend	DATE
51692	68	3844	Budapest	CITY
51692	68	3951	roofs	GEONOUN
51692	68	3966	houses	GEONOUN
51692	68	4013	builder	GEONOUN
51692	68	4074	house	GEONOUN
51692	68	4135	house	GEONOUN
51692	68	4302	Moca	CITY
51692	68	4340	town	GEONOUN
51692	68	4449	village	GEONOUN
51692	68	4527	village	GEONOUN
51692	68	4609	village	GEONOUN
51692	68	4797	village	GEONOUN
51692	68	4941	village	GEONOUN
51692	68	4978	village	GEONOUN
51692	68	5016	houses	GEONOUN
51692	68	5059	village	GEONOUN
51692	68	5081	village	GEONOUN
51692	68	5093	1973	DATE
51692	68	5142	Hungary	COUNTRY
51692	68	5182	Vienna	CITY
51692	68	5194	Slovakia	COUNTRY
51692	68	5253	Dunajská Streda	CITY
51692	68	5307	hometown	GEONOUN
51692	68	5320	bridge	GEONOUN
51692	68	5332	Hungary	COUNTRY
51692	68	5349	crossing	GEONOUN
51692	68	5389	Austria	COUNTRY
51692	68	5402	Slovakia	COUNTRY
51692	68	5532	close to four hours	TIME
51692	68	5756	Czechoslovakia	COUNTRY
51692	68	5892	land	GEONOUN
51692	68	5918	towers	GEONOUN
51692	68	5939	this four hour	TIME
51692	68	6090	Hungary	COUNTRY
51692	68	6144	Italy	COUNTRY
51692	68	6292	Hungary	COUNTRY
51692	68	6321	village	GEONOUN
51692	68	6566	town	GEONOUN
51692	68	6609	town	GEONOUN
51692	68	6653	village	GEONOUN
51692	68	6673	church	GEONOUN
51692	68	6696	New England	PLACE
51692	68	6708	town	GEONOUN
51692	68	6901	house	GEONOUN
51692	68	6936	chimney	GEONOUN
51692	68	7048	Switzerland	COUNTRY
51692	68	7170	Komárno	CITY
51692	68	7190	yard	GEONOUN
51692	68	7390	church	GEONOUN
51692	68	7450	village	GEONOUN
51692	68	7620	village	GEONOUN
51692	68	7894	beehives	GEONOUN
51692	68	8119	town	GEONOUN
51692	69	45	Moca	CITY
51692	69	103	a few hours	TIME
51692	69	301	street	GEONOUN
51692	69	475	Next morning	TIME
51692	69	708	village	GEONOUN
51692	69	769	village	GEONOUN
51692	69	983	Italy	COUNTRY
51692	69	1232	Moca	CITY
51692	69	1432	1945	DATE
51692	69	1449	university	GEONOUN
51692	69	1690	Komarom	PLACE
51692	69	1805	Komarom	PLACE
51692	69	2122	steps	GEONOUN
51692	69	2309	Jewish school	GEONOUN
51692	69	2316	school	GEONOUN
51692	69	2360	house	GEONOUN
51692	69	2574	Buda	PLACE
51692	69	2600	street	GEONOUN
51692	69	2639	university	GEONOUN
51692	69	3091	1946 summer	DATE
51692	69	3446	college	GEONOUN
51692	69	3458	university	GEONOUN
51692	69	3477	March 15, 1948	DATE
51692	69	3504	Danube	PLACE
51692	69	3525	Hungary	COUNTRY
51692	69	3687	Hungary	COUNTRY
51692	69	3698	Slovakia	COUNTRY
51692	69	3840	camps	GEONOUN
51692	69	3851	Palestine	CITY
51692	69	3921	Poland	COUNTRY
51692	70	40	Slovakia	COUNTRY
51692	70	52	Vienna	CITY
51692	70	69	Vienna	CITY
51692	70	90	four, five months	DATE
51692	70	144	Israel	COUNTRY
51692	70	163	several weeks	DATE
51692	70	181	Italy	COUNTRY
51692	70	205	ship	GEONOUN
51692	70	268	Israel	COUNTRY
51692	71	16	ship	GEONOUN
51692	71	79	ship	GEONOUN
51692	72	3	Vienna	CITY
51692	72	25	Jewish	GEONOUN
51692	72	94	Jewish community	GEONOUN
51692	72	101	community	GEONOUN
51692	72	226	Vienna	CITY
51692	72	259	district	GEONOUN
51692	72	281	sector	GEONOUN
51692	72	323	sector	GEONOUN
51692	73	41	Palestine	CITY
51692	73	100	night	TIME
51692	73	223	Salzburg	CITY
51692	73	242	Salzburg	CITY
51692	73	254	train	GEONOUN
51692	73	263	Trani	CITY
51692	73	270	Italy	COUNTRY
51692	73	301	boat	GEONOUN
51692	73	310	a couple of days	DATE
51692	73	348	Israel	COUNTRY
51692	73	370	Israel	COUNTRY
51692	73	462	camp	GEONOUN
51692	73	551	Israel	COUNTRY
51692	73	638	Israel	COUNTRY
51692	73	996	camps	GEONOUN
51692	73	1052	camp	GEONOUN
51692	73	1068	Nahariyya	CITY
51692	73	1096	Nahariyya	CITY
51692	73	1232	boat	GEONOUN
51692	73	1254	university	GEONOUN
51692	73	1466	building	GEONOUN
51692	73	1599	camp	GEONOUN
51692	73	1635	five minutes later	TIME
51692	73	1751	Tel Aviv	CITY
51692	73	1930	a whole year	DATE
51692	73	2004	a year later	DATE
51692	73	2099	camp	GEONOUN
51692	73	2214	A few days later	DATE
51692	73	2317	safe house	GEONOUN
51692	73	2348	Haifa	CITY
51692	73	2374	Two days ago	DATE
51692	73	2517	tonight	TIME
51692	73	2530	tomorrow	DATE
51692	74	162	seashore	GEONOUN
51692	74	174	Haifa	CITY
51692	74	193	house	GEONOUN
51692	74	564	the night	TIME
51692	74	575	Next morning	TIME
51692	74	756	next day	DATE
51692	74	801	research institute	GEONOUN
51692	74	852	Israel	COUNTRY
51692	74	1146	a year	DATE
51692	74	1230	one day	DATE
51692	74	1287	Israel	COUNTRY
51692	74	1297	one day	DATE
51692	74	1352	the European Holocaust	EVENT
51692	74	1441	Tel Aviv	CITY
51692	74	1497	a year	DATE
51692	74	1893	One day	DATE
51692	74	2299	construction	GEONOUN
51692	74	2325	weeks	DATE
51692	74	2453	roof	GEONOUN
51692	74	2468	bridge	GEONOUN
51692	74	2505	construction	GEONOUN
51692	74	2640	room	GEONOUN
51692	74	3086	Jewish	GEONOUN
51692	74	3253	Jewish	GEONOUN
51692	74	3332	a year	DATE
51692	75	104	this very day	DATE
51692	75	133	a year	DATE
51692	75	181	the morning	TIME
51692	75	205	camp	GEONOUN
51692	75	211	Next day	DATE
51692	75	459	room	GEONOUN
51692	75	467	Haifa	CITY
51692	75	500	two more years	DATE
51692	75	752	room	GEONOUN
51692	75	853	America	COUNTRY
51692	75	891	the day before I finish my army service	DATE
51692	75	1276	camp	GEONOUN
51692	75	1295	two days later	DATE
51692	75	1437	a couple of years	DATE
51692	75	1705	America	COUNTRY
51692	75	1916	'40-- till--	DATE
51692	75	1947	'57	DATE
51692	75	2161	department	GEONOUN
51692	75	2216	buildings	GEONOUN
51692	75	2238	buildings	GEONOUN
51692	75	2260	the Mann Auditorium	PLACE
51692	75	2306	the Weizmann Institute--	PLACE
51692	75	2335	buildings	GEONOUN
51692	75	2454	Israel	COUNTRY
51692	75	2818	building	GEONOUN
51692	75	2863	building	GEONOUN
51692	75	3002	architects	GEONOUN
51692	75	3106	1957	DATE
51692	75	3125	the Sinai war	EVENT
51692	75	3366	America	COUNTRY
51692	75	3378	a few years	DATE
51692	75	3599	ship	GEONOUN
51692	75	3670	building	GEONOUN
51692	75	3688	building	GEONOUN
51692	75	3706	building	GEONOUN
51692	75	3968	Today	DATE
51692	75	4001	architects	GEONOUN
51692	75	4020	country	GEONOUN
51692	75	4205	Israel	COUNTRY
51692	75	4407	next day	DATE
51692	75	4440	Tel Aviv	CITY
51692	75	4485	years	DATE
51692	75	4528	three years	DATE
51692	75	4609	A year's	DATE
51692	75	4650	America	COUNTRY
51692	75	4881	building	GEONOUN
51692	75	4899	Israel	COUNTRY
51692	75	4913	harbor	GEONOUN
51692	75	5107	the year	DATE
51692	75	5294	room	GEONOUN
51692	75	5311	Sibir	PLACE
51692	75	5341	room	GEONOUN
51692	75	5357	walls	GEONOUN
51692	75	5570	a pretty tough year	DATE
51692	75	5734	the end of the year	DATE
51692	75	6300	Puerto Rico	COUNTRY
51692	75	6312	building	GEONOUN
51692	75	6335	department	GEONOUN
51692	75	6554	San Juan	CITY
51692	75	6567	hour and a half	TIME
51692	75	6625	island	GEONOUN
51692	75	6779	Two years later	DATE
51692	75	6821	States	PLACE
51692	75	6860	state	GEONOUN
51692	75	6881	New Hampshire	US-STATE
51692	75	6902	Massachusetts	US-STATE
51692	75	6917	A third year later	DATE
51692	75	7075	Israel	COUNTRY
51692	75	7545	room	GEONOUN
51692	75	7639	Puerto Rico	COUNTRY
51692	75	7790	Germany	COUNTRY
51692	75	7874	building	GEONOUN
51692	75	7955	room	GEONOUN
51692	75	8406	country	GEONOUN
51692	76	9	five years later	DATE
51692	76	49	Wooster	CITY
51692	77	30	five	DATE
51692	77	91	four	DATE
51692	77	111	three and a half	DATE
51692	77	165	'59	DATE
51692	77	186	Puerto Rico	COUNTRY
51692	77	218	New York City	CITY
51692	78	232	monument	GEONOUN
51692	78	354	47	DATE
51692	78	372	45	DATE
51692	78	631	Gunskirchen	CAMP
51692	78	799	Europe	CONTINENT
51692	78	817	Gunskirchen	CAMP
51692	78	849	grave	GEONOUN
51692	78	921	Israel	COUNTRY
51692	78	972	grave	GEONOUN
51692	78	991	camp	GEONOUN
51692	78	1199	grave	GEONOUN
51692	78	1274	'81	DATE
51692	78	1281	'82	DATE
51692	78	1302	the year	DATE
51692	78	1329	forest	GEONOUN
51692	78	1354	concentration camp	GEONOUN
51692	78	1415	football field	GEONOUN
51692	78	1478	yard	GEONOUN
51692	78	1500	forest	GEONOUN
51692	78	1602	cemetery	GEONOUN
51692	78	1614	Mauthausen	PLACE
51692	79	484	Gunskirchen	CAMP
51692	79	548	grave	GEONOUN
51692	79	555	One day	DATE
51692	79	585	camp	GEONOUN
51692	79	660	road	GEONOUN
51692	79	696	Mauthausen	PLACE
51692	79	708	Mauthausen	PLACE
51692	79	733	concentration camp	GEONOUN
51692	79	753	Gunskirchen	CAMP
51692	79	779	overflow	GEONOUN
51692	79	802	camp	GEONOUN
51692	79	828	Mauthausen	PLACE
51692	79	860	cemetery	GEONOUN
51692	79	881	Jewish	GEONOUN
51692	79	1094	Gunskirchen	CAMP
51692	79	1247	Gunskirchen	CAMP
51692	79	1425	cemetery	GEONOUN
51692	79	1540	cemetery	GEONOUN
51692	79	1890	Mauthausen	PLACE
51692	79	1908	Gunskirchen	CAMP
51692	79	1944	memorial	GEONOUN
51692	79	2105	Vienna	CITY
51692	79	2128	Jewish	GEONOUN
51692	79	2410	Mauthausen	PLACE
51692	79	2421	camp	GEONOUN
51692	79	2458	Mauthausen	PLACE
51692	79	2469	camp	GEONOUN
51692	79	2497	Mauthausen	PLACE
51692	79	2522	camp	GEONOUN
51692	79	2562	Berchtesgaden	PLACE
51692	79	2699	Mauthausen	PLACE
51692	79	2751	crematorium	GEONOUN
51692	79	2771	town	GEONOUN
51692	79	2779	1980s	DATE
51692	79	2786	19-- late--	DATE
51692	79	2798	mid 1970s	DATE
51692	79	2848	concentration camp	GEONOUN
51692	79	2868	Today	DATE
51692	79	3123	memorial	GEONOUN
51692	79	3334	Germany	COUNTRY
51692	79	3432	country	GEONOUN
51692	79	3744	Kosovo	COUNTRY
51692	79	3888	Africa	CONTINENT
51692	79	4064	The early years	DATE
51692	79	4135	Germany	COUNTRY
51692	79	4217	Holland	CITY
51692	79	4233	road	GEONOUN
51692	79	4253	narrow	GEONOUN
51692	79	4269	Germany	COUNTRY
51692	79	4324	hotel	GEONOUN
51692	79	4340	midnight	TIME
51692	79	4400	a few more hours	TIME
51692	79	4431	Holland	CITY
51692	79	4475	the '70s	DATE
51692	79	4555	Germany	COUNTRY
51692	79	4607	Swabia	PLACE
51692	79	4633	area	GEONOUN
51692	79	4966	the first evening	TIME
51692	79	5069	restaurant	GEONOUN
51692	79	5381	this evening	TIME
51692	79	5441	the years	DATE
51692	79	5544	Germany	COUNTRY
51692	79	5622	Germany	COUNTRY
51692	79	5830	today	DATE
51692	79	5839	Germany	COUNTRY
51692	79	5870	Germany	COUNTRY
51692	79	5883	Austria	COUNTRY
51692	79	5897	Hungary	COUNTRY
51692	79	5946	Germany	COUNTRY
51692	80	41	a minute	TIME
51692	80	467	all the 49 years	DATE
51692	80	515	a weekend	DATE
51692	80	565	Monday	DATE
51692	80	572	morning	TIME
51692	80	583	6:00	TIME
51692	80	591	5:00	TIME
51692	80	601	Friday night	TIME
51692	80	619	Friday	DATE
51692	80	651	Sunday night	TIME
51692	80	667	Monday morning	TIME
51692	80	702	the weekend	DATE
51692	80	834	Holocaust	EVENT
51692	80	905	college	GEONOUN
51692	80	943	college	GEONOUN
51692	80	1004	three hours	TIME
51692	80	1059	California	US-STATE
51692	80	1257	California	US-STATE
51692	80	1346	school	GEONOUN
51692	80	1367	California	US-STATE
51692	80	1693	school	GEONOUN
51692	80	1734	California	US-STATE
51692	80	1904	California	US-STATE
51692	80	2007	Richmond	CITY
51692	80	2113	today	DATE
51692	80	2391	New York	US-STATE
51692	80	2404	Columbia	CITY
51692	82	65	Vienna	CITY
51692	82	90	Israel	COUNTRY
51692	82	116	Israel	COUNTRY
51692	85	42	around 1870, 1860	DATE
51692	85	101	Dunajská Streda	CITY
51692	85	117	today	DATE
51692	85	124	Slovakia	COUNTRY
51692	86	27	Israel	COUNTRY
51692	86	91	Auschwitz	CAMP
51692	86	104	the age of 65	DATE
51692	86	121	1944	DATE
51692	86	127	June	DATE
51692	87	49	1920	DATE
51692	87	76	Slovakia	COUNTRY
51692	87	86	Dunajská Streda	CITY
51692	87	120	Auschwitz	CAMP
51692	87	133	1944	DATE
51692	87	139	June 15th	DATE
51692	89	114	1921 or '22	DATE
51692	89	262	country	GEONOUN
51692	89	294	Hungary	COUNTRY
51692	89	336	1921	DATE
51692	89	344	'22	DATE
51692	91	67	1929	DATE
51692	91	75	1930	DATE
51692	91	187	country	GEONOUN
51692	91	211	Hungary	COUNTRY
51692	92	12	house	GEONOUN
51692	92	21	Komarom	PLACE
51692	92	30	Hungary	COUNTRY
51692	92	104	street	GEONOUN
51692	92	119	house	GEONOUN
51692	92	138	1930	DATE
51692	92	277	roof	GEONOUN
51692	92	298	Europe	CONTINENT
51692	92	351	roof	GEONOUN
51692	92	364	house	GEONOUN
51692	92	406	roof	GEONOUN
51692	92	416	house	GEONOUN
51692	92	435	roof	GEONOUN
51692	92	498	area	GEONOUN
51692	92	531	houses	GEONOUN
51692	92	553	roof	GEONOUN
51692	92	573	roof	GEONOUN
51692	92	602	house	GEONOUN
51692	92	708	'44	DATE
51692	92	762	rooms	GEONOUN
51692	92	797	fence	GEONOUN
51692	92	819	house	GEONOUN
51692	92	841	rose garden	GEONOUN
51692	92	970	1932	DATE
51692	92	978	'33	DATE
51692	92	1009	house	GEONOUN
51692	92	1042	1944	DATE
51692	92	1167	15 years	DATE
51692	92	1219	Hungary	COUNTRY
51692	93	85	1928	DATE
51692	93	97	early '29	DATE
51692	93	124	Komarom	PLACE
51692	94	167	carriage	GEONOUN
51692	94	286	carriage	GEONOUN
51692	94	393	carriage	GEONOUN
51692	94	417	fell	GEONOUN
51692	94	555	carriage	GEONOUN
51692	94	623	1931	DATE
51692	94	642	June	DATE
51692	94	666	July	DATE
51692	94	692	Hungary	COUNTRY
51692	94	713	yard	GEONOUN
51692	94	752	bricks	GEONOUN
51692	94	810	house	GEONOUN
51692	94	876	house	GEONOUN
51692	95	146	carriage	GEONOUN
51692	95	366	Israel	COUNTRY
51692	95	420	Auschwitz	CAMP
51692	96	47	1937	DATE
51692	96	63	'38	DATE
51692	97	64	Jewish	GEONOUN
51692	97	84	Budapest	CITY
51692	97	94	Hungary	COUNTRY
51692	97	128	1937	DATE
51692	97	143	June	DATE
51692	97	155	May	DATE
51692	97	283	corner	GEONOUN
51692	97	396	Toronto	CITY
51692	98	63	school	GEONOUN
51692	98	131	1943	DATE
51692	98	137	June	DATE
51692	98	252	'32	DATE
51692	98	327	the United States	COUNTRY
51692	98	365	Hungary	COUNTRY
51692	98	381	Australia	COUNTRY
51692	98	431	today	DATE
51692	99	25	Budapest	CITY
51692	99	46	Jewish	GEONOUN
51692	99	59	school	GEONOUN
51692	99	69	Budapest	CITY
51692	100	14	Jewish	GEONOUN
51692	100	32	1943	DATE
51692	101	200	Budapest	CITY
51692	101	221	days	DATE
51692	102	12	1944	DATE
51692	102	30	3 SECONDS	DATE
51692	102	63	early April	DATE
51692	102	78	Komárno	CITY
51692	102	93	hometown	GEONOUN
51692	102	105	Hungary	COUNTRY
51692	103	102	January 1, 1945	DATE
51692	103	139	Danube	PLACE
51692	103	165	17 years old	DATE
51692	104	21	1943	DATE
51692	104	55	1944	DATE
51692	104	96	Budapest	CITY
51692	104	106	Hungary	COUNTRY
51692	105	75	Vienna	CITY
51692	105	106	1949	DATE
51692	105	178	Austria	COUNTRY
51692	105	219	1944	DATE
51692	105	237	1945	DATE
51692	106	10	Vienna	CITY
51692	106	96	Vienna	CITY
51692	106	347	a few days	DATE
51692	106	391	country	GEONOUN
51692	106	436	station	GEONOUN
51692	106	473	rough	GEONOUN
51692	107	62	late 1950	DATE
51692	107	90	1951	DATE
51692	107	229	a whole year	DATE
51692	107	316	Israel	COUNTRY
51692	107	478	house	GEONOUN
51692	107	513	Holon	PLACE
51692	107	530	apartment	GEONOUN
51692	107	557	room	GEONOUN
51692	107	629	room	GEONOUN
51692	107	855	Israel	COUNTRY
51692	107	862	1950	DATE
51692	107	870	'51	DATE
51692	108	71	1952	DATE
51692	108	77	August 26	DATE
51692	108	91	Haifa	CITY
51692	108	98	Israel	COUNTRY
51692	108	254	a day or two	DATE
51692	108	515	49 years ago	DATE
51692	109	63	New York	US-STATE
51692	109	72	harbor	GEONOUN
51692	109	111	Long Island	PLACE
51692	109	155	harbor	GEONOUN
51692	109	330	a lucky day	DATE
51692	109	343	November 15, 1957	DATE
51692	110	246	Israel	COUNTRY
51692	110	285	America	COUNTRY
51692	110	433	Tel Aviv	CITY
51692	110	638	the first day	DATE
51692	110	916	a few days later	DATE
51692	110	1148	at least 20 years	DATE
51692	111	28	entrance	GEONOUN
51692	111	145	forest	GEONOUN
51692	111	188	1973	DATE
51692	111	285	grave	GEONOUN
51692	111	309	camp	GEONOUN
51692	111	339	entrance	GEONOUN
51692	111	391	memorials	GEONOUN
51692	111	421	grave	GEONOUN
51692	112	30	memorial stone	GEONOUN
51692	112	39	stone	GEONOUN
51692	112	102	grave	GEONOUN
51692	113	32	the early '70s	DATE
51692	113	76	camp	GEONOUN
51692	113	130	grave	GEONOUN
51692	114	22	Gunskirchen	CAMP
51692	114	38	years	DATE
51692	114	72	grave	GEONOUN
51692	114	102	1983	DATE
51692	114	122	camp	GEONOUN
51692	114	160	building	GEONOUN
51692	114	171	football field	GEONOUN
51692	114	225	memorial	GEONOUN
51692	114	266	road	GEONOUN
51692	114	278	entrance	GEONOUN
51692	114	294	forest	GEONOUN
51692	114	387	Gunskirchen	CAMP
51692	114	431	cemetery	GEONOUN
51692	114	443	Mauthausen	PLACE
51692	115	27	Mauthausen	PLACE
51692	115	46	cemetery	GEONOUN
51692	115	117	Gunskirchen	CAMP
51692	115	129	forest	GEONOUN
51692	115	157	Mauthausen	PLACE
51692	115	189	cemetery	GEONOUN
51692	115	201	the early '70s	DATE
51692	115	248	Gunskirchen	CAMP
51692	115	265	cemetery	GEONOUN
51692	115	293	Jewish	GEONOUN
51692	115	359	'83	DATE
51692	115	379	memorial	GEONOUN
51692	115	402	Gunskirchen	CAMP
51692	115	436	cemetery	GEONOUN
51692	115	522	Jewish	GEONOUN
51692	115	641	Jewish	GEONOUN
51692	115	949	Vienna	CITY
51692	115	1150	Europe	CONTINENT
51692	115	1212	a year	DATE
51692	115	1232	5:00	TIME
51692	115	1295	and hour	TIME
51692	115	1305	hour and a half	TIME
51692	115	1392	next day	DATE
51692	115	1513	one year	DATE
51692	115	1602	cemetery	GEONOUN
51692	115	1624	cemetery	GEONOUN
51692	115	1641	Mauthausen	PLACE
51692	116	337	about a year ago	DATE
51692	116	381	2000	DATE
51692	116	403	1999	DATE
51692	116	409	late in the year	DATE
51692	116	604	Stratford	CITY
51692	116	640	Stratford	CITY
51692	116	654	the United States	COUNTRY
51692	117	114	Vienna	CITY
51692	117	122	Virginia	US-STATE
51692	117	158	Ridgewood	CITY
51692	117	169	New Jersey	US-STATE
51692	117	180	about six years ago	DATE
51692	117	237	1995	DATE
51692	117	245	1996	DATE
51692	118	88	about three years old	DATE
51692	118	144	'92, '93	DATE
51692	118	164	almost 13	DATE
51692	119	84	around two and a half, maybe three years old	DATE
51692	119	140	nine	DATE
51692	119	171	six years ago	DATE
51692	119	219	'95	DATE
51692	120	26	Vienna	CITY
51692	120	34	Virginia	US-STATE
51692	121	26	the wedding day	DATE
51692	121	161	district	GEONOUN
51692	121	182	New York City	CITY
51692	121	229	Westport	CITY
51692	121	239	Connecticut	US-STATE
51692	121	277	Ridgewood	CITY
51692	121	288	New Jersey	US-STATE
51692	122	105	three years ago	DATE
51692	122	122	'97,	DATE
51692	122	127	'98	DATE
51692	122	155	Nantucket	PLACE
51692	122	286	school	GEONOUN
51692	123	99	seven	DATE
51692	123	143	'82	DATE
51692	123	150	'83	DATE
51692	124	20	10 years ago	DATE
51692	124	34	nine years ago	DATE
51692	124	58	'82	DATE
51692	124	63	'83	DATE
51692	124	79	'92, '93	DATE
51692	125	83	18	DATE
51692	125	127	about 10 years ago	DATE
51692	125	150	the age of eight	DATE
51692	125	170	nine	DATE
51692	125	179	1991	DATE
51692	125	187	1992	DATE
51692	125	205	college	GEONOUN
51692	126	68	1939	DATE
51692	126	110	1944	DATE
51692	126	162	Holocaust	EVENT
51692	126	402	the age of 65	DATE
51692	127	103	Budapest	CITY
51692	127	121	labor camp	GEONOUN
51692	127	202	Gunskirchen	CAMP
51692	128	101	house	GEONOUN
51692	128	210	Budapest	CITY
51692	128	222	Israel	COUNTRY
51692	128	306	Hungary	COUNTRY
51692	128	458	Israel	COUNTRY
51692	128	534	Israel	COUNTRY
51692	128	572	apartment	GEONOUN
51692	129	93	town	GEONOUN
51692	129	99	Komárno	CITY
