FileID	AnswerID	StartCharPos	Entity	Type
51693	2	3	Czechoslovakia	COUNTRY
51693	4	0	1924	DATE
51693	13	0	12. 12.	DATE
51693	21	56	Friday	DATE
51693	21	63	night	TIME
51693	21	102	Saturday	DATE
51693	29	132	attic	GEONOUN
51693	29	145	Pesach	DATE
51693	29	211	yard	GEONOUN
51693	31	157	Pesach	EVENT
51693	32	111	fell	GEONOUN
51693	32	150	12, 1 o'clock	TIME
51693	32	172	the morning	TIME
51693	32	259	those days	DATE
51693	33	12	Jewish	GEONOUN
51693	33	84	Jewish	GEONOUN
51693	33	129	Jewish	GEONOUN
51693	33	154	Jewish	GEONOUN
51693	33	181	Saturday	DATE
51693	33	190	morning	TIME
51693	34	7	school	GEONOUN
51693	34	33	high school	GEONOUN
51693	34	74	school	GEONOUN
51693	34	135	high school	GEONOUN
51693	34	182	high school	GEONOUN
51693	34	271	high school	GEONOUN
51693	36	62	school	GEONOUN
51693	36	96	school	GEONOUN
51693	40	26	spare	GEONOUN
51693	40	49	spare	GEONOUN
51693	41	26	town	GEONOUN
51693	41	63	Munkács	PLACE
51693	41	194	the following year	DATE
51693	44	19	one year old	DATE
51693	44	54	Auschwitz	CAMP
51693	50	98	Poland	COUNTRY
51693	50	124	concentration camps	GEONOUN
51693	51	3	'40--	DATE
51693	51	12	'42	DATE
51693	51	20	'41	DATE
51693	52	56	night	TIME
51693	52	81	late at night	TIME
51693	52	198	'43	DATE
51693	52	389	town	GEONOUN
51693	56	51	attic	GEONOUN
51693	56	72	night	TIME
51693	56	111	store	GEONOUN
51693	58	3	'41	DATE
51693	58	11	'41	DATE
51693	58	18	'40	DATE
51693	58	64	bridge	GEONOUN
51693	58	84	Munkács	PLACE
51693	58	146	Munkács	PLACE
51693	58	171	bridge	GEONOUN
51693	58	270	Munkács	PLACE
51693	58	321	school	GEONOUN
51693	58	335	two years	DATE
51693	58	355	school	GEONOUN
51693	59	26	apartment	GEONOUN
51693	61	0	Two years	DATE
51693	62	0	--two years	DATE
51693	63	57	night	TIME
51693	63	135	'44	DATE
51693	63	177	ghetto	GEONOUN
51693	67	38	street	GEONOUN
51693	68	43	the last-- till	TIME
51693	68	59	the last minute	TIME
51693	69	21	the last year	DATE
51693	69	44	'43	DATE
51693	69	52	'43	DATE
51693	71	155	Auschwitz	CAMP
51693	76	29	Passover	EVENT
51693	76	311	Passover	EVENT
51693	76	355	ghetto	GEONOUN
51693	77	74	street	GEONOUN
51693	77	196	spot	GEONOUN
51693	78	76	Jewish	GEONOUN
51693	78	120	Jewish	GEONOUN
51693	78	143	community	GEONOUN
51693	79	17	market	GEONOUN
51693	79	42	market	GEONOUN
51693	79	116	area	GEONOUN
51693	80	21	fence	GEONOUN
51693	81	11	fence	GEONOUN
51693	83	23	works	GEONOUN
51693	90	136	ghetto	GEONOUN
51693	90	168	two Shabbos	DATE
51693	90	184	two weeks	DATE
51693	90	197	three weeks	DATE
51693	90	244	Saturday	DATE
51693	90	280	a Schwarze Shabbos	EVENT
51693	90	439	street	GEONOUN
51693	90	455	school	GEONOUN
51693	90	602	the following week	DATE
51693	91	153	ghetto	GEONOUN
51693	91	282	street	GEONOUN
51693	95	38	Jewish	GEONOUN
51693	95	85	Poland	COUNTRY
51693	95	256	the last minute	TIME
51693	95	384	night	TIME
51693	96	11	ghetto	GEONOUN
51693	96	58	city	GEONOUN
51693	96	75	brick factory	GEONOUN
51693	96	81	factory	GEONOUN
51693	96	99	brick factory	GEONOUN
51693	96	105	factory	GEONOUN
51693	96	184	a few days	DATE
51693	99	147	corner	GEONOUN
51693	101	0	Hungary	COUNTRY
51693	101	9	Germany	COUNTRY
51693	101	18	Hungary	COUNTRY
51693	107	201	45	DATE
51693	108	30	ship	GEONOUN
51693	108	47	windows	GEONOUN
51693	109	0	Overnight	TIME
51693	109	22	the afternoon	TIME
51693	109	60	Auschwitz	CAMP
51693	109	73	the following evening	TIME
51693	112	347	Jewish	GEONOUN
51693	112	631	camp	GEONOUN
51693	116	161	any day	DATE
51693	117	161	Birkenau	CAMP
51693	118	0	Birkenau	CAMP
51693	118	18	Auschwitz	CAMP
51693	118	67	Birkenau	CAMP
51693	119	272	Auschwitz	CAMP
51693	124	50	camp	GEONOUN
51693	125	24	Auschwitz	CAMP
51693	125	35	Lager C	PLACE
51693	126	11	cabin	GEONOUN
51693	126	41	wood	GEONOUN
51693	127	37	buildings	GEONOUN
51693	129	4	the following morning	TIME
51693	129	27	The following morning	TIME
51693	130	92	a few hours	TIME
51693	132	4	early in the morning	TIME
51693	132	26	Early in the morning	TIME
51693	132	109	early in the morning	TIME
51693	132	159	hours	TIME
51693	134	11	Auschwitz	CAMP
51693	138	57	night	TIME
51693	139	30	Hungary	COUNTRY
51693	139	66	Holland	CITY
51693	139	96	Hungary	COUNTRY
51693	140	3	Auschwitz	CAMP
51693	140	188	Auschwitz	CAMP
51693	142	22	tree	GEONOUN
51693	144	27	the holidays	DATE
51693	145	25	Friday	DATE
51693	145	32	night	TIME
51693	145	60	Friday	DATE
51693	145	67	night	TIME
51693	147	21	camp	GEONOUN
51693	149	126	fence	GEONOUN
51693	150	114	cabins	GEONOUN
51693	154	191	hospital	GEONOUN
51693	154	611	Appell	PLACE
51693	161	28	six weeks	DATE
51693	161	107	Reichenbach	PLACE
51693	161	160	the end of the summer	DATE
51693	161	216	six weeks	DATE
51693	161	229	Auschwitz	CAMP
51693	163	36	train	GEONOUN
51693	164	28	train	GEONOUN
51693	167	94	Reichenbach	PLACE
51693	167	148	Reichenbach	PLACE
51693	168	30	cabin	GEONOUN
51693	168	62	early in the morning	TIME
51693	168	203	early in the morning	TIME
51693	168	230	factory	GEONOUN
51693	168	320	Jewish	GEONOUN
51693	168	421	factory	GEONOUN
51693	175	74	Friday	DATE
51693	175	81	night	TIME
51693	177	10	Around 40	DATE
51693	177	28	40	DATE
51693	180	12	5 o'clock	TIME
51693	180	72	early in the morning	TIME
51693	181	10	every morning	TIME
51693	182	16	40 minutes	TIME
51693	184	19	February	DATE
51693	184	176	Kratzau	CAMP
51693	184	185	Nights	DATE
51693	184	196	days	DATE
51693	185	50	the morning	TIME
51693	185	63	early in the morning	TIME
51693	185	104	the evening	TIME
51693	193	8	a few nights	DATE
51693	193	30	two nights	DATE
51693	193	42	Two nights	DATE
51693	193	56	three nights	DATE
51693	193	93	Kratzau	CAMP
51693	193	132	Kratzau	CAMP
51693	193	166	Kratzau	CAMP
51693	200	0	Kratzau	CAMP
51693	200	52	barracks	GEONOUN
51693	200	205	every night	TIME
51693	202	5	Jewish	GEONOUN
51693	202	13	Jewish	GEONOUN
51693	203	88	Holland	CITY
51693	205	42	the day	DATE
51693	206	0	Till May	DATE
51693	206	36	May	DATE
51693	207	221	The next day	DATE
51693	208	49	night	TIME
51693	213	65	Budapest	CITY
51693	215	3	train	GEONOUN
51693	215	13	train	GEONOUN
51693	215	23	Budapest	CITY
51693	215	37	Jewish	GEONOUN
51693	215	119	Jewish	GEONOUN
51693	217	4	a few weeks	DATE
51693	217	17	A few weeks	DATE
51693	217	78	end of May	DATE
51693	217	127	May	DATE
51693	217	143	the same month	DATE
51693	217	159	The same month	DATE
51693	221	40	A few months later	DATE
51693	223	56	community	GEONOUN
51693	223	260	apartment	GEONOUN
51693	224	100	Germany	COUNTRY
51693	224	124	Fürth	CITY
51693	224	155	Fürth	CITY
51693	224	172	camp	GEONOUN
51693	224	266	camps	GEONOUN
51693	224	276	Deggendorf	CITY
51693	225	14	Deggendorf	CITY
51693	226	13	Deggendorf	CITY
51693	226	47	3 SECONDS	DATE
51693	226	86	six weeks	DATE
51693	226	99	eight weeks	DATE
51693	226	114	Deggendorf	CITY
51693	226	126	Three weeks	DATE
51693	226	139	Three months	DATE
51693	226	153	Three weeks	DATE
51693	226	186	Three weeks	DATE
51693	227	3	June	DATE
51693	228	0	June '40--	DATE
51693	228	14	'45-- in '46	DATE
51693	229	13	Deggendorf	CITY
51693	233	15	camp	GEONOUN
51693	235	21	America	COUNTRY
51693	235	69	Deggendorf--	PLACE
51693	235	126	Deggendorf	CITY
51693	235	144	Schwabel	PLACE
51693	237	34	factory	GEONOUN
51693	239	16	camp	GEONOUN
51693	239	47	room	GEONOUN
51693	243	236	chamber	GEONOUN
51693	245	41	camp	GEONOUN
51693	245	59	camp	GEONOUN
51693	251	11	America	COUNTRY
51693	252	176	store	GEONOUN
51693	252	229	factory	GEONOUN
51693	253	3	ship	GEONOUN
51693	253	12	boat	GEONOUN
51693	253	21	boat	GEONOUN
51693	254	36	boat	GEONOUN
51693	256	3	New York	US-STATE
51693	261	30	room	GEONOUN
51693	262	3	Middle Village	CITY
51693	262	86	apartment	GEONOUN
51693	263	5	Middle Village	CITY
51693	264	131	college	GEONOUN
51693	265	3	1953	DATE
51693	267	12	'56	DATE
51693	270	29	New York	US-STATE
51693	270	42	New Jersey	US-STATE
51693	270	77	Miami	CITY
51693	272	116	the whole day	DATE
51693	274	100	nights	TIME
51693	274	119	Every day	DATE
51693	277	17	14	DATE
51693	277	51	three	DATE
51693	282	23	'39	DATE
51693	283	3	Munkács	PLACE
51693	291	13	'39	DATE
51693	291	20	'40	DATE
51693	293	26	'38	DATE
51693	293	34	'38	DATE
51693	295	47	1940	DATE
51693	295	64	1940	DATE
51693	301	27	1939	DATE
51693	302	97	that '39	DATE
51693	302	107	'40	DATE
51693	303	89	the '40s--	DATE
51693	303	100	1940	DATE
51693	303	108	'39	DATE
51693	305	45	1939	DATE
51693	306	57	'55	DATE
51693	306	66	'55	DATE
51693	308	54	1945	DATE
51693	310	13	Czechoslovakia	COUNTRY
