FileID	AnswerID	StartCharPos	Entity	Type
51744	2	0	The 17th of May, 1965-- 1926	DATE
51744	3	8	75	DATE
51744	4	40	Poland	COUNTRY
51744	5	90	around '30-- '35, '36	DATE
51744	6	32	block	GEONOUN
51744	6	41	land	GEONOUN
51744	6	265	house	GEONOUN
51744	6	305	roof	GEONOUN
51744	6	431	room	GEONOUN
51744	13	29	Sundays	DATE
51744	13	63	church	GEONOUN
51744	13	180	church	GEONOUN
51744	16	159	garden	GEONOUN
51744	16	179	house	GEONOUN
51744	16	197	trees	GEONOUN
51744	18	26	town	GEONOUN
51744	18	104	fell	GEONOUN
51744	25	152	town	GEONOUN
51744	25	174	town	GEONOUN
51744	25	211	Jewish	GEONOUN
51744	25	258	town	GEONOUN
51744	25	283	Jewish	GEONOUN
51744	26	37	town	GEONOUN
51744	26	76	main street	GEONOUN
51744	26	132	school	GEONOUN
51744	27	139	the month	DATE
51744	27	179	the 11th month	DATE
51744	28	6	November	DATE
51744	29	131	room	GEONOUN
51744	29	241	room	GEONOUN
51744	29	277	room	GEONOUN
51744	29	298	room	GEONOUN
51744	29	348	room	GEONOUN
51744	30	116	Warsaw	CITY
51744	30	136	college	GEONOUN
51744	30	164	college	GEONOUN
51744	36	136	Kovel	CITY
51744	36	389	seven years	DATE
51744	36	546	Russia	COUNTRY
51744	36	588	Russia	COUNTRY
51744	36	606	Siberia	PLACE
51744	36	1046	Kovel	CITY
51744	37	23	Lublin	CITY
51744	37	182	Berlin	CITY
51744	37	242	Berlin	CITY
51744	37	315	Lublin	CITY
51744	37	407	Lublin	CITY
51744	39	128	Jewish school	GEONOUN
51744	39	135	school	GEONOUN
51744	39	173	Jewish	GEONOUN
51744	40	18	Opole	CITY
51744	41	34	town	GEONOUN
51744	41	52	Minsk	CITY
51744	41	116	Russia	COUNTRY
51744	41	172	art school	GEONOUN
51744	48	3	Opole	CITY
51744	48	150	Russia	COUNTRY
51744	48	209	Palestine	CITY
51744	48	255	about two years	DATE
51744	49	26	house	GEONOUN
51744	50	109	United States	COUNTRY
51744	50	219	Canada	COUNTRY
51744	53	69	school	GEONOUN
51744	53	108	America	COUNTRY
51744	53	141	America	COUNTRY
51744	53	233	Jewish	GEONOUN
51744	53	269	school	GEONOUN
51744	53	308	Jewish	GEONOUN
51744	53	365	school	GEONOUN
51744	53	398	the weekends	DATE
51744	57	21	synagogue	GEONOUN
51744	57	377	synagogue	GEONOUN
51744	61	77	Pesach	DATE
51744	61	224	Pesach	DATE
51744	61	239	the holidays	DATE
51744	62	62	Jewish	GEONOUN
51744	62	324	factory	GEONOUN
51744	65	28	building	GEONOUN
51744	65	52	building	GEONOUN
51744	65	170	building	GEONOUN
51744	72	240	Jewish school	GEONOUN
51744	72	247	school	GEONOUN
51744	80	145	Jewish	GEONOUN
51744	82	95	ghetto	GEONOUN
51744	86	49	Jewish	GEONOUN
51744	86	151	Jewish	GEONOUN
51744	86	237	town	GEONOUN
51744	86	271	Pulawy	PLACE
51744	86	353	room	GEONOUN
51744	86	387	ghetto	GEONOUN
51744	86	441	Czechoslovakia	COUNTRY
51744	89	59	Jewish	GEONOUN
51744	89	74	Jewish	GEONOUN
51744	89	97	Jewish	GEONOUN
51744	89	137	Jewish	GEONOUN
51744	89	167	Jewish	GEONOUN
51744	90	0	Jewish	GEONOUN
51744	95	236	Warsaw	CITY
51744	96	160	school	GEONOUN
51744	96	206	school	GEONOUN
51744	97	110	bar	GEONOUN
51744	102	24	town	GEONOUN
51744	102	328	Poland	COUNTRY
51744	104	42	the morning	TIME
51744	104	57	school	GEONOUN
51744	104	100	school	GEONOUN
51744	104	152	the summer	DATE
51744	104	236	forests	GEONOUN
51744	104	255	town	GEONOUN
51744	104	264	the winter	DATE
51744	104	306	river	GEONOUN
51744	104	450	Jewish	GEONOUN
51744	105	140	town	GEONOUN
51744	105	182	road	GEONOUN
51744	105	226	Poland	COUNTRY
51744	105	591	Russia	COUNTRY
51744	105	636	Germany	COUNTRY
51744	105	808	Poland	COUNTRY
51744	106	59	Israel	COUNTRY
51744	106	133	land	GEONOUN
51744	106	154	Carmel	CITY
51744	106	209	Israel	COUNTRY
51744	106	374	Carmel	CITY
51744	106	412	Afula	CITY
51744	106	521	Israel	COUNTRY
51744	106	607	land	GEONOUN
51744	108	67	house	GEONOUN
51744	108	261	town	GEONOUN
51744	108	423	three days	DATE
51744	109	29	about two, three months	DATE
51744	109	140	ghetto	GEONOUN
51744	109	357	houses	GEONOUN
51744	109	385	houses	GEONOUN
51744	109	418	house	GEONOUN
51744	109	441	house	GEONOUN
51744	111	92	ghetto	GEONOUN
51744	111	300	house	GEONOUN
51744	111	366	room	GEONOUN
51744	111	695	rooms	GEONOUN
51744	111	768	town	GEONOUN
51744	111	811	ghetto	GEONOUN
51744	114	92	town	GEONOUN
51744	114	121	town	GEONOUN
51744	114	266	railway	GEONOUN
51744	114	334	town	GEONOUN
51744	120	45	ghetto	GEONOUN
51744	120	128	farms	GEONOUN
51744	123	64	houses	GEONOUN
51744	123	162	houses	GEONOUN
51744	123	199	ghetto	GEONOUN
51744	131	125	Jewish	GEONOUN
51744	132	184	ghetto	GEONOUN
51744	133	12	fence	GEONOUN
51744	133	90	slide	GEONOUN
51744	139	14	ghetto	GEONOUN
51744	141	171	Józefów	CITY
51744	141	217	camp	GEONOUN
51744	142	9	ghetto	GEONOUN
51744	143	38	the early days	DATE
51744	143	60	ghetto	GEONOUN
51744	143	99	town	GEONOUN
51744	143	250	wood	GEONOUN
51744	143	585	town	GEONOUN
51744	143	677	hospital	GEONOUN
51744	143	691	hospital	GEONOUN
51744	143	723	ghetto	GEONOUN
51744	143	744	hospital	GEONOUN
51744	143	760	ghetto	GEONOUN
51744	143	797	synagogue	GEONOUN
51744	145	82	garden	GEONOUN
51744	145	97	house	GEONOUN
51744	145	127	wood	GEONOUN
51744	145	189	wood	GEONOUN
51744	150	14	farms	GEONOUN
51744	151	25	fence	GEONOUN
51744	152	17	the night	TIME
51744	152	49	the night	TIME
51744	152	145	the night	TIME
51744	153	175	country	GEONOUN
51744	168	41	couple of days	DATE
51744	174	194	town	GEONOUN
51744	174	345	town	GEONOUN
51744	176	134	ghetto	GEONOUN
51744	178	75	ghetto	GEONOUN
51744	179	41	ghetto	GEONOUN
51744	179	109	ghetto	GEONOUN
51744	183	11	Austria	COUNTRY
51744	183	25	Vienna	CITY
51744	185	546	Vienna	CITY
51744	185	748	post office	GEONOUN
51744	185	791	ghetto	GEONOUN
51744	185	995	a month	DATE
51744	185	1075	Kraków	CITY
51744	185	1119	house	GEONOUN
51744	185	1276	Germany	COUNTRY
51744	194	14	corner	GEONOUN
51744	217	123	a week's-- week's	DATE
51744	222	18	ghetto	GEONOUN
51744	224	377	farms	GEONOUN
51744	224	541	school	GEONOUN
51744	228	17	ghetto	GEONOUN
51744	228	36	court	GEONOUN
51744	228	206	railway station	GEONOUN
51744	228	214	station	GEONOUN
51744	228	247	Jewish	GEONOUN
51744	228	328	ghetto	GEONOUN
51744	231	70	houses	GEONOUN
51744	232	552	ghetto	GEONOUN
51744	236	235	camp	GEONOUN
51744	236	276	factory	GEONOUN
51744	236	377	concentration camp	GEONOUN
51744	236	593	Warsaw	CITY
51744	237	6	Poniatowa	PLACE
51744	239	11	Warsaw	CITY
51744	239	24	Warsaw	CITY
51744	239	31	ghetto	GEONOUN
51744	240	48	Warsaw	CITY
51744	240	119	Warsaw	CITY
51744	246	59	backyard	GEONOUN
51744	246	146	town	GEONOUN
51744	248	29	wood	GEONOUN
51744	248	109	trees	GEONOUN
51744	253	12	cemetery	GEONOUN
51744	253	39	ghetto	GEONOUN
51744	254	34	cemetery	GEONOUN
51744	254	294	grave	GEONOUN
51744	254	438	cemetery	GEONOUN
51744	254	486	Jewish	GEONOUN
51744	264	93	market	GEONOUN
51744	264	238	stalls	GEONOUN
51744	264	318	ghetto	GEONOUN
51744	264	574	Jewish	GEONOUN
51744	270	46	houses	GEONOUN
51744	271	243	barracks	GEONOUN
51744	271	275	barracks	GEONOUN
51744	271	395	Jewish	GEONOUN
51744	276	56	house	GEONOUN
51744	279	15	'42	DATE
51744	279	36	'43	DATE
51744	280	27	the night before	TIME
51744	282	12	Jewish	GEONOUN
51744	282	142	tomorrow	DATE
51744	291	150	Warsaw	CITY
51744	292	3	night	TIME
51744	295	77	forest	GEONOUN
51744	295	103	two weeks	DATE
51744	295	216	Warsaw	CITY
51744	295	356	forest	GEONOUN
51744	295	479	concentration camp	GEONOUN
51744	295	591	forest	GEONOUN
51744	295	630	two weeks	DATE
51744	297	16	forest	GEONOUN
51744	297	31	field	GEONOUN
51744	298	352	field	GEONOUN
51744	298	579	ground	GEONOUN
51744	299	579	the two weeks	DATE
51744	299	703	Warsaw	CITY
51744	299	867	station	GEONOUN
51744	299	908	station	GEONOUN
51744	299	942	town	GEONOUN
51744	299	964	railway	GEONOUN
51744	299	997	narrow track	GEONOUN
51744	299	1004	track	GEONOUN
51744	299	1045	railway	GEONOUN
51744	299	1080	train	GEONOUN
51744	299	1099	Warsaw	CITY
51744	299	1130	train station	GEONOUN
51744	302	227	town	GEONOUN
51744	302	298	town	GEONOUN
51744	303	108	station	GEONOUN
51744	303	170	room	GEONOUN
51744	303	209	room	GEONOUN
51744	303	1281	vaulting	GEONOUN
51744	303	1340	trees	GEONOUN
51744	303	1372	train	GEONOUN
51744	303	1402	about a hour	TIME
51744	303	1457	the nighttime	TIME
51744	303	1505	train	GEONOUN
51744	303	1609	train	GEONOUN
51744	303	1703	train	GEONOUN
51744	303	1745	Warsaw	CITY
51744	303	1773	station	GEONOUN
51744	303	2053	cellar	GEONOUN
51744	306	107	Jewish	GEONOUN
51744	306	152	Jewish	GEONOUN
51744	310	16	Marszalkowska Street	PLACE
51744	311	101	cellar	GEONOUN
51744	311	213	corner	GEONOUN
51744	314	67	flat	GEONOUN
51744	314	100	house	GEONOUN
51744	315	149	station	GEONOUN
51744	315	220	like 3 o'clock--	TIME
51744	315	241	3 o'clock	TIME
51744	315	259	like 1 o'clock	TIME
51744	315	297	street	GEONOUN
51744	322	43	Warsaw	CITY
51744	322	194	ghetto	GEONOUN
51744	322	231	ghetto	GEONOUN
51744	324	35	five days	DATE
51744	324	69	Five days	DATE
51744	324	91	five days--	DATE
51744	324	110	five and a half days	DATE
51744	324	144	Saturday	DATE
51744	324	157	Sunday	DATE
51744	324	231	downstairs	GEONOUN
51744	331	95	parts	GEONOUN
51744	331	217	every two weeks	DATE
51744	331	348	London	CITY
51744	334	3	the night	TIME
51744	334	21	cellar	GEONOUN
51744	343	3	the Pawiak Prison	PLACE
51744	343	48	ghetto	GEONOUN
51744	343	77	ghetto	GEONOUN
51744	343	123	prison	GEONOUN
51744	346	59	market hall	GEONOUN
51744	346	66	hall	GEONOUN
51744	350	24	room	GEONOUN
51744	350	62	about a week	DATE
51744	351	197	five minutes	TIME
51744	351	486	train	GEONOUN
51744	351	593	board	GEONOUN
51744	351	926	school	GEONOUN
51744	351	985	wood	GEONOUN
51744	352	16	carriage	GEONOUN
51744	352	116	block	GEONOUN
51744	353	62	carriage	GEONOUN
51744	353	111	roof	GEONOUN
51744	353	221	train	GEONOUN
51744	353	330	fell	GEONOUN
51744	353	347	fell	GEONOUN
51744	353	399	fell	GEONOUN
51744	353	818	train	GEONOUN
51744	353	875	station	GEONOUN
51744	353	902	station	GEONOUN
51744	353	927	station	GEONOUN
51744	353	1037	a few years back	DATE
51744	353	1166	train station	GEONOUN
51744	353	1208	station	GEONOUN
51744	353	1300	Warsaw	CITY
51744	355	379	house	GEONOUN
51744	355	676	shelf	GEONOUN
51744	360	0	The Polish Uprising	EVENT
51744	362	103	chain	GEONOUN
51744	362	521	Jewish	GEONOUN
51744	362	547	the Armia Krajowa	PLACE
51744	367	89	town	GEONOUN
51744	367	120	Stárowka	PLACE
51744	367	145	town	GEONOUN
51744	367	509	town	GEONOUN
51744	367	621	river	GEONOUN
51744	371	20	town	GEONOUN
51744	373	71	town hall	GEONOUN
51744	374	114	factory	GEONOUN
51744	374	260	building	GEONOUN
51744	374	373	road	GEONOUN
51744	374	469	road	GEONOUN
51744	378	457	house	GEONOUN
51744	378	547	3 SECONDS	DATE
51744	378	808	road	GEONOUN
51744	381	23	road	GEONOUN
51744	381	62	corner	GEONOUN
51744	382	324	river	GEONOUN
51744	382	483	river	GEONOUN
51744	382	544	island	GEONOUN
51744	382	558	river	GEONOUN
51744	382	597	restaurant	GEONOUN
51744	382	758	ship	GEONOUN
51744	382	807	ferry	GEONOUN
51744	382	921	island	GEONOUN
51744	389	132	church	GEONOUN
51744	389	195	yard	GEONOUN
51744	389	209	church	GEONOUN
51744	389	569	Skierniewice	CITY
51744	389	643	camp	GEONOUN
51744	389	731	Treblinka	PLACE
51744	389	754	another about 10 days	DATE
51744	389	866	fence	GEONOUN
51744	389	907	fence	GEONOUN
51744	389	971	fence	GEONOUN
51744	390	12	fence	GEONOUN
51744	390	34	camps	GEONOUN
51744	392	183	Treblinka	PLACE
51744	394	7	the night	TIME
51744	397	19	fence	GEONOUN
51744	397	199	train	GEONOUN
51744	397	226	Germany	COUNTRY
51744	398	24	Berlin	CITY
51744	399	10	about half a day	DATE
51744	399	53	Bremen	CITY
51744	399	61	Bremen	CITY
51744	399	95	camp	GEONOUN
51744	401	18	camp	GEONOUN
51744	404	15	train	GEONOUN
51744	404	105	train	GEONOUN
51744	406	0	About three days	DATE
51744	407	88	camp	GEONOUN
51744	407	114	camp	GEONOUN
51744	407	152	two weeks	DATE
51744	407	209	camp	GEONOUN
51744	408	212	Jewish	GEONOUN
51744	413	61	camp	GEONOUN
51744	413	79	camp	GEONOUN
51744	414	19	camp	GEONOUN
51744	414	82	barracks	GEONOUN
51744	414	321	rooms	GEONOUN
51744	414	384	room	GEONOUN
51744	417	297	board	GEONOUN
51744	417	473	fell	GEONOUN
51744	420	10	walls	GEONOUN
51744	421	12	fence	GEONOUN
51744	422	9	watchtowers	GEONOUN
51744	422	105	watchtowers	GEONOUN
51744	424	30	division	GEONOUN
51744	431	565	hospital	GEONOUN
51744	434	57	nine months	DATE
51744	434	72	10-- 10 or	DATE
51744	435	20	the morning	TIME
51744	435	41	about 6:00	TIME
51744	437	3	the morning	TIME
51744	437	495	every two weeks	DATE
51744	437	514	every three weeks	DATE
51744	438	142	hospital	GEONOUN
51744	438	206	few weeks	DATE
51744	439	203	room	GEONOUN
51744	439	421	camp	GEONOUN
51744	443	25	town	GEONOUN
51744	443	75	town	GEONOUN
51744	444	122	Jewish	GEONOUN
51744	444	134	one evening	TIME
51744	444	245	divide	GEONOUN
51744	446	344	Jewish	GEONOUN
51744	446	508	room	GEONOUN
51744	446	654	Jewish	GEONOUN
51744	446	1042	tomorrow	DATE
51744	446	1230	station	GEONOUN
51744	446	1309	hospital	GEONOUN
51744	446	1566	hospital	GEONOUN
51744	446	1613	hospital	GEONOUN
51744	459	9	about six-- I-- I-- I have to look	DATE
51744	459	73	about six-- six or seven weeks	DATE
51744	459	108	eight weeks	DATE
51744	460	7	hospital	GEONOUN
51744	462	446	Poland	COUNTRY
51744	463	351	hospital	GEONOUN
51744	463	379	room	GEONOUN
51744	463	408	hospital	GEONOUN
51744	463	489	lunchtime	TIME
51744	463	579	hospital	GEONOUN
51744	463	600	library	GEONOUN
51744	463	631	nearly every second day	DATE
51744	463	850	library	GEONOUN
51744	463	943	field	GEONOUN
51744	463	960	hospital	GEONOUN
51744	463	1367	room	GEONOUN
51744	465	32	3 SECONDS	DATE
51744	465	82	another two or three weeks	DATE
51744	465	232	hospital	GEONOUN
51744	465	632	concentration camp	GEONOUN
51744	468	130	room	GEONOUN
51744	471	36	camp	GEONOUN
51744	471	67	room	GEONOUN
51744	471	134	hospital	GEONOUN
51744	471	170	hospital	GEONOUN
51744	473	89	a week before	DATE
51744	473	321	concentration camp	GEONOUN
51744	479	14	camp	GEONOUN
51744	480	25	camp	GEONOUN
51744	493	29	Ravensbrück	PLACE
51744	494	14	about one week	DATE
51744	496	35	watchtowers	GEONOUN
51744	498	141	Bomlitz	PLACE
51744	498	233	barracks	GEONOUN
51744	498	283	barracks	GEONOUN
51744	498	319	barracks	GEONOUN
51744	498	398	hospital	GEONOUN
51744	498	445	hospital	GEONOUN
51744	499	74	Jewish	GEONOUN
51744	499	199	Jewish	GEONOUN
51744	503	187	Sweden	COUNTRY
51744	503	377	town	GEONOUN
51744	503	425	Lübeck	CITY
51744	503	448	Lübeck	CITY
51744	503	495	camp	GEONOUN
51744	503	567	Sweden	COUNTRY
51744	503	698	two months	DATE
51744	503	771	two months	DATE
51744	503	791	camp	GEONOUN
51744	504	95	two weeks	DATE
51744	504	116	two months	DATE
51744	504	415	camp	GEONOUN
51744	504	554	Sweden	COUNTRY
51744	504	792	concentration camps	GEONOUN
51744	504	957	Germany	COUNTRY
51744	504	1079	spare	GEONOUN
51744	504	1467	camp	GEONOUN
51744	504	1500	ship	GEONOUN
51744	504	1521	Sweden	COUNTRY
51744	504	1631	Poland	COUNTRY
51744	504	1686	Sweden	COUNTRY
51744	504	1735	Saturday	DATE
51744	504	1770	Jewish	GEONOUN
51744	504	1903	the next day	DATE
51744	504	2173	hospital	GEONOUN
51744	504	2381	hospital	GEONOUN
51744	504	2781	university hospital	GEONOUN
51744	504	2792	hospital	GEONOUN
51744	504	3006	about a year and a half	DATE
51744	509	331	hospital	GEONOUN
51744	509	443	Jewish	GEONOUN
51744	509	473	Jewish	GEONOUN
51744	510	47	two or three weeks	DATE
51744	510	78	4 SECONDS	DATE
51744	510	166	sanatorium	GEONOUN
51744	510	263	city	GEONOUN
51744	510	313	country	GEONOUN
51744	510	410	city	GEONOUN
51744	514	174	villa	GEONOUN
51744	520	14	Sweden	COUNTRY
51744	521	27	46	DATE
51744	522	21	synagogue	GEONOUN
51744	522	393	Stockholm	CITY
51744	523	69	hospital	GEONOUN
51744	523	133	England	PLACE
51744	523	661	Germany	COUNTRY
51744	523	672	1939	DATE
51744	523	726	America	COUNTRY
51744	523	781	England	PLACE
51744	523	878	library	GEONOUN
51744	525	17	river	GEONOUN
51744	525	26	Warsaw	CITY
51744	525	134	Berlin	CITY
51744	525	301	Lódz	PLACE
51744	528	13	another few years	DATE
51744	528	63	Sweden	COUNTRY
51744	528	101	Poland	COUNTRY
51744	528	139	Germany	COUNTRY
51744	528	173	Germany	COUNTRY
51744	528	225	Sweden	COUNTRY
51744	528	388	Jerusalem	CITY
51744	528	425	Jerusalem	CITY
51744	528	455	Jerusalem	CITY
51744	528	514	Sweden	COUNTRY
51744	528	542	Jerusalem	CITY
51744	528	570	Palestine	CITY
51744	528	603	'40-- '46, '47	DATE
51744	529	17	Germany	COUNTRY
51744	529	98	Germany	COUNTRY
51744	529	139	Jerusalem	CITY
51744	529	165	Israel	COUNTRY
51744	530	12	Sweden	COUNTRY
51744	530	41	about nine months	DATE
51744	530	70	another three months	DATE
51744	531	154	country	GEONOUN
51744	531	190	country	GEONOUN
51744	531	227	country	GEONOUN
51744	531	238	Israel	COUNTRY
51744	532	45	Israel	COUNTRY
51744	532	77	the United States	COUNTRY
51744	533	47	country	GEONOUN
51744	533	104	the United States	COUNTRY
51744	533	199	Israel	COUNTRY
51744	533	613	Sweden	COUNTRY
51744	534	257	refugee camp	GEONOUN
51744	534	360	Israel	COUNTRY
51744	534	379	refugee camp	GEONOUN
51744	535	0	18 months	DATE
51744	537	212	Israel	COUNTRY
51744	538	3	Australia	COUNTRY
51744	539	100	Sweden	COUNTRY
51744	539	443	Italy	COUNTRY
51744	539	472	ship	GEONOUN
51744	539	574	Melbourne	CITY
51744	541	19	Israel	COUNTRY
51744	543	7	Melbourne	CITY
51744	546	97	airport	GEONOUN
51744	546	153	Darwin	CITY
51744	546	296	Sydney	CITY
51744	546	598	two weeks	DATE
51744	546	714	two weeks	DATE
51744	547	80	Melbourne	CITY
51744	547	137	hotel	GEONOUN
51744	547	150	upstairs	GEONOUN
51744	547	162	Sydney	CITY
51744	547	169	airport	GEONOUN
51744	547	193	rooms	GEONOUN
51744	550	301	farm	GEONOUN
51744	551	201	junkyard	GEONOUN
51744	551	429	Port of Melbourne	PLACE
51744	553	10	a few years	DATE
51744	553	75	spare	GEONOUN
51744	553	177	Jewish	GEONOUN
51744	553	329	city	GEONOUN
51744	553	553	a day	DATE
51744	553	844	Sweden	COUNTRY
51744	553	864	flat	GEONOUN
51744	553	937	cottages	GEONOUN
51744	553	999	Reservoir	CITY
51744	553	1030	house	GEONOUN
51744	553	1049	house	GEONOUN
51744	553	1085	road	GEONOUN
51744	553	1291	today	DATE
51744	557	78	19	DATE
51744	557	214	20	DATE
51744	561	44	school	GEONOUN
51744	563	128	Jewish	GEONOUN
51744	564	198	Poland	COUNTRY
51744	566	44	Jewish	GEONOUN
51744	571	96	Sweden	COUNTRY
51744	571	133	Israel	COUNTRY
51744	571	193	Australia	COUNTRY
51744	571	221	about two months	DATE
51744	571	241	Australia	COUNTRY
51744	571	273	refugee camp	GEONOUN
51744	571	294	Australia	COUNTRY
51744	571	419	three weeks	DATE
51744	571	442	two weeks	DATE
51744	571	556	Jewish	GEONOUN
51744	571	772	Sweden	COUNTRY
51744	571	823	Australia	COUNTRY
51744	571	866	Jewish	GEONOUN
51744	574	0	Poland	COUNTRY
51744	578	3	Opole	CITY
51744	579	115	a day	DATE
51744	579	216	road	GEONOUN
51744	579	260	town	GEONOUN
51744	579	276	two minutes	TIME
51744	579	325	ghetto	GEONOUN
51744	579	348	camps	GEONOUN
51744	582	138	Mount Scopus	PLACE
51744	582	258	Russia	COUNTRY
51744	582	551	house	GEONOUN
51744	582	599	school	GEONOUN
51744	582	636	corner	GEONOUN
51744	582	656	school	GEONOUN
51744	582	786	Mount Scopus	PLACE
51744	584	90	Jewish	GEONOUN
51744	588	116	Warsaw	CITY
51744	588	177	Warsaw	CITY
51744	588	767	house	GEONOUN
51744	588	797	entrance	GEONOUN
51744	588	895	hole	GEONOUN
51744	591	160	builders	GEONOUN
51744	591	176	pyramids	GEONOUN
51744	591	267	building	GEONOUN
51744	591	301	pyramids	GEONOUN
51744	591	570	about 10,000 years ago	DATE
51744	591	1072	Sodom	PLACE
51744	591	1082	Gomorrah	PLACE
51744	591	1991	Sydney	CITY
51744	593	100	Minsk	CITY
51744	593	201	Lublin	CITY
51744	596	16	Opole Lubelskie	PLACE
51744	598	18	Opole Lubelskie	PLACE
51744	599	99	Palestine	CITY
51744	599	112	1937	DATE
51744	599	201	school	GEONOUN
51744	599	224	Opole Lubelskie	PLACE
51744	599	389	entrance	GEONOUN
51744	599	405	Opole	CITY
51744	599	411	ghetto	GEONOUN
51744	599	487	ghetto	GEONOUN
51744	599	507	Jewish	GEONOUN
51744	599	547	ghetto	GEONOUN
51744	600	22	ghetto	GEONOUN
51744	602	18	'40	DATE
51744	604	5	building	GEONOUN
51744	604	67	cloister	GEONOUN
51744	606	45	Marszalkowska	PLACE
51744	606	148	'43	DATE
51744	606	177	'44	DATE
51744	608	16	Warsaw	CITY
51744	608	44	1944	DATE
51744	611	126	river	GEONOUN
51744	611	256	camp	GEONOUN
51744	611	268	hospital	GEONOUN
51744	611	323	camp	GEONOUN
51744	612	0	Sandbostel	CAMP
51744	612	14	Germany	COUNTRY
51744	612	23	Stalag X	PLACE
51744	612	31	-	PLACE
51744	612	118	1946	DATE
51744	612	141	Warsaw	CITY
51744	612	158	about a year after	DATE
51744	612	273	river	GEONOUN
51744	612	388	Warsaw	CITY
51744	612	395	about a year	DATE
51744	612	552	river	GEONOUN
51744	612	640	camp	GEONOUN
51744	612	648	Germany	COUNTRY
51744	612	660	Sandbostel	CAMP
51744	612	984	bank	GEONOUN
51744	612	1059	camp	GEONOUN
51744	612	1071	room	GEONOUN
51744	612	1582	camp	GEONOUN
51744	612	1594	hospital	GEONOUN
51744	612	1626	camp	GEONOUN
51744	612	1739	Jewish	GEONOUN
51744	614	162	Canada	COUNTRY
51744	614	187	Tarzana	PLACE
51744	614	196	California	US-STATE
51744	614	389	Russia	COUNTRY
