FileID	AnswerID	StartCharPos	Entity	Type
51753	3	33	Czechoslovakia	COUNTRY
51753	14	11	29 November, 1921	DATE
51753	15	6	79	DATE
51753	16	3	November	DATE
51753	16	23	80	DATE
51753	17	14	Kyjov--	PLACE
51753	17	22	K-Y-O-A	PLACE
51753	17	34	Czechoslovakia	COUNTRY
51753	17	62	city	GEONOUN
51753	17	70	Brno	CITY
51753	21	15	1878	DATE
51753	23	8	Poland	COUNTRY
51753	24	52	Chrzanów	CITY
51753	24	74	city	GEONOUN
51753	24	82	Kraków--	PLACE
51753	26	51	Jaworzno--	PLACE
51753	26	73	Chrzanów	CITY
51753	32	356	1939	DATE
51753	32	418	31	DATE
51753	33	5	Czechoslovakia	COUNTRY
51753	33	32	Oswiecim	PLACE
51753	33	66	school	GEONOUN
51753	33	81	Oswiecim	PLACE
51753	34	105	Czechoslovakia	COUNTRY
51753	34	311	these days	DATE
51753	35	43	school	GEONOUN
51753	36	0	Czechoslovakia	COUNTRY
51753	37	19	flat	GEONOUN
51753	37	124	street	GEONOUN
51753	39	14	rooms	GEONOUN
51753	44	12	spare	GEONOUN
51753	44	100	city	GEONOUN
51753	44	134	Pesach	EVENT
51753	54	129	12:00 midnight	TIME
51753	55	16	eight years	DATE
51753	55	28	school	GEONOUN
51753	55	39	Oswiecim	PLACE
51753	55	61	one year	DATE
51753	55	73	Kraków	CITY
51753	55	155	Poland	COUNTRY
51753	55	337	Prague	CITY
51753	55	350	Austria	COUNTRY
51753	55	362	Vienna	CITY
51753	57	26	Jewish	GEONOUN
51753	58	49	all Saturday	DATE
51753	58	86	school	GEONOUN
51753	58	98	school	GEONOUN
51753	59	0	--Saturday	DATE
51753	60	216	Jewish	GEONOUN
51753	60	239	Jewish	GEONOUN
51753	60	247	Jewish	GEONOUN
51753	60	255	Jewish	GEONOUN
51753	63	41	Jewish school	GEONOUN
51753	63	48	school	GEONOUN
51753	63	75	school	GEONOUN
51753	63	95	Jewish	GEONOUN
51753	65	109	Israel	COUNTRY
51753	65	154	Israel	COUNTRY
51753	68	49	the holidays	DATE
51753	70	30	104	DATE
51753	70	69	two years younger	DATE
51753	71	82	1933	DATE
51753	71	127	Germany	COUNTRY
51753	72	262	Kraków	CITY
51753	72	471	Israel	COUNTRY
51753	72	708	country	GEONOUN
51753	72	746	Poland	COUNTRY
51753	72	775	Europe	CONTINENT
51753	73	12	1935	DATE
51753	74	17	Bais Yaakov	PLACE
51753	76	74	September 1939	DATE
51753	76	176	20	DATE
51753	76	188	21	DATE
51753	76	475	Poland	COUNTRY
51753	76	483	Two days later	DATE
51753	76	514	Wadowice	CITY
51753	78	255	Israel	COUNTRY
51753	79	97	Bielitz-Biala	PLACE
51753	79	133	Oswiecim	PLACE
51753	79	176	Sunday	DATE
51753	82	23	1938	DATE
51753	83	72	Biala	PLACE
51753	84	8	Oswiecim	PLACE
51753	84	42	Biala	PLACE
51753	86	61	three months later	DATE
51753	86	100	March 1938	DATE
51753	86	242	'39	DATE
51753	86	295	Oswiecim	PLACE
51753	86	403	Oswiecim	PLACE
51753	86	436	three, four days	DATE
51753	87	14	Jewish	GEONOUN
51753	87	111	Jewish	GEONOUN
51753	87	197	the Beskid Mountains--	PLACE
51753	87	223	Czechoslovakia	COUNTRY
51753	87	433	Christmas night--	DATE
51753	87	455	'39	DATE
51753	87	460	Christmas	DATE
51753	87	483	mountains	GEONOUN
51753	88	21	synagogue	GEONOUN
51753	88	131	Israel	COUNTRY
51753	88	205	Poland	COUNTRY
51753	90	197	mountain	GEONOUN
51753	92	201	mountain	GEONOUN
51753	94	13	synagogue	GEONOUN
51753	94	47	room	GEONOUN
51753	94	194	Czechoslovakia	COUNTRY
51753	94	238	mountains	GEONOUN
51753	94	261	Beskids	PLACE
51753	95	277	16--	DATE
51753	95	289	between 16 and, say,	DATE
51753	95	310	22	DATE
51753	95	314	23	DATE
51753	100	7	Christmas	DATE
51753	101	0	December	DATE
51753	104	11	train	GEONOUN
51753	104	20	Bielsko--	PLACE
51753	104	75	mountain	GEONOUN
51753	106	217	mountains	GEONOUN
51753	106	236	slide	GEONOUN
51753	108	23	village	GEONOUN
51753	108	48	Slovakia	COUNTRY
51753	108	106	Czadca	PLACE
51753	108	117	Czadca	PLACE
51753	108	274	Jewish community	GEONOUN
51753	108	281	community	GEONOUN
51753	108	382	Hakhshara	PLACE
51753	108	446	Mizrachi	PLACE
51753	108	538	Mizrachi	PLACE
51753	109	37	Hakhshara	PLACE
51753	109	194	Podkarpatská Rus	PLACE
51753	110	525	Hakhshara	PLACE
51753	111	159	Bratislava	CITY
51753	111	186	Hakhshara	PLACE
51753	111	337	Hakhshara	PLACE
51753	111	359	Bratislava--	PLACE
51753	111	377	Bratislava--	PLACE
51753	111	445	one night	TIME
51753	111	469	March 25th, 1942	DATE
51753	111	500	the night	TIME
51753	111	845	Kiev	PLACE
51753	114	58	Slovakia	COUNTRY
51753	115	250	1941	DATE
51753	115	306	ship	GEONOUN
51753	115	314	Bratislava	CITY
51753	115	387	ship	GEONOUN
51753	115	430	Romania	COUNTRY
51753	115	443	the Black Sea	PLACE
51753	115	515	ship	GEONOUN
51753	115	533	Bratislava	CITY
51753	118	3	Vrbové	PLACE
51753	118	72	Mother's Day	DATE
51753	118	86	May	DATE
51753	119	9	Piestany--	PLACE
51753	119	35	city	GEONOUN
51753	119	90	Czadca	PLACE
51753	119	103	Poland	COUNTRY
51753	119	113	Slovakia	COUNTRY
51753	121	16	Vrbové	PLACE
51753	121	71	Oswiecim	PLACE
51753	121	126	Sosnowiec	CITY
51753	121	147	Sosnowiec	CITY
51753	121	171	Auschwitz	CAMP
51753	121	313	one year	DATE
51753	124	307	Jewish	GEONOUN
51753	124	359	Auschwitz	CAMP
51753	125	12	1942	DATE
51753	125	31	March	DATE
51753	125	47	September	DATE
51753	126	83	Lublin	CITY
51753	126	129	Hakhshara	PLACE
51753	126	143	Lublin	CITY
51753	126	157	one week	DATE
51753	126	344	daily	DATE
51753	126	362	daily	DATE
51753	127	17	Lublin	CITY
51753	128	80	Auschwitz	CAMP
51753	128	172	concentration camps	GEONOUN
51753	128	391	room	GEONOUN
51753	130	30	Bratislava	CITY
51753	130	467	garden	GEONOUN
51753	130	489	field	GEONOUN
51753	130	575	fence	GEONOUN
51753	130	708	Auschwitz	CAMP
51753	130	919	Auschwitz	CAMP
51753	130	1389	village	GEONOUN
51753	130	1458	state	GEONOUN
51753	131	38	Sered	PLACE
51753	131	361	property	GEONOUN
51753	131	529	every Sunday	DATE
51753	131	547	carriage	GEONOUN
51753	131	614	church	GEONOUN
51753	132	68	property	GEONOUN
51753	132	115	Bratislava	CITY
51753	140	3	Bratislava	CITY
51753	143	50	Sered	PLACE
51753	143	122	camp	GEONOUN
51753	145	50	camp	GEONOUN
51753	145	134	parts	GEONOUN
51753	146	0	One week	DATE
51753	147	20	'42	DATE
51753	147	31	September	DATE
51753	149	5	Poland	COUNTRY
51753	151	12	Sered	PLACE
51753	151	69	Nováky--	PLACE
51753	152	6	the week	DATE
51753	152	40	Jewish	GEONOUN
51753	152	342	Auschwitz	CAMP
51753	152	451	19 years old	DATE
51753	152	968	train	GEONOUN
51753	152	988	train	GEONOUN
51753	152	1106	Slovakia	COUNTRY
51753	152	1353	boat	GEONOUN
51753	152	1359	boat	GEONOUN
51753	154	134	hospital	GEONOUN
51753	155	5	school	GEONOUN
51753	156	288	train	GEONOUN
51753	157	68	train	GEONOUN
51753	157	115	Auschwitz	CAMP
51753	158	38	Jewish	GEONOUN
51753	158	64	train	GEONOUN
51753	158	128	train	GEONOUN
51753	159	225	train	GEONOUN
51753	159	676	Auschwitz	CAMP
51753	159	797	train	GEONOUN
51753	159	999	train	GEONOUN
51753	159	1477	Bratislava	CITY
51753	159	1494	Jewish	GEONOUN
51753	159	1720	train	GEONOUN
51753	160	17	Czadca	PLACE
51753	160	53	Poland	COUNTRY
51753	160	64	Slovakia	COUNTRY
51753	160	369	post office	GEONOUN
51753	160	405	upstairs	GEONOUN
51753	160	437	Jewish	GEONOUN
51753	160	628	train	GEONOUN
51753	160	668	Auschwitz	CAMP
51753	160	699	Bratislava	CITY
51753	162	25	train	GEONOUN
51753	163	18	train	GEONOUN
51753	163	70	Auschwitz	CAMP
51753	164	188	train	GEONOUN
51753	165	272	Auschwitz	CAMP
51753	166	273	room	GEONOUN
51753	166	361	train	GEONOUN
51753	166	381	train	GEONOUN
51753	168	16	Oranienburg	CITY
51753	168	40	the 29th of August, 2001	DATE
51753	168	79	Sydney	CITY
51753	168	87	Australia	COUNTRY
51753	169	17	train	GEONOUN
51753	169	27	Sered	PLACE
51753	169	43	about two hours	TIME
51753	170	10	September	DATE
51753	170	75	Sered	PLACE
51753	170	103	train	GEONOUN
51753	170	141	Bratislava	CITY
51753	170	450	Bratislava--	PLACE
51753	170	749	Jewish	GEONOUN
51753	170	795	Nováky	PLACE
51753	170	947	camp	GEONOUN
51753	170	978	Nováky	PLACE
51753	171	16	beginning of October	DATE
51753	171	77	1942	DATE
51753	172	35	Jewish	GEONOUN
51753	172	194	Nováky	PLACE
51753	172	226	Yom Kippur	DATE
51753	172	258	Nováky	PLACE
51753	172	293	Yom HaDin	DATE
51753	172	310	the then-- day-- day	DATE
51753	173	22	Auschwitz	CAMP
51753	174	173	Bratislava	CITY
51753	175	40	parts	GEONOUN
51753	175	49	Nováky	PLACE
51753	175	78	barracks	GEONOUN
51753	175	259	Jewish	GEONOUN
51753	175	420	Jewish	GEONOUN
51753	175	578	hospital	GEONOUN
51753	175	720	hospital	GEONOUN
51753	175	1216	every day--	DATE
51753	175	1470	camp	GEONOUN
51753	176	512	hospital	GEONOUN
51753	176	736	nurses	GEONOUN
51753	180	75	Slovakia	COUNTRY
51753	180	85	Topolcany	PLACE
51753	180	111	city	GEONOUN
51753	180	295	Sydney	CITY
51753	180	350	two years--	DATE
51753	180	371	two years	DATE
51753	180	459	a Friday evening	TIME
51753	180	1072	Nováky--	PLACE
51753	180	1205	one night	TIME
51753	180	1225	night	TIME
51753	180	1293	Jewish	GEONOUN
51753	180	1546	fell	GEONOUN
51753	180	1649	hospital	GEONOUN
51753	180	1688	brothel	GEONOUN
51753	180	1923	one week	DATE
51753	180	2261	Israel	COUNTRY
51753	180	2303	camp	GEONOUN
51753	181	12	camp	GEONOUN
51753	181	79	Topolcany	PLACE
51753	181	183	market	GEONOUN
51753	181	527	Kezmarok	PLACE
51753	181	548	Slovakia	COUNTRY
51753	181	590	church	GEONOUN
51753	181	603	church	GEONOUN
51753	182	3	train	GEONOUN
51753	184	39	train	GEONOUN
51753	184	75	Kezmarok	PLACE
51753	184	99	church	GEONOUN
51753	184	112	bench	GEONOUN
51753	184	691	camp	GEONOUN
51753	185	310	this one day	DATE
51753	185	417	fell	GEONOUN
51753	185	522	city	GEONOUN
51753	185	533	Nováky	PLACE
51753	185	1014	camp	GEONOUN
51753	185	1062	one day	DATE
51753	186	9	the 25th--	DATE
51753	186	45	April	DATE
51753	186	61	Anzac Day	DATE
51753	187	0	1944	DATE
51753	187	20	two years	DATE
51753	187	47	Nováky	PLACE
51753	188	181	Auschwitz	CAMP
51753	189	56	the Yom Kippur	DATE
51753	189	236	camp	GEONOUN
51753	189	260	Jewish	GEONOUN
51753	189	278	Montefiore	PLACE
51753	189	302	Nové Mesto nad Váhom--	PLACE
51753	189	336	city	GEONOUN
51753	189	349	Jewish	GEONOUN
51753	189	417	Auschwitz	CAMP
51753	191	188	Switzerland	COUNTRY
51753	192	360	two weeks	DATE
51753	192	669	1944	DATE
51753	192	692	April	DATE
51753	192	702	September	DATE
51753	192	946	mountains	GEONOUN
51753	192	984	mountains	GEONOUN
51753	192	1004	Banská Bystrica	CITY
51753	192	1039	Kaliska	PLACE
51753	192	1057	mountains	GEONOUN
51753	192	1091	mountains	GEONOUN
51753	192	1465	at least four weeks'	DATE
51753	192	1613	two days later	DATE
51753	192	1747	camps	GEONOUN
51753	192	2024	hospital	GEONOUN
51753	192	2078	Banská Bystrica	CITY
51753	192	2347	puddle	GEONOUN
51753	192	2459	forest	GEONOUN
51753	192	2505	steps	GEONOUN
51753	192	3090	fell	GEONOUN
51753	192	3220	mountains	GEONOUN
51753	192	3378	Jewish	GEONOUN
51753	192	4382	Jewish	GEONOUN
51753	192	4513	Ukraine	COUNTRY
51753	192	4563	Jewish	GEONOUN
51753	192	4575	Jewish	GEONOUN
51753	193	59	Kiev	PLACE
51753	193	188	Russia	COUNTRY
51753	196	143	today	DATE
51753	196	365	mountains	GEONOUN
51753	197	141	mountains	GEONOUN
51753	197	541	spit	GEONOUN
51753	198	87	mountains	GEONOUN
51753	199	55	mountains	GEONOUN
51753	199	204	mountains	GEONOUN
51753	199	278	barn	GEONOUN
51753	200	72	Nováky	PLACE
51753	200	337	Slovakia	COUNTRY
51753	200	528	Jewish	GEONOUN
51753	200	616	Jewish	GEONOUN
51753	200	977	Jewish	GEONOUN
51753	202	82	the 29th of August, 2001	DATE
51753	202	121	Sydney	CITY
51753	202	129	Australia	COUNTRY
51753	202	161	the 29th of August, 2001	DATE
51753	202	200	Sydney	CITY
51753	202	208	Australia	COUNTRY
51753	205	68	Kaliska	PLACE
51753	205	88	village	GEONOUN
51753	205	103	mountains	GEONOUN
51753	205	121	Beskid	PLACE
51753	205	417	buildings	GEONOUN
51753	205	437	houses	GEONOUN
51753	205	470	houses	GEONOUN
51753	205	585	Nováky--	PLACE
51753	205	803	a few moments	TIME
51753	205	1588	fell	GEONOUN
51753	206	71	house	GEONOUN
51753	206	650	March	DATE
51753	206	666	March 1945	DATE
51753	206	693	frontier	GEONOUN
51753	206	705	Kosice	PLACE
51753	206	717	Kosice	PLACE
51753	207	10	Kosice	PLACE
51753	207	55	mountains	GEONOUN
51753	207	94	Kosice	PLACE
51753	207	121	frontier	GEONOUN
51753	207	198	mountains	GEONOUN
51753	207	218	fell	GEONOUN
51753	207	405	24	DATE
51753	207	687	hospital	GEONOUN
51753	207	1096	nurses	GEONOUN
51753	207	1199	hospital	GEONOUN
51753	207	1250	hospital	GEONOUN
51753	207	1440	6 o'clock in the morning	TIME
51753	208	53	Kosice	PLACE
51753	208	104	one day	DATE
51753	208	175	Nováky	PLACE
51753	208	182	hospital	GEONOUN
51753	208	208	Topolcany	PLACE
51753	208	288	Topolcany	PLACE
51753	208	726	fell	GEONOUN
51753	208	750	puddle	GEONOUN
51753	208	836	Israel	COUNTRY
51753	208	890	23	DATE
51753	208	896	24	DATE
51753	208	1447	88	DATE
51753	208	1485	evening	TIME
51753	208	1925	three months	DATE
51753	208	2303	hospital	GEONOUN
51753	208	2346	night	TIME
51753	208	2362	the morning	TIME
51753	208	2388	room	GEONOUN
51753	208	2518	all day	DATE
51753	208	2599	five days	DATE
51753	208	2821	two weeks--	DATE
51753	208	2850	Slovakia	COUNTRY
51753	208	2889	bridges	GEONOUN
51753	209	5	road	GEONOUN
51753	209	323	Zilina	PLACE
51753	209	676	Zilina	PLACE
51753	209	735	Nováky	PLACE
51753	210	77	Nováky	PLACE
51753	211	674	Prague	CITY
51753	211	750	university	GEONOUN
51753	211	855	one and a half years	DATE
51753	212	490	Europe	CONTINENT
51753	212	864	salt mines	GEONOUN
51753	212	987	Israel	COUNTRY
51753	212	1017	Israel	COUNTRY
51753	212	1037	1948	DATE
51753	212	1160	state	GEONOUN
51753	212	1294	two years old	DATE
51753	212	1319	one and a half	DATE
51753	212	1360	Israel	COUNTRY
51753	214	146	Prague	CITY
51753	214	327	three hours	TIME
51753	214	542	university	GEONOUN
51753	214	647	the evening	TIME
51753	214	870	hospital	GEONOUN
51753	214	883	Prague	CITY
51753	214	1022	Prague	CITY
51753	214	1411	hospital	GEONOUN
51753	214	1633	Israel	COUNTRY
51753	214	1686	Prague	CITY
51753	214	1744	landing	GEONOUN
51753	214	1762	Australia	COUNTRY
51753	214	1830	Prague	CITY
51753	214	1906	Australia	COUNTRY
51753	215	103	last year	DATE
51753	215	219	grave	GEONOUN
51753	215	327	Six weeks	DATE
51753	215	361	boat	GEONOUN
51753	215	375	Italy	COUNTRY
51753	215	416	Australia	COUNTRY
51753	215	715	Australia	COUNTRY
51753	215	765	The second day	DATE
51753	215	793	diamond	GEONOUN
51753	215	875	Vienna	CITY
51753	215	948	a week	DATE
51753	215	975	diamond	GEONOUN
51753	215	1392	Jewish	GEONOUN
51753	215	1425	Jewish	GEONOUN
51753	215	1724	room	GEONOUN
51753	215	1869	court	GEONOUN
51753	216	3	1949	DATE
51753	218	50	Israel	COUNTRY
51753	218	170	Israel	COUNTRY
51753	218	224	Australia	COUNTRY
51753	219	48	three years old	DATE
51753	219	115	country	GEONOUN
51753	220	17	flat	GEONOUN
51753	220	25	Iluka Street	PLACE
51753	220	41	Rose Bay	PLACE
51753	220	243	night	TIME
51753	220	295	six years	DATE
51753	222	68	today	DATE
51753	224	118	works	GEONOUN
51753	224	129	hospital	GEONOUN
51753	225	200	weekends	DATE
51753	225	263	six days	DATE
51753	225	280	16 hours	TIME
51753	226	148	club	GEONOUN
51753	226	319	Sydney	CITY
51753	226	670	camp	GEONOUN
51753	226	683	Sunday	DATE
51753	226	795	flat	GEONOUN
51753	226	839	cage	GEONOUN
51753	227	85	today	DATE
51753	227	132	Holocaust	EVENT
51753	227	145	Auschwitz	EVENT
51753	227	346	late at night	TIME
51753	228	30	complex	GEONOUN
51753	229	90	Friday	DATE
51753	231	72	Kraków	CITY
51753	231	196	two years ago	DATE
51753	231	221	Auschwitz	CAMP
51753	231	458	Auschwitz	CAMP
51753	233	13	just two years ago	DATE
51753	233	53	21 years	DATE
51753	234	3	1980	DATE
51753	234	61	Friday	DATE
51753	234	68	evening	TIME
51753	234	84	64	DATE
51753	234	101	64	DATE
51753	234	120	every morning	TIME
51753	234	147	Bondi Beach--	PLACE
51753	234	220	Friday	DATE
51753	234	227	night	TIME
51753	234	452	1953	DATE
51753	234	568	cemetery	GEONOUN
51753	234	579	block	GEONOUN
51753	234	651	Saturday	DATE
51753	234	668	synagogue	GEONOUN
51753	234	718	the morning	TIME
51753	234	731	Saturday	DATE
51753	234	740	morning	TIME
51753	234	913	Saturday	DATE
51753	234	1172	Sydney	CITY
51753	234	1183	Dover Heights	PLACE
51753	234	1274	synagogue	GEONOUN
51753	234	1297	six hours	DATE
51753	234	1391	Macquarie Street	PLACE
51753	235	136	bar	GEONOUN
51753	235	223	Jewish Sunday	GEONOUN
51753	235	230	Sunday	DATE
51753	235	237	school	GEONOUN
51753	235	255	bar	GEONOUN
51753	235	308	Jewish	GEONOUN
51753	235	728	23	DATE
51753	235	827	flat	GEONOUN
51753	235	977	Hollywood	CITY
51753	235	1045	fell	GEONOUN
51753	237	15	today	DATE
51753	237	578	camps	GEONOUN
51753	237	727	Bratislava	CITY
51753	237	894	Bratislava	CITY
51753	237	909	Slovakia	COUNTRY
51753	237	1215	camp	GEONOUN
51753	238	150	church	GEONOUN
51753	238	177	seat	GEONOUN
51753	238	204	carriage	GEONOUN
51753	238	387	Oranianburg	PLACE
51753	240	56	Sered--	PLACE
51753	240	210	frontier	GEONOUN
51753	240	227	Kosice	PLACE
51753	240	249	a mine	GEONOUN
51753	240	352	Nováky	PLACE
51753	241	310	B'nai B'rith	PLACE
51753	243	249	country	GEONOUN
51753	248	45	bar	GEONOUN
51753	249	22	hall	GEONOUN
51753	250	5	hall	GEONOUN
51753	251	0	Sydney	CITY
51753	251	18	Sydney	CITY
51753	252	0	1960	DATE
51753	253	56	Sydney	CITY
51753	253	67	1949	DATE
51753	253	706	every three months	DATE
51753	255	8	26	DATE
51753	255	26	24	DATE
51753	256	43	today	DATE
51753	256	72	30	DATE
51753	258	20	last year	DATE
51753	259	33	2000	DATE
51753	259	47	2000	DATE
51753	260	20	harbor	GEONOUN
51753	260	44	the Harbour Bridge	PLACE
51753	260	83	restaurant	GEONOUN
51753	261	21	Sydney	CITY
51753	262	101	university	GEONOUN
51753	262	124	New York	US-STATE
51753	262	341	Slovakia	COUNTRY
51753	262	452	New York	US-STATE
51753	262	563	Brisbane	CITY
51753	262	644	Sydney	CITY
51753	262	683	Brisbane	CITY
51753	262	699	works	GEONOUN
51753	262	719	works	GEONOUN
51753	262	773	today	DATE
51753	262	809	yesterday	DATE
51753	262	869	Brisbane	CITY
51753	262	920	Sydney	CITY
