FileID	AnswerID	StartCharPos	Entity	Type
51870	2	0	Lea	PLACE
51870	3	11	1924	DATE
51870	3	17	January 1	DATE
51870	3	45	78	DATE
51870	4	14	Lithuania	COUNTRY
51870	4	31	town Panemune	GEONOUN
51870	4	36	Panemune	PLACE
51870	6	7	town	GEONOUN
51870	6	54	town	GEONOUN
51870	6	115	forest	GEONOUN
51870	6	146	trees	GEONOUN
51870	6	153	forest	GEONOUN
51870	6	194	town	GEONOUN
51870	6	299	street	GEONOUN
51870	6	311	houses	GEONOUN
51870	6	345	store	GEONOUN
51870	6	390	store	GEONOUN
51870	6	420	store	GEONOUN
51870	6	480	America	COUNTRY
51870	6	508	Panemune	PLACE
51870	6	521	Panemune	PLACE
51870	6	725	Friday	DATE
51870	6	751	a whole day	DATE
51870	6	801	Shabbos	DATE
51870	8	64	Lithuania	COUNTRY
51870	8	132	wood	GEONOUN
51870	8	138	trees	GEONOUN
51870	8	191	wood	GEONOUN
51870	9	36	town	GEONOUN
51870	9	104	America	COUNTRY
51870	9	386	store	GEONOUN
51870	9	501	store	GEONOUN
51870	10	21	Russia	COUNTRY
51870	10	116	Russia	COUNTRY
51870	10	301	college	GEONOUN
51870	11	29	Lithuania	COUNTRY
51870	11	67	Russia	COUNTRY
51870	11	97	Lithuania	COUNTRY
51870	13	7	store	GEONOUN
51870	14	253	Slobodka Yeshiva	PLACE
51870	15	15	maybe two years apart	DATE
51870	16	13	a year and a half apart	DATE
51870	16	57	three years	DATE
51870	17	107	Lithuania	COUNTRY
51870	17	143	Lithuania	COUNTRY
51870	17	216	Shabbos	DATE
51870	17	241	house	GEONOUN
51870	19	70	high school	GEONOUN
51870	19	97	Kovno	PLACE
51870	22	3	7. 7 years	DATE
51870	23	9	a couple years	DATE
51870	23	25	a couple of years	DATE
51870	24	17	school	GEONOUN
51870	24	54	forest	GEONOUN
51870	24	87	forest	GEONOUN
51870	25	108	the holidays	DATE
51870	25	152	Pesach	EVENT
51870	26	110	house	GEONOUN
51870	26	437	Jewish	GEONOUN
51870	26	464	Jewish	GEONOUN
51870	27	39	street	GEONOUN
51870	28	56	farms	GEONOUN
51870	28	76	Panemune	PLACE
51870	28	112	market	GEONOUN
51870	28	137	town	GEONOUN
51870	28	172	market	GEONOUN
51870	28	200	market	GEONOUN
51870	29	216	store	GEONOUN
51870	31	42	Winter	DATE
51870	31	88	winter	DATE
51870	31	131	Hanukkah	DATE
51870	31	173	house	GEONOUN
51870	31	211	Jewish	GEONOUN
51870	31	229	Jewish	GEONOUN
51870	32	55	11	DATE
51870	33	67	Vagonetka	PLACE
51870	33	183	America	COUNTRY
51870	33	279	New York	US-STATE
51870	33	308	the year--	DATE
51870	33	362	fourth year	DATE
51870	34	36	16	DATE
51870	36	102	house	GEONOUN
51870	36	127	store	GEONOUN
51870	36	204	bank	GEONOUN
51870	37	8	house	GEONOUN
51870	38	38	room	GEONOUN
51870	38	116	room	GEONOUN
51870	40	17	house	GEONOUN
51870	40	41	yard	GEONOUN
51870	41	4	houses	GEONOUN
51870	41	42	room	GEONOUN
51870	47	23	house	GEONOUN
51870	47	45	house	GEONOUN
51870	47	91	Kovno	PLACE
51870	47	114	house	GEONOUN
51870	51	207	1941	DATE
51870	53	35	house	GEONOUN
51870	53	77	hospital	GEONOUN
51870	53	121	hospital	GEONOUN
51870	56	391	evening	TIME
51870	59	14	Jewish	GEONOUN
51870	61	32	yeshiva	PLACE
51870	63	25	Maybe a month	DATE
51870	66	314	Jewish	GEONOUN
51870	68	327	works	GEONOUN
51870	70	150	fell	GEONOUN
51870	71	73	Israel	COUNTRY
51870	71	123	Israel	COUNTRY
51870	72	116	Israel	COUNTRY
51870	72	250	Hashomer Hatzair	PLACE
51870	79	25	Jewish	GEONOUN
51870	83	4	synagogue	GEONOUN
51870	83	35	house	GEONOUN
51870	83	97	Rosh Hashanah,	DATE
51870	83	112	Yom Kippur	DATE
51870	83	222	today	DATE
51870	83	256	Tisha B'Av,	DATE
51870	83	375	Yom Kippur--	DATE
51870	83	388	Yom Kippur in	DATE
51870	83	872	Yom Kippur	DATE
51870	83	1215	Rosh Hashanah	DATE
51870	83	1251	Rosh Hashanah	DATE
51870	83	1266	Yom Kippur	DATE
51870	83	1280	Kovno	PLACE
51870	83	1301	Panemune	PLACE
51870	83	1311	Shabbos	DATE
51870	83	1407	Shabbos	EVENT
51870	83	1450	Hanukkah	EVENT
51870	83	1463	Purim	DATE
51870	83	1633	Jewish	GEONOUN
51870	83	1722	Jewish	GEONOUN
51870	83	1751	house	GEONOUN
51870	83	1765	house	GEONOUN
51870	84	172	opera	GEONOUN
51870	84	217	opera	GEONOUN
51870	84	233	Lithuania	COUNTRY
51870	87	14	Slobodka	CITY
51870	87	470	Slobodka	CITY
51870	87	750	house	GEONOUN
51870	87	784	house	GEONOUN
51870	87	877	Jewish	GEONOUN
51870	88	140	wood	GEONOUN
51870	88	255	house	GEONOUN
51870	88	275	house	GEONOUN
51870	90	335	house	GEONOUN
51870	90	998	house	GEONOUN
51870	90	1058	house	GEONOUN
51870	90	1151	Bubbe	PLACE
51870	90	1338	Pesach	DATE
51870	90	1352	house	GEONOUN
51870	102	89	ghetto	GEONOUN
51870	102	101	ghetto	GEONOUN
51870	102	126	Slobodka	CITY
51870	102	146	house	GEONOUN
51870	102	164	house	GEONOUN
51870	102	192	Jewish	GEONOUN
51870	102	552	two days	DATE
51870	102	562	three days	DATE
51870	103	24	house	GEONOUN
51870	104	43	street	GEONOUN
51870	104	177	the day	DATE
51870	104	291	a day--	DATE
51870	104	330	June 15	DATE
51870	104	342	the 22nd	DATE
51870	104	397	ghetto	GEONOUN
51870	107	37	Slobodka	CITY
51870	107	52	Panemune	PLACE
51870	108	832	house	GEONOUN
51870	108	861	cellar	GEONOUN
51870	108	884	cellars	GEONOUN
51870	108	942	three days	DATE
51870	108	1040	house	GEONOUN
51870	108	1070	ghetto	GEONOUN
51870	113	43	house	GEONOUN
51870	113	378	house	GEONOUN
51870	113	1262	house	GEONOUN
51870	113	1299	Jewish	GEONOUN
51870	113	1397	house	GEONOUN
51870	113	1465	house	GEONOUN
51870	113	1531	house	GEONOUN
51870	113	1675	house	GEONOUN
51870	113	1714	house	GEONOUN
51870	113	1845	Slobodka	CITY
51870	113	1875	house	GEONOUN
51870	113	2010	street	GEONOUN
51870	113	2039	house	GEONOUN
51870	113	2204	ghetto	GEONOUN
51870	114	13	ghetto	GEONOUN
51870	114	32	ghetto	GEONOUN
51870	115	11	ghetto	GEONOUN
51870	116	31	house	GEONOUN
51870	119	114	Every morning	TIME
51870	119	452	house	GEONOUN
51870	120	243	hospital	GEONOUN
51870	121	7	airport	GEONOUN
51870	121	35	airport	GEONOUN
51870	121	227	evening	TIME
51870	122	84	an hour	TIME
51870	122	1574	stone	GEONOUN
51870	122	1757	stone	GEONOUN
51870	122	2747	ghetto	GEONOUN
51870	122	2797	house	GEONOUN
51870	122	3146	house	GEONOUN
51870	124	4	Jewish	GEONOUN
51870	125	49	Jewish	GEONOUN
51870	125	251	ghetto	GEONOUN
51870	125	288	ghetto	GEONOUN
51870	125	296	One day	DATE
51870	125	315	one day	DATE
51870	125	373	ghetto	GEONOUN
51870	126	50	12 years old	DATE
51870	133	54	one day	DATE
51870	138	0	One morning	TIME
51870	139	64	any free days	DATE
51870	139	130	10 minutes	TIME
51870	139	249	one day	DATE
51870	139	779	2 and 1/2 years	DATE
51870	139	885	One day	DATE
51870	139	1036	Estland--	PLACE
51870	139	1059	Estonia	COUNTRY
51870	139	1360	Estonia	COUNTRY
51870	140	74	Jewish	GEONOUN
51870	140	164	Estonia	COUNTRY
51870	150	13	Jewish	GEONOUN
51870	153	588	Jewish	GEONOUN
51870	153	656	Jewish	GEONOUN
51870	153	752	Jewish	GEONOUN
51870	154	0	The year	DATE
51870	156	0	'42	DATE
51870	156	5	Beginning of '43	DATE
51870	158	29	ghetto	GEONOUN
51870	161	54	ghetto	GEONOUN
51870	162	491	school	GEONOUN
51870	164	1019	ghetto	GEONOUN
51870	168	85	town	GEONOUN
51870	168	98	Kovno	PLACE
51870	168	112	Kovno	PLACE
51870	172	156	ghetto	GEONOUN
51870	172	427	ghetto	GEONOUN
51870	172	463	Jewish	GEONOUN
51870	172	504	Jewish	GEONOUN
51870	172	551	two nights	DATE
51870	172	614	Jewish	GEONOUN
51870	173	174	house	GEONOUN
51870	173	192	houses	GEONOUN
51870	173	321	camp	GEONOUN
51870	176	85	a very cold	DATE
51870	176	119	Lithuania	COUNTRY
51870	176	368	house	GEONOUN
51870	176	533	One day	DATE
51870	176	746	Jewish	GEONOUN
51870	176	1000	train	GEONOUN
51870	176	1011	train	GEONOUN
51870	176	1027	train	GEONOUN
51870	179	21	house	GEONOUN
51870	179	46	church	GEONOUN
51870	179	61	church	GEONOUN
51870	180	517	town	GEONOUN
51870	180	533	farm	GEONOUN
51870	180	919	works	GEONOUN
51870	180	1220	Jewish	GEONOUN
51870	182	121	Riverdale	CITY
51870	182	189	Riverdale	CITY
51870	183	0	New Haven	CITY
51870	183	16	Riverdale	CITY
51870	183	29	New Haven	CITY
51870	184	32	train	GEONOUN
51870	184	85	train	GEONOUN
51870	186	2	farm	GEONOUN
51870	190	69	farm	GEONOUN
51870	190	77	farm	GEONOUN
51870	191	16	farm	GEONOUN
51870	191	27	country	GEONOUN
51870	192	316	Jewish	GEONOUN
51870	192	734	foot	GEONOUN
51870	192	755	every night	TIME
51870	192	1009	foot	GEONOUN
51870	192	1142	pass	GEONOUN
51870	192	3689	church	GEONOUN
51870	192	3780	Sunday	DATE
51870	192	3820	one night	TIME
51870	192	4072	Jewish	GEONOUN
51870	192	4127	church	GEONOUN
51870	192	4489	road	GEONOUN
51870	192	4750	Sundays	DATE
51870	192	5658	a snowy day	DATE
51870	192	5685	carriage	GEONOUN
51870	192	5847	Judaism	PLACE
51870	192	6098	the day	DATE
51870	192	6465	town	GEONOUN
51870	192	7224	Jewish	GEONOUN
51870	192	7384	Jewish	GEONOUN
51870	192	7484	the next day	DATE
51870	192	7541	farm	GEONOUN
51870	192	8465	Friday	DATE
51870	192	8561	Shabbos	EVENT
51870	192	8943	Sunday	DATE
51870	192	8954	Saturday	DATE
51870	192	8983	Friday	DATE
51870	192	9012	Saturday	DATE
51870	192	9552	Shabbos	PLACE
51870	192	9841	camp	GEONOUN
51870	192	9908	one day	DATE
51870	192	10151	Jewish	GEONOUN
51870	194	664	Jewish	GEONOUN
51870	194	1017	town	GEONOUN
51870	194	1143	town	GEONOUN
51870	194	1208	a couple hours	TIME
51870	194	1521	house	GEONOUN
51870	194	1680	winter	DATE
51870	194	1954	Jewish	GEONOUN
51870	194	1976	Jewish	GEONOUN
51870	194	2212	farm	GEONOUN
51870	194	2693	New York--	PLACE
51870	194	2711	Kaunas	CITY
51870	194	2766	town	GEONOUN
51870	194	2801	church	GEONOUN
51870	194	3151	farm	GEONOUN
51870	194	3683	a week	DATE
51870	194	3985	Kaunas	CITY
51870	194	3996	Kaunas	CITY
51870	194	4021	Kaunas	CITY
51870	194	4081	Kaunas	CITY
51870	194	4276	Jewish	GEONOUN
51870	194	4431	two days	DATE
51870	194	4542	farm	GEONOUN
51870	195	574	Kaunas	CITY
51870	195	589	Kaunas	CITY
51870	195	638	church	GEONOUN
51870	195	664	church	GEONOUN
51870	195	997	house	GEONOUN
51870	195	1044	market	GEONOUN
51870	195	1131	Jewish	GEONOUN
51870	195	1206	Jewish	GEONOUN
51870	195	1365	Jewish	GEONOUN
51870	195	1468	10 minutes	TIME
51870	195	1694	the night	TIME
51870	199	315	tomorrow	DATE
51870	199	328	9 o'clock	TIME
51870	199	341	church	GEONOUN
51870	199	1417	the morning	TIME
51870	199	1479	church	GEONOUN
51870	199	1561	Jewish	GEONOUN
51870	201	4	20	DATE
51870	204	421	the last year	DATE
51870	204	438	high school	GEONOUN
51870	204	1053	a whole week	DATE
51870	204	1372	Germany	COUNTRY
51870	204	1400	college	GEONOUN
51870	206	49	a half a day	DATE
51870	206	77	a half a day	DATE
51870	206	353	six hours	DATE
51870	206	434	six hours	TIME
51870	206	502	Six hours	TIME
51870	206	1621	town	GEONOUN
51870	206	1663	house	GEONOUN
51870	217	326	Jewish	GEONOUN
51870	217	988	Israel	COUNTRY
51870	217	1189	Israel	COUNTRY
51870	221	71	Lithuania	COUNTRY
51870	221	152	Poland	COUNTRY
51870	221	160	Poland	COUNTRY
51870	221	233	Poland	COUNTRY
51870	221	245	Czernowitz	PLACE
51870	221	265	Czernowitz--	PLACE
51870	221	278	Bucharest	CITY
51870	221	294	Bucharest	CITY
51870	221	311	ship	GEONOUN
51870	221	323	Israel	COUNTRY
51870	221	352	Israel	COUNTRY
51870	222	48	Poland	COUNTRY
51870	222	81	Germany	COUNTRY
51870	222	308	Poland	COUNTRY
51870	222	383	Poland	COUNTRY
51870	222	466	Poland	COUNTRY
51870	222	510	Poland	COUNTRY
51870	222	668	spring	GEONOUN
51870	222	698	town	GEONOUN
51870	222	706	town	GEONOUN
51870	222	899	town	GEONOUN
51870	222	986	overnight	TIME
51870	222	1129	Vilna	PLACE
51870	222	1182	Lithuania	COUNTRY
51870	222	1200	Lithuania	COUNTRY
51870	222	1229	Vilna	PLACE
51870	222	1245	Vilna	PLACE
51870	222	1314	house	GEONOUN
51870	222	1353	house	GEONOUN
51870	222	1373	windows	GEONOUN
51870	222	1416	windows	GEONOUN
51870	222	1445	windows	GEONOUN
51870	222	1534	Kinderheim	PLACE
51870	222	1603	Jewish	GEONOUN
51870	222	2074	Poland	COUNTRY
51870	222	2261	land	GEONOUN
51870	222	2418	Israel	COUNTRY
51870	222	2487	Israel	COUNTRY
51870	222	2502	Israel	COUNTRY
51870	222	2842	three weeks	DATE
51870	222	2938	Vilna	PLACE
51870	222	2971	three weeks	DATE
51870	222	3010	three weeks	DATE
51870	222	3162	Kraków	CITY
51870	222	3188	train	GEONOUN
51870	222	3209	Kraków	CITY
51870	222	3231	Rzeszow	PLACE
51870	222	3240	Rzeszow	PLACE
51870	222	3319	Rzeszow	PLACE
51870	222	3532	New York	US-STATE
51870	225	158	Poland	COUNTRY
51870	225	537	Rzeszow--	PLACE
51870	225	550	Czernowitz	PLACE
51870	225	753	Israel	COUNTRY
51870	225	856	Czernowitz	PLACE
51870	225	923	market	GEONOUN
51870	226	447	Rzeszow	PLACE
51870	226	1215	house	GEONOUN
51870	226	1237	room	GEONOUN
51870	226	1263	room	GEONOUN
51870	226	1354	room	GEONOUN
51870	226	1371	room	GEONOUN
51870	226	1411	room	GEONOUN
51870	226	2432	Israel	COUNTRY
51870	226	2887	a whole day	DATE
51870	227	0	18 years	DATE
51870	228	17	Srednica	PLACE
51870	228	45	Poland	COUNTRY
51870	228	56	Galicia	PLACE
51870	230	301	Poland	COUNTRY
51870	231	819	Israel	COUNTRY
51870	231	850	Hashomer Hatzair	PLACE
51870	231	920	Rzeszow	PLACE
51870	231	1578	Israel	COUNTRY
51870	231	1621	America	COUNTRY
51870	231	1645	America	COUNTRY
51870	231	1707	America	COUNTRY
51870	231	1761	Israel	COUNTRY
51870	231	1772	Israel	COUNTRY
51870	231	2186	Germany	COUNTRY
51870	231	2203	Dresden	CITY
51870	232	6	Kraków	CITY
51870	232	114	June	DATE
51870	232	180	Rzeszow	PLACE
51870	234	63	Warsaw	CITY
51870	234	137	Lublin	CITY
51870	234	195	Rzeszow	PLACE
51870	234	296	train	GEONOUN
51870	234	311	Warsaw	CITY
51870	234	427	Rzeszow	PLACE
51870	234	723	Rzeszow	PLACE
51870	234	839	station	GEONOUN
51870	234	1023	Rzeszow	PLACE
51870	234	1089	downstairs	GEONOUN
51870	234	1308	Kraków--	PLACE
51870	234	1320	Rzeszow	PLACE
51870	234	1552	house	GEONOUN
51870	234	1791	house	GEONOUN
51870	235	130	basement	GEONOUN
51870	235	409	Jewish	GEONOUN
51870	235	621	Jewish	GEONOUN
51870	235	1095	Next day	DATE
51870	235	1493	Kraków	CITY
51870	236	0	Lublin	CITY
51870	238	407	Poland	COUNTRY
51870	239	133	Berlin	CITY
51870	239	141	Berlin	CITY
51870	239	173	the American Zone	PLACE
51870	239	192	the Russian Zone	PLACE
51870	239	210	the English Zone	PLACE
51870	239	228	French Zone	PLACE
51870	239	262	the American Zone	PLACE
51870	239	315	the American Zone	PLACE
51870	241	190	hospital	GEONOUN
51870	243	945	hospital	GEONOUN
51870	243	958	Jewish	GEONOUN
51870	243	1018	Jewish	GEONOUN
51870	243	1274	the minute	TIME
51870	243	1435	My last days--	DATE
51870	243	1450	last minutes	TIME
51870	243	1771	the nighttime	TIME
51870	243	1929	the next day	DATE
51870	243	1994	today	DATE
51870	244	207	Terezín--	PLACE
51870	244	272	Frankfurt	PLACE
51870	244	298	Frankfurt	PLACE
51870	244	337	Frankfurt	PLACE
51870	244	553	Frankfurt	PLACE
51870	244	581	Frankfurt	PLACE
51870	244	680	Terezín	PLACE
51870	244	774	Jewish	GEONOUN
51870	244	798	camps	GEONOUN
51870	244	870	Jewish	GEONOUN
51870	244	919	Jewish	GEONOUN
51870	244	946	Israel	COUNTRY
51870	244	1032	Israel	COUNTRY
51870	244	1092	zone	GEONOUN
51870	244	1147	zone	GEONOUN
51870	244	1172	Terezín	PLACE
51870	244	1213	Leipzig	CITY
51870	244	1227	Leipzig	CITY
51870	244	1255	Berlin	CITY
51870	244	1267	Berlin	CITY
51870	244	1444	zone	GEONOUN
51870	244	1454	Leipzig	CITY
51870	244	1481	Leipzig	CITY
51870	244	1502	Leipzig	CITY
51870	244	1531	Leipzig	CITY
51870	244	1701	Jewish	GEONOUN
51870	244	1951	The next day	DATE
51870	244	2002	Leipzig	CITY
51870	244	2016	Leipzig--	PLACE
51870	244	2031	Leipzig	CITY
51870	244	2053	Berlin	CITY
51870	244	2106	Pesach	PLACE
51870	244	2330	Russia	COUNTRY
51870	244	2662	Leipzig	CITY
51870	244	2695	Jewish	GEONOUN
51870	244	2739	Leipzig--	PLACE
51870	244	2749	Leipzig	CITY
51870	244	3489	Leipzig	CITY
51870	244	3509	Berlin	CITY
51870	244	3700	Siberia	PLACE
51870	244	3824	street	GEONOUN
51870	244	4448	Poland	COUNTRY
51870	244	4467	Poland	COUNTRY
51870	244	4648	Poland	COUNTRY
51870	244	4735	carriage	GEONOUN
51870	244	4754	carriage	GEONOUN
51870	244	5023	Poland	COUNTRY
51870	244	5116	Poland	COUNTRY
51870	244	5216	Poland	COUNTRY
51870	244	5431	the next day	DATE
51870	244	5461	house	GEONOUN
51870	244	5487	Poland	COUNTRY
51870	244	5502	the night	TIME
51870	244	5688	the next day	DATE
51870	244	5765	Poland	COUNTRY
51870	244	6044	fell	GEONOUN
51870	244	6277	a couple hours later	TIME
51870	245	28	town	GEONOUN
51870	246	0	Stanislawów	PLACE
51870	246	13	Stanislawów	PLACE
51870	246	29	Terezín	PLACE
51870	246	59	Terezín	PLACE
51870	246	84	town	GEONOUN
51870	246	94	Stanislawów	PLACE
51870	246	113	Stanislawów	PLACE
51870	247	20	Frankfurt	PLACE
51870	250	86	apartment	GEONOUN
51870	250	667	Berlin	CITY
51870	250	877	Berlin	CITY
51870	250	894	Berlin	CITY
51870	250	959	Frankfurt	PLACE
51870	250	1167	America	COUNTRY
51870	250	1181	America	COUNTRY
51870	250	1264	Israel	COUNTRY
51870	253	0	One moment	TIME
51870	253	12	One moment	TIME
51870	253	77	one day	DATE
51870	254	130	one night	TIME
51870	254	340	1948	DATE
51870	254	346	Israel	COUNTRY
51870	254	382	Frankfurt	PLACE
51870	256	367	Leipzig	CITY
51870	259	90	Estonia	COUNTRY
51870	259	255	ocean	GEONOUN
51870	260	23	year	DATE
51870	261	27	Germany	COUNTRY
51870	262	3	Germany	COUNTRY
51870	263	0	Germany	COUNTRY
51870	263	111	America	COUNTRY
51870	263	293	midnight	TIME
51870	264	0	'	DATE
51870	264	1	48	DATE
51870	264	25	Jewish	GEONOUN
51870	266	30	Israel	COUNTRY
51870	266	123	Israel	COUNTRY
51870	266	218	Germany	COUNTRY
51870	266	241	America	COUNTRY
51870	266	316	Israel	COUNTRY
51870	266	364	Frankfurt	PLACE
51870	266	479	America	COUNTRY
51870	268	45	Boston	CITY
51870	268	69	Boston	CITY
51870	268	119	Jewish	GEONOUN
51870	268	134	Jewish	GEONOUN
51870	268	162	Jewish	GEONOUN
51870	271	3	19--	DATE
51870	271	26	1950	DATE
51870	271	46	two years	DATE
51870	272	113	Boston	CITY
51870	272	196	Boston	CITY
51870	272	277	Boston	CITY
51870	272	303	Boston	CITY
51870	272	434	Boston	CITY
51870	273	115	Coney Island	CITY
51870	273	150	America	COUNTRY
51870	273	216	Coney Island	CITY
51870	273	264	May	DATE
51870	273	280	May	DATE
51870	273	469	Coney Island	CITY
51870	273	633	a whole day	DATE
51870	274	221	Germany	COUNTRY
51870	274	233	Europe	CONTINENT
51870	274	298	college	GEONOUN
51870	274	547	school	GEONOUN
51870	274	583	2-and-1/2 years old	DATE
51870	274	604	almost 3	DATE
51870	275	20	about two years	DATE
51870	275	46	two years	DATE
51870	275	104	school	GEONOUN
51870	277	180	apartment	GEONOUN
51870	277	215	apartment	GEONOUN
51870	277	260	apartment	GEONOUN
51870	277	623	the next month	DATE
51870	277	1038	next month	DATE
51870	277	1053	next month	DATE
51870	277	1861	apartment	GEONOUN
51870	277	1903	Friday	DATE
51870	277	1910	night	TIME
51870	277	1961	apartment	GEONOUN
51870	277	2154	Jewish	GEONOUN
51870	277	2260	room	GEONOUN
51870	277	2290	room	GEONOUN
51870	277	2986	Europe	CONTINENT
51870	277	3037	the first year	DATE
51870	277	3184	Breslau--	PLACE
51870	277	3194	Wirsberg	PLACE
51870	277	3293	the year	DATE
51870	277	3508	hospital	GEONOUN
51870	277	3569	hospital	GEONOUN
51870	277	3624	Brooklyn	CITY
51870	283	63	hospital	GEONOUN
51870	283	130	America	COUNTRY
51870	284	0	Six years	DATE
51870	285	209	school	GEONOUN
51870	285	376	upstairs	GEONOUN
51870	285	430	school	GEONOUN
51870	285	466	12 o'clock	TIME
51870	285	519	12	TIME
51870	285	632	school	GEONOUN
51870	286	590	Brooklyn	CITY
51870	286	644	Brooklyn	CITY
51870	290	123	room	GEONOUN
51870	290	229	house	GEONOUN
51870	291	95	Beth Rivkah	PLACE
51870	291	286	college	GEONOUN
51870	292	6	today	DATE
51870	294	18	1978	DATE
51870	294	24	February 23rd.	DATE
51870	296	57	school	GEONOUN
51870	297	119	the Six-Day-- the-- the Yom Kippur War	EVENT
51870	297	209	Israel	COUNTRY
51870	297	513	a Yom Kippur War	EVENT
51870	297	882	a month	DATE
51870	297	926	kibbutz	PLACE
51870	297	1038	America	COUNTRY
51870	297	1078	Israel	COUNTRY
51870	297	1263	Israel	COUNTRY
51870	297	1303	three years ago	DATE
51870	297	1356	the years	DATE
51870	297	1387	the whole summer	DATE
51870	300	112	bank	GEONOUN
51870	301	110	16	DATE
51870	301	148	20	DATE
51870	301	164	November-- November 26th	DATE
51870	302	36	high school	GEONOUN
51870	302	80	Israel	COUNTRY
51870	302	122	Israel	COUNTRY
51870	306	149	college	GEONOUN
51870	306	160	Wisconsin	US-STATE
51870	306	381	school	GEONOUN
51870	306	402	about 16, 16 years	DATE
51870	306	464	12	DATE
51870	306	856	school	GEONOUN
51870	306	883	nine years old	DATE
51870	306	1042	school	GEONOUN
51870	306	1055	six years old	DATE
51870	308	116	Friday	DATE
51870	308	133	Shabbos	EVENT
51870	308	163	Sunday	DATE
51870	315	324	about 15 years	DATE
51870	315	384	every week	DATE
51870	315	409	Jewish	GEONOUN
51870	315	428	Jewish	GEONOUN
51870	315	450	Jewish	GEONOUN
51870	315	651	Riverdale	CITY
51870	315	673	Brooklyn	CITY
51870	315	686	Brooklyn	CITY
51870	315	705	the last day	DATE
51870	316	297	Israel	COUNTRY
51870	317	57	Lithuania	COUNTRY
51870	318	38	Lithuania	COUNTRY
51870	318	62	Russia	COUNTRY
51870	318	1017	South Africa	COUNTRY
51870	318	1073	South Africa	COUNTRY
51870	318	1331	Lithuania	COUNTRY
51870	318	1345	Panemune	PLACE
51870	319	36	America	COUNTRY
51870	319	143	Kovno	PLACE
51870	319	517	Rzeszów	CITY
51870	319	588	The year	DATE
51870	319	601	1945	DATE
51870	319	614	Rzeszów	CITY
51870	319	623	Poland	COUNTRY
51870	319	726	1945	DATE
51870	319	735	Rzeszów	CITY
51870	319	744	Poland	COUNTRY
51870	319	865	Frankfurt am Main	CITY
51870	319	895	nine months	DATE
51870	319	1139	Year, 1947	DATE
51870	319	1154	Frankfurt am Main	CITY
51870	319	1339	1958	DATE
51870	320	17	America	COUNTRY
51870	321	0	Brooklyn	CITY
51870	321	186	Canada	COUNTRY
51870	321	205	Canada	COUNTRY
51870	322	13	1980	DATE
51870	323	0	1980	DATE
51870	323	14	the years	DATE
51870	323	67	the years	DATE
51870	323	172	a year old	DATE
51870	323	231	November, November 26, 2002	DATE
51870	323	510	spring	GEONOUN
51870	323	526	earth	GEONOUN
51870	323	1002	Minnesota	US-STATE
51870	323	1013	Minneapolis	CITY
51870	325	0	1999	DATE
51870	325	6	Minnesota	US-STATE
51870	325	17	Minneapolis	CITY
51870	325	152	camps	GEONOUN
