FileID	AnswerID	StartCharPos	Entity	Type
51874	0	180	the '30s-- 1931--	DATE
51874	1	54	slash	GEONOUN
51874	5	30	town	GEONOUN
51874	5	38	Beverwijk--	PLACE
51874	5	60	Beaver dam--	PLACE
51874	5	81	Haarlem	CITY
51874	5	93	1931	DATE
51874	6	13	Netherlands	COUNTRY
51874	6	53	Holland	CITY
51874	7	0	The day	DATE
51874	8	0	The 4th of July, 1931	DATE
51874	8	81	the 4th of July--	DATE
51874	10	24	Haarlem--	PLACE
51874	10	34	Beverwijk	CITY
51874	10	68	Haarlem	CITY
51874	10	109	Haarlem	CITY
51874	10	146	Beverwijk	CITY
51874	12	176	19	DATE
51874	12	190	20	DATE
51874	14	5	Haarlem	CITY
51874	15	132	city	GEONOUN
51874	15	279	community	GEONOUN
51874	16	383	Haarlem--	PLACE
51874	16	409	city	GEONOUN
51874	16	417	Haarlem--	PLACE
51874	16	497	city	GEONOUN
51874	16	505	Haarlem	CITY
51874	17	328	farm	GEONOUN
51874	17	370	school	GEONOUN
51874	18	18	Drenthe	PLACE
51874	18	93	Germany	COUNTRY
51874	18	116	Emmer-Compascuum	PLACE
51874	18	261	1940	DATE
51874	19	26	school	GEONOUN
51874	20	58	school	GEONOUN
51874	20	159	the United States	COUNTRY
51874	20	199	the eight years--	DATE
51874	20	234	eight to nine years	DATE
51874	21	5	Holland	CITY
51874	21	65	the war years	DATE
51874	22	116	Sunday	DATE
51874	22	202	church	GEONOUN
51874	22	220	church	GEONOUN
51874	23	54	school	GEONOUN
51874	24	0	Haarlem	CITY
51874	24	42	city	GEONOUN
51874	24	205	city	GEONOUN
51874	25	4	Haarlem	CITY
51874	25	29	Amsterdam	CITY
51874	25	93	city	GEONOUN
51874	26	65	Jewish	GEONOUN
51874	26	87	street	GEONOUN
51874	26	110	street	GEONOUN
51874	27	57	Jewish	GEONOUN
51874	27	134	church	GEONOUN
51874	27	273	corner	GEONOUN
51874	27	327	Jewish	GEONOUN
51874	27	354	many,	TIME
51874	28	15	house	GEONOUN
51874	32	22	Haarlem--	PLACE
51874	32	83	Jewish	GEONOUN
51874	34	176	school	GEONOUN
51874	34	205	church	GEONOUN
51874	37	37	1940	DATE
51874	37	61	May the 10th of 1940	DATE
51874	37	166	four days straight	DATE
51874	37	251	four days	DATE
51874	37	371	Amsterdam	CITY
51874	37	392	Rotterdam	CITY
51874	37	421	Amsterdam	CITY
51874	37	447	Haarlem--	PLACE
51874	37	473	Haarlem	CITY
51874	37	493	Amsterdam	CITY
51874	37	507	Rotterdam	CITY
51874	37	732	the early years	DATE
51874	37	759	1940	DATE
51874	37	916	the first year--	DATE
51874	37	1000	the-- 19-- May 1940	DATE
51874	37	1043	the year 1940	DATE
51874	37	1177	city	GEONOUN
51874	37	1321	Jewish	GEONOUN
51874	38	702	works	GEONOUN
51874	40	260	Belgium	COUNTRY
51874	40	508	the first day	DATE
51874	41	147	Haarlem	CITY
51874	45	87	1941	DATE
51874	45	374	camps	GEONOUN
51874	45	474	country	GEONOUN
51874	45	496	country	GEONOUN
51874	45	519	Jewish	GEONOUN
51874	45	562	diamond	GEONOUN
51874	47	78	camps	GEONOUN
51874	47	97	Germany	COUNTRY
51874	47	129	Europe	CONTINENT
51874	47	169	Jewish community	GEONOUN
51874	47	176	community	GEONOUN
51874	49	15	'41	DATE
51874	49	90	camps	GEONOUN
51874	49	757	Holland	CITY
51874	50	148	camp	GEONOUN
51874	50	270	Jewish	GEONOUN
51874	51	29	the middle--	DATE
51874	51	42	the first of '41	DATE
51874	52	342	the first half year	DATE
51874	54	148	hours	TIME
51874	57	14	'31-- '40	DATE
51874	57	44	10	DATE
51874	57	63	10-- 10	DATE
51874	57	81	11 years old	DATE
51874	59	26	Friesland	PLACE
51874	59	37	Friesland	PLACE
51874	59	69	province	GEONOUN
51874	59	92	three-hour	TIME
51874	59	124	city	GEONOUN
51874	59	149	dike	GEONOUN
51874	59	179	the North Sea--	PLACE
51874	59	199	Zeedijk	PLACE
51874	59	256	sea	GEONOUN
51874	59	286	the IJssel	PLACE
51874	59	297	sea	GEONOUN
51874	59	340	the winter	DATE
51874	59	355	the summer	DATE
51874	59	398	three-hour	TIME
51874	59	430	farms	GEONOUN
51874	61	52	Zeedijk	PLACE
51874	61	64	Friesland	PLACE
51874	61	124	Friesland	PLACE
51874	61	247	all day	DATE
51874	61	894	today	DATE
51874	61	932	1941	DATE
51874	62	52	three, four years	DATE
51874	64	110	Holland	CITY
51874	64	132	brownstones	GEONOUN
51874	64	153	houses	GEONOUN
51874	64	245	attics	GEONOUN
51874	64	259	house	GEONOUN
51874	64	355	Jewish	GEONOUN
51874	64	418	house	GEONOUN
51874	64	437	attic	GEONOUN
51874	64	484	street	GEONOUN
51874	64	589	houses	GEONOUN
51874	64	601	Corrie	PLACE
51874	64	644	attics	GEONOUN
51874	64	683	attic	GEONOUN
51874	66	197	Jewish	GEONOUN
51874	70	11	station	GEONOUN
51874	70	51	station	GEONOUN
51874	70	70	Smedestraat	PLACE
51874	70	97	street	GEONOUN
51874	70	111	corner	GEONOUN
51874	70	137	Lange Wijngaardstraat	PLACE
51874	70	323	today	DATE
51874	77	158	Haarlem	CITY
51874	77	167	Haarlem	CITY
51874	77	191	city	GEONOUN
51874	77	487	farms	GEONOUN
51874	77	525	farms	GEONOUN
51874	77	766	road	GEONOUN
51874	77	1119	the first year	DATE
51874	78	59	farm	GEONOUN
51874	80	97	about 13 years old	DATE
51874	81	325	those years	DATE
51874	81	1149	those days	DATE
51874	82	82	house	GEONOUN
51874	82	122	station	GEONOUN
51874	83	184	Jewish	GEONOUN
51874	83	208	Jewish	GEONOUN
51874	83	374	train	GEONOUN
51874	87	169	England	PLACE
51874	87	181	America	COUNTRY
51874	87	222	the first half year	DATE
51874	87	333	house	GEONOUN
51874	92	21	attic	GEONOUN
51874	93	127	attics	GEONOUN
51874	95	263	room	GEONOUN
51874	95	471	'40-- end of '41, '42	DATE
51874	96	523	a few more days	DATE
51874	96	558	two weeks	DATE
51874	96	693	that day	DATE
51874	97	271	night	TIME
51874	97	513	'42	DATE
51874	97	520	'43	DATE
51874	97	590	train	GEONOUN
51874	97	661	train	GEONOUN
51874	98	60	bridges	GEONOUN
51874	98	184	Holland	CITY
51874	109	98	attic	GEONOUN
51874	112	80	school	GEONOUN
51874	112	294	school	GEONOUN
51874	112	320	school	GEONOUN
51874	112	389	school	GEONOUN
51874	113	45	Friesland--	PLACE
51874	113	63	Overijssel	PLACE
51874	113	75	Overijssel	PLACE
51874	113	129	province	GEONOUN
51874	113	269	'42	DATE
51874	113	328	'43	DATE
51874	115	73	Holland	CITY
51874	116	38	sea dike	GEONOUN
51874	116	42	dike	GEONOUN
51874	116	58	sea	GEONOUN
51874	116	71	sea	GEONOUN
51874	118	293	Holland	CITY
51874	119	39	school	GEONOUN
51874	120	43	1943	DATE
51874	120	129	dikes	GEONOUN
51874	120	156	divide	GEONOUN
51874	120	167	country	GEONOUN
51874	120	190	North and South Holland	PLACE
51874	120	257	Friesland	PLACE
51874	120	268	Overijssel--	PLACE
51874	120	341	Holland	CITY
51874	120	366	Holland	CITY
51874	120	394	Netherlands	COUNTRY
51874	121	21	dikes	GEONOUN
51874	121	43	dikes	GEONOUN
51874	121	96	Ardennes	PLACE
51874	121	196	dikes	GEONOUN
51874	121	230	parts	GEONOUN
51874	121	239	North and South Holland	PLACE
51874	121	332	Holland	CITY
51874	121	486	Zeedijk	PLACE
51874	121	510	dike	GEONOUN
51874	121	520	North Holland	PLACE
51874	121	540	Friesland	PLACE
51874	121	622	dike	GEONOUN
51874	121	638	Holland	CITY
51874	121	713	sea	GEONOUN
51874	124	147	Holland	CITY
51874	124	233	country	GEONOUN
51874	124	258	Indiana	US-STATE
51874	124	350	Jewish	GEONOUN
51874	126	31	street	GEONOUN
51874	126	87	a real cold winter	DATE
51874	128	89	14 years old	DATE
51874	132	0	1943	DATE
51874	134	105	concentration camp	GEONOUN
51874	134	154	Ravensbrück	PLACE
51874	134	186	Ravensbrück	PLACE
51874	134	229	Jewish concentration camp	GEONOUN
51874	134	236	concentration camp	GEONOUN
51874	134	274	camp	GEONOUN
51874	134	308	Friesland	PLACE
51874	134	774	train	GEONOUN
51874	134	785	camp	GEONOUN
51874	134	797	Vught	CITY
51874	135	129	camp	GEONOUN
51874	135	179	camp	GEONOUN
51874	135	279	the day	DATE
51874	138	185	barracks	GEONOUN
51874	138	219	barracks	GEONOUN
51874	139	354	every day	DATE
51874	139	574	that week	DATE
51874	139	653	the whole week	DATE
51874	140	160	about a half year to eight, nine months--	DATE
51874	140	235	over a half year	DATE
51874	140	276	the winter--	DATE
51874	140	902	Haarlem	CITY
51874	140	911	every month	DATE
51874	140	990	barracks	GEONOUN
51874	140	1031	barracks	GEONOUN
51874	140	1127	ground	GEONOUN
51874	140	1404	dump	GEONOUN
51874	140	1427	dump	GEONOUN
51874	140	1456	dump	GEONOUN
51874	140	1881	Vught	CITY
51874	140	1975	Haarlem--	PLACE
51874	140	2017	two, three days	DATE
51874	140	2489	12 years old	DATE
51874	140	2668	Rotterdam	CITY
51874	141	15	Rotterdam	CITY
51874	141	36	city	GEONOUN
51874	141	85	city	GEONOUN
51874	143	27	Friesland	PLACE
51874	143	597	farm	GEONOUN
51874	143	737	ground	GEONOUN
51874	143	758	wood	GEONOUN
51874	143	1068	farm	GEONOUN
51874	143	1076	farm	GEONOUN
51874	143	1409	those days	DATE
51874	143	1554	today	DATE
51874	143	1593	1944	DATE
51874	143	2182	today	DATE
51874	143	2994	brothel	GEONOUN
51874	143	3036	those days	DATE
51874	143	3580	canal	GEONOUN
51874	143	3597	field	GEONOUN
51874	143	3809	today	DATE
51874	143	4837	'44	DATE
51874	143	4847	September '44	DATE
51874	143	5384	Rotterdam	CITY
51874	143	5440	brothel	GEONOUN
51874	143	5451	brothel	GEONOUN
51874	143	5571	September '44--	DATE
51874	143	5645	a half year	DATE
51874	144	71	ministry	GEONOUN
51874	144	87	church	GEONOUN
51874	144	262	Holland	CITY
51874	144	370	September to May	DATE
51874	144	520	half an year	DATE
51874	144	800	almost 15 to 14 years old	DATE
51874	144	1249	field	GEONOUN
51874	145	68	a year-- half year to a year	DATE
51874	145	165	hospital	GEONOUN
51874	145	178	Rotterdam--	PLACE
51874	145	296	street	GEONOUN
51874	145	670	a year to two years--	DATE
51874	145	712	those days	DATE
51874	146	40	'43	DATE
51874	146	67	Zeeland	PLACE
51874	146	222	grave	GEONOUN
51874	146	415	Rotterdam	CITY
51874	146	538	60 years later	DATE
51874	146	599	concentration camp	GEONOUN
51874	146	967	9 September to May	DATE
51874	147	246	school	GEONOUN
51874	147	538	'44	DATE
51874	147	556	Limburg--	PLACE
51874	147	587	farm	GEONOUN
51874	147	612	farm	GEONOUN
51874	147	639	three years younger	DATE
51874	148	103	Drenthe	PLACE
51874	148	288	Haarlem	CITY
51874	148	461	next month	DATE
51874	148	524	the 80s	DATE
51874	148	576	80	DATE
51874	148	589	80	DATE
51874	148	603	the 70s	DATE
51874	150	275	Holland	CITY
51874	150	374	inner	GEONOUN
51874	150	1605	Jewish	GEONOUN
51874	150	1850	today	DATE
51874	150	1994	60 years ago	DATE
51874	150	2182	corner	GEONOUN
51874	150	2438	the years	DATE
51874	150	2842	room	GEONOUN
51874	150	2952	nights	TIME
51874	150	2980	62 years later	DATE
51874	151	47	Holland	CITY
51874	151	284	school	GEONOUN
51874	151	350	school	GEONOUN
51874	151	371	school	GEONOUN
51874	151	487	four years	DATE
51874	151	1110	Rotterdam	CITY
51874	151	1135	city	GEONOUN
51874	151	1238	district	GEONOUN
51874	151	1250	Katendrecht	PLACE
51874	151	1265	Rotterdam	CITY
51874	151	1674	district	GEONOUN
51874	151	1730	Katendrecht	PLACE
51874	153	435	farm	GEONOUN
51874	153	448	Hilversum	CITY
51874	154	114	the day--	DATE
51874	154	146	room	GEONOUN
51874	154	172	room	GEONOUN
51874	154	181	Rotterdam	CITY
51874	154	440	three months	DATE
51874	154	624	Limburg	PLACE
51874	154	1182	half century later	DATE
51874	155	185	tree branch	GEONOUN
51874	155	190	branch	GEONOUN
51874	155	231	Europe	CONTINENT
51874	157	17	September 23	DATE
51874	157	31	'50-- '52-- '52	DATE
51874	158	47	the month	DATE
51874	158	65	the month before the date	DATE
51874	158	114	July the 4th	DATE
51874	158	136	vier juli	DATE
51874	162	266	district	GEONOUN
51874	162	358	Europe	CONTINENT
51874	162	391	Europe	CONTINENT
51874	162	468	airport	GEONOUN
51874	162	1115	Germany	COUNTRY
51874	162	1238	airport	GEONOUN
51874	162	1261	Hungary	COUNTRY
51874	162	1319	airport	GEONOUN
51874	162	1477	Hungary	COUNTRY
51874	162	1512	Hungary	COUNTRY
51874	162	1556	Russia	COUNTRY
51874	162	1670	Belgrade	CITY
51874	162	1683	Belgrade	CITY
51874	162	1777	consulate	GEONOUN
51874	162	1800	consulate	GEONOUN
51874	162	1836	consulate	GEONOUN
51874	162	1917	Holland	CITY
51874	162	2007	the United States	COUNTRY
51874	162	2071	Holland	CITY
51874	162	2113	England	PLACE
51874	162	2179	America	COUNTRY
51874	162	2193	England	PLACE
51874	162	2351	airport	GEONOUN
51874	162	2387	airport	GEONOUN
51874	163	16	England	PLACE
51874	163	68	America	COUNTRY
51874	163	367	those days	DATE
51874	163	397	England	PLACE
51874	163	408	Holland	CITY
51874	163	435	today	DATE
51874	163	458	tunnel	GEONOUN
51874	163	475	France	COUNTRY
51874	163	492	a couple hours	TIME
51874	163	531	a month--	DATE
51874	163	549	a month	DATE
51874	163	571	couple weeks	DATE
51874	163	615	England	PLACE
51874	163	629	country	GEONOUN
51874	164	0	New York	US-STATE
51874	167	494	camp	GEONOUN
51874	167	728	a minute	TIME
51874	168	58	apartments	GEONOUN
51874	168	203	ground	GEONOUN
51874	168	215	ground	GEONOUN
51874	168	261	buildings	GEONOUN
51874	168	298	ground	GEONOUN
51874	169	13	a couple years ago	DATE
51874	169	64	sea	GEONOUN
51874	169	139	sea	GEONOUN
51874	169	157	America	COUNTRY
51874	169	179	Europe	CONTINENT
51874	170	14	the '50s	DATE
51874	170	26	New York	US-STATE
51874	170	124	the Marquis Hotel	PLACE
51874	170	159	42nd	PLACE
51874	170	168	Broadway	PLACE
51874	170	538	New York	US-STATE
51874	170	561	Indianapolis	CITY
51874	170	582	New York	US-STATE
51874	170	606	nights	TIME
51874	170	636	airport	GEONOUN
51874	170	678	hotel	GEONOUN
51874	170	750	all day	DATE
51874	170	1215	street	GEONOUN
51874	170	1327	street	GEONOUN
51874	170	1508	hotel	GEONOUN
51874	170	1591	street	GEONOUN
51874	170	1622	New York	US-STATE
51874	170	1690	Holland	CITY
51874	170	1907	hotel	GEONOUN
51874	170	2111	New York	US-STATE
51874	170	2205	street	GEONOUN
51874	170	2345	street	GEONOUN
51874	170	2384	six hours	DATE
51874	170	2477	lobby	GEONOUN
51874	170	2709	the United States	COUNTRY
51874	170	2818	six hours	TIME
51874	172	3	those days	DATE
51874	172	55	the United States	COUNTRY
51874	172	148	Indianapolis	CITY
51874	172	164	train	GEONOUN
51874	172	188	train	GEONOUN
51874	172	217	Indianapolis	CITY
51874	172	265	the first three months	DATE
51874	172	400	Holland	CITY
51874	172	477	three-year-olds--	DATE
51874	172	690	about three months	DATE
51874	172	1078	'49	DATE
51874	172	1415	all day long	DATE
51874	173	103	store	GEONOUN
51874	173	366	about 45, 46 years old	DATE
51874	174	140	Holland	CITY
51874	174	600	the United States	COUNTRY
51874	175	68	a lifetime	DATE
51874	175	193	hospital	GEONOUN
51874	176	225	school	GEONOUN
51874	176	292	school	GEONOUN
51874	176	300	Leiden	CITY
51874	176	318	Leiden	CITY
51874	176	403	five years	DATE
51874	176	626	five years	DATE
51874	176	704	school	GEONOUN
51874	176	714	College Avenue	PLACE
51874	176	903	Holland	CITY
51874	176	958	college	GEONOUN
51874	176	991	college	GEONOUN
51874	176	1024	five years ago	DATE
51874	176	1127	five years	DATE
51874	176	1374	semis	GEONOUN
51874	176	1384	years	DATE
51874	178	108	block	GEONOUN
51874	178	133	block	GEONOUN
51874	178	270	Philadelphia	CITY
51874	178	404	Philadelphia	CITY
51874	178	429	a couple days	DATE
51874	178	612	Philadelphia	CITY
51874	178	733	one day	DATE
51874	178	750	two days	DATE
51874	178	789	Philadelphia	CITY
51874	178	861	Philadelphia	CITY
51874	178	926	Nevada	US-STATE
51874	178	971	Nevada	US-STATE
51874	178	1079	road	GEONOUN
51874	178	1092	Philadelphia	CITY
51874	178	1109	Pennsylvania	US-STATE
51874	178	1724	semis	GEONOUN
51874	178	2167	seat	GEONOUN
51874	179	98	road	GEONOUN
51874	179	152	school	GEONOUN
51874	179	201	Park Tudor	PLACE
51874	179	219	five years	DATE
51874	179	278	apartments	GEONOUN
51874	179	319	apartment buildings	GEONOUN
51874	179	329	buildings	GEONOUN
51874	179	342	Greenwood	CITY
51874	179	394	the last 18, 20 years	DATE
51874	179	502	24 hours	TIME
51874	179	532	24-hour	TIME
51874	179	629	Fort Wayne	CITY
51874	179	1026	store	GEONOUN
51874	179	1246	about eight years ago	DATE
51874	179	1294	Geneva	CITY
51874	179	1322	today	DATE
51874	182	39	20 years	DATE
51874	182	330	three, four years	DATE
51874	182	437	country	GEONOUN
51874	184	58	today	DATE
51874	184	1063	two, three years	DATE
51874	184	1108	country	GEONOUN
51874	184	1122	India	COUNTRY
51874	184	1136	Holland	CITY
51874	184	1147	Germany	COUNTRY
51874	184	1158	Italy	COUNTRY
51874	184	1171	Balkans	PLACE
51874	184	1182	China	COUNTRY
51874	184	1248	country	GEONOUN
51874	184	1583	fork	GEONOUN
51874	184	1795	America	COUNTRY
51874	184	1805	about 200 years old	DATE
51874	184	1841	2,000 years old	DATE
51874	184	1863	Jewish	GEONOUN
51874	184	1891	thousands of years	DATE
51874	184	2836	the United States	COUNTRY
51874	184	2992	20-year-old	DATE
51874	184	3098	country	GEONOUN
51874	184	3142	Holland	CITY
51874	184	3353	Jewish	GEONOUN
51874	184	3579	Jewish	GEONOUN
