FileID	AnswerID	StartCharPos	Entity	Type
52036	0	5	morning	TIME
52036	4	14	Vienna	CITY
52036	5	3	Austria	COUNTRY
52036	6	0	November 20, 1929	DATE
52036	8	18	building	GEONOUN
52036	8	34	apartment building	GEONOUN
52036	8	143	Stephansdom	PLACE
52036	8	165	St. Stephen's	PLACE
52036	8	179	cathedral	GEONOUN
52036	8	202	windows	GEONOUN
52036	8	233	church	GEONOUN
52036	8	421	apartment	GEONOUN
52036	8	624	rooms	GEONOUN
52036	8	721	room	GEONOUN
52036	8	744	room	GEONOUN
52036	10	68	upstairs	GEONOUN
52036	10	134	upstairs	GEONOUN
52036	10	290	many years later	DATE
52036	10	354	wood	GEONOUN
52036	10	428	elevator	GEONOUN
52036	11	15	street	GEONOUN
52036	11	63	street	GEONOUN
52036	11	101	Vienna	CITY
52036	11	159	buildings	GEONOUN
52036	11	212	buildings	GEONOUN
52036	11	265	Vienna	CITY
52036	11	294	Stephansplatz	PLACE
52036	11	325	corner street	GEONOUN
52036	11	332	street	GEONOUN
52036	11	347	Graben	CAMP
52036	11	367	street	GEONOUN
52036	11	379	Madison Avenue	PLACE
52036	14	139	corridor	GEONOUN
52036	16	65	entrance	GEONOUN
52036	16	88	room	GEONOUN
52036	16	159	apartment	GEONOUN
52036	16	192	room	GEONOUN
52036	16	207	room	GEONOUN
52036	16	347	apartment	GEONOUN
52036	19	39	the day	DATE
52036	22	20	room	GEONOUN
52036	22	66	room	GEONOUN
52036	22	301	room	GEONOUN
52036	29	60	Sundays	DATE
52036	29	109	Sundays	DATE
52036	29	166	Sundays	DATE
52036	29	243	Sundays	DATE
52036	31	176	country	GEONOUN
52036	31	412	countryside	GEONOUN
52036	31	427	Austria	COUNTRY
52036	31	475	Vienna	CITY
52036	32	39	forks	GEONOUN
52036	34	117	Austria	COUNTRY
52036	40	10	Vienna	CITY
52036	40	473	apartment	GEONOUN
52036	40	605	house	GEONOUN
52036	41	22	Germany	COUNTRY
52036	41	49	Austria	COUNTRY
52036	41	264	street	GEONOUN
52036	44	84	years later	DATE
52036	44	231	France	COUNTRY
52036	45	29	Christmas	DATE
52036	45	60	Christmas	DATE
52036	45	79	Christmas	DATE
52036	45	89	tree	GEONOUN
52036	45	195	Jewish	GEONOUN
52036	45	315	Vienna	CITY
52036	45	389	Stadtpark	PLACE
52036	45	455	Grinzing	PLACE
52036	45	494	Vienna	CITY
52036	45	509	Vienna	CITY
52036	47	48	Stephansplatz	PLACE
52036	47	419	school	GEONOUN
52036	47	433	the week	DATE
52036	47	456	Sundays	DATE
52036	47	562	Europe	CONTINENT
52036	47	669	airport	GEONOUN
52036	47	807	Sundays	DATE
52036	47	816	every Sunday	DATE
52036	48	136	hill	GEONOUN
52036	48	187	hill	GEONOUN
52036	48	209	fell	GEONOUN
52036	49	70	'38	DATE
52036	49	81	'38	DATE
52036	49	91	eight	DATE
52036	49	119	the beginning of '38	DATE
52036	50	6	November 20	DATE
52036	50	45	January	DATE
52036	50	54	February	DATE
52036	50	124	school	GEONOUN
52036	52	131	house	GEONOUN
52036	52	305	France	COUNTRY
52036	52	510	the summer--	DATE
52036	52	534	colony	GEONOUN
52036	53	33	Jewish	GEONOUN
52036	54	41	school	GEONOUN
52036	60	178	city	GEONOUN
52036	61	93	street	GEONOUN
52036	62	262	house	GEONOUN
52036	63	140	Kristallnacht	EVENT
52036	63	267	Vienna	CITY
52036	66	77	school	GEONOUN
52036	66	209	house	GEONOUN
52036	66	317	apartment	GEONOUN
52036	66	510	Jewish	GEONOUN
52036	66	580	Jewish	GEONOUN
52036	66	779	all these years	DATE
52036	69	35	room	GEONOUN
52036	69	163	Lausanne	CITY
52036	69	185	Switzerland	COUNTRY
52036	69	451	France	COUNTRY
52036	69	620	Switzerland	COUNTRY
52036	69	1014	Lausanne	CITY
52036	69	1040	a week to 10 days	DATE
52036	69	1489	train	GEONOUN
52036	69	1513	Paris	CITY
52036	69	1523	la Gare de l'Est	PLACE
52036	69	1708	America	COUNTRY
52036	69	1812	opera	GEONOUN
52036	69	2206	Paris	CITY
52036	72	167	Paris	CITY
52036	73	18	nine	DATE
52036	78	83	Lausanne	CITY
52036	78	93	Lausanne	CITY
52036	78	118	Geneva	CITY
52036	78	172	fell	GEONOUN
52036	78	285	train station	GEONOUN
52036	79	73	France	COUNTRY
52036	79	104	Austria	COUNTRY
52036	79	209	Jewish	GEONOUN
52036	80	58	France	COUNTRY
52036	80	101	Austria	COUNTRY
52036	80	127	Poland	COUNTRY
52036	80	236	Pigalle	PLACE
52036	80	258	hotel room	GEONOUN
52036	80	264	room	GEONOUN
52036	80	482	hotel	GEONOUN
52036	80	578	room	GEONOUN
52036	80	681	about a week	DATE
52036	81	108	the Hotel Meurice	PLACE
52036	82	53	America	COUNTRY
52036	82	748	December	DATE
52036	82	781	Paris	CITY
52036	82	809	Christmas	DATE
52036	82	909	Christmas	DATE
52036	82	1039	years later	DATE
52036	82	1252	only years later	DATE
52036	82	1341	hotel	GEONOUN
52036	82	1369	Christmas	DATE
52036	82	1420	restaurant	GEONOUN
52036	82	1957	Austria	COUNTRY
52036	82	1968	Vienna	CITY
52036	83	76	England	PLACE
52036	83	143	country	GEONOUN
52036	83	394	a few days	DATE
52036	83	436	a few other days	DATE
52036	83	634	area	GEONOUN
52036	83	713	five years old	DATE
52036	83	739	nine	DATE
52036	83	852	nine	DATE
52036	88	207	'39	DATE
52036	88	464	school	GEONOUN
52036	88	491	Paris	CITY
52036	88	604	parts	GEONOUN
52036	88	688	school	GEONOUN
52036	88	837	fork	GEONOUN
52036	88	1592	Austria	COUNTRY
52036	88	1937	area	GEONOUN
52036	88	2110	boat	GEONOUN
52036	88	2126	Italy	COUNTRY
52036	88	2153	school	GEONOUN
52036	88	2402	room	GEONOUN
52036	88	2425	Issy-les-Moulineaux	CITY
52036	88	2479	Paris	CITY
52036	88	2650	village	GEONOUN
52036	89	105	village	GEONOUN
52036	89	120	Buxieres-les-Mines	PLACE
52036	89	193	farms	GEONOUN
52036	89	275	road	GEONOUN
52036	91	34	area	GEONOUN
52036	91	42	Passy	PLACE
52036	91	96	Avenue Théophile Gautier	PLACE
52036	97	239	camps	GEONOUN
52036	99	213	Austria	COUNTRY
52036	100	82	restaurant	GEONOUN
52036	105	42	Jewish	GEONOUN
52036	105	306	church	GEONOUN
52036	105	379	village	GEONOUN
52036	105	483	mines	GEONOUN
52036	105	654	hotel room	GEONOUN
52036	105	660	room	GEONOUN
52036	105	886	years	DATE
52036	106	235	11	DATE
52036	106	383	farm country	GEONOUN
52036	106	388	country	GEONOUN
52036	107	216	about '41	DATE
52036	107	310	house	GEONOUN
52036	107	411	room hut	GEONOUN
52036	107	416	hut	GEONOUN
52036	107	430	outhouse	GEONOUN
52036	107	476	room	GEONOUN
52036	107	635	room	GEONOUN
52036	107	687	tile	GEONOUN
52036	107	883	farm	GEONOUN
52036	107	924	6:00 in the morning	TIME
52036	107	1387	school	GEONOUN
52036	107	1416	school	GEONOUN
52036	107	1434	12	DATE
52036	108	26	classroom	GEONOUN
52036	108	180	school	GEONOUN
52036	108	283	community	GEONOUN
52036	109	947	house	GEONOUN
52036	109	1131	house	GEONOUN
52036	109	1238	fell	GEONOUN
52036	110	273	grave	GEONOUN
52036	110	336	France	COUNTRY
52036	111	219	America	COUNTRY
52036	111	567	Jewish	GEONOUN
52036	111	744	village	GEONOUN
52036	111	954	Jewish	GEONOUN
52036	112	81	village	GEONOUN
52036	112	309	Jewish	GEONOUN
52036	113	9	Vienna	CITY
52036	116	72	Jewish	GEONOUN
52036	116	206	Jewish	GEONOUN
52036	116	244	Jewish	GEONOUN
52036	117	257	14	DATE
52036	117	263	15	DATE
52036	117	289	aisle	GEONOUN
52036	117	458	14 years old	DATE
52036	119	763	farms	GEONOUN
52036	124	66	hotel	GEONOUN
52036	124	659	15 years old	DATE
52036	124	676	three months	DATE
52036	125	220	Sundays	DATE
52036	125	348	village	GEONOUN
52036	125	504	village	GEONOUN
52036	125	535	church	GEONOUN
52036	125	614	France	COUNTRY
52036	125	738	church	GEONOUN
52036	125	822	Buxieres	PLACE
52036	125	936	week	DATE
52036	125	1072	America	COUNTRY
52036	126	3	church	GEONOUN
52036	127	166	week	DATE
52036	127	653	Jewish	GEONOUN
52036	127	803	village	GEONOUN
52036	127	876	village	GEONOUN
52036	127	929	town	GEONOUN
52036	127	1015	village	GEONOUN
52036	128	26	Allier	PLACE
52036	128	57	Vichy	CITY
52036	128	90	Moulins	CITY
52036	128	153	Montlucon--	PLACE
52036	129	134	France	COUNTRY
52036	129	158	yesterday	DATE
52036	129	373	yesterday	DATE
52036	130	83	four hours	TIME
52036	130	337	church every day	GEONOUN
52036	130	344	every day	DATE
52036	130	413	room	GEONOUN
52036	130	576	a few years later	DATE
52036	131	170	Easter	DATE
52036	131	292	Earth	PLACE
52036	132	140	America	COUNTRY
52036	132	228	America	COUNTRY
52036	132	276	Canada	COUNTRY
52036	132	312	Cuba	COUNTRY
52036	132	333	Cuba	COUNTRY
52036	132	383	America	COUNTRY
52036	132	423	America	COUNTRY
52036	132	790	'47	DATE
52036	133	78	village	GEONOUN
52036	133	245	the next	DATE
52036	134	99	village	GEONOUN
52036	134	286	Sundays	DATE
52036	135	108	village	GEONOUN
52036	135	171	parts	GEONOUN
52036	135	184	village	GEONOUN
52036	136	264	village	GEONOUN
52036	136	367	city	GEONOUN
52036	136	390	Clermont-Ferrand	CITY
52036	136	436	school	GEONOUN
52036	137	0	Clermont-Ferrand	CITY
52036	137	23	the Puy-de-Dome	PLACE
52036	137	67	France	COUNTRY
52036	138	8	room	GEONOUN
52036	139	13	building	GEONOUN
52036	139	134	cellar	GEONOUN
52036	140	246	hospital	GEONOUN
52036	140	279	hotel	GEONOUN
52036	140	609	Clermont-Ferrand	CITY
52036	141	3	Buxieres	PLACE
52036	145	90	Buxieres	PLACE
52036	145	190	the Hotel de Ville	PLACE
52036	145	245	city hall	GEONOUN
52036	145	450	Paris	CITY
52036	146	26	'46	DATE
52036	147	41	hotel	GEONOUN
52036	147	81	elevators	GEONOUN
52036	147	197	arcade	GEONOUN
52036	147	338	arcade	GEONOUN
52036	148	121	Clermont-Ferrand	CITY
52036	148	256	Prague	CITY
52036	148	289	Prague	CITY
52036	148	421	Prague	CITY
52036	148	489	building	GEONOUN
52036	148	614	Africa	CONTINENT
52036	148	647	Algiers	CITY
52036	148	726	America	COUNTRY
52036	148	881	France	COUNTRY
52036	149	272	Paris	CITY
52036	150	80	France	COUNTRY
52036	150	115	Petain	PLACE
52036	150	162	concentration camps	GEONOUN
52036	151	3	America	COUNTRY
52036	151	15	America	COUNTRY
52036	151	256	plain	GEONOUN
52036	152	64	Paris	CITY
52036	152	75	Clermont-Ferrand	CITY
52036	153	45	Paris	CITY
52036	153	233	port	GEONOUN
52036	154	3	New York	US-STATE
52036	155	3	New York	US-STATE
52036	155	16	New York	US-STATE
52036	155	29	the West Side	PLACE
52036	155	248	Vienna	CITY
52036	155	256	the good days	DATE
52036	155	339	rooms	GEONOUN
52036	161	212	Germany	COUNTRY
52036	161	466	many years later	DATE
52036	165	82	hotel	GEONOUN
52036	165	125	rooms	GEONOUN
52036	166	169	village	GEONOUN
52036	166	337	the junior year	DATE
52036	166	559	school	GEONOUN
52036	166	650	apartment	GEONOUN
52036	166	716	apartment	GEONOUN
52036	166	739	Inwood	PLACE
52036	166	835	Vienna	CITY
52036	166	862	all these years	DATE
52036	166	919	school	GEONOUN
52036	166	1207	East 52nd Street	PLACE
52036	167	218	room	GEONOUN
52036	167	525	New Jersey	US-STATE
52036	167	574	Clermont-Ferrand	CITY
52036	167	697	the following year	DATE
52036	167	928	house	GEONOUN
52036	167	996	house	GEONOUN
52036	168	570	America	COUNTRY
52036	168	583	about six months	DATE
52036	168	615	America	COUNTRY
52036	168	902	America	COUNTRY
52036	168	979	Europe	CONTINENT
52036	168	1041	school	GEONOUN
52036	168	1283	school	GEONOUN
52036	168	1363	the day	DATE
52036	171	479	years later	DATE
52036	173	24	New Year's Eve	DATE
52036	173	56	just a few weeks	DATE
52036	173	169	Carnegie Hall	PLACE
52036	173	189	New Year's Eve	DATE
52036	174	91	years later	DATE
52036	175	206	Jewish	GEONOUN
52036	175	489	club	GEONOUN
52036	175	612	5 o'clock	TIME
52036	175	720	Jewish	GEONOUN
52036	175	956	Paris	CITY
52036	175	1456	France	COUNTRY
52036	175	1514	tree	GEONOUN
52036	177	84	a year later	DATE
52036	178	0	NYU	PLACE
52036	179	139	the last year	DATE
52036	179	185	institution	GEONOUN
52036	179	231	college	GEONOUN
52036	179	271	college	GEONOUN
52036	179	315	his first year	DATE
52036	180	53	years later	DATE
52036	180	253	France	COUNTRY
52036	181	0	1952	DATE
52036	182	28	room	GEONOUN
52036	182	497	the first year	DATE
52036	182	515	New Haven	CITY
52036	182	607	the second and third year	DATE
52036	182	642	the second and third year	DATE
52036	182	698	rough	GEONOUN
52036	182	1020	foot	GEONOUN
52036	182	1454	our later years	DATE
52036	182	1837	weekend	DATE
52036	183	3	house	GEONOUN
52036	184	322	the High Holidays	DATE
52036	184	502	temple	GEONOUN
52036	184	562	temple	GEONOUN
52036	184	791	school	GEONOUN
52036	184	804	the first year	DATE
52036	184	1081	bar	GEONOUN
52036	184	1109	Israel	COUNTRY
52036	184	1231	Israel	COUNTRY
52036	184	1607	Seders	PLACE
52036	186	144	Europe	CONTINENT
52036	186	190	rough	GEONOUN
52036	186	395	New Haven	CITY
52036	186	422	New Haven	CITY
52036	192	116	the new year	DATE
52036	192	147	city	GEONOUN
52036	193	189	works	GEONOUN
52036	193	606	school	GEONOUN
52036	193	630	Madeira	PLACE
52036	193	1192	rough	GEONOUN
52036	194	1109	Jewish	GEONOUN
52036	195	10	Jewish	GEONOUN
52036	196	172	city	GEONOUN
52036	196	318	nine	DATE
52036	196	329	a couple of months ago	DATE
52036	202	129	train	GEONOUN
52036	202	144	England	PLACE
52036	202	189	England	PLACE
52036	203	56	America	COUNTRY
52036	203	79	country	GEONOUN
52036	203	645	58 years	DATE
52036	203	735	road	GEONOUN
52036	204	507	house	GEONOUN
52036	205	78	city	GEONOUN
52036	205	110	street	GEONOUN
52036	205	148	buildings	GEONOUN
52036	205	228	hotel	GEONOUN
52036	205	478	Argentina	COUNTRY
52036	205	662	Vienna	CITY
52036	205	761	Jewish cemetery	GEONOUN
52036	205	768	cemetery	GEONOUN
52036	205	920	Jewish cemetery	GEONOUN
52036	205	927	cemetery	GEONOUN
52036	206	33	many years ago	DATE
52036	207	128	Vienna	CITY
52036	208	46	the last few years--	DATE
52036	208	79	last three years--	DATE
52036	208	129	four years	DATE
52036	208	185	Vienna	CITY
52036	208	193	Austria	COUNTRY
52036	208	537	France	COUNTRY
52036	209	88	Sundays	DATE
52036	209	257	Vienna	CITY
52036	212	167	the years	DATE
52036	212	305	the years	DATE
52036	216	215	rock	GEONOUN
52036	217	239	the years	DATE
52036	218	104	Vienna	CITY
52036	218	207	1946	DATE
52036	218	277	Vienna	CITY
52036	218	338	Hohenau	PLACE
52036	218	398	Vienna	CITY
52036	218	439	1946	DATE
52036	218	490	America	COUNTRY
52036	218	756	Vienna	CITY
52036	218	892	Vienna	CITY
52036	218	1028	Austria	COUNTRY
52036	218	1066	1939	DATE
52036	218	1145	France	COUNTRY
52036	218	1152	a few years ago	DATE
52036	218	1514	Vienna	CITY
52036	218	1540	buildings	GEONOUN
52036	218	1692	about five years old	DATE
52036	219	16	Paris	CITY
52036	219	65	Buxieres-les-Mines	PLACE
52036	219	181	school	GEONOUN
52036	219	324	backyard	GEONOUN
52036	219	354	Buxieres-les-Mines	PLACE
52036	219	442	house	GEONOUN
52036	219	456	room	GEONOUN
52036	222	96	Sahara	PLACE
52036	222	292	railroad	GEONOUN
52036	222	618	steeple	GEONOUN
52036	222	633	church	GEONOUN
52036	222	672	country church	GEONOUN
52036	222	680	church	GEONOUN
52036	223	133	Buxieres	PLACE
52036	223	162	house	GEONOUN
52036	223	224	outhouse	GEONOUN
52036	223	253	winter	DATE
52036	223	263	summer	DATE
52036	223	422	house	GEONOUN
52036	223	470	Buxieres-les-Mines	PLACE
52036	223	686	village	GEONOUN
52036	223	819	weeks	DATE
52036	225	47	December 1945	DATE
52036	225	304	Clermont-Ferrand	CITY
52036	225	420	Clermont-Ferrand	CITY
52036	226	4	July 3, 1952	DATE
52036	226	125	five years	DATE
52036	227	22	4 and 1/2	DATE
52036	228	149	Central Park	PLACE
52036	228	221	block	GEONOUN
52036	230	129	Italy	COUNTRY
52036	230	141	about two years old	DATE
52036	230	346	next summer	DATE
52036	231	17	New England	PLACE
52036	231	40	Canada	COUNTRY
