FileID	AnswerID	StartCharPos	Entity	Type
52090	2	5	morning	TIME
52090	3	11	February 1922	DATE
52090	3	29	Lódz	PLACE
52090	3	35	Poland	COUNTRY
52090	4	53	a cold day	DATE
52090	5	6	2/5/22	DATE
52090	6	21	Last month	DATE
52090	6	45	89	DATE
52090	7	28	city	GEONOUN
52090	7	59	city	GEONOUN
52090	7	82	street	GEONOUN
52090	7	145	those days	DATE
52090	9	33	the First World War	EVENT
52090	9	179	World War I	EVENT
52090	9	234	building	GEONOUN
52090	9	273	street	GEONOUN
52090	9	329	street	GEONOUN
52090	9	378	World War I.	EVENT
52090	9	416	street	GEONOUN
52090	11	69	Jewish	GEONOUN
52090	11	85	buildings	GEONOUN
52090	11	153	Jewish buildings	GEONOUN
52090	11	160	buildings	GEONOUN
52090	11	202	school	GEONOUN
52090	11	221	street	GEONOUN
52090	11	265	school	GEONOUN
52090	11	320	Jewish street	GEONOUN
52090	11	327	street	GEONOUN
52090	11	369	Jewish	GEONOUN
52090	13	39	store	GEONOUN
52090	13	270	store	GEONOUN
52090	14	8	Tuesday	DATE
52090	14	20	Friday	DATE
52090	14	63	market	GEONOUN
52090	14	113	city	GEONOUN
52090	14	164	the summertime	DATE
52090	15	37	today	DATE
52090	16	51	five	DATE
52090	18	101	15 years ago--	DATE
52090	18	173	two years younger--	DATE
52090	18	351	three years younger	DATE
52090	22	72	apartment	GEONOUN
52090	22	118	building	GEONOUN
52090	22	173	apartments	GEONOUN
52090	22	263	World War I	EVENT
52090	22	347	apartment	GEONOUN
52090	23	4	room	GEONOUN
52090	25	123	five	DATE
52090	25	409	store	GEONOUN
52090	25	474	about three years	DATE
52090	25	586	area	GEONOUN
52090	25	719	three years	DATE
52090	25	895	street	GEONOUN
52090	25	1203	Shabbat	DATE
52090	25	1354	Shabbat	DATE
52090	27	8	Friday	DATE
52090	27	15	night	TIME
52090	27	386	the whole year	DATE
52090	27	492	the next day	DATE
52090	27	509	the Sabbath	DATE
52090	27	713	Shabbat	DATE
52090	27	725	next day	DATE
52090	27	781	the weekdays	DATE
52090	29	11	Passover	EVENT
52090	29	32	Sukkot	EVENT
52090	29	74	Rosh Ha-Shana--	DATE
52090	29	90	Yom Kippur	DATE
52090	30	7	Sukkot	DATE
52090	33	307	building	GEONOUN
52090	34	22	synagogue	GEONOUN
52090	34	60	Vilna	PLACE
52090	34	198	synagogue	GEONOUN
52090	34	304	Friday	DATE
52090	34	311	night	TIME
52090	35	53	five years	DATE
52090	36	130	school	GEONOUN
52090	36	590	street	GEONOUN
52090	36	674	store	GEONOUN
52090	36	908	those days	DATE
52090	37	410	Warsaw	CITY
52090	37	448	Lódz	PLACE
52090	38	102	school	GEONOUN
52090	38	184	school	GEONOUN
52090	38	206	school	GEONOUN
52090	38	286	today	DATE
52090	38	408	15-- 14	DATE
52090	38	417	15	DATE
52090	38	752	a year	DATE
52090	39	146	club	GEONOUN
52090	39	225	Boston	CITY
52090	39	466	opera	GEONOUN
52090	47	211	store	GEONOUN
52090	47	400	store	GEONOUN
52090	48	170	winter	DATE
52090	48	237	eight, nine years old	DATE
52090	48	547	school	GEONOUN
52090	48	636	three, four years	DATE
52090	49	18	today	DATE
52090	50	6	school	GEONOUN
52090	50	40	school	GEONOUN
52090	50	181	ghetto	GEONOUN
52090	50	389	ghetto	GEONOUN
52090	50	455	Auschwitz	CAMP
52090	50	1015	14	DATE
52090	50	1019	15	DATE
52090	50	1115	night	TIME
52090	50	1381	The next day	DATE
52090	50	1395	the morning	TIME
52090	53	83	Jewish	GEONOUN
52090	53	184	Jewish	GEONOUN
52090	53	228	This year	DATE
52090	53	252	That year	DATE
52090	53	309	that day--	DATE
52090	55	54	1933	DATE
52090	55	159	Czechoslovakia	COUNTRY
52090	55	175	Austria	COUNTRY
52090	56	88	Jewish	GEONOUN
52090	56	262	Jewish	GEONOUN
52090	56	295	Jewish	GEONOUN
52090	57	217	Poland	COUNTRY
52090	57	254	Poland	COUNTRY
52090	57	292	Poland	COUNTRY
52090	57	323	school	GEONOUN
52090	57	339	Poland	COUNTRY
52090	57	388	1920	DATE
52090	57	429	school	GEONOUN
52090	58	421	Poland	COUNTRY
52090	59	324	Palestine	CITY
52090	61	268	1935	DATE
52090	61	344	street	GEONOUN
52090	61	450	windows	GEONOUN
52090	61	706	store	GEONOUN
52090	61	825	street	GEONOUN
52090	62	39	school	GEONOUN
52090	62	64	school	GEONOUN
52090	62	102	Jewish	GEONOUN
52090	62	217	school	GEONOUN
52090	63	130	street	GEONOUN
52090	63	195	street	GEONOUN
52090	64	139	Jewish	GEONOUN
52090	64	284	Jewish	GEONOUN
52090	67	410	school	GEONOUN
52090	68	0	The first four years	DATE
52090	68	29	every day	DATE
52090	68	46	two hours--	TIME
52090	68	58	two	DATE
52090	68	91	two hours	TIME
52090	68	123	another two hours	TIME
52090	70	3	America	COUNTRY
52090	71	283	Lódz	PLACE
52090	72	39	Teodory	PLACE
52090	72	48	Wisniowa Góra--	PLACE
52090	74	3	'39	DATE
52090	74	151	the last day	DATE
52090	74	237	Wisniowa Góra	PLACE
52090	75	87	the next day on September 1	DATE
52090	75	206	street	GEONOUN
52090	75	414	Saturday	DATE
52090	75	673	Lódz	PLACE
52090	75	788	Warsaw	CITY
52090	75	1105	street	GEONOUN
52090	75	1244	almost a day	DATE
52090	75	1308	Warsaw	CITY
52090	75	1572	street	GEONOUN
52090	77	44	block	GEONOUN
52090	77	63	house	GEONOUN
52090	77	72	house	GEONOUN
52090	77	476	street	GEONOUN
52090	77	777	every day	DATE
52090	77	819	September	DATE
52090	77	837	1939	DATE
52090	78	48	today	DATE
52090	78	352	One day	DATE
52090	78	485	city	GEONOUN
52090	78	494	the morning	TIME
52090	78	561	every day	DATE
52090	78	1017	the span of two weeks	DATE
52090	78	1040	between September 1 and September--	DATE
52090	78	1127	two weeks later	DATE
52090	79	83	October	DATE
52090	79	104	October	DATE
52090	79	721	Lódz	PLACE
52090	79	738	pass	GEONOUN
52090	79	760	Lódz	PLACE
52090	79	775	Poland	COUNTRY
52090	79	812	Poland	COUNTRY
52090	79	856	pass	GEONOUN
52090	80	36	Lódz	PLACE
52090	80	110	Warsaw	CITY
52090	80	171	Warsaw	CITY
52090	80	202	Lódz	PLACE
52090	80	210	Warsaw	CITY
52090	80	257	pass	GEONOUN
52090	80	344	Lódz	PLACE
52090	80	364	Germany	COUNTRY
52090	81	289	Warsaw	CITY
52090	81	300	Warsaw	CITY
52090	81	317	a couple of days	DATE
52090	81	825	Warsaw	CITY
52090	81	843	a couple of days	DATE
52090	81	952	Warsaw	CITY
52090	81	1087	train	GEONOUN
52090	81	1103	town	GEONOUN
52090	81	1109	Siedlce	CITY
52090	81	1123	Siedlce	CITY
52090	81	1143	Terespol	PLACE
52090	81	1153	Terespol	PLACE
52090	81	1213	Terespol	PLACE
52090	81	1234	Jewish	GEONOUN
52090	81	1401	a few days	DATE
52090	81	1574	boat	GEONOUN
52090	81	1590	12 o'clock	TIME
52090	82	46	river	GEONOUN
52090	82	72	boat	GEONOUN
52090	82	225	two minutes	TIME
52090	82	288	the middle	TIME
52090	84	358	castle	GEONOUN
52090	84	378	castle	GEONOUN
52090	84	394	Brest-Litousk--	PLACE
52090	84	413	foot	GEONOUN
52090	84	588	all night	TIME
52090	84	765	the next day	DATE
52090	84	914	boat	GEONOUN
52090	84	1021	this day	DATE
52090	84	1138	the next day	DATE
52090	84	1239	the daytime--	TIME
52090	84	1336	river	GEONOUN
52090	84	1558	ghetto	GEONOUN
52090	84	1576	Lódz	PLACE
52090	84	1665	ghetto	GEONOUN
52090	84	1680	late September	DATE
52090	84	1758	November	DATE
52090	84	1849	Kielce	CITY
52090	84	1874	Pinczów	PLACE
52090	84	1892	town	GEONOUN
52090	84	1925	Pinczów--	PLACE
52090	84	2056	Pinczów	PLACE
52090	84	2098	four weeks	DATE
52090	84	2491	Kielce	CITY
52090	84	2523	Kielce	CITY
52090	84	2576	apartment	GEONOUN
52090	84	2650	Kielce	CITY
52090	84	2664	four weeks	DATE
52090	84	2692	Kielce	CITY
52090	84	2784	Lódz	PLACE
52090	88	15	street	GEONOUN
52090	88	84	street	GEONOUN
52090	91	139	apartments	GEONOUN
52090	91	187	building	GEONOUN
52090	91	406	14 years old	DATE
52090	93	67	rooms	GEONOUN
52090	93	110	ghetto	GEONOUN
52090	95	6	17	DATE
52090	97	77	Jewish	GEONOUN
52090	97	118	Jewish	GEONOUN
52090	97	237	stone mines	GEONOUN
52090	97	243	mines	GEONOUN
52090	97	274	Kielce	CITY
52090	97	293	stone mines	GEONOUN
52090	97	299	mines	GEONOUN
52090	97	317	every day	DATE
52090	97	371	4 o'clock in the morning--	TIME
52090	97	401	train	GEONOUN
52090	97	458	all day	DATE
52090	97	637	stone mines	GEONOUN
52090	97	643	mines	GEONOUN
52090	97	799	today	DATE
52090	97	928	stone mines	GEONOUN
52090	97	934	mines	GEONOUN
52090	105	99	wood	GEONOUN
52090	105	153	Austria	COUNTRY
52090	105	267	Jewish	GEONOUN
52090	108	91	the action day--	DATE
52090	109	33	Jewish	GEONOUN
52090	110	50	Jewish	GEONOUN
52090	115	167	Kielce	CITY
52090	115	395	Jewish	GEONOUN
52090	118	24	apartment	GEONOUN
52090	118	110	building	GEONOUN
52090	118	128	apartment	GEONOUN
52090	118	840	stone mines	GEONOUN
52090	118	846	mines	GEONOUN
52090	118	946	railroad station	GEONOUN
52090	121	25	Jewish	GEONOUN
52090	122	193	17 years old	DATE
52090	123	99	Jewish	GEONOUN
52090	124	12	hospital	GEONOUN
52090	124	42	hospital	GEONOUN
52090	124	132	hospital	GEONOUN
52090	124	169	Jewish	GEONOUN
52090	126	101	the first 15 days	DATE
52090	128	364	street	GEONOUN
52090	129	57	pass	GEONOUN
52090	130	27	ghetto	GEONOUN
52090	131	21	pass	GEONOUN
52090	131	55	street	GEONOUN
52090	131	181	every day	DATE
52090	132	12	cemetery	GEONOUN
52090	133	12	cemetery	GEONOUN
52090	133	67	cemetery	GEONOUN
52090	133	89	Jewish	GEONOUN
52090	133	107	Pakosz	PLACE
52090	133	227	cemetery	GEONOUN
52090	139	47	Auschwitz	CAMP
52090	140	147	fell	GEONOUN
52090	140	255	ghetto	GEONOUN
52090	140	482	a minute	TIME
52090	140	527	ghetto	GEONOUN
52090	142	102	ghetto	GEONOUN
52090	142	270	nine years old	DATE
52090	144	58	Jewish	GEONOUN
52090	149	41	Kielce	CITY
52090	149	550	Russia	COUNTRY
52090	152	5	Austria	COUNTRY
52090	152	158	Jewish	GEONOUN
52090	154	55	Austria	COUNTRY
52090	154	64	Austria	COUNTRY
52090	154	95	Germany	COUNTRY
52090	154	483	ghetto	GEONOUN
52090	157	99	Lódz	PLACE
52090	157	180	two months	DATE
52090	158	41	ghetto	GEONOUN
52090	158	70	ghetto	GEONOUN
52090	158	80	Lódz	PLACE
52090	158	224	ghetto	GEONOUN
52090	158	234	Lódz	PLACE
52090	158	261	'42	DATE
52090	158	339	'41	DATE
52090	160	28	ghetto	GEONOUN
52090	160	38	Kielce	CITY
52090	161	37	about a week or	DATE
52090	161	53	two weeks	DATE
52090	161	136	Kielce--	PLACE
52090	161	145	Radom	CITY
52090	161	165	Skarzysko--	PLACE
52090	161	212	ghetto	GEONOUN
52090	161	332	ghetto	GEONOUN
52090	163	25	ghetto	GEONOUN
52090	163	51	Kielce--	PLACE
52090	163	76	ghetto	GEONOUN
52090	163	89	the day of establishing	DATE
52090	163	143	ghetto	GEONOUN
52090	163	163	ghetto	GEONOUN
52090	163	348	railroad	GEONOUN
52090	163	453	building	GEONOUN
52090	163	638	Jasna 33	PLACE
52090	163	661	street	GEONOUN
52090	163	678	ghetto	GEONOUN
52090	163	704	ghetto	GEONOUN
52090	164	272	town	GEONOUN
52090	166	136	street	GEONOUN
52090	166	153	synagogue	GEONOUN
52090	166	215	bridge	GEONOUN
52090	166	352	ghetto	GEONOUN
52090	166	408	Radomska	PLACE
52090	166	426	street	GEONOUN
52090	166	502	ghetto	GEONOUN
52090	169	126	concentration camps	GEONOUN
52090	172	47	Jewish	GEONOUN
52090	172	177	Jewish	GEONOUN
52090	173	11	ghetto	GEONOUN
52090	173	194	ghetto	GEONOUN
52090	173	371	ghetto	GEONOUN
52090	173	475	Jewish	GEONOUN
52090	174	68	ghetto	GEONOUN
52090	175	7	ghetto	GEONOUN
52090	177	317	railroad station	GEONOUN
52090	177	632	house	GEONOUN
52090	177	712	The next day	DATE
52090	177	867	railroad station	GEONOUN
52090	178	9	Ostbahnhof	PLACE
52090	181	31	railroad	GEONOUN
52090	181	76	railroad	GEONOUN
52090	181	222	1942	DATE
52090	181	255	train	GEONOUN
52090	181	446	train	GEONOUN
52090	181	474	train	GEONOUN
52090	181	525	Holland	CITY
52090	181	730	Arbeitslager Treblinka	PLACE
52090	181	797	'42	DATE
52090	181	864	Treblinka	PLACE
52090	181	1603	Hungary	COUNTRY
52090	181	1652	railroad station	GEONOUN
52090	181	1733	house	GEONOUN
52090	181	1764	railroad station	GEONOUN
52090	183	245	fell	GEONOUN
52090	184	178	hospital	GEONOUN
52090	185	159	ghetto	GEONOUN
52090	188	31	ghetto	GEONOUN
52090	188	179	ghetto	GEONOUN
52090	188	204	ghetto	GEONOUN
52090	188	224	ghetto	GEONOUN
52090	188	284	ghetto	GEONOUN
52090	188	312	street	GEONOUN
52090	190	295	ghetto	GEONOUN
52090	190	458	ghetto	GEONOUN
52090	190	499	42	DATE
52090	190	544	1942	DATE
52090	191	64	street	GEONOUN
52090	191	150	6 o'clock in the morning--	TIME
52090	191	269	a week before	DATE
52090	191	301	Radom	CITY
52090	191	367	Radom	CITY
52090	191	393	a week before	DATE
52090	191	616	about the day on the 20th	DATE
52090	191	657	Jewish	GEONOUN
52090	191	696	6 o'clock in the morning	TIME
52090	191	1047	Jewish	GEONOUN
52090	191	1388	fell	GEONOUN
52090	191	1546	railroad	GEONOUN
52090	191	1670	synagogue	GEONOUN
52090	191	1685	synagogue	GEONOUN
52090	191	2055	synagogue	GEONOUN
52090	191	2119	Kielce	CITY
52090	191	2137	Ludwigshutte	PLACE
52090	191	2167	Ludwików	PLACE
52090	191	2226	Ludwików	PLACE
52090	191	2448	synagogue	GEONOUN
52090	191	2506	the first two days	DATE
52090	191	2688	hospital	GEONOUN
52090	191	2741	hospital	GEONOUN
52090	191	2842	houses	GEONOUN
52090	191	2920	spot	GEONOUN
52090	191	2972	eight days	DATE
52090	191	3112	ghetto	GEONOUN
52090	191	3228	two days later	DATE
52090	191	3305	parts	GEONOUN
52090	191	3337	six days	DATE
52090	191	3359	3 SECONDS	DATE
52090	191	3391	the last day	DATE
52090	191	3434	the last day	DATE
52090	191	3656	synagogue	GEONOUN
52090	191	3730	Ostbahnhof	PLACE
52090	191	3745	Ostbahn	PLACE
52090	191	3757	Ludwigshutte	PLACE
52090	191	3823	Schneiderei	PLACE
52090	191	4736	synagogue	GEONOUN
52090	191	4905	ghetto	GEONOUN
52090	191	5424	Schutz	PLACE
52090	191	5952	street	GEONOUN
52090	191	6033	another two, three days	DATE
52090	191	6058	The following day	DATE
52090	191	6203	house	GEONOUN
52090	191	6255	Jewish	GEONOUN
52090	191	6742	fell	GEONOUN
52090	191	6876	'67	DATE
52090	191	7012	ghetto	GEONOUN
52090	191	7091	ghetto	GEONOUN
52090	191	7109	ghetto	GEONOUN
52090	191	7189	area	GEONOUN
52090	191	7242	nine months	DATE
52090	191	7383	fence	GEONOUN
52090	191	7406	factory	GEONOUN
52090	191	7781	factory	GEONOUN
52090	191	8177	upstairs	GEONOUN
52090	191	8369	barracks	GEONOUN
52090	191	8381	Ludwigshutte	PLACE
52090	191	8398	Ludwików	PLACE
52090	191	8512	barracks	GEONOUN
52090	191	8876	today	DATE
52090	191	8910	Kielce--	PLACE
52090	191	9077	those days	DATE
52090	191	9144	ghetto	GEONOUN
52090	191	9211	fence	GEONOUN
52090	191	9458	Kielce	CITY
52090	191	9477	Kielce	CITY
52090	191	9823	barracks	GEONOUN
52090	194	203	Auschwitz	CAMP
52090	194	251	Buna	PLACE
52090	194	270	Birkenau--	PLACE
52090	194	281	Auschwitz	CAMP
52090	194	355	factory	GEONOUN
52090	194	515	Auschwitz	CAMP
52090	196	42	Treblinka--	PLACE
52090	196	125	About the second month	DATE
52090	196	308	Treblinka	PLACE
52090	196	462	camp	GEONOUN
52090	196	497	Auschwitz	CAMP
52090	196	1207	foot	GEONOUN
52090	196	1236	Kielce	CITY
52090	196	1582	train	GEONOUN
52090	197	157	Kielce	CITY
52090	197	181	grave	GEONOUN
52090	197	246	Jewish	GEONOUN
52090	197	636	grave	GEONOUN
52090	197	654	grave	GEONOUN
52090	197	720	hospital	GEONOUN
52090	198	0	1943	DATE
52090	198	74	'42	DATE
52090	198	83	ghetto	GEONOUN
52090	198	97	nine months--	DATE
52090	198	452	24 hours	DATE
52090	198	492	Ludwików	PLACE
52090	198	722	two years	DATE
52090	198	736	the winter	DATE
52090	199	19	Auschwitz	CAMP
52090	199	77	1943-- 1944	DATE
52090	199	90	1944	DATE
52090	199	335	camp	GEONOUN
52090	199	698	all night	TIME
52090	199	722	all night	TIME
52090	199	772	5 o'clock in the morning	TIME
52090	199	802	train	GEONOUN
52090	199	844	train	GEONOUN
52090	199	870	Auschwitz	CAMP
52090	199	900	Auschwitz	CAMP
52090	200	25	Auschwitz	CAMP
52090	200	68	almost 4 o'clock in the morning	TIME
52090	200	103	5 o'clock in the morning	TIME
52090	200	222	6 o'clock in the morning	TIME
52090	200	338	about 7 o'clock in the morning	TIME
52090	200	389	train	GEONOUN
52090	200	508	Auschwitz	CAMP
52090	200	2109	barracks	GEONOUN
52090	200	2182	Birkenau	CAMP
52090	203	301	barracks	GEONOUN
52090	204	315	barracks	GEONOUN
52090	204	325	A night	TIME
52090	204	379	barracks	GEONOUN
52090	204	540	railroad	GEONOUN
52090	204	644	the first night--	TIME
52090	204	680	this night--	TIME
52090	204	946	ghetto	GEONOUN
52090	204	1138	Jewish	GEONOUN
52090	204	1225	two years before	DATE
52090	204	1317	Auschwitz	CAMP
52090	204	1375	Kielce	CITY
52090	204	1538	Auschwitz	CAMP
52090	204	1871	The next day	DATE
52090	204	2048	coal mines	GEONOUN
52090	204	2170	the three days later--	DATE
52090	204	2193	two days later--	DATE
52090	204	2233	Two years-- two days later	DATE
52090	204	2666	barracks	GEONOUN
52090	204	2897	chimneys	GEONOUN
52090	204	2990	plumbers	GEONOUN
52090	204	3211	Buna	PLACE
52090	204	3241	Buna	PLACE
52090	204	3280	plumber	GEONOUN
52090	204	3305	plumbers	GEONOUN
52090	204	3401	foot	GEONOUN
52090	204	3474	Buna	PLACE
52090	204	3659	factory	GEONOUN
52090	204	3686	factory	GEONOUN
52090	204	3716	factory	GEONOUN
52090	204	3834	building	GEONOUN
52090	204	3848	factory	GEONOUN
52090	204	4401	the next day--	DATE
52090	204	4426	The next day	DATE
52090	204	5273	plumbers	GEONOUN
52090	204	5396	Kommando	PLACE
52090	204	5752	street	GEONOUN
52090	204	5766	street	GEONOUN
52090	204	5791	camp	GEONOUN
52090	204	5811	Buna--	PLACE
52090	204	5831	town	GEONOUN
52090	205	15	Paris	CITY
52090	205	188	Paris	CITY
52090	205	210	street	GEONOUN
52090	205	364	Kommandos	PLACE
52090	205	803	the morning	TIME
52090	205	969	December	DATE
52090	205	990	December	DATE
52090	205	1017	Christmas	DATE
52090	205	1115	hospital	GEONOUN
52090	205	1133	Buna	PLACE
52090	205	1157	camp	GEONOUN
52090	205	1525	a week	DATE
52090	205	1608	Schonungsblock--	PLACE
52090	205	1791	Kommando	PLACE
52090	205	1900	Auschwitz	CAMP
52090	205	2578	Buna	PLACE
52090	205	2583	camps	GEONOUN
52090	205	2609	camps	GEONOUN
52090	205	2647	camp	GEONOUN
52090	205	2727	the second day of Christmas	DATE
52090	205	3047	shelters	GEONOUN
52090	205	3068	shelters	GEONOUN
52090	205	3132	shelter	GEONOUN
52090	206	52	shelter	GEONOUN
52090	206	68	second day of Christmas	DATE
52090	206	360	second day	DATE
52090	206	374	Christmas	DATE
52090	206	609	kettle	GEONOUN
52090	206	879	the evening	TIME
52090	206	1171	the next day	DATE
52090	206	1299	the next day	DATE
52090	207	81	ghetto	GEONOUN
52090	207	102	ghetto	GEONOUN
52090	211	109	Buna	PLACE
52090	213	12	Auschwitz	CAMP
52090	213	95	Skarzysko	PLACE
52090	215	62	Buna	PLACE
52090	215	95	camp	GEONOUN
52090	215	151	Buna	PLACE
52090	215	786	Buna	PLACE
52090	217	64	the morning	TIME
52090	217	93	Appell	PLACE
52090	217	113	November	DATE
52090	217	171	the morning	TIME
52090	217	640	four, five hours	TIME
52090	217	731	9:00, 10 o'clock	TIME
52090	218	440	four, five-- three, four hours	TIME
52090	218	705	Appell	PLACE
52090	221	20	factory	GEONOUN
52090	223	233	England	PLACE
52090	225	104	October	DATE
52090	225	123	October	DATE
52090	225	145	November	DATE
52090	227	12	January 21	DATE
52090	227	45	foot	GEONOUN
52090	227	71	Gleiwitz	CAMP
52090	227	113	camp	GEONOUN
52090	227	159	camp	GEONOUN
52090	227	223	many days	DATE
52090	227	301	camps	GEONOUN
52090	227	326	Auschwitz	CAMP
52090	227	362	Birkenau	CAMP
52090	227	384	Birkenau	CAMP
52090	227	436	Buna	PLACE
52090	227	767	days	DATE
52090	227	893	A matter of days	DATE
52090	229	26	Gleiwitz	CAMP
52090	229	153	train	GEONOUN
52090	229	414	train	GEONOUN
52090	229	713	room	GEONOUN
52090	229	743	the first two days	DATE
52090	229	774	Czechoslovakia	COUNTRY
52090	229	1004	Czechoslovakia	COUNTRY
52090	229	1024	the first two days	DATE
52090	229	1233	train	GEONOUN
52090	229	1290	bridges	GEONOUN
52090	229	1319	train	GEONOUN
52090	229	1336	train track	GEONOUN
52090	229	1342	track	GEONOUN
52090	229	1364	bridges	GEONOUN
52090	229	1443	the morning	TIME
52090	229	1899	The first two days	DATE
52090	229	1935	room	GEONOUN
52090	229	2028	three, four days	DATE
52090	229	2173	the fifth day	DATE
52090	229	2389	room	GEONOUN
52090	229	2593	the fifth day	DATE
52090	229	2917	the fifth day	DATE
52090	229	3258	that day	DATE
52090	229	3524	another day--	DATE
52090	229	3559	Buchenwald	CAMP
52090	229	3601	train	GEONOUN
52090	229	3661	Buchenwald	CAMP
52090	229	3676	Buchenwald	CAMP
52090	229	3747	Buchenwald	CAMP
52090	229	3798	camp	GEONOUN
52090	229	3820	camp	GEONOUN
52090	229	3861	chimneys	GEONOUN
52090	229	3938	Buchenwald	CAMP
52090	229	4071	Erfurt	CITY
52090	229	4117	Buchenwald	CAMP
52090	229	4209	camp	GEONOUN
52090	229	4223	camps	GEONOUN
52090	229	4293	camp	GEONOUN
52090	229	4376	camp	GEONOUN
52090	229	4550	camp	GEONOUN
52090	229	4584	Poland	COUNTRY
52090	229	4865	block	GEONOUN
52090	229	5351	stone mines	GEONOUN
52090	229	5357	mines	GEONOUN
52090	229	5375	Buchenwald	CAMP
52090	229	5419	a few days	DATE
52090	229	5444	a few days	DATE
52090	229	5456	a few-- few weeks	DATE
52090	229	5531	barracks	GEONOUN
52090	229	5688	Kielce	CITY
52090	229	6151	Germany	COUNTRY
52090	229	6238	four years	DATE
52090	229	6263	Frankfurt	PLACE
52090	229	6277	Germany	COUNTRY
52090	229	6700	buildings	GEONOUN
52090	231	131	America	COUNTRY
52090	231	228	America	COUNTRY
52090	231	451	Palestine	CITY
52090	231	532	America	COUNTRY
52090	231	661	Today	DATE
52090	232	26	camp	GEONOUN
52090	232	629	April 7	DATE
52090	232	647	Buchenwald	CAMP
52090	232	704	four days before	DATE
52090	232	770	Jewish	GEONOUN
52090	232	867	hall	GEONOUN
52090	232	988	camp	GEONOUN
52090	233	155	hole	GEONOUN
52090	233	280	night	TIME
52090	233	321	night	TIME
52090	233	1204	maybe two days	DATE
52090	233	1235	Buchenwald	CAMP
52090	233	1247	two days later	DATE
52090	233	1294	Jewish	GEONOUN
52090	233	1492	hall	GEONOUN
52090	233	1686	Buchenwald--	PLACE
52090	233	1741	train	GEONOUN
52090	233	1764	train	GEONOUN
52090	233	1870	train	GEONOUN
52090	233	1963	the night	TIME
52090	233	2032	train	GEONOUN
52090	233	2161	Buchenwald	CAMP
52090	233	2194	Buchenwald	CAMP
52090	233	2279	Weimar	CITY
52090	233	2290	street	GEONOUN
52090	233	2345	Buchenwald	CAMP
52090	233	2413	a few days	DATE
52090	234	176	train	GEONOUN
52090	234	197	train	GEONOUN
52090	234	389	two weeks	DATE
52090	234	400	three weeks	DATE
52090	234	434	every day	DATE
52090	234	531	fields	GEONOUN
52090	234	581	the morning	TIME
52090	234	702	the morning	TIME
52090	235	68	the morning--	TIME
52090	235	161	all day	DATE
52090	235	206	9 o'clock	TIME
52090	236	1234	spot	GEONOUN
52090	236	1261	spot	GEONOUN
52090	236	1404	two days	DATE
52090	236	1608	the night--	TIME
52090	236	1723	night	TIME
52090	236	1872	Weimar	CITY
52090	236	1880	Jena	CITY
52090	236	1972	country	GEONOUN
52090	238	393	town	GEONOUN
52090	238	562	a day later	DATE
52090	238	673	night	TIME
52090	238	919	Flossenburg	CAMP
52090	238	958	camp	GEONOUN
52090	238	1066	two, three days	DATE
52090	238	1109	Flossenburg--	PLACE
52090	238	1978	wood	GEONOUN
52090	238	2027	Flossenburg	CAMP
52090	238	2247	camp	GEONOUN
52090	238	2258	Kielce	CITY
52090	238	2287	camps	GEONOUN
52090	238	2408	camp	GEONOUN
52090	238	2919	three days	DATE
52090	238	3064	another two days	DATE
52090	238	3205	less than maybe three weeks--	DATE
52090	238	3544	Dachau	CITY
52090	238	3642	Dachau	CITY
52090	238	3759	Dachau--	PLACE
52090	238	3779	Dachau	CITY
52090	238	3845	Dachau--	PLACE
52090	238	3891	camp	GEONOUN
52090	238	3918	camp	GEONOUN
52090	238	3947	Dachau	CITY
52090	238	3972	April	DATE
52090	238	3992	April	DATE
52090	238	4454	Dachau	CITY
52090	238	4904	field hospital	GEONOUN
52090	238	5043	a few days	DATE
52090	238	5090	April 28	DATE
52090	238	5562	fall	GEONOUN
52090	240	16	April 28	DATE
52090	242	393	prison	GEONOUN
52090	242	548	camp	GEONOUN
52090	242	967	four more weeks	DATE
52090	242	984	The next day--	DATE
52090	242	999	the next day	DATE
52090	242	1404	street	GEONOUN
52090	242	1414	Lódz	PLACE
52090	242	1655	fell	GEONOUN
52090	242	2214	four weeks	DATE
52090	243	226	barracks	GEONOUN
52090	243	915	Munich	CITY
52090	245	41	Jewish	GEONOUN
52090	245	153	Jewish	GEONOUN
52090	245	193	Jewish	GEONOUN
52090	245	232	camps	GEONOUN
52090	245	239	Jewish	GEONOUN
52090	246	90	München	PLACE
52090	246	117	camp	GEONOUN
52090	246	128	Dachau	CITY
52090	246	245	camp	GEONOUN
52090	246	345	city	GEONOUN
52090	246	385	camps	GEONOUN
52090	249	106	five years	DATE
52090	249	120	Munich	CITY
52090	249	148	America	COUNTRY
52090	251	13	1945	DATE
52090	251	34	'45	DATE
52090	252	245	Germany	COUNTRY
52090	252	268	Kielce--	PLACE
52090	252	424	Kielce	CITY
52090	252	486	Jewish	GEONOUN
52090	252	579	Jewish	GEONOUN
52090	252	668	nine-year-old	DATE
52090	252	730	retreat	GEONOUN
52090	252	757	Kielce	CITY
52090	252	909	cemetery	GEONOUN
52090	254	70	Kielce	CITY
52090	254	94	Lódz	PLACE
52090	254	111	Lódz	PLACE
52090	254	177	Jewish	GEONOUN
52090	254	636	store	GEONOUN
52090	254	665	store	GEONOUN
52090	254	729	store	GEONOUN
52090	254	834	Lódz	PLACE
52090	254	871	Lódz	PLACE
52090	254	1084	store	GEONOUN
52090	254	1395	all night	TIME
52090	254	1571	Kielce	CITY
52090	254	1583	Munich	CITY
52090	254	1591	Six weeks--	DATE
52090	254	1695	today	DATE
52090	254	1820	Kielce	CITY
52090	254	1843	Kielce	CITY
52090	254	1874	Planty 7	PLACE
52090	254	2259	Sweden	COUNTRY
52090	254	2340	Lódz	PLACE
52090	254	2352	a few days	DATE
52090	254	2373	Lódz	PLACE
52090	254	2431	ghetto	GEONOUN
52090	254	2449	ghetto	GEONOUN
52090	254	2540	Munich	CITY
52090	254	2618	zone	GEONOUN
52090	254	2632	zone	GEONOUN
52090	254	2655	Munich	CITY
52090	255	91	town	GEONOUN
52090	255	225	Dachau	CITY
52090	255	254	Dachau	CITY
52090	255	273	camp	GEONOUN
52090	255	504	Yad Vashem	PLACE
52090	256	23	Germany	COUNTRY
52090	256	180	Poland	COUNTRY
52090	256	210	Poland	COUNTRY
52090	256	221	Germany	COUNTRY
52090	256	615	Germany	COUNTRY
52090	256	627	five years	DATE
52090	256	662	America	COUNTRY
52090	257	691	Munich	CITY
52090	257	909	post	GEONOUN
52090	257	981	apartment	GEONOUN
52090	257	1049	ghetto	GEONOUN
52090	257	1629	Africa	CONTINENT
52090	258	102	Germany	COUNTRY
52090	258	125	Frankfurt	PLACE
52090	258	592	Lufthansa	PLACE
52090	259	19	June, 20-- June--	DATE
52090	259	37	June 2-- '49	DATE
52090	260	10	Buffalo	CITY
52090	260	19	New York	US-STATE
52090	262	232	States	PLACE
52090	262	252	Buffalo	CITY
52090	262	267	nine months	DATE
52090	262	322	city	GEONOUN
52090	262	365	city	GEONOUN
52090	262	579	New York	US-STATE
52090	262	592	New York	US-STATE
52090	262	808	house	GEONOUN
52090	262	827	3 SECONDS	DATE
52090	262	1543	the year	DATE
52090	262	1648	house	GEONOUN
52090	262	1697	estate	GEONOUN
52090	262	1735	park	GEONOUN
52090	262	1753	this World's Fair Park	PLACE
52090	262	1805	1939	DATE
52090	262	1864	1938	DATE
52090	262	1885	Lódz	PLACE
52090	262	1904	that World's Fair	EVENT
52090	262	1925	America	COUNTRY
52090	262	2126	'39	DATE
52090	262	2134	the World's Fair	EVENT
52090	262	2470	America	COUNTRY
52090	262	2534	Lódz	PLACE
52090	262	2568	America	COUNTRY
52090	262	2606	World's Fair	PLACE
52090	262	2630	16	DATE
52090	262	2836	World's Fair	EVENT
52090	262	2882	Poland	COUNTRY
52090	262	2893	Lódz	PLACE
52090	262	3225	house	GEONOUN
52090	262	3532	England	PLACE
52090	262	3553	'67	DATE
52090	262	3694	10 years	DATE
52090	262	4040	those days	DATE
52090	262	4314	the '60s	DATE
52090	262	4366	today	DATE
52090	262	4760	Lódz	PLACE
52090	262	5242	one year	DATE
52090	262	5392	banks	GEONOUN
52090	262	5528	England	PLACE
52090	262	5547	England	PLACE
52090	262	5559	'67	DATE
52090	267	33	opera	GEONOUN
52090	267	43	Munich	CITY
52090	268	19	opera	GEONOUN
52090	270	40	opera	GEONOUN
52090	270	181	the morning	TIME
52090	271	24	Florida	US-STATE
52090	271	117	opera	GEONOUN
52090	271	159	the 7th Avenue--	PLACE
52090	271	196	street	GEONOUN
52090	271	291	building	GEONOUN
52090	271	341	building	GEONOUN
52090	271	464	building	GEONOUN
52090	271	864	Germany	COUNTRY
52090	271	921	Miami	CITY
52090	271	1031	hall	GEONOUN
52090	271	1039	Miami Beach--	PLACE
52090	271	1067	hall	GEONOUN
52090	274	86	Auschwitz	CAMP
52090	274	123	Buna	PLACE
52090	274	137	Birkenau--	PLACE
52090	274	197	seven years old--	DATE
52090	274	220	Norway	COUNTRY
52090	274	531	Holocaust	EVENT
52090	274	606	Auschwitz	CAMP
52090	274	742	Birkenau	CAMP
52090	274	1341	barracks	GEONOUN
52090	274	1650	barracks	GEONOUN
52090	274	2348	Buna	PLACE
52090	274	2542	15, 16-years-old	DATE
52090	275	152	Majdanek	PLACE
52090	275	186	Majdanek	PLACE
52090	275	310	Majdanek	PLACE
52090	275	339	Sobibor	PLACE
52090	275	365	Sobibor	PLACE
52090	277	154	Florida	US-STATE
52090	278	79	Bug	PLACE
52090	278	189	Lódz	PLACE
52090	278	308	Lódz	PLACE
52090	278	333	'38	DATE
52090	278	350	Lódz	PLACE
52090	280	52	Florida	US-STATE
52090	281	88	night	TIME
52090	283	163	Lódz	PLACE
52090	283	181	Chelmno	PLACE
52090	283	407	Buna--	PLACE
52090	283	422	Buna	PLACE
52090	283	491	shelter	GEONOUN
52090	283	612	shelter	GEONOUN
52090	283	747	shelter	GEONOUN
52090	283	776	shelter	GEONOUN
52090	283	799	hole	GEONOUN
52090	283	1425	America	COUNTRY
52090	284	25	Jewish	GEONOUN
52090	284	76	Jewish	GEONOUN
52090	284	444	Jewish state	GEONOUN
52090	284	451	state	GEONOUN
52090	284	461	those days--	DATE
52090	284	895	Jewish	GEONOUN
52090	284	929	Jewish	GEONOUN
52090	284	1191	university	GEONOUN
52090	289	123	1967	DATE
52090	289	138	England	PLACE
52090	289	197	England	PLACE
52090	289	250	Poland	COUNTRY
52090	289	526	The next day	DATE
52090	290	98	Lódz	PLACE
52090	290	116	street	GEONOUN
52090	291	21	today	DATE
