FileID	AnswerID	StartCharPos	Entity	Type
52104	5	21	4/9/27	DATE
52104	7	1	Kraków	CITY
52104	7	9	Poland	COUNTRY
52104	8	38	Poland	COUNTRY
52104	12	28	nine years	DATE
52104	19	42	Nowy Targ	CITY
52104	19	88	every year	DATE
52104	24	8	apartment	GEONOUN
52104	24	23	house	GEONOUN
52104	24	68	museum	GEONOUN
52104	24	135	house	GEONOUN
52104	25	69	Jewish	GEONOUN
52104	32	12	five years old	DATE
52104	32	42	school	GEONOUN
52104	33	28	school	GEONOUN
52104	33	151	school	GEONOUN
52104	33	185	school	GEONOUN
52104	33	312	school	GEONOUN
52104	33	343	school	GEONOUN
52104	33	375	school	GEONOUN
52104	34	49	school	GEONOUN
52104	34	87	four years	DATE
52104	37	105	five years old	DATE
52104	39	39	the Florianska Street	PLACE
52104	40	39	synagogue	GEONOUN
52104	40	66	house	GEONOUN
52104	42	431	Nowy Targ	CITY
52104	42	460	village	GEONOUN
52104	42	480	Nowy Targ	CITY
52104	42	494	village	GEONOUN
52104	42	517	Kowaniec	PLACE
52104	43	19	12	DATE
52104	50	23	school	GEONOUN
52104	50	85	theatre	GEONOUN
52104	50	169	school	GEONOUN
52104	51	36	school	GEONOUN
52104	51	288	school	GEONOUN
52104	51	345	theatre	GEONOUN
52104	54	15	seven	DATE
52104	55	11	Jewish	GEONOUN
52104	57	51	school	GEONOUN
52104	59	13	Rawa Ruska	PLACE
52104	59	378	the United States	COUNTRY
52104	59	559	America	COUNTRY
52104	60	56	farm	GEONOUN
52104	60	88	New York	US-STATE
52104	60	112	Brooklyn	CITY
52104	60	180	farm	GEONOUN
52104	63	53	Kraków	CITY
52104	69	78	school	GEONOUN
52104	69	227	theatre	GEONOUN
52104	73	17	'39	DATE
52104	74	14	'39	DATE
52104	74	21	September	DATE
52104	75	87	Florianska Street	PLACE
52104	75	186	town	GEONOUN
52104	75	308	village	GEONOUN
52104	75	328	Kraków	CITY
52104	76	171	village	GEONOUN
52104	76	186	room	GEONOUN
52104	76	302	room	GEONOUN
52104	76	381	house	GEONOUN
52104	76	427	village	GEONOUN
52104	76	578	ghetto	GEONOUN
52104	76	628	ghetto	GEONOUN
52104	78	56	Jewish	GEONOUN
52104	78	98	Russia	COUNTRY
52104	79	10	end of '39	DATE
52104	79	59	Russia	COUNTRY
52104	79	83	Poland	COUNTRY
52104	79	236	river	GEONOUN
52104	81	47	Kraków	CITY
52104	81	62	house	GEONOUN
52104	82	9	maybe a year	DATE
52104	82	101	farm	GEONOUN
52104	82	198	ghetto	GEONOUN
52104	93	35	Jewish	GEONOUN
52104	93	91	room	GEONOUN
52104	93	200	room	GEONOUN
52104	94	15	Podgórze	PLACE
52104	95	22	Kraków	CITY
52104	96	246	44 years old	DATE
52104	101	5	Jewish	GEONOUN
52104	101	29	Jewish	GEONOUN
52104	102	176	train	GEONOUN
52104	102	189	halls	GEONOUN
52104	103	5	ghetto	GEONOUN
52104	103	20	'41	DATE
52104	103	44	ghetto '40-- '42	GEONOUN
52104	103	51	'40-- '42	DATE
52104	105	17	concentration camp	GEONOUN
52104	106	14	ghetto	GEONOUN
52104	106	26	beginning of '43	DATE
52104	107	10	'	DATE
52104	107	11	43	DATE
52104	107	79	Belzec	CAMP
52104	107	168	Belzec	CAMP
52104	107	204	camps	GEONOUN
52104	107	317	ghetto	GEONOUN
52104	109	105	a week	DATE
52104	112	74	one hour	TIME
52104	112	110	one hour	TIME
52104	114	103	Ukraine	COUNTRY
52104	117	451	one week	DATE
52104	118	41	Belzec	CAMP
52104	119	88	street	GEONOUN
52104	122	403	downstairs	GEONOUN
52104	123	8	ghetto	GEONOUN
52104	123	42	whole year	DATE
52104	123	101	Jerozolimska	PLACE
52104	123	137	cemetery	GEONOUN
52104	123	192	concentration camp	GEONOUN
52104	128	90	ghetto	GEONOUN
52104	130	26	whole year--	DATE
52104	130	45	nine months	DATE
52104	134	309	Appellplatz	PLACE
52104	134	479	attic	GEONOUN
52104	134	541	wood	GEONOUN
52104	134	567	wood	GEONOUN
52104	136	4	'43	DATE
52104	136	457	all night	TIME
52104	136	475	the morning	TIME
52104	136	492	train	GEONOUN
52104	136	514	Skarzysko	PLACE
52104	136	525	Skarzysko	PLACE
52104	136	693	room	GEONOUN
52104	136	1050	maybe one year	DATE
52104	136	2274	factory	GEONOUN
52104	136	2434	wood	GEONOUN
52104	136	3104	factory	GEONOUN
52104	136	3540	camp	GEONOUN
52104	136	3567	Ukraina	PLACE
52104	136	3761	Jewish	GEONOUN
52104	136	3815	Jewish	GEONOUN
52104	136	3966	Jewish	GEONOUN
52104	136	4083	barracks	GEONOUN
52104	140	37	camp	GEONOUN
52104	143	85	room	GEONOUN
52104	143	109	room	GEONOUN
52104	144	64	Skarzysko	PLACE
52104	144	348	Werk A.	PLACE
52104	144	377	Kraków	CITY
52104	146	46	Vineland	CITY
52104	146	136	Kraków	CITY
52104	146	145	barracks	GEONOUN
52104	146	439	Kraków	CITY
52104	148	25	factory	GEONOUN
52104	149	15	night	TIME
52104	149	108	night	TIME
52104	149	254	Appellplatz	PLACE
52104	151	49	hospital	GEONOUN
52104	153	110	12 hours	TIME
52104	153	140	night	TIME
52104	154	1	'43	DATE
52104	154	34	'44	DATE
52104	154	130	factory	GEONOUN
52104	154	141	Czestochowa	PLACE
52104	157	15	Jewish	GEONOUN
52104	157	124	Weihnachten	PLACE
52104	157	411	Jewish	GEONOUN
52104	158	176	hole	GEONOUN
52104	158	279	hole	GEONOUN
52104	158	450	Weihnachten	PLACE
52104	158	483	barracks	GEONOUN
52104	158	625	camp	GEONOUN
52104	158	702	Germany	COUNTRY
52104	158	920	Czestochowa	PLACE
52104	160	1	'44. '45	DATE
52104	162	115	house	GEONOUN
52104	163	74	a week	DATE
52104	164	41	Poland	COUNTRY
52104	168	336	room	GEONOUN
52104	169	4	Kraków	CITY
52104	170	14	Czestochowa	PLACE
52104	170	29	Kraków	CITY
52104	171	18	few months	DATE
52104	172	93	Czestochowa--	PLACE
52104	172	115	Czechoslovakia	COUNTRY
52104	172	406	Czechoslovakia	COUNTRY
52104	173	11	night	TIME
52104	174	29	school	GEONOUN
52104	176	44	Austria	COUNTRY
52104	176	87	Italy	COUNTRY
52104	177	14	Italy	COUNTRY
52104	177	41	Modena	CITY
52104	177	140	camp	GEONOUN
52104	177	261	Italy	COUNTRY
52104	177	353	the New Year Eve	DATE
52104	177	426	house	GEONOUN
52104	177	449	house	GEONOUN
52104	177	518	Jewish	GEONOUN
52104	177	541	houses	GEONOUN
52104	177	680	houses	GEONOUN
52104	177	713	synagogue	GEONOUN
52104	177	747	synagogue	GEONOUN
52104	177	778	Jewish	GEONOUN
52104	177	853	concentration camp	GEONOUN
52104	178	4	Italy	COUNTRY
52104	178	26	Rome	CITY
52104	179	4	Rome	CITY
52104	179	10	one year	DATE
52104	181	113	Rome	CITY
52104	181	132	Napoli	PLACE
52104	181	153	Bari	CITY
52104	181	255	Santa Maria di Leuca	PLACE
52104	181	340	Italy	COUNTRY
52104	181	363	camp	GEONOUN
52104	181	502	Santa Maria di Leuca	PLACE
52104	181	535	houses	GEONOUN
52104	181	586	houses	GEONOUN
52104	182	7	the year	DATE
52104	182	19	Italy	COUNTRY
52104	182	58	Palmach	EVENT
52104	185	62	Italy	COUNTRY
52104	187	4	Cyprus	COUNTRY
52104	188	29	Israel	COUNTRY
52104	189	4	'46	DATE
52104	189	32	'	DATE
52104	189	33	47	DATE
52104	192	14	Palestine	CITY
52104	193	4	Israel	COUNTRY
52104	193	22	10 years	DATE
52104	194	18	Israel	COUNTRY
52104	194	150	school	GEONOUN
52104	194	160	Israel	COUNTRY
52104	194	171	Haifa	CITY
52104	198	46	New York	US-STATE
52104	198	281	Israel	COUNTRY
52104	198	420	Israel	COUNTRY
52104	198	656	Tel Aviv	CITY
52104	198	689	Haifa	CITY
52104	198	711	Tel Aviv	CITY
52104	198	980	Yerushaláyim	PLACE
52104	198	1265	1950--	DATE
52104	198	1318	1950	DATE
52104	198	1327	New Year's Eve	DATE
52104	199	50	12 years old	DATE
52104	200	262	60 years old	DATE
52104	201	268	Russia	COUNTRY
52104	201	475	Sochi	CITY
52104	201	501	Sochi	CITY
52104	201	621	facilities	GEONOUN
52104	201	712	Sochi	CITY
52104	201	749	Sochi	CITY
52104	201	840	Russia	COUNTRY
52104	201	882	Sochi	CITY
52104	201	1033	village	GEONOUN
52104	201	1144	maybe two months	DATE
52104	203	22	'82	DATE
52104	203	58	'75	DATE
52104	205	4	New York	US-STATE
52104	205	44	apartment	GEONOUN
52104	206	4	Vineland	CITY
52104	206	28	Vineland	CITY
52104	209	88	Jewish	GEONOUN
52104	210	206	New York	US-STATE
52104	211	4	New York	US-STATE
52104	211	14	only one year	DATE
52104	211	49	Vineland	CITY
52104	212	27	Israel	COUNTRY
52104	212	69	Vineland	CITY
52104	215	4	Vineland	CITY
52104	218	50	garage	GEONOUN
52104	218	147	garage	GEONOUN
52104	218	178	Jewish	GEONOUN
52104	219	67	school	GEONOUN
52104	219	95	college	GEONOUN
52104	219	126	Israel	COUNTRY
52104	223	118	synagogue	GEONOUN
52104	223	131	Park Avenue	PLACE
52104	223	146	Vineland	CITY
52104	226	50	concentration camp	GEONOUN
52104	226	152	Israel	COUNTRY
52104	226	291	library	GEONOUN
52104	227	60	New York	US-STATE
52104	227	80	school	GEONOUN
52104	241	40	school	GEONOUN
52104	241	143	'38	DATE
52104	241	176	1938	DATE
52104	244	1	1935	DATE
52104	244	20	1939	DATE
52104	245	152	Italy	COUNTRY
52104	245	177	1946	DATE
52104	245	260	Jewish theatre	GEONOUN
52104	245	267	theatre	GEONOUN
52104	247	1	1946	DATE
52104	248	105	concentration camp	GEONOUN
52104	254	122	'40--	DATE
52104	254	136	'45	DATE
52104	255	13	'50	DATE
52104	256	183	Jewish	GEONOUN
52104	256	259	'49	DATE
52104	256	508	Russia	COUNTRY
52104	257	46	'50--	DATE
52104	257	65	the '50s--	DATE
52104	257	143	'50	DATE
52104	257	154	29/7-- 29/7/50	DATE
52104	266	12	ship	GEONOUN
52104	266	20	the United States	COUNTRY
52104	267	1	1958	DATE
52104	269	36	Israel	COUNTRY
52104	271	23	three years--	DATE
52104	271	37	three years--	DATE
52104	271	57	two years	DATE
52104	271	121	Russia	COUNTRY
52104	272	9	1968	DATE
52104	272	21	1968	DATE
52104	273	89	Israel	COUNTRY
52104	274	10	a year [INAUDIBLE]-- over a year	DATE
52104	274	123	concentration camp	GEONOUN
52104	277	67	New York	US-STATE
52104	277	90	'50--	DATE
52104	282	10	Vineland	CITY
52104	283	19	Vineland	CITY
52104	283	45	bar	GEONOUN
52104	285	33	Vineland	CITY
52104	291	15	1969	DATE
52104	303	59	March 16, '69	DATE
52104	306	13	Mount Laurel	CITY
52104	309	37	Australia	COUNTRY
52104	313	88	Kraków	CITY
52104	313	212	Australia	COUNTRY
52104	316	35	three years ago	DATE
52104	316	79	three months	DATE
52104	320	211	museum	GEONOUN
52104	326	6	1929	DATE
52104	326	63	Babel	PLACE
52104	326	106	Babylonia	PLACE
52104	326	133	1931	DATE
52104	327	22	Russia	COUNTRY
52104	327	48	museum	GEONOUN
52104	327	84	Russia	COUNTRY
52104	330	28	New York	US-STATE
52104	330	41	synagogue	GEONOUN
52104	331	64	Poland	COUNTRY
