FileID	AnswerID	StartCharPos	Entity	Type
52110	4	0	November 30, 1923	DATE
52110	4	21	Antwerp	PLACE
52110	4	30	Belgium	COUNTRY
52110	7	18	Suchowola	PLACE
52110	7	29	Grodno	CAMP
52110	7	39	Guberniya	PLACE
52110	7	62	Russia	COUNTRY
52110	7	74	Suchowola	PLACE
52110	7	100	town	GEONOUN
52110	7	114	Bialystok	PLACE
52110	7	146	Poland	COUNTRY
52110	7	167	White Russia	PLACE
52110	7	181	Belarus	COUNTRY
52110	8	23	Russia	COUNTRY
52110	8	33	the early 1890s	DATE
52110	8	109	Palestine	CITY
52110	8	132	Eretz Yisrael	PLACE
52110	8	197	Jerusalem	CITY
52110	8	210	1918	DATE
52110	8	219	1920	DATE
52110	8	278	Antwerp	PLACE
52110	8	287	Belgium	COUNTRY
52110	8	302	1909	DATE
52110	8	310	1910	DATE
52110	9	22	Amsterdam	CITY
52110	9	33	Holland	CITY
52110	10	158	diamond	GEONOUN
52110	10	176	Amsterdam	CITY
52110	10	230	diamond	GEONOUN
52110	10	250	Antwerp	PLACE
52110	10	259	Belgium	COUNTRY
52110	13	34	Lithuania	COUNTRY
52110	13	86	Amsterdam	CITY
52110	13	99	the mid-19th century	DATE
52110	13	159	Amsterdam	CITY
52110	13	174	Lithuania	COUNTRY
52110	13	210	Amsterdam	CITY
52110	14	54	11 and 1/2 years	DATE
52110	14	103	almost six years	DATE
52110	17	9	diamond	GEONOUN
52110	18	44	diamond	GEONOUN
52110	21	8	March 1911	DATE
52110	21	23	Amsterdam	CITY
52110	21	43	the next day	DATE
52110	21	83	Antwerp	PLACE
52110	24	146	Jewish	GEONOUN
52110	24	173	Jewish	GEONOUN
52110	24	221	Jewish	GEONOUN
52110	27	183	depression late '20s	GEONOUN
52110	27	194	late '20s	DATE
52110	27	274	the summer	DATE
52110	27	295	spring	GEONOUN
52110	27	306	Pesach	EVENT
52110	28	18	room	GEONOUN
52110	28	84	room	GEONOUN
52110	29	104	Antwerp	PLACE
52110	29	133	the United States	COUNTRY
52110	30	17	town	GEONOUN
52110	30	43	diamond	GEONOUN
52110	31	98	Jewish	GEONOUN
52110	32	7	Belgium	COUNTRY
52110	32	30	country	GEONOUN
52110	32	75	school	GEONOUN
52110	32	127	Jewish	GEONOUN
52110	33	144	school	GEONOUN
52110	33	163	school	GEONOUN
52110	33	175	six years	DATE
52110	33	221	high school	GEONOUN
52110	33	243	Belgium	COUNTRY
52110	33	255	Antwerp	PLACE
52110	33	267	another six years	DATE
52110	33	304	five years	DATE
52110	33	341	the 10th of May 1940	DATE
52110	34	56	synagogue	GEONOUN
52110	34	153	synagogue	GEONOUN
52110	34	174	the High Holy Days	DATE
52110	34	215	Jewish	GEONOUN
52110	35	68	the Van	PLACE
52110	35	76	den	GEONOUN
52110	35	139	the Second World War	EVENT
52110	35	255	diamond	GEONOUN
52110	36	31	the holidays	DATE
52110	37	33	school	GEONOUN
52110	37	46	day school	GEONOUN
52110	37	129	house	GEONOUN
52110	38	20	Jewish	GEONOUN
52110	38	35	Jewish	GEONOUN
52110	40	145	seashore	GEONOUN
52110	40	162	mountains	GEONOUN
52110	40	226	every Saturday	TIME
52110	40	297	Antwerp	PLACE
52110	40	327	city	GEONOUN
52110	40	404	Brussels	CITY
52110	40	418	capital	GEONOUN
52110	40	429	Belgium	COUNTRY
52110	40	503	Antwerp	PLACE
52110	46	14	Shabbos	DATE
52110	46	68	this day	DATE
52110	46	178	Saturday	DATE
52110	46	246	the afternoon	TIME
52110	46	267	midday	TIME
52110	46	318	midday	TIME
52110	46	537	harbor	GEONOUN
52110	47	56	high school	GEONOUN
52110	48	48	school	GEONOUN
52110	48	257	house	GEONOUN
52110	48	356	Ellis Island	PLACE
52110	48	373	three months	DATE
52110	48	396	indoor	GEONOUN
52110	50	191	11 and 1/2 years	DATE
52110	50	270	two-year	DATE
52110	50	304	high school	GEONOUN
52110	50	514	Germany	COUNTRY
52110	50	602	Palestine	CITY
52110	50	705	Palestine	CITY
52110	50	746	land	GEONOUN
52110	50	772	land	GEONOUN
52110	50	842	those days	DATE
52110	50	858	World War Two	EVENT
52110	50	980	Belgium	COUNTRY
52110	52	119	railroad station	GEONOUN
52110	52	160	train	GEONOUN
52110	52	325	Belgium	COUNTRY
52110	52	475	Belgium	COUNTRY
52110	52	489	Germany	COUNTRY
52110	52	508	10th of May 1940	DATE
52110	52	556	the 12th of May	DATE
52110	52	607	apartment	GEONOUN
52110	55	21	the 10th of May	DATE
52110	55	37	early in the morning	TIME
52110	55	74	windows	GEONOUN
52110	55	141	apartment	GEONOUN
52110	55	184	cathedral	GEONOUN
52110	55	202	harbor	GEONOUN
52110	55	406	school that morning	GEONOUN
52110	55	413	that morning	TIME
52110	55	513	the morning	TIME
52110	55	582	school	GEONOUN
52110	55	612	a few days	DATE
52110	55	701	school	GEONOUN
52110	55	716	corner	GEONOUN
52110	55	879	Jewish	GEONOUN
52110	55	1078	the Second World War	EVENT
52110	55	1122	Antwerp	PLACE
52110	56	99	England	PLACE
52110	56	111	London	CITY
52110	56	145	monthly	DATE
52110	56	156	London	CITY
52110	56	196	diamond	GEONOUN
52110	56	331	Antwerp	PLACE
52110	56	346	that day	DATE
52110	56	358	London	CITY
52110	56	369	England	PLACE
52110	56	397	Ostend	CITY
52110	56	448	harbor	GEONOUN
52110	56	458	the North Sea	PLACE
52110	56	513	boat	GEONOUN
52110	56	537	England	PLACE
52110	56	599	train	GEONOUN
52110	56	608	Ostend	CITY
52110	56	668	London	CITY
52110	56	686	England	PLACE
52110	56	852	France	COUNTRY
52110	56	920	coast	GEONOUN
52110	56	945	Dunkirk	PLACE
52110	56	990	Dunkirk	PLACE
52110	56	1294	Dunkirk	PLACE
52110	56	1447	France	COUNTRY
52110	56	1463	Paris	CITY
52110	56	1481	Rouen	CITY
52110	56	1529	Rouen	CITY
52110	56	1562	train	GEONOUN
52110	56	1571	Paris	CITY
52110	56	1653	diamond	GEONOUN
52110	56	1677	Jewish	GEONOUN
52110	56	1719	Royan	CITY
52110	56	1768	seaside resort	GEONOUN
52110	56	1776	resort	GEONOUN
52110	56	1786	the South of France	PLACE
52110	56	1840	Atlantic	PLACE
52110	56	1857	the Bay of Biscay--	PLACE
52110	56	1922	train	GEONOUN
52110	56	1933	Paris	CITY
52110	56	1960	Cognac	CITY
52110	56	1983	Royan	CITY
52110	56	2148	two years ago	DATE
52110	57	58	Rouen	CITY
52110	57	141	seaside resort	GEONOUN
52110	57	149	resort	GEONOUN
52110	57	162	Royan	CITY
52110	57	212	Brussels	CITY
52110	61	37	16	DATE
52110	63	118	the First World War	EVENT
52110	63	154	Belgium	COUNTRY
52110	63	180	Holland	CITY
52110	63	210	the First World War	EVENT
52110	64	83	school	GEONOUN
52110	64	229	about three weeks	DATE
52110	64	259	high school	GEONOUN
52110	65	118	Belgium	COUNTRY
52110	65	140	Belgium	COUNTRY
52110	65	152	Holland	CITY
52110	65	182	France	COUNTRY
52110	65	321	the Grand Duchy	PLACE
52110	65	340	Luxembourg	COUNTRY
52110	65	422	France	COUNTRY
52110	65	548	England	PLACE
52110	65	646	Lisbon	CITY
52110	65	654	Portugal	COUNTRY
52110	65	738	Portugal	COUNTRY
52110	65	782	train	GEONOUN
52110	65	1062	Royan	CITY
52110	65	1075	Saint-Jean-de-	PLACE
52110	65	1112	Biarritz	CITY
52110	65	1135	seaside resort	GEONOUN
52110	65	1143	resort	GEONOUN
52110	65	1153	France	COUNTRY
52110	65	1165	Saint-Jean-de-	PLACE
52110	65	1224	the Pyrenees Mountains	PLACE
52110	65	1272	Spain	COUNTRY
52110	65	1285	bay	GEONOUN
52110	65	1294	the Gulf of Biscay	PLACE
52110	65	1353	harbor	GEONOUN
52110	65	1375	ship	GEONOUN
52110	65	1412	ship	GEONOUN
52110	65	1577	a day	DATE
52110	65	1618	ship	GEONOUN
52110	65	1660	ship	GEONOUN
52110	65	1668	fall	GEONOUN
52110	65	1728	France	COUNTRY
52110	65	1759	Africa	CONTINENT
52110	65	1796	Africa	CONTINENT
52110	65	1901	those days	DATE
52110	65	1915	France	COUNTRY
52110	65	1970	ship	GEONOUN
52110	65	2539	ship	GEONOUN
52110	65	2858	ship	GEONOUN
52110	65	2899	ship	GEONOUN
52110	65	2974	ship	GEONOUN
52110	65	3062	Spain	COUNTRY
52110	65	3246	ship	GEONOUN
52110	65	3273	Africa	CONTINENT
52110	65	3298	Gulf	PLACE
52110	65	3317	Casablanca	CITY
52110	65	3352	that first day	DATE
52110	65	3406	the Gulf of Biscay	PLACE
52110	65	3561	ocean	GEONOUN
52110	65	3754	ocean	GEONOUN
52110	65	3771	the Atlantic Ocean	PLACE
52110	65	3815	upstairs	GEONOUN
52110	66	27	four days	DATE
52110	66	114	a few days'	DATE
52110	66	216	ship	GEONOUN
52110	66	300	cabin	GEONOUN
52110	67	21	boat	GEONOUN
52110	68	71	Jewish	GEONOUN
52110	69	126	France	COUNTRY
52110	69	162	Bordeaux	CITY
52110	69	185	Biarritz	CITY
52110	69	198	Saint-Jean-de-Luz	PLACE
52110	69	247	Portugal	COUNTRY
52110	69	365	Bordeaux	CITY
52110	69	794	Antwerp	PLACE
52110	69	857	upstairs	GEONOUN
52110	69	937	street	GEONOUN
52110	69	1062	street	GEONOUN
52110	71	61	hotel	GEONOUN
52110	71	70	town	GEONOUN
52110	71	86	the Anfa Hotel	PLACE
52110	71	108	ocean	GEONOUN
52110	71	133	a few years later	DATE
52110	71	299	seaside	GEONOUN
52110	71	337	town	GEONOUN
52110	71	362	hotel	GEONOUN
52110	71	371	town	GEONOUN
52110	71	436	Casablanca	CITY
52110	71	519	Morocco	COUNTRY
52110	71	556	those days	DATE
52110	71	608	France	COUNTRY
52110	71	686	England	PLACE
52110	71	700	South Africa	COUNTRY
52110	71	716	the Belgian Congo	PLACE
52110	72	66	the Belgian Congo	PLACE
52110	72	177	the Belgian Congo	PLACE
52110	72	198	Africa	CONTINENT
52110	72	264	desert	GEONOUN
52110	72	509	the Belgian Congo	PLACE
52110	72	600	South Africa	COUNTRY
52110	72	717	South Africa	COUNTRY
52110	72	936	harbor Jewish	GEONOUN
52110	72	943	Jewish	GEONOUN
52110	72	1062	Mediterranean	PLACE
52110	72	1106	Europe	CONTINENT
52110	72	1114	Italy	COUNTRY
52110	72	1223	Palestine	CITY
52110	72	1302	the United States	COUNTRY
52110	72	1487	the United States	COUNTRY
52110	72	1597	the United States	COUNTRY
52110	72	1718	some 40 years	DATE
52110	72	1781	Poland	COUNTRY
52110	72	1823	Russia	COUNTRY
52110	72	1862	Poland	COUNTRY
52110	72	2275	the Dutch Antilles	PLACE
52110	72	2302	Aruba	COUNTRY
52110	72	2309	Bonaire	PLACE
52110	72	2318	Curacao	COUNTRY
52110	72	2331	Dutch West Indies	PLACE
52110	72	2349	islands	GEONOUN
52110	72	2415	the United States	COUNTRY
52110	72	2437	14 days	DATE
52110	72	2511	New York	US-STATE
52110	72	2541	train	GEONOUN
52110	72	2559	United States	COUNTRY
52110	72	2579	ship	GEONOUN
52110	72	2591	islands	GEONOUN
52110	72	2787	ship	GEONOUN
52110	72	2809	harbor	GEONOUN
52110	72	2819	Casablanca	CITY
52110	72	2944	New York	US-STATE
52110	72	2993	Lisbon	CITY
52110	72	3003	New York	US-STATE
52110	72	3025	passage	GEONOUN
52110	72	3083	cabin	GEONOUN
52110	72	3175	Casablanca	CITY
52110	72	3257	boat	GEONOUN
52110	72	3286	ship	GEONOUN
52110	72	3304	ship	GEONOUN
52110	72	3319	boat	GEONOUN
52110	72	3349	New York	US-STATE
52110	72	3379	Azores	PLACE
52110	73	23	Casablanca	CITY
52110	73	74	diamond	GEONOUN
52110	73	214	England	PLACE
52110	73	231	Belgium	COUNTRY
52110	74	121	boat	GEONOUN
52110	74	193	boat	GEONOUN
52110	74	201	night	TIME
52110	74	259	Greece	COUNTRY
52110	74	407	cabin	GEONOUN
52110	74	570	16 year old	DATE
52110	75	8	two weeks	DATE
52110	75	27	two weeks	DATE
52110	75	77	boat	GEONOUN
52110	77	14	New York Harbor	PLACE
52110	77	31	Governors Island	PLACE
52110	77	163	the Dutch West Indies	PLACE
52110	77	199	entrance	GEONOUN
52110	77	328	the United States	COUNTRY
52110	77	434	Ellis Island	PLACE
52110	78	10	Ellis Island	PLACE
52110	78	55	Netherlands	COUNTRY
52110	78	177	train	GEONOUN
52110	78	186	Canada	COUNTRY
52110	78	197	Montreal	PLACE
52110	78	253	the United States	COUNTRY
52110	78	311	Holland	CITY
52110	78	333	Antwerp	PLACE
52110	78	432	Ellis Island	PLACE
52110	78	471	Ellis Island	PLACE
52110	78	570	three months	DATE
52110	78	679	New York	US-STATE
52110	78	727	New York	US-STATE
52110	78	1011	three months	DATE
52110	78	1027	Ellis Island	PLACE
52110	78	1072	land	GEONOUN
52110	79	24	motel	GEONOUN
52110	79	100	dorms	GEONOUN
52110	79	132	rooms	GEONOUN
52110	79	195	room	GEONOUN
52110	79	252	motel	GEONOUN
52110	79	297	the day	DATE
52110	79	336	room	GEONOUN
52110	79	366	Ellis Island	PLACE
52110	79	419	yard	GEONOUN
52110	79	469	about half an hour	TIME
52110	79	491	an hour	TIME
52110	80	44	Europe	CONTINENT
52110	80	515	the United States	COUNTRY
52110	80	699	Ellis Island	PLACE
52110	80	742	the United States	COUNTRY
52110	81	47	three years	DATE
52110	81	81	high school	GEONOUN
52110	81	481	ship	GEONOUN
52110	81	501	the United States	COUNTRY
52110	81	661	the United States	COUNTRY
52110	81	709	hospital	GEONOUN
52110	81	721	Ellis Island	PLACE
52110	81	824	room	GEONOUN
52110	82	68	room	GEONOUN
52110	82	78	every day	DATE
52110	82	322	one morning	TIME
52110	82	432	room	GEONOUN
52110	82	654	8 o'clock	TIME
52110	82	690	8 o'clock in the morning	TIME
52110	82	1157	this day	DATE
52110	83	222	Ellis Island	PLACE
52110	83	326	a few weeks	DATE
52110	83	391	ship	GEONOUN
52110	84	171	ferry	GEONOUN
52110	84	182	Manhattan	CITY
52110	84	200	Ellis Island	PLACE
52110	84	280	hotel	GEONOUN
52110	84	302	hotel	GEONOUN
52110	84	309	the Whitehall on Broadway	PLACE
52110	84	339	100th Street	PLACE
52110	84	353	West Side of	PLACE
52110	84	366	New York	US-STATE
52110	84	376	Manhattan	CITY
52110	84	425	apartment	GEONOUN
52110	85	49	Fort Washington	CITY
52110	85	65	area	GEONOUN
52110	85	89	Manhattan	CITY
52110	86	53	school	GEONOUN
52110	86	74	school	GEONOUN
52110	86	104	September	DATE
52110	86	117	January	DATE
52110	86	152	high school	GEONOUN
52110	86	199	January	DATE
52110	86	232	November 1940	DATE
52110	86	326	evening	TIME
52110	86	334	school	GEONOUN
52110	86	361	school	GEONOUN
52110	86	377	apartment	GEONOUN
52110	86	397	hotel	GEONOUN
52110	86	491	senior year	DATE
52110	86	521	one year	DATE
52110	88	294	Belgium	COUNTRY
52110	88	308	Germany	COUNTRY
52110	88	320	Belgium	COUNTRY
52110	88	427	raise	GEONOUN
52110	88	472	apartment	GEONOUN
52110	88	593	the United States	COUNTRY
52110	88	632	those days	DATE
52110	88	684	Belgium	COUNTRY
52110	88	713	the United States	COUNTRY
52110	88	748	Japan	COUNTRY
52110	88	768	Germany	COUNTRY
52110	88	847	Lisbon	CITY
52110	88	855	Portugal	COUNTRY
52110	89	20	apartment	GEONOUN
52110	89	33	Antwerp	PLACE
52110	89	70	Jewish	GEONOUN
52110	89	89	A half a year later	DATE
52110	89	129	Antwerp	PLACE
52110	89	198	Brussels	CITY
52110	89	223	Brussels	CITY
52110	89	447	Poland	COUNTRY
52110	89	520	Antwerp	PLACE
52110	89	825	Portugal	COUNTRY
52110	91	385	Holocaust	EVENT
52110	92	296	rough diamond	GEONOUN
52110	92	302	diamond	GEONOUN
52110	92	464	high school	GEONOUN
52110	92	481	January '41	DATE
52110	92	541	school	GEONOUN
52110	92	552	three months	DATE
52110	92	633	New York	US-STATE
52110	92	646	Manhattan	CITY
52110	92	687	night	TIME
52110	92	696	college	GEONOUN
52110	92	728	college	GEONOUN
52110	92	758	night	TIME
52110	93	104	railroad	GEONOUN
52110	93	221	those days	DATE
52110	95	22	almost a year	DATE
52110	95	44	a year	DATE
52110	95	569	a few years	DATE
52110	97	108	synagogue	GEONOUN
52110	97	145	synagogue	GEONOUN
52110	97	232	the early '50s	DATE
52110	97	283	evening	TIME
52110	97	307	monthly	DATE
52110	97	519	the next year	DATE
52110	97	557	New York	US-STATE
52110	97	592	a second	TIME
52110	98	80	Japan	COUNTRY
52110	98	174	Japan	COUNTRY
52110	98	360	'45--	DATE
52110	98	388	1945	DATE
52110	98	394	April, May 19-- May 1945	DATE
52110	98	439	January 1945	DATE
52110	98	457	Antwerp	PLACE
52110	98	706	Belgium	COUNTRY
52110	98	1044	the war years	DATE
52110	100	3	March 1952	DATE
52110	102	91	New York	US-STATE
52110	102	115	Baltimore	CITY
52110	102	199	many, many years later	DATE
52110	102	240	estate	GEONOUN
52110	102	278	estate	GEONOUN
52110	102	295	California	US-STATE
52110	103	97	some years later	DATE
52110	105	0	December 23, 1954	DATE
52110	105	54	1953	DATE
52110	106	21	1958	DATE
52110	106	29	September, September 2, 1958	DATE
52110	107	117	Chicago	CITY
52110	107	126	Illinois	US-STATE
52110	108	100	factory	GEONOUN
52110	108	111	Pennsylvania	US-STATE
52110	108	128	Philadelphia	CITY
52110	108	142	Pennsylvania	US-STATE
52110	108	159	New York	US-STATE
52110	108	226	New York	US-STATE
52110	108	239	Philadelphia	CITY
52110	108	333	New Jersey	US-STATE
52110	108	359	Philadelphia	CITY
52110	108	378	Camden	CITY
52110	108	386	New Jersey	US-STATE
52110	108	533	Philadelphia	CITY
52110	108	558	Philadelphia	CITY
52110	108	582	Philadelphia	CITY
52110	108	613	hospital	GEONOUN
52110	108	625	Philadelphia	CITY
52110	108	970	Chicago	CITY
52110	108	1008	Philadelphia	CITY
52110	108	1024	Chicago	CITY
52110	108	1033	Illinois	US-STATE
52110	108	1056	apartment	GEONOUN
52110	108	1074	town	GEONOUN
52110	108	1092	apartment	GEONOUN
52110	108	1112	Lake Shore Drive	PLACE
52110	109	0	1959	DATE
52110	110	11	about eight, nine years--	DATE
52110	110	37	eight years	DATE
52110	110	93	January '59	DATE
52110	110	132	'67	DATE
52110	110	162	Europe	CONTINENT
52110	110	222	Europe	CONTINENT
52110	110	271	South Africa	COUNTRY
52110	110	288	Johannesburg	CITY
52110	110	336	South Africa	COUNTRY
52110	110	437	estate	GEONOUN
52110	110	463	estate	GEONOUN
52110	110	576	Chicago	CITY
52110	110	791	Miami Beach	CITY
52110	110	804	Florida	US-STATE
52110	110	1111	Miami Beach	CITY
52110	110	1124	Florida	US-STATE
52110	110	1135	1967	DATE
52110	111	15	New York City	CITY
52110	111	169	the '60s	DATE
52110	111	241	Chicago	CITY
52110	111	305	Staten Island	CITY
52110	113	22	'67-- 1967	DATE
52110	114	4	about 32 years	DATE
52110	114	30	1999	DATE
52110	114	92	South Africa	COUNTRY
52110	114	121	Los Angeles	CITY
52110	114	168	18 and 20 years old	DATE
52110	114	636	Los Angeles	CITY
52110	114	700	Los Angeles	CITY
52110	114	802	Washington DC	PLACE
52110	114	891	college	GEONOUN
52110	114	1052	college	GEONOUN
52110	114	1093	California	US-STATE
52110	114	1207	Miami	CITY
52110	114	1233	Miami	CITY
52110	114	1258	1999	DATE
52110	114	1281	Los Angeles	CITY
52110	115	18	Miami-Dade County	PLACE
52110	115	72	department	GEONOUN
52110	116	3	September 1999	DATE
52110	117	54	apartment	GEONOUN
52110	119	606	China	COUNTRY
52110	119	651	China	COUNTRY
52110	119	681	China	COUNTRY
52110	119	714	China	COUNTRY
52110	119	825	the United States	COUNTRY
52110	119	887	China	COUNTRY
52110	119	1049	six years old	DATE
52110	119	1263	China	COUNTRY
52110	120	20	1947	DATE
52110	120	72	New York	US-STATE
52110	120	102	Europe	CONTINENT
52110	120	113	Western Europe	PLACE
52110	120	209	Antwerp	PLACE
52110	120	299	Jewish	GEONOUN
52110	120	351	New York	US-STATE
52110	120	404	Belgium	COUNTRY
52110	120	415	19--	DATE
52110	120	423	2000	DATE
52110	120	510	2000	DATE
52110	121	82	Los Angeles	CITY
52110	122	59	Holocaust	EVENT
52110	122	113	the United States	COUNTRY
52110	122	149	Israel	COUNTRY
52110	122	222	Israel	COUNTRY
52110	126	0	1910	DATE
52110	126	9	Antwerp	PLACE
52110	126	18	Belgium	COUNTRY
52110	127	47	Antwerp	PLACE
52110	127	56	Belgium	COUNTRY
52110	127	67	1910	DATE
52110	127	103	Eretz Israel	PLACE
52110	127	120	Palestine	CITY
52110	127	200	those days	DATE
52110	127	233	Antwerp	PLACE
52110	127	355	Jerusalem	CITY
52110	127	599	those days	DATE
52110	128	30	1920	DATE
52110	128	39	1922	DATE
52110	129	3	Palestine	CITY
52110	130	43	Holocaust	EVENT
52110	130	154	Holocaust	EVENT
52110	130	272	Holocaust	EVENT
52110	132	15	March 1911	DATE
52110	132	63	Amsterdam	CITY
52110	132	131	the next day	DATE
52110	132	204	Antwerp	PLACE
52110	132	224	Antwerp	PLACE
52110	133	0	Belgium	COUNTRY
52110	135	18	Antwerp	PLACE
52110	136	30	Antwerp	PLACE
52110	136	39	Belgium	COUNTRY
52110	137	53	Belgium	COUNTRY
52110	137	95	15	DATE
52110	137	199	France	COUNTRY
52110	137	210	Casablanca	CITY
52110	137	229	France	COUNTRY
52110	138	31	Ellis Island	PLACE
52110	138	69	fall	GEONOUN
52110	138	90	courtyard	GEONOUN
52110	139	216	Montecito	PLACE
52110	139	227	California	US-STATE
52110	139	285	courtyard	GEONOUN
52110	141	34	Montecito	PLACE
52110	141	45	California	US-STATE
52110	143	225	Israel	COUNTRY
52110	145	64	2010	DATE
52110	146	21	apartment	GEONOUN
52110	146	34	Los Angeles--	PLACE
52110	147	28	room	GEONOUN
52110	147	69	house	GEONOUN
52110	147	78	Manhattan Beach	CITY
52110	147	95	California	US-STATE
52110	149	136	room	GEONOUN
52110	149	156	Manhattan Beach	CITY
52110	149	173	California	US-STATE
52110	149	222	17-year-old	DATE
