FileID	AnswerID	StartCharPos	Entity	Type
52912	4	11	November 19, 1927	DATE
52912	5	3	Oradea	CITY
52912	5	11	Transylvania--	PLACE
52912	5	44	Romania	COUNTRY
52912	6	5	Oradea	CITY
52912	6	22	city	GEONOUN
52912	6	71	city	GEONOUN
52912	6	79	the United States--	PLACE
52912	6	216	Jewish	GEONOUN
52912	6	435	three years later	DATE
52912	9	43	area	GEONOUN
52912	9	51	Hungary	COUNTRY
52912	10	32	area	GEONOUN
52912	10	40	Transylvania	PLACE
52912	10	101	city	GEONOUN
52912	13	12	April 2, 1931	DATE
52912	14	58	four or five years old	DATE
52912	15	61	house	GEONOUN
52912	15	170	house	GEONOUN
52912	15	270	Christmas vacation	DATE
52912	15	293	summer vacation	DATE
52912	15	778	years	DATE
52912	17	107	five years old	DATE
52912	22	121	Berlin	CITY
52912	24	70	the United States	COUNTRY
52912	24	227	store	GEONOUN
52912	24	400	eight or nine years old	DATE
52912	24	460	store	GEONOUN
52912	25	41	the '30s	DATE
52912	25	70	'	DATE
52912	25	71	40s	DATE
52912	25	92	Jewish	GEONOUN
52912	25	301	Jewish	GEONOUN
52912	25	339	Jewish	GEONOUN
52912	25	422	the war years	DATE
52912	25	487	Jewish	GEONOUN
52912	25	500	Jewish	GEONOUN
52912	25	606	market	GEONOUN
52912	26	64	Berlin	CITY
52912	27	104	school	GEONOUN
52912	27	157	park	GEONOUN
52912	28	202	room	GEONOUN
52912	28	367	rooms	GEONOUN
52912	28	484	room	GEONOUN
52912	28	588	amenities	GEONOUN
52912	28	618	room	GEONOUN
52912	28	630	basement	GEONOUN
52912	28	754	basement	GEONOUN
52912	29	50	villa	GEONOUN
52912	29	62	house	GEONOUN
52912	29	103	villa	GEONOUN
52912	29	116	garden	GEONOUN
52912	29	189	apartment house	GEONOUN
52912	29	342	basement	GEONOUN
52912	30	28	concentration camp	GEONOUN
52912	31	140	room	GEONOUN
52912	33	148	night	TIME
52912	33	166	the day	DATE
52912	34	495	the winter	DATE
52912	34	590	today	DATE
52912	35	182	America	COUNTRY
52912	35	227	America	COUNTRY
52912	35	291	Europe	CONTINENT
52912	36	331	Germany	COUNTRY
52912	36	442	London	CITY
52912	36	467	London	CITY
52912	36	1354	room	GEONOUN
52912	37	13	the '30s	DATE
52912	37	33	3	DATE
52912	42	10	Friday	DATE
52912	42	17	night	TIME
52912	42	24	Friday	DATE
52912	42	118	synagogue	GEONOUN
52912	42	169	room	GEONOUN
52912	42	289	Friday	DATE
52912	42	296	night	TIME
52912	42	371	Friday	DATE
52912	42	695	Friday	DATE
52912	42	702	night	TIME
52912	43	3	Friday	DATE
52912	43	10	night	TIME
52912	43	321	ground	GEONOUN
52912	43	365	ground	GEONOUN
52912	43	526	Friday	DATE
52912	43	533	night	TIME
52912	43	561	Friday	DATE
52912	43	568	night	TIME
52912	43	667	Friday	DATE
52912	44	77	Sunday	DATE
52912	44	232	1940	DATE
52912	44	276	'40	DATE
52912	44	306	Jewish	GEONOUN
52912	46	148	school	GEONOUN
52912	46	187	the day	DATE
52912	46	222	11 o'clock	TIME
52912	48	49	Saturday	DATE
52912	48	160	Friday	DATE
52912	48	238	Saturday	DATE
52912	48	248	lunchtime	TIME
52912	48	395	Wintertime	DATE
52912	48	459	Saturday	DATE
52912	48	605	the wintertime	DATE
52912	48	624	the summertime	DATE
52912	48	769	the afternoon	TIME
52912	48	841	Saturday	DATE
52912	48	987	Sunday	DATE
52912	48	1053	Sunday	DATE
52912	48	1179	Sundays	DATE
52912	48	1192	Saturday	DATE
52912	49	198	pike	GEONOUN
52912	50	68	house	GEONOUN
52912	50	168	city	GEONOUN
52912	50	324	house	GEONOUN
52912	50	370	bar	GEONOUN
52912	50	405	bar	GEONOUN
52912	50	429	'44	DATE
52912	50	445	bar	GEONOUN
52912	50	460	April	DATE
52912	50	535	Jewish	GEONOUN
52912	50	585	street	GEONOUN
52912	50	626	bar	GEONOUN
52912	50	658	bar	GEONOUN
52912	50	688	synagogue	GEONOUN
52912	50	808	bar	GEONOUN
52912	51	232	about 2 and 1/2	DATE
52912	51	302	store	GEONOUN
52912	51	319	crossing	GEONOUN
52912	52	125	the year	DATE
52912	52	357	factory	GEONOUN
52912	53	162	Jewish	GEONOUN
52912	53	397	today	DATE
52912	54	32	six month	DATE
52912	54	71	city	GEONOUN
52912	54	104	factory	GEONOUN
52912	54	132	factory	GEONOUN
52912	55	475	the next week	DATE
52912	56	85	city	GEONOUN
52912	56	182	Budapest	CITY
52912	56	212	1940	DATE
52912	56	233	Hungary	COUNTRY
52912	56	354	department store	GEONOUN
52912	56	365	store	GEONOUN
52912	58	26	late '30s	DATE
52912	58	39	the '	DATE
52912	58	44	30s	DATE
52912	58	90	Jewish	GEONOUN
52912	58	154	1944	DATE
52912	62	284	Jewish	GEONOUN
52912	62	368	Jewish	GEONOUN
52912	63	28	school	GEONOUN
52912	64	75	Budapest	CITY
52912	64	287	Shoah	EVENT
52912	64	347	Budapest	CITY
52912	64	454	Jewish	GEONOUN
52912	64	614	years	DATE
52912	65	77	Jewish	GEONOUN
52912	65	94	school	GEONOUN
52912	65	117	school	GEONOUN
52912	65	181	city	GEONOUN
52912	65	340	school	GEONOUN
52912	65	374	Jewish	GEONOUN
52912	65	388	school	GEONOUN
52912	65	422	school	GEONOUN
52912	65	483	Jewish school	GEONOUN
52912	65	490	school	GEONOUN
52912	65	538	Jewish	GEONOUN
52912	65	580	school	GEONOUN
52912	65	630	school	GEONOUN
52912	65	753	school	GEONOUN
52912	65	1046	neck	GEONOUN
52912	66	72	Jewish day school	GEONOUN
52912	66	79	day school	GEONOUN
52912	66	110	Romania	COUNTRY
52912	66	136	1940	DATE
52912	66	283	school	GEONOUN
52912	66	359	school	GEONOUN
52912	66	682	Jewish day school	GEONOUN
52912	66	689	day school	GEONOUN
52912	66	969	school	GEONOUN
52912	66	1090	school	GEONOUN
52912	66	1284	today	DATE
52912	66	1595	the afternoon	TIME
52912	68	46	school	GEONOUN
52912	69	134	one year	DATE
52912	69	255	that semester	DATE
52912	69	687	that morning	TIME
52912	69	707	park	GEONOUN
52912	70	30	school	GEONOUN
52912	70	188	school	GEONOUN
52912	70	236	school	GEONOUN
52912	70	293	two hours	TIME
52912	70	333	school	GEONOUN
52912	70	920	Jewish	GEONOUN
52912	70	1067	school	GEONOUN
52912	70	1298	the next half hour	TIME
52912	71	85	a half an hour	TIME
52912	71	155	area	GEONOUN
52912	71	295	Saturday	DATE
52912	71	304	afternoon	TIME
52912	71	401	Saturday	DATE
52912	71	423	the week	DATE
52912	73	8	the summer	DATE
52912	73	41	the summer	DATE
52912	73	181	every summer	DATE
52912	73	211	three weeks	DATE
52912	73	458	the three weeks	DATE
52912	73	533	pool	GEONOUN
52912	73	812	one summer	DATE
52912	73	838	sea	GEONOUN
52912	73	843	the Black Sea	PLACE
52912	73	876	the Black Sea	PLACE
52912	73	975	pool	GEONOUN
52912	73	1144	pool	GEONOUN
52912	73	1152	the summer	DATE
52912	73	1274	the winter	DATE
52912	73	1288	fall	GEONOUN
52912	77	9	three ?] years	DATE
52912	78	24	town	GEONOUN
52912	78	182	town	GEONOUN
52912	78	426	pool	GEONOUN
52912	78	434	the summer	DATE
52912	78	479	the winter	DATE
52912	79	20	school	GEONOUN
52912	79	49	school	GEONOUN
52912	79	90	yard	GEONOUN
52912	79	102	school	GEONOUN
52912	79	260	school	GEONOUN
52912	79	289	school	GEONOUN
52912	79	318	school	GEONOUN
52912	79	336	school	GEONOUN
52912	79	363	synagogue yard	GEONOUN
52912	79	373	yard	GEONOUN
52912	79	448	synagogue	GEONOUN
52912	79	470	synagogue	GEONOUN
52912	79	544	school	GEONOUN
52912	79	573	school	GEONOUN
52912	79	608	school	GEONOUN
52912	79	646	1940	DATE
52912	79	678	school	GEONOUN
52912	79	733	school	GEONOUN
52912	79	771	high school	GEONOUN
52912	79	818	school	GEONOUN
52912	79	860	pass	GEONOUN
52912	79	894	pass	GEONOUN
52912	79	968	pass	GEONOUN
52912	79	1054	school	GEONOUN
52912	79	1124	school	GEONOUN
52912	80	23	Jewish	GEONOUN
52912	80	73	school	GEONOUN
52912	81	115	Jewish	GEONOUN
52912	82	97	the years	DATE
52912	82	187	one night	TIME
52912	82	415	train	GEONOUN
52912	82	507	Jewish	GEONOUN
52912	82	542	Jewish	GEONOUN
52912	82	602	the '30s	DATE
52912	82	854	train	GEONOUN
52912	82	1312	Romania	COUNTRY
52912	82	1325	Hungary	COUNTRY
52912	82	1440	train	GEONOUN
52912	82	1591	Romania	COUNTRY
52912	82	1639	the '30s	DATE
52912	83	50	first day	DATE
52912	83	241	school	GEONOUN
52912	83	285	Jewish day school	GEONOUN
52912	83	292	day school	GEONOUN
52912	83	328	Jewish school	GEONOUN
52912	83	335	school	GEONOUN
52912	83	346	Jewish	GEONOUN
52912	83	454	market	GEONOUN
52912	83	531	street	GEONOUN
52912	83	562	early September	DATE
52912	83	718	so many years later	DATE
52912	84	198	this morning	TIME
52912	85	72	school	GEONOUN
52912	85	128	school	GEONOUN
52912	85	235	school	GEONOUN
52912	85	278	school	GEONOUN
52912	85	474	today	DATE
52912	85	584	Jewish	GEONOUN
52912	85	664	today	DATE
52912	85	750	today	DATE
52912	85	1116	the first day	DATE
52912	85	1219	today	DATE
52912	86	38	March of 1944	DATE
52912	86	80	bar	GEONOUN
52912	86	108	April the 5th	DATE
52912	86	242	the day	DATE
52912	86	337	the week before	DATE
52912	86	919	city	GEONOUN
52912	86	946	the day	DATE
52912	86	993	the day	DATE
52912	86	1060	some days	DATE
52912	88	8	March the 17th--	DATE
52912	88	32	17th	DATE
52912	88	40	19th	DATE
52912	89	0	1944	DATE
52912	89	65	every day	DATE
52912	89	103	almost every day--	DATE
52912	90	325	street	GEONOUN
52912	90	637	South	PLACE
52912	90	729	Europe	CONTINENT
52912	90	756	the United States	COUNTRY
52912	90	980	land	GEONOUN
52912	90	1012	1950	DATE
52912	91	132	sphere	GEONOUN
52912	91	279	bank	GEONOUN
52912	91	361	Jewish	GEONOUN
52912	91	392	the years	DATE
52912	92	202	Jewish	GEONOUN
52912	92	251	the next day	DATE
52912	92	1073	this United States	PLACE
52912	93	58	school	GEONOUN
52912	93	77	the last days	DATE
52912	93	94	school	GEONOUN
52912	93	214	school	GEONOUN
52912	93	657	trees	GEONOUN
52912	93	811	trees	GEONOUN
52912	95	189	street	GEONOUN
52912	95	499	tomorrow	DATE
52912	96	118	camp	GEONOUN
52912	96	174	pass	GEONOUN
52912	97	75	Jewish	GEONOUN
52912	97	93	Slovakia	COUNTRY
52912	97	382	night	TIME
52912	97	481	the morning	TIME
52912	97	564	school	GEONOUN
52912	97	580	only a few days	DATE
52912	97	632	school	GEONOUN
52912	98	448	train	GEONOUN
52912	98	472	train	GEONOUN
52912	98	514	birthplace	GEONOUN
52912	98	598	train	GEONOUN
52912	98	657	city	GEONOUN
52912	98	759	the next day	DATE
52912	98	807	railroad	GEONOUN
52912	98	1053	the United States	COUNTRY
52912	98	1093	the United States	COUNTRY
52912	98	1125	carriage	GEONOUN
52912	98	1161	carriage	GEONOUN
52912	98	1198	morning	TIME
52912	98	1243	carriage	GEONOUN
52912	98	1349	street	GEONOUN
52912	98	1384	carriage	GEONOUN
52912	99	142	Jewish	GEONOUN
52912	99	245	ground	GEONOUN
52912	100	24	fell	GEONOUN
52912	100	38	ghetto	GEONOUN
52912	100	125	ghetto	GEONOUN
52912	100	140	fell	GEONOUN
52912	100	152	ghetto	GEONOUN
52912	100	228	fall	GEONOUN
52912	100	240	ghetto	GEONOUN
52912	100	330	apartment	GEONOUN
52912	100	350	house	GEONOUN
52912	102	331	corner	GEONOUN
52912	103	42	fell	GEONOUN
52912	103	167	ghetto	GEONOUN
52912	105	6	16	DATE
52912	105	16	16	DATE
52912	108	55	factory	GEONOUN
52912	111	246	ghetto	GEONOUN
52912	111	615	the day	DATE
52912	111	663	fell	GEONOUN
52912	111	677	ghetto	GEONOUN
52912	111	841	Jewish	GEONOUN
52912	111	891	apartment	GEONOUN
52912	111	926	room	GEONOUN
52912	112	538	apartment	GEONOUN
52912	112	651	the first day	DATE
52912	113	23	Auschwitz	CAMP
52912	114	57	city	GEONOUN
52912	114	125	every day	DATE
52912	114	193	another day	DATE
52912	114	214	area	GEONOUN
52912	114	290	camp	GEONOUN
52912	114	368	camp	GEONOUN
52912	114	396	the first day	DATE
52912	114	547	that day	DATE
52912	115	15	Auschwitz	CAMP
52912	115	102	train	GEONOUN
52912	115	206	four days	DATE
52912	115	692	ghetto	GEONOUN
52912	115	1026	city	GEONOUN
52912	115	1226	camp	GEONOUN
52912	115	1279	the first day--	DATE
52912	115	1298	many days	DATE
52912	115	1403	23	DATE
52912	115	1407	24	DATE
52912	116	15	ghetto	GEONOUN
52912	116	28	the beginning of June	DATE
52912	116	82	every day	DATE
52912	116	119	the day before	DATE
52912	116	154	the next day	DATE
52912	116	216	ghetto	GEONOUN
52912	116	312	ghetto	GEONOUN
52912	116	412	park	GEONOUN
52912	116	441	railroad	GEONOUN
52912	116	500	ghetto	GEONOUN
52912	117	97	Danube	PLACE
52912	117	549	two-month-old	DATE
52912	118	80	camp	GEONOUN
52912	118	121	Danube	PLACE
52912	120	331	ghetto apartment	GEONOUN
52912	120	338	apartment	GEONOUN
52912	120	673	summertime	DATE
52912	120	781	the first-- the first night	TIME
52912	120	1071	the four days	DATE
52912	120	1267	room	GEONOUN
52912	121	21	the four days	DATE
52912	121	46	Auschwitz	CAMP
52912	122	241	train	GEONOUN
52912	122	332	train	GEONOUN
52912	122	591	train station	GEONOUN
52912	122	608	Auschwitz	CAMP
52912	122	797	Jewish	GEONOUN
52912	123	134	that winter--	DATE
52912	123	178	winter	DATE
52912	123	289	winter	DATE
52912	123	420	that winter	DATE
52912	123	462	winter	DATE
52912	123	545	13	DATE
52912	123	915	ghetto	GEONOUN
52912	123	1645	camp	GEONOUN
52912	123	1975	chamber	GEONOUN
52912	123	2493	the next morning	TIME
52912	123	2543	chamber	GEONOUN
52912	123	2837	windows	GEONOUN
52912	123	3133	Bergen-Belsen	CAMP
52912	124	68	one day	DATE
52912	124	85	the other day	DATE
52912	124	134	the other day	DATE
52912	124	395	block	GEONOUN
52912	124	747	all day long	DATE
52912	127	8	the first four, five days	DATE
52912	127	383	Oradea--	PLACE
52912	127	395	Nagyvárad--	PLACE
52912	127	493	ghetto	GEONOUN
52912	127	749	the last day before the march	DATE
52912	128	245	camp	GEONOUN
52912	128	310	10 days	DATE
52912	129	3	January of '45	DATE
52912	129	125	street	GEONOUN
52912	129	145	road	GEONOUN
52912	129	841	Russia	COUNTRY
52912	129	1143	today	DATE
52912	131	337	late 30s	DATE
52912	131	492	50	DATE
52912	131	831	29	DATE
52912	131	837	30	DATE
52912	131	886	80	DATE
52912	133	11	Auschwitz	CAMP
52912	133	28	the summer--	DATE
52912	133	55	June	DATE
52912	133	61	July	DATE
52912	133	88	August	DATE
52912	134	29	Auschwitz	CAMP
52912	134	48	ghetto	GEONOUN
52912	134	58	Lublin	CITY
52912	134	278	Stutthof	CAMP
52912	134	327	camp	GEONOUN
52912	135	257	Jewish	GEONOUN
52912	135	320	1944	DATE
52912	135	326	summer	DATE
52912	135	381	Romania	COUNTRY
52912	135	434	Romania	COUNTRY
52912	135	481	August	DATE
52912	135	531	camp	GEONOUN
52912	136	601	area	GEONOUN
52912	136	1242	Ulm	CITY
52912	136	1574	Romania	COUNTRY
52912	137	16	factory	GEONOUN
52912	137	127	hole	GEONOUN
52912	137	139	earth	GEONOUN
52912	137	260	fall	GEONOUN
52912	137	393	wood	GEONOUN
52912	137	411	wood	GEONOUN
52912	137	573	Poland	COUNTRY
52912	139	42	forest	GEONOUN
52912	139	81	fields	GEONOUN
52912	139	276	every day	DATE
52912	140	169	camp	GEONOUN
52912	141	52	camp	GEONOUN
52912	141	232	October	DATE
52912	141	241	November	DATE
52912	141	251	December	DATE
52912	141	279	October	DATE
52912	141	288	November	DATE
52912	141	298	December	DATE
52912	141	326	January	DATE
52912	142	84	camp	GEONOUN
52912	142	118	every day--	DATE
52912	142	236	camp	GEONOUN
52912	142	489	kettle	GEONOUN
52912	142	956	87	DATE
52912	143	6	one day	DATE
52912	143	25	today	DATE
52912	143	426	10 days--	DATE
52912	143	472	camp	GEONOUN
52912	143	504	10 days	DATE
52912	143	590	road	GEONOUN
52912	143	647	10 days	DATE
52912	143	818	10 days	DATE
52912	143	866	prison	GEONOUN
52912	143	906	stone	GEONOUN
52912	143	1051	the next morning	TIME
52912	143	1832	yesterday	DATE
52912	143	2228	street	GEONOUN
52912	144	131	the 10 days	DATE
52912	144	202	about 25	DATE
52912	144	256	rough	GEONOUN
52912	144	356	camp	GEONOUN
52912	144	546	the 10 days	DATE
52912	145	46	town	GEONOUN
52912	145	123	town	GEONOUN
52912	145	298	club	GEONOUN
52912	145	597	town	GEONOUN
52912	145	615	town	GEONOUN
52912	145	627	train	GEONOUN
52912	145	645	train	GEONOUN
52912	146	310	rooms	GEONOUN
52912	146	338	room	GEONOUN
52912	146	607	railroad	GEONOUN
52912	147	240	bench	GEONOUN
52912	147	549	city	GEONOUN
52912	147	903	Czechoslovakia	COUNTRY
52912	147	956	Slovakia	COUNTRY
52912	148	103	city	GEONOUN
52912	148	209	ghetto	GEONOUN
52912	148	264	ghetto	GEONOUN
52912	148	322	city	GEONOUN
52912	148	660	house	GEONOUN
52912	148	836	the next day	DATE
52912	148	1198	Jewish	GEONOUN
52912	148	1245	the next day	DATE
52912	148	1546	ghetto everyday	GEONOUN
52912	148	1553	everyday	DATE
52912	148	1686	Romania	COUNTRY
52912	148	1758	Romania	COUNTRY
52912	148	1774	Romania	COUNTRY
52912	148	1993	Romania	COUNTRY
52912	148	2027	1944	DATE
52912	148	2061	city	GEONOUN
52912	148	2205	town	GEONOUN
52912	148	2295	Jewish	GEONOUN
52912	148	2411	Jewish	GEONOUN
52912	148	3033	every day	DATE
52912	148	3458	Jewish	GEONOUN
52912	148	3486	town	GEONOUN
52912	148	3550	the next day	DATE
52912	148	3644	camp	GEONOUN
52912	150	79	the United States	COUNTRY
52912	150	381	camp	GEONOUN
52912	151	109	town	GEONOUN
52912	151	127	town	GEONOUN
52912	151	201	a couple days	DATE
52912	151	226	three days	DATE
52912	151	238	four days--	DATE
52912	151	355	Poland	COUNTRY
52912	151	470	Dublin	CITY
52912	151	510	house	GEONOUN
52912	151	539	Jewish institution	GEONOUN
52912	151	546	institution	GEONOUN
52912	151	602	Jewish	GEONOUN
52912	151	1289	22 years old	DATE
52912	152	238	apartment	GEONOUN
52912	152	263	apartment	GEONOUN
52912	152	319	apartment	GEONOUN
52912	152	476	ghetto	GEONOUN
52912	152	883	apartment	GEONOUN
52912	152	948	area	GEONOUN
52912	152	984	ghetto	GEONOUN
52912	152	1000	apartment	GEONOUN
52912	152	1026	apartment	GEONOUN
52912	152	1317	apartment	GEONOUN
52912	152	1598	room	GEONOUN
52912	153	280	Jewish	GEONOUN
52912	153	902	apartment	GEONOUN
52912	153	1123	room	GEONOUN
52912	153	1153	room	GEONOUN
52912	153	1197	room	GEONOUN
52912	153	1400	a couple hours	TIME
52912	153	1717	library	GEONOUN
52912	153	1745	block	GEONOUN
52912	153	1817	almost every day	DATE
52912	153	1946	ghetto	GEONOUN
52912	153	1959	fell	GEONOUN
52912	153	1971	ghetto	GEONOUN
52912	154	65	that summer	DATE
52912	154	80	'45	DATE
52912	154	122	May of '45	DATE
52912	154	169	Germany	COUNTRY
52912	154	383	Dachau	CITY
52912	154	415	concentration camp	GEONOUN
52912	154	437	Germany	COUNTRY
52912	154	695	Joint	PLACE
52912	154	1107	school	GEONOUN
52912	154	1134	school	GEONOUN
52912	154	1144	'45	DATE
52912	154	1160	'45	DATE
52912	154	1321	high school	GEONOUN
52912	155	473	1941	DATE
52912	155	542	Poland	COUNTRY
52912	155	742	city	GEONOUN
52912	155	800	the First World--	EVENT
52912	155	919	Hungary	COUNTRY
52912	155	1207	the 1940s	DATE
52912	155	1341	Poland	COUNTRY
52912	155	1354	Germany	COUNTRY
52912	157	36	apartment	GEONOUN
52912	157	69	apartment	GEONOUN
52912	157	198	apartment	GEONOUN
52912	157	296	the first year	DATE
52912	157	322	school	GEONOUN
52912	157	334	the second year	DATE
52912	157	370	school	GEONOUN
52912	157	401	the second year	DATE
52912	157	459	A year and a half	DATE
52912	159	16	the night	TIME
52912	159	141	factory	GEONOUN
52912	159	273	locks	GEONOUN
52912	159	350	area	GEONOUN
52912	159	438	factory	GEONOUN
52912	159	472	factory	GEONOUN
52912	159	787	locks	GEONOUN
52912	161	24	Paris	CITY
52912	161	80	camp	GEONOUN
52912	161	109	'45-- '46	DATE
52912	161	138	'46	DATE
52912	161	306	school	GEONOUN
52912	161	1165	Hungary	COUNTRY
52912	161	1336	Budapest	CITY
52912	161	1349	Hungary	COUNTRY
52912	161	1405	city	GEONOUN
52912	161	1458	school	GEONOUN
52912	161	1510	school	GEONOUN
52912	161	1562	two years	DATE
52912	161	1575	Paris	CITY
52912	161	1593	school	GEONOUN
52912	161	1640	school	GEONOUN
52912	161	1677	school	GEONOUN
52912	161	1718	city	GEONOUN
52912	161	1969	wood	GEONOUN
52912	161	1988	wood	GEONOUN
52912	161	2015	concentration camp	GEONOUN
52912	161	2117	one day	DATE
52912	161	2167	school	GEONOUN
52912	161	2662	Palestine	CITY
52912	161	2725	Cyprus	COUNTRY
52912	161	2780	Palestine	CITY
52912	161	2834	the State of Israel	PLACE
52912	161	2942	fell	GEONOUN
52912	161	2992	Palestine	CITY
52912	162	32	apartment	GEONOUN
52912	162	45	Stockholm	CITY
52912	162	56	Sweden	COUNTRY
52912	162	78	apartment	GEONOUN
52912	162	91	Kfar Saba	CITY
52912	162	102	Israel	COUNTRY
52912	163	36	Kfar Saba	CITY
52912	163	72	apartment	GEONOUN
52912	163	119	New York	US-STATE
52912	163	248	New York	US-STATE
52912	163	284	Israel	COUNTRY
52912	163	319	Israel	COUNTRY
52912	163	399	New York	US-STATE
52912	163	423	high school	GEONOUN
52912	163	465	college	GEONOUN
52912	163	481	Israel	COUNTRY
52912	164	34	Bregenz	CITY
52912	164	46	Austria	COUNTRY
52912	164	62	Innsbruck	CITY
52912	164	171	Jewish	GEONOUN
52912	164	335	America	COUNTRY
52912	164	373	America	COUNTRY
52912	164	452	America	COUNTRY
52912	164	732	the year before	DATE
52912	164	916	three months old	DATE
52912	164	997	Bregenz	CITY
52912	164	1008	München--	PLACE
52912	164	1021	Munich	CITY
52912	164	1330	Munich	CITY
52912	164	1340	the United States	COUNTRY
52912	164	1380	Atlantic	PLACE
52912	164	1575	Iceland	COUNTRY
52912	164	1620	three days	DATE
52912	164	1634	Iceland	COUNTRY
52912	164	1678	JFK	PLACE
52912	164	1705	Idlewild	PLACE
52912	164	1734	JFK	PLACE
52912	164	1771	Passaic	CITY
52912	164	1806	Passaic	CITY
52912	164	1836	Passaic	CITY
52912	164	1871	about eight month	DATE
52912	164	1934	Philadelphia	CITY
52912	164	1986	Philadelphia	CITY
52912	166	9	about three years-- three years later	DATE
52912	166	155	store	GEONOUN
52912	166	541	tomorrow	DATE
52912	166	806	today	DATE
52912	166	1460	store	GEONOUN
52912	166	1885	Every week	DATE
52912	166	1956	city	GEONOUN
52912	166	2266	a buying day	DATE
52912	166	2295	a buying day	DATE
52912	166	2309	one day of the week	DATE
52912	166	2353	a week--	DATE
52912	166	2366	a buying day--	DATE
52912	166	2393	Wednesday	DATE
52912	166	2420	Thursday	DATE
52912	166	2821	one week	DATE
52912	166	2867	one week	DATE
52912	166	3102	the week	DATE
52912	166	3277	fall	GEONOUN
52912	168	145	Russia	COUNTRY
52912	168	370	apartment	GEONOUN
52912	174	207	the United States	COUNTRY
52912	177	430	ship	GEONOUN
52912	178	50	Jewish	GEONOUN
52912	178	122	Holocaust	EVENT
52912	178	331	today	DATE
52912	178	358	so many years	DATE
52912	178	382	Holocaust	EVENT
52912	179	44	30 seconds	TIME
52912	184	346	the hours	TIME
52912	185	81	a year	DATE
52912	185	106	Israel	COUNTRY
52912	186	554	Holocaust	EVENT
52912	186	590	country	GEONOUN
52912	186	724	every day	DATE
