FileID	AnswerID	StartCharPos	Entity	Type
52922	0	5	morning	TIME
52922	1	31	Holon	PLACE
52922	1	37	many years	DATE
52922	2	377	years	DATE
52922	2	398	England	PLACE
52922	2	430	England	PLACE
52922	2	502	London	CITY
52922	2	1149	many years ago	DATE
52922	2	1875	ghetto	GEONOUN
52922	2	1925	ghetto	GEONOUN
52922	2	1939	concentration camp	GEONOUN
52922	2	2176	Eretz Israel	PLACE
52922	2	2193	Palestine	CITY
52922	2	2549	Russia	COUNTRY
52922	3	63	concentration camp	GEONOUN
52922	3	177	concentration camp	GEONOUN
52922	3	205	concentration camp	GEONOUN
52922	3	234	prison	GEONOUN
52922	3	251	camp	GEONOUN
52922	3	272	buildings	GEONOUN
52922	3	310	prison	GEONOUN
52922	3	331	building	GEONOUN
52922	3	348	buildings	GEONOUN
52922	3	367	building	GEONOUN
52922	3	499	Lagerstrasse	PLACE
52922	3	539	street	GEONOUN
52922	3	551	street	GEONOUN
52922	3	565	camp	GEONOUN
52922	3	676	4 o'clock in the morning	TIME
52922	4	115	5 for 5 and 1/2	DATE
52922	4	475	concentration camp	GEONOUN
52922	4	616	day	DATE
52922	4	686	farm	GEONOUN
52922	4	1164	Shabbat	DATE
52922	4	1177	Hanukkah	DATE
52922	4	1195	Havdalah	EVENT
52922	4	1344	shed	GEONOUN
52922	4	1457	memorial	GEONOUN
52922	4	1550	plain	GEONOUN
52922	4	1575	shed	GEONOUN
52922	5	294	houses	GEONOUN
52922	5	1044	ghetto	GEONOUN
52922	5	2002	every day	DATE
52922	5	2163	every day	DATE
52922	5	2272	fall	GEONOUN
52922	5	2297	hiding place	GEONOUN
52922	5	2354	One day	DATE
52922	5	2795	Jewish	GEONOUN
52922	7	444	Auschwitz	CAMP
52922	7	774	prison	GEONOUN
52922	7	812	Auschwitz	CAMP
52922	7	1465	two years	DATE
52922	7	1599	passage	GEONOUN
52922	7	1791	Palestine	CITY
52922	10	514	narrow	GEONOUN
52922	12	220	Shoah	EVENT
52922	12	360	Europe	CONTINENT
52922	12	1269	Shoah	EVENT
52922	14	14	the 8th of September 1925	DATE
52922	15	14	Lódz--	PLACE
52922	15	22	Wooge	PLACE
52922	16	73	Hebreish	PLACE
52922	17	448	1911	DATE
52922	17	467	1913	DATE
52922	17	576	reach	GEONOUN
52922	19	154	school	GEONOUN
52922	19	179	school	GEONOUN
52922	19	307	Barbarossa Aktion	PLACE
52922	19	345	White Russia--	PLACE
52922	19	360	Belarus	COUNTRY
52922	21	47	'42	DATE
52922	24	70	Lódz	PLACE
52922	24	146	branch	GEONOUN
52922	24	186	Poland	COUNTRY
52922	24	201	Lódz	PLACE
52922	24	246	Poland	COUNTRY
52922	24	264	parts	GEONOUN
52922	24	273	Poland	COUNTRY
52922	26	4	about the year--	DATE
52922	27	202	branch	GEONOUN
52922	27	297	camp	GEONOUN
52922	27	311	Janowska	PLACE
52922	27	324	Lwów--	PLACE
52922	27	342	camp	GEONOUN
52922	27	378	squat	GEONOUN
52922	27	611	New York	US-STATE
52922	27	620	years ago	DATE
52922	27	1086	Russia	COUNTRY
52922	27	1257	Tehran	CITY
52922	27	1272	Palestine	CITY
52922	27	1287	Tehran	CITY
52922	27	1442	Russia	COUNTRY
52922	27	1460	Uzbekistan	COUNTRY
52922	27	1579	Russia	COUNTRY
52922	27	1617	21	DATE
52922	27	1679	Palestine	CITY
52922	27	1762	ghetto Radom	GEONOUN
52922	27	1769	Radom	CITY
52922	27	1796	20 years	DATE
52922	27	2000	Poland	COUNTRY
52922	28	56	Jewish	GEONOUN
52922	28	102	today	DATE
52922	28	298	Pesach	DATE
52922	28	462	Jewish	GEONOUN
52922	29	28	synagogue	GEONOUN
52922	29	85	Sukkot	DATE
52922	30	178	house	GEONOUN
52922	32	68	Piotrkowska	PLACE
52922	32	87	main street	GEONOUN
52922	32	102	Lódz--	PLACE
52922	32	109	Piotrkowska	PLACE
52922	32	203	street	GEONOUN
52922	33	73	Berlin	CITY
52922	33	80	Jerusalem	CITY
52922	34	90	winter	DATE
52922	39	196	today	DATE
52922	39	225	every week	DATE
52922	39	245	Shabbat	DATE
52922	50	4	school	GEONOUN
52922	51	46	school	GEONOUN
52922	51	66	school	GEONOUN
52922	51	86	Jewish	GEONOUN
52922	51	102	school	GEONOUN
52922	51	240	Tomaszów	PLACE
52922	51	257	Tomaszów	PLACE
52922	51	278	monastery	GEONOUN
52922	51	300	monastery	GEONOUN
52922	51	373	Egypt	COUNTRY
52922	54	11	12	DATE
52922	54	17	11	DATE
52922	56	56	school	GEONOUN
52922	56	102	school	GEONOUN
52922	59	18	school	GEONOUN
52922	59	261	Greece	COUNTRY
52922	63	10	school	GEONOUN
52922	63	43	early '30s	DATE
52922	64	129	buildings	GEONOUN
52922	65	109	school	GEONOUN
52922	66	217	Auschwitz	CAMP
52922	70	10	Lódz	PLACE
52922	70	54	Lódz	PLACE
52922	70	72	September the 8th	DATE
52922	70	128	the beginning of September	DATE
52922	71	24	Warsaw	CITY
52922	72	21	Lódz	PLACE
52922	72	129	ghetto	GEONOUN
52922	72	174	Radom	CITY
52922	73	82	Russia	COUNTRY
52922	73	137	Palestine	CITY
52922	74	192	Lódz	PLACE
52922	74	289	ghetto	GEONOUN
52922	74	312	Radom	CITY
52922	74	331	Radom	CITY
52922	75	65	the 31 of December, 1939	DATE
52922	75	112	train	GEONOUN
52922	75	289	foundry	GEONOUN
52922	75	335	street	GEONOUN
52922	75	398	hut	GEONOUN
52922	76	29	street	GEONOUN
52922	76	56	synagogue	GEONOUN
52922	76	176	synagogue	GEONOUN
52922	80	65	ghetto	GEONOUN
52922	80	85	ghetto	GEONOUN
52922	80	95	Radom	CITY
52922	80	151	ghetto	GEONOUN
52922	80	243	ghetto	GEONOUN
52922	80	288	ghetto	GEONOUN
52922	80	332	ghetto	GEONOUN
52922	80	383	ghetto	GEONOUN
52922	80	409	ghetto	GEONOUN
52922	81	5	April '41	DATE
52922	82	5	April	DATE
52922	82	78	school	GEONOUN
52922	82	89	building	GEONOUN
52922	82	164	rooms	GEONOUN
52922	82	188	ghetto	GEONOUN
52922	86	17	17	DATE
52922	88	69	Radom	CITY
52922	88	145	today	DATE
52922	88	164	21	DATE
52922	88	342	ghetto Radom	GEONOUN
52922	88	349	Radom	CITY
52922	88	371	Hashomer Hatzair	PLACE
52922	88	489	Warsaw	CITY
52922	88	535	the Warsaw Uprising	EVENT
52922	88	733	Warsaw	CITY
52922	89	58	ghetto	GEONOUN
52922	89	90	'41	DATE
52922	89	124	'42	DATE
52922	92	23	train	GEONOUN
52922	92	92	Jewish	GEONOUN
52922	92	181	Mordechai Anielewicz	PLACE
52922	94	4	several days	DATE
52922	95	100	ghetto	GEONOUN
52922	95	126	hole	GEONOUN
52922	95	137	today	DATE
52922	95	156	hole	GEONOUN
52922	95	630	Warsaw	CITY
52922	95	644	ghetto	GEONOUN
52922	96	104	'42	DATE
52922	97	63	Warsaw	CITY
52922	97	93	ghetto	GEONOUN
52922	97	257	train	GEONOUN
52922	97	374	Jewish	GEONOUN
52922	97	408	train	GEONOUN
52922	97	726	train	GEONOUN
52922	97	735	10 hours	TIME
52922	97	764	Praga	PLACE
52922	97	783	Warsaw	CITY
52922	97	801	Praga	PLACE
52922	97	913	10 hours	TIME
52922	99	16	the year	DATE
52922	99	51	'42	DATE
52922	99	107	Umschlagplatz	PLACE
52922	100	5	Treblinka	PLACE
52922	100	22	Belzec	CAMP
52922	101	257	ghetto	GEONOUN
52922	102	26	thatched	GEONOUN
52922	103	81	Jewish	GEONOUN
52922	105	9	train 10 hours later	GEONOUN
52922	105	15	10 hours later	TIME
52922	107	277	ghetto	GEONOUN
52922	108	33	the 5th of August, '42	DATE
52922	109	230	Treblinka	PLACE
52922	109	296	ghetto	GEONOUN
52922	109	324	ghetto	GEONOUN
52922	109	648	room	GEONOUN
52922	109	735	ground	GEONOUN
52922	110	79	days	DATE
52922	110	587	Jewish	GEONOUN
52922	110	636	inner	GEONOUN
52922	110	667	days	DATE
52922	110	771	Germany	COUNTRY
52922	112	155	August the 5th	DATE
52922	112	188	November	DATE
52922	112	198	Beginning of-- 4th	DATE
52922	112	429	Germany	COUNTRY
52922	114	78	street	GEONOUN
52922	115	181	Germany	COUNTRY
52922	117	111	ghetto	GEONOUN
52922	117	375	Warsaw	CITY
52922	117	438	city	GEONOUN
52922	117	448	Berlin	CITY
52922	118	32	cabins	GEONOUN
52922	118	56	cabin	GEONOUN
52922	118	421	Jewish	GEONOUN
52922	118	461	Jewish	GEONOUN
52922	118	489	Jewish	GEONOUN
52922	118	611	foundry	GEONOUN
52922	118	709	Germany	COUNTRY
52922	119	3	Radom	CITY
52922	119	52	Berlin	CITY
52922	119	194	train	GEONOUN
52922	119	287	Alexanderplatz	PLACE
52922	119	310	Alexanderplatz	PLACE
52922	119	340	prison	GEONOUN
52922	120	53	the morning	TIME
52922	120	87	the evening	TIME
52922	120	102	Berlin	CITY
52922	124	45	ghetto	GEONOUN
52922	124	335	roof	GEONOUN
52922	124	546	the night	TIME
52922	125	30	three days	DATE
52922	125	44	Berlin	CITY
52922	126	53	foundry	GEONOUN
52922	126	105	Schwerin	CITY
52922	126	115	Schwerin	CITY
52922	127	0	Schwerin	CITY
52922	127	14	city	GEONOUN
52922	127	30	lakes	GEONOUN
52922	127	80	city	GEONOUN
52922	128	3	Germany	COUNTRY
52922	129	21	Schwerin	CITY
52922	129	44	railway station	GEONOUN
52922	129	52	station	GEONOUN
52922	129	77	city	GEONOUN
52922	129	113	forests	GEONOUN
52922	129	125	lakes	GEONOUN
52922	129	436	lake	GEONOUN
52922	130	487	house	GEONOUN
52922	130	506	6 o'clock in the morning	TIME
52922	130	575	house	GEONOUN
52922	130	586	every day	DATE
52922	130	708	Jewish	GEONOUN
52922	130	871	works	GEONOUN
52922	130	880	Majdanek	PLACE
52922	134	79	14--	DATE
52922	134	87	'94	DATE
52922	141	36	room	GEONOUN
52922	141	65	room	GEONOUN
52922	141	108	roof	GEONOUN
52922	141	169	lake	GEONOUN
52922	141	245	lake	GEONOUN
52922	141	268	lake	GEONOUN
52922	143	73	railway station	GEONOUN
52922	143	81	station	GEONOUN
52922	143	106	hotel	GEONOUN
52922	143	135	chamber	GEONOUN
52922	144	131	18	DATE
52922	145	0	5 and 1/2 months	DATE
52922	145	43	Poland	COUNTRY
52922	147	262	prison	GEONOUN
52922	147	272	Schwerin	CITY
52922	147	294	railway station	GEONOUN
52922	147	302	station	GEONOUN
52922	147	370	prison	GEONOUN
52922	147	389	walls	GEONOUN
52922	148	69	prison	GEONOUN
52922	148	184	Jewish	GEONOUN
52922	148	294	one night	TIME
52922	148	321	prison	GEONOUN
52922	148	342	prison	GEONOUN
52922	148	364	prison	GEONOUN
52922	148	375	Gustrow	PLACE
52922	148	386	Mecklenburg	PLACE
52922	148	412	Schwerin	CITY
52922	148	439	castle	GEONOUN
52922	148	561	the 19th century	DATE
52922	149	85	six [PAUSES FOR 3 SECONDS	DATE
52922	149	141	prison	GEONOUN
52922	150	197	six months-- six weeks	DATE
52922	150	235	Neubrandenburg	CITY
52922	151	0	Neubrandenburg	CITY
52922	151	34	Schwerin	CITY
52922	151	76	area	GEONOUN
52922	151	101	district	GEONOUN
52922	153	18	region	GEONOUN
52922	153	67	Jewish	GEONOUN
52922	153	172	fell	GEONOUN
52922	153	251	Auschwitz	CAMP
52922	153	266	Jewish	GEONOUN
52922	153	319	prison	GEONOUN
52922	153	385	5:00 in the morning	TIME
52922	153	506	Africa	CONTINENT
52922	153	628	restaurant	GEONOUN
52922	153	642	Neubrandenburg	CITY
52922	156	6	a few days	DATE
52922	159	28	Berlin	CITY
52922	159	51	Berlin	CITY
52922	159	78	prison	GEONOUN
52922	159	272	prison	GEONOUN
52922	161	64	Breslau	CAMP
52922	161	73	Wroclaw	CAMP
52922	161	99	Poland	COUNTRY
52922	161	130	city	GEONOUN
52922	161	138	Poland	COUNTRY
52922	161	171	prison	GEONOUN
52922	161	371	Beuthen-- Bytom	PLACE
52922	161	390	Poland	COUNTRY
52922	161	474	Auschwitz	CAMP
52922	162	83	train	GEONOUN
52922	162	104	Auschwitz	CAMP
52922	162	161	cabins	GEONOUN
52922	165	122	Beuthen	PLACE
52922	166	51	Auschwitz	CAMP
52922	166	168	Auschwitz	CAMP
52922	166	228	house	GEONOUN
52922	166	340	Lagerstrasse	PLACE
52922	166	363	Zona	PLACE
52922	166	383	Zona	PLACE
52922	167	21	Auschwitz	CAMP
52922	167	113	Lagerstrasse	PLACE
52922	167	671	Jewish	GEONOUN
52922	167	1048	crown	GEONOUN
52922	169	164	Poland	COUNTRY
52922	169	395	London	CITY
52922	170	105	scar	GEONOUN
52922	170	240	South Africa	COUNTRY
52922	170	302	today	DATE
52922	170	441	Auschwitz	CAMP
52922	171	0	May '43. 25th of May	DATE
52922	178	66	5 o'clock in the morning	TIME
52922	178	98	5 o'clock in the afternoon	TIME
52922	178	208	hours	TIME
52922	178	325	4 o'clock in the morning--	TIME
52922	180	51	12 hours	DATE
52922	187	136	Lagerstrasse	PLACE
52922	187	366	Revier	PLACE
52922	187	374	Revier	PLACE
52922	187	388	hospital	GEONOUN
52922	187	506	hospital	GEONOUN
52922	187	523	Revier	PLACE
52922	188	52	Lagerstrasse	PLACE
52922	189	0	12 hours	TIME
52922	191	207	building	GEONOUN
52922	191	923	crematorium	GEONOUN
52922	192	98	Kanada Kommando	PLACE
52922	192	237	Canada	COUNTRY
52922	192	258	country	GEONOUN
52922	192	397	Kanada	PLACE
52922	192	446	Germany	COUNTRY
52922	195	278	nine months	DATE
52922	195	302	Kanada	PLACE
52922	195	326	Kanada	PLACE
52922	195	440	Revier	PLACE
52922	198	266	daily	DATE
52922	198	388	daily	DATE
52922	198	612	two weeks	DATE
52922	198	755	Jewish	GEONOUN
52922	198	1206	Revier	PLACE
52922	198	1242	Kanada	PLACE
52922	198	1478	labor camp	GEONOUN
52922	198	1690	Kanada	PLACE
52922	199	151	Kanada	PLACE
52922	199	306	Kanada	PLACE
52922	201	10	locks	GEONOUN
52922	201	67	seven years	DATE
52922	201	139	Seven years	DATE
52922	202	46	Ravensbruck	CAMP
52922	202	65	Malchow--	PLACE
52922	203	18	camps	GEONOUN
52922	204	252	Kanada	PLACE
52922	204	282	Ravensbruck	CAMP
52922	204	302	Malchow	CAMP
52922	204	339	camp	GEONOUN
52922	204	365	Kanada	PLACE
52922	204	377	nine months	DATE
52922	205	228	Lódz	PLACE
52922	205	237	Hungary	COUNTRY
52922	205	273	'44	DATE
52922	214	319	Auschwitz	CAMP
52922	214	341	Belgium	COUNTRY
52922	214	382	country	GEONOUN
52922	218	49	Sunday	DATE
52922	218	134	one Sunday	DATE
52922	218	167	Sunday	DATE
52922	218	210	Sunday	DATE
52922	218	469	Saloníki	PLACE
52922	218	532	Auschwitz	CAMP
52922	218	737	theater	GEONOUN
52922	218	792	house	GEONOUN
52922	218	1090	Auschwitz	CAMP
52922	220	315	Auschwitz	CAMP
52922	220	517	Christmas	DATE
52922	220	529	Christmas	DATE
52922	220	770	cinema	GEONOUN
52922	221	44	years	DATE
52922	222	216	Auschwitz	CAMP
52922	223	97	Belgium	COUNTRY
52922	223	280	Poland	COUNTRY
52922	223	355	Palestine	CITY
52922	223	390	Belgium	COUNTRY
52922	224	70	every day	DATE
52922	224	437	camp	GEONOUN
52922	224	474	Buchenwald	CAMP
52922	224	526	Buchenwald	CAMP
52922	224	608	Auschwitz	CAMP
52922	225	79	Kanada	PLACE
52922	225	86	block	GEONOUN
52922	225	141	windows	GEONOUN
52922	225	168	ceiling	GEONOUN
52922	225	249	about 20 to 30 minutes	TIME
52922	225	376	Jewish	GEONOUN
52922	226	38	camp	GEONOUN
52922	226	53	camp	GEONOUN
52922	226	117	camp	GEONOUN
52922	231	234	London	CITY
52922	232	22	Nuremberg	CAMP
52922	232	35	Germany	COUNTRY
52922	237	3	Kanada	PLACE
52922	238	6	the 18th of January, '45	DATE
52922	241	298	Ravensbruck	CAMP
52922	244	188	winter	DATE
52922	244	297	mound	GEONOUN
52922	245	90	a minute	TIME
52922	247	37	Laszlo	PLACE
52922	247	115	the 20th of January	DATE
52922	247	146	Ravensbruck	CAMP
52922	247	202	camp	GEONOUN
52922	249	22	camp	GEONOUN
52922	251	141	camp	GEONOUN
52922	251	209	Malchow	CAMP
52922	251	218	Malchow	CAMP
52922	251	239	camp	GEONOUN
52922	251	288	Kanada	PLACE
52922	251	341	Malchow	CAMP
52922	252	0	A month	DATE
52922	253	4	four months	DATE
52922	253	19	Malchow	CAMP
52922	254	26	Auschwitz	CAMP
52922	257	0	Malchow	CAMP
52922	257	23	camp	GEONOUN
52922	257	33	camp	GEONOUN
52922	257	148	two years ago	DATE
52922	257	263	Malchow	CAMP
52922	257	283	camp	GEONOUN
52922	258	30	Auschwitz	CAMP
52922	258	48	Ravensbruck	CAMP
52922	260	26	Malchow	CAMP
52922	260	214	foot	GEONOUN
52922	260	258	foot	GEONOUN
52922	260	571	camp Malchow	GEONOUN
52922	260	576	Malchow	CAMP
52922	263	7	the end of-- more or less end of January	DATE
52922	263	60	the 2nd of May	DATE
52922	264	4	2nd of May	DATE
52922	264	19	the day	DATE
52922	265	99	May	DATE
52922	265	255	Berlin	CITY
52922	265	473	hill	GEONOUN
52922	265	489	town	GEONOUN
52922	265	497	Germany	COUNTRY
52922	265	633	hill	GEONOUN
52922	265	837	Poland	COUNTRY
52922	265	1058	Palestine	CITY
52922	266	47	Belgium	COUNTRY
52922	266	63	Belgium	COUNTRY
52922	266	166	Jewish	GEONOUN
52922	266	198	rooms	GEONOUN
52922	266	424	Brussels	CITY
52922	266	501	two weeks	DATE
52922	266	589	Israel	COUNTRY
52922	268	0	Two weeks.	DATE
52922	272	191	20 years	DATE
52922	272	213	Radom	CITY
52922	275	33	room	GEONOUN
52922	275	76	Brussels	CITY
52922	277	109	Eretz Israel	PLACE
52922	278	77	country	GEONOUN
52922	278	102	cinema	GEONOUN
52922	279	118	Waterloo	CITY
52922	279	135	Belgium	COUNTRY
52922	279	148	sanatorium	GEONOUN
52922	280	95	sanatorium	GEONOUN
52922	280	114	Belgium	COUNTRY
52922	280	182	sanatorium	GEONOUN
52922	282	105	Vienna	CITY
52922	282	124	Brussels	CITY
52922	282	239	Palestine	CITY
52922	282	264	Palestine	CITY
52922	282	380	Newcastle	CITY
52922	282	463	Eretz Israel	PLACE
52922	282	477	Palestine	CITY
52922	283	15	France	COUNTRY
52922	283	37	Palestine	CITY
52922	283	56	ship	GEONOUN
52922	284	105	the 7th of September--	DATE
52922	285	30	Haifa	CITY
52922	290	0	Beit Alfa	PLACE
52922	291	51	kibbutz Beit Alfa	PLACE
52922	292	42	'45	DATE
52922	292	73	the months--	DATE
52922	292	86	November	DATE
52922	292	98	October	DATE
52922	292	107	November	DATE
52922	293	163	Shoah	EVENT
52922	298	171	the first night	TIME
52922	304	172	school	GEONOUN
52922	304	324	Holon	PLACE
52922	304	333	Bat Yam	CITY
52922	304	408	one-hour	TIME
52922	304	429	one day	DATE
52922	305	19	'46	DATE
52922	307	39	'46	DATE
52922	307	82	47 hours	TIME
52922	307	235	every month	DATE
52922	308	33	the first years	DATE
52922	309	3	Holon	PLACE
52922	310	3	Tel Aviv	CITY
52922	311	117	Holon	PLACE
52922	311	197	4 o'clock	TIME
52922	316	99	New York	US-STATE
52922	316	182	Jewish	GEONOUN
52922	316	283	Tel Aviv	CITY
52922	318	15	a quarter	DATE
52922	318	36	several months	DATE
52922	323	1104	Shoah	EVENT
52922	323	1378	Europe	CONTINENT
52922	323	3759	Shoah	EVENT
52922	323	3913	the United States	COUNTRY
52922	323	3959	Atlanta	CITY
52922	323	3968	Georgia	COUNTRY
52922	323	4022	the '90s	DATE
52922	323	4083	one year	DATE
52922	323	4266	Israel	COUNTRY
52922	323	4694	Israel	COUNTRY
52922	323	4720	Jewish	GEONOUN
52922	323	4910	the age of six	DATE
52922	323	5246	12	DATE
52922	324	68	Bloomington	CITY
52922	324	92	Jewish	GEONOUN
52922	324	164	Holocaust	EVENT
52922	325	7	1979	DATE
52922	326	120	works	GEONOUN
52922	330	0	Israel	COUNTRY
52922	330	46	Israel	COUNTRY
52922	331	41	works	GEONOUN
52922	339	41	bar	GEONOUN
52922	343	282	so many years	DATE
52922	344	89	Auschwitz	CAMP
52922	344	138	camps	GEONOUN
52922	344	301	Auschwitz	CAMP
52922	346	146	Auschwitz	CAMP
52922	346	189	Auschwitz	CAMP
52922	346	217	Auschwitz	CAMP
52922	346	792	Russia	COUNTRY
52922	346	864	Hungary	COUNTRY
52922	346	2004	rock	GEONOUN
52922	350	298	fence	GEONOUN
52922	351	288	Brandenburg	CAMP
52922	351	357	Ravensbruck	CAMP
52922	351	460	Auschwitz	CAMP
52922	351	523	train	GEONOUN
52922	351	565	Jewish	GEONOUN
52922	351	698	Jewish	GEONOUN
52922	351	729	Auschwitz	CAMP
