FileID	AnswerID	StartCharPos	Entity	Type
54373	1	20	Baghdad	CITY
54373	1	63	Baghdad	CITY
54373	1	228	Baghdad	CITY
54373	1	308	Spain	COUNTRY
54373	1	329	Baghdad	CITY
54373	1	632	the age of 120	DATE
54373	1	732	Israel	COUNTRY
54373	1	811	two years ago	DATE
54373	1	1038	Baghdad	CITY
54373	1	1100	area	GEONOUN
54373	1	1112	Bataween	PLACE
54373	1	1175	Jewish ghetto	GEONOUN
54373	1	1182	ghetto	GEONOUN
54373	1	1349	school	GEONOUN
54373	1	1437	Jewish school	GEONOUN
54373	1	1444	school	GEONOUN
54373	1	1602	Jewish	GEONOUN
54373	1	1651	school	GEONOUN
54373	3	35	1939-40	DATE
54373	3	187	school	GEONOUN
54373	3	797	one day	DATE
54373	3	929	the evening	TIME
54373	3	1465	one day	DATE
54373	3	1478	one day	DATE
54373	3	1493	One day	DATE
54373	3	1528	one day	DATE
54373	3	1863	19-- 1940	DATE
54373	3	2048	England	PLACE
54373	3	2096	Europe	CONTINENT
54373	3	2115	Germany	COUNTRY
54373	3	2348	Baghdad	CITY
54373	3	2563	street	GEONOUN
54373	3	2593	the River Rhine	PLACE
54373	3	2684	the River Rhine	PLACE
54373	3	2779	early in the morning	TIME
54373	3	3040	house	GEONOUN
54373	3	3140	A few days later	DATE
54373	4	0	Baghdad	CITY
54373	5	99	a few days later	DATE
54373	5	354	Baghdad	CITY
54373	5	639	about four or five years old--	DATE
54373	5	738	three months	DATE
54373	5	801	Baghdad	CITY
54373	5	865	restaurant	GEONOUN
54373	5	1055	hospital	GEONOUN
54373	5	1071	hospital	GEONOUN
54373	5	1081	Jewish hospital	GEONOUN
54373	5	1088	hospital	GEONOUN
54373	5	1116	Jewish	GEONOUN
54373	6	5	around May	DATE
54373	7	0	Around the end of May	DATE
54373	7	79	Palestine	CITY
54373	7	173	one day	DATE
54373	7	209	Baghdad	CITY
54373	7	359	today	DATE
54373	7	400	today	DATE
54373	7	409	Saturday	DATE
54373	7	436	Jewish	GEONOUN
54373	7	486	Saturday	DATE
54373	7	1063	Jewish house	GEONOUN
54373	7	1070	house	GEONOUN
54373	7	1148	Saudi Arabia	COUNTRY
54373	7	1256	Baghdad	CITY
54373	7	1310	Jewish	GEONOUN
54373	7	1907	the coming few days	DATE
54373	7	2046	three months	DATE
54373	7	2318	one day	DATE
54373	7	2507	Baghdad	CITY
54373	7	2621	lock	GEONOUN
54373	8	30	the end of May	DATE
54373	9	11	June the 1st	DATE
54373	9	298	night	TIME
54373	9	443	street	GEONOUN
54373	9	546	Jewish	GEONOUN
54373	9	577	stone	GEONOUN
54373	9	763	mountains	GEONOUN
54373	9	863	room	GEONOUN
54373	9	1208	Two days--	DATE
54373	9	1219	one day later	DATE
54373	9	1247	another day	DATE
54373	9	1358	city	GEONOUN
54373	9	1411	Palestine	CITY
54373	9	1974	house	GEONOUN
54373	9	2137	fell	GEONOUN
54373	9	2149	ground	GEONOUN
54373	9	2225	Ramadi	CITY
54373	9	2242	city	GEONOUN
54373	9	2252	today	DATE
54373	9	2301	only an hour	TIME
54373	9	2347	division	GEONOUN
54373	9	2424	city	GEONOUN
54373	9	2878	Baghdad	CITY
54373	9	2935	Baghdad	CITY
54373	9	2979	another 24 hours	TIME
54373	9	3254	fence	GEONOUN
54373	9	3329	fence	GEONOUN
54373	9	3519	river	GEONOUN
54373	9	3550	a new year	DATE
54373	9	3612	bridge	GEONOUN
54373	9	3717	river	GEONOUN
54373	9	3732	river	GEONOUN
54373	9	3757	stream	GEONOUN
54373	9	3958	community	GEONOUN
54373	9	3982	a day or two	DATE
54373	9	4081	Baghdad	CITY
54373	9	4122	basement	GEONOUN
54373	9	4153	basement	GEONOUN
54373	9	4719	tip	GEONOUN
54373	9	5030	four or five years old	DATE
54373	9	5217	Habbaniyah	PLACE
54373	9	5229	Habbaniyah	PLACE
54373	9	5375	Habbaniyah	PLACE
54373	9	5487	city	GEONOUN
54373	9	5613	room	GEONOUN
54373	9	5714	airport	GEONOUN
54373	9	6029	Baghdad	CITY
54373	9	6066	Baghdad	CITY
54373	9	6132	area	GEONOUN
54373	9	6138	area	GEONOUN
54373	9	6184	Mosul	CITY
54373	9	6191	Mosul	CITY
54373	9	6213	about six, seven hours	TIME
54373	9	6239	train	GEONOUN
54373	9	6250	Baghdad	CITY
54373	9	6262	Mosul	CITY
54373	9	6293	mountains	GEONOUN
54373	9	6310	mountains	GEONOUN
54373	9	6338	caves	GEONOUN
54373	9	6420	caves	GEONOUN
54373	9	6555	caves	GEONOUN
54373	9	6647	Baghdad	CITY
54373	9	6765	North Africa	PLACE
54373	9	6791	North Africa	PLACE
54373	9	6816	Baghdad	CITY
54373	9	6884	Baghdad	CITY
54373	9	6979	Farhud	PLACE
54373	15	13	The June 1	DATE
54373	15	51	June 2	DATE
54373	15	67	the beginning of June 3	DATE
54373	16	81	houses	GEONOUN
54373	16	360	city	GEONOUN
54373	16	572	houses	GEONOUN
54373	16	831	houses	GEONOUN
54373	16	990	house	GEONOUN
54373	16	1018	house	GEONOUN
54373	18	64	Palestine	CITY
54373	19	4	Jewish community	GEONOUN
54373	19	11	community	GEONOUN
54373	20	48	Baghdad	CITY
54373	20	149	Baghdad	CITY
54373	20	349	Berlin	CITY
54373	21	128	Saudi Arabia	COUNTRY
54373	24	146	Jewish	GEONOUN
54373	24	359	England	PLACE
54373	24	372	England	PLACE
54373	25	12	1940-41	DATE
54373	26	18	England	PLACE
54373	26	125	house	GEONOUN
54373	26	170	house	GEONOUN
54373	26	205	house	GEONOUN
54373	26	294	Baghdad	CITY
54373	26	516	England	PLACE
54373	26	585	England	PLACE
54373	26	652	England	PLACE
54373	28	31	a few years ago	DATE
54373	28	63	his late 90s	DATE
54373	28	99	Jewish community	GEONOUN
54373	28	106	community	GEONOUN
54373	28	119	London	CITY
54373	28	206	division	GEONOUN
54373	28	267	Baghdad	CITY
54373	28	385	Baghdad	CITY
54373	28	462	Ramadi	CITY
54373	29	294	house	GEONOUN
54373	29	330	carriage	GEONOUN
54373	29	369	street	GEONOUN
54373	29	601	house	GEONOUN
54373	29	634	house	GEONOUN
54373	29	714	house	GEONOUN
54373	29	725	house	GEONOUN
54373	29	932	house	GEONOUN
54373	29	1064	house	GEONOUN
54373	29	1353	house	GEONOUN
54373	29	1372	A few months later	DATE
54373	30	198	Baghdad	CITY
54373	30	338	house	GEONOUN
54373	30	401	Jewish	GEONOUN
54373	30	554	town	GEONOUN
54373	30	704	house	GEONOUN
54373	30	850	market	GEONOUN
54373	32	179	Baghdad	CITY
54373	32	224	Jewish community	GEONOUN
54373	32	231	community	GEONOUN
54373	34	25	Jewish community	GEONOUN
54373	34	32	community	GEONOUN
54373	34	139	grave	GEONOUN
54373	34	152	Jewish cemetery	GEONOUN
54373	34	159	cemetery	GEONOUN
54373	34	178	grave	GEONOUN
54373	34	290	Jewish	GEONOUN
54373	34	472	1958	DATE
54373	34	535	Jewish cemetery	GEONOUN
54373	34	542	cemetery	GEONOUN
54373	34	571	1672	DATE
54373	34	632	grave	GEONOUN
54373	34	713	grave	GEONOUN
54373	34	768	grave	GEONOUN
54373	34	834	cemetery	GEONOUN
54373	34	928	grave	GEONOUN
54373	35	0	2,600 years	DATE
54373	36	40	Judah	PLACE
54373	36	49	Jerusalem	CITY
54373	36	93	Babylon	PLACE
54373	36	118	Egypt	COUNTRY
54373	36	132	the Holy Land	PLACE
54373	36	161	Jewish	GEONOUN
54373	36	210	Egypt	COUNTRY
54373	36	243	pass	GEONOUN
54373	36	301	Jerusalem	CITY
54373	36	484	temple	GEONOUN
54373	36	515	temple	GEONOUN
54373	36	544	Jerusalem	CITY
54373	36	557	Babylon	PLACE
54373	36	584	Jerusalem	CITY
54373	36	597	Babylon	PLACE
54373	36	640	Toronto	CITY
54373	36	685	desert	GEONOUN
54373	36	700	today	DATE
54373	36	722	desert	GEONOUN
54373	36	781	sink	GEONOUN
54373	36	919	spot	GEONOUN
54373	36	1063	Babylon	PLACE
54373	36	1079	Baghdad	CITY
54373	36	1091	Babylon	PLACE
54373	36	1103	Babylon	PLACE
54373	36	1266	Jewish	GEONOUN
54373	36	1310	prison	GEONOUN
54373	36	1426	prison	GEONOUN
54373	36	1495	Jewish community	GEONOUN
54373	36	1502	community	GEONOUN
54373	36	1594	the Holy Land	PLACE
54373	36	1712	Babylon	PLACE
54373	36	1732	Babylon	PLACE
54373	36	1796	Babylon	PLACE
54373	36	1854	city	GEONOUN
54373	36	1904	grave	GEONOUN
54373	36	1959	Babylon	PLACE
54373	36	2083	country	GEONOUN
54373	36	2352	synagogue	GEONOUN
54373	36	2414	synagogue	GEONOUN
54373	36	2447	synagogue	GEONOUN
54373	36	2484	Jewish	GEONOUN
54373	36	2574	Jerusalem	CITY
54373	36	2593	grave	GEONOUN
54373	36	2654	synagogue	GEONOUN
54373	36	2685	synagogue	GEONOUN
54373	36	2697	holy place	GEONOUN
54373	36	2744	synagogue	GEONOUN
54373	36	2824	synagogue	GEONOUN
54373	36	2857	holy place	GEONOUN
54373	36	2876	community	GEONOUN
54373	36	2930	synagogue	GEONOUN
54373	36	3001	land	GEONOUN
54373	36	3108	synagogue	GEONOUN
54373	37	1004	Egypt	COUNTRY
54373	37	1893	tomorrow	DATE
54373	37	1960	Jewish	GEONOUN
54373	37	2174	Spain	COUNTRY
54373	38	14	every Friday	DATE
54373	38	353	the age of 16	DATE
54373	40	26	Spain	COUNTRY
54373	41	11	Spain	COUNTRY
54373	42	35	Spain	COUNTRY
54373	42	56	Iraq	COUNTRY
54373	42	97	community	GEONOUN
54373	42	193	Spain	COUNTRY
54373	42	317	the age of 16	DATE
54373	42	356	the age of 26	DATE
54373	42	435	1928	DATE
54373	46	56	Baghdad	CITY
54373	46	67	Spain	COUNTRY
54373	46	162	Spain	COUNTRY
54373	46	199	North Africa	PLACE
54373	46	220	Kabul	CITY
54373	46	268	reach	GEONOUN
54373	46	313	boat	GEONOUN
54373	46	336	Spain	COUNTRY
54373	46	440	sea	GEONOUN
54373	46	454	boat	GEONOUN
54373	46	504	boat	GEONOUN
54373	46	658	market	GEONOUN
54373	46	722	city	GEONOUN
54373	46	770	Jewish	GEONOUN
54373	46	838	sea	GEONOUN
54373	46	907	market	GEONOUN
54373	46	976	Jewish community	GEONOUN
54373	46	983	community	GEONOUN
54373	47	3	Spain	COUNTRY
54373	48	3	Spain	COUNTRY
54373	48	157	Spain	COUNTRY
54373	50	0	A little before 1400	TIME
54373	51	0	A little before 1400	TIME
54373	52	92	Baghdad	CITY
54373	52	103	Spain	COUNTRY
54373	52	138	several years	DATE
54373	52	180	Babylon	PLACE
54373	52	191	Europe	CONTINENT
54373	52	207	Babylon	PLACE
54373	52	218	the Far East	PLACE
54373	52	383	Jewish	GEONOUN
54373	52	468	Europe	CONTINENT
54373	52	531	India	COUNTRY
54373	52	562	Singapore	COUNTRY
54373	52	713	Jewish community	GEONOUN
54373	52	720	community	GEONOUN
54373	52	738	Babylon	PLACE
54373	52	785	area	GEONOUN
54373	52	797	Farhud	PLACE
54373	53	104	land	GEONOUN
54373	53	1865	the Middle East	PLACE
54373	54	24	the year 330 BCE	DATE
54373	55	61	Yemen	COUNTRY
54373	55	73	Yemen	COUNTRY
54373	55	92	road	GEONOUN
54373	55	306	Eretz Yisrael	PLACE
54373	55	339	Jewish	GEONOUN
54373	55	468	Jewish	GEONOUN
54373	55	524	Jewish	GEONOUN
54373	55	556	Jewish	GEONOUN
54373	55	575	community	GEONOUN
54373	55	589	40 days	DATE
54373	55	853	Jewish	GEONOUN
54373	55	890	today	DATE
54373	55	909	today	DATE
54373	55	1392	land	GEONOUN
54373	56	101	community	GEONOUN
54373	56	127	Babylon	PLACE
54373	56	310	community	GEONOUN
54373	56	412	community	GEONOUN
54373	56	498	Babylon	PLACE
54373	56	514	Babylon	PLACE
54373	56	576	Sura	PLACE
54373	56	588	area	GEONOUN
54373	56	602	Babylon	PLACE
54373	56	617	Sura	PLACE
54373	56	694	Fallujah	PLACE
54373	56	706	today	DATE
54373	56	788	river	GEONOUN
54373	56	926	community	GEONOUN
54373	56	958	community	GEONOUN
54373	56	1519	environment	GEONOUN
54373	56	2148	the end of the year	DATE
54373	60	139	community	GEONOUN
54373	60	182	community	GEONOUN
54373	61	6	Babylon	PLACE
54373	61	21	Babylon	PLACE
54373	62	139	institution	GEONOUN
54373	62	167	bank	GEONOUN
54373	62	193	institution	GEONOUN
54373	62	214	400 years	DATE
54373	62	306	institution	GEONOUN
54373	62	443	institution	GEONOUN
54373	62	695	Babylon	PLACE
54373	62	738	the '26 '24	DATE
54373	62	795	England	PLACE
54373	62	852	Babylon	PLACE
54373	62	890	hut	GEONOUN
54373	62	934	hut	GEONOUN
54373	62	1207	stone	GEONOUN
54373	62	1318	hill	GEONOUN
54373	62	1366	hill	GEONOUN
54373	62	1443	stone	GEONOUN
54373	62	1590	stone	GEONOUN
54373	62	1893	institution	GEONOUN
54373	63	148	stone	GEONOUN
54373	63	210	institution	GEONOUN
54373	63	638	Jewish	GEONOUN
54373	63	661	Jewish	GEONOUN
54373	63	904	Persia	PLACE
54373	63	919	Persia	PLACE
54373	63	937	Babylon	PLACE
54373	63	1069	Egypt	COUNTRY
54373	63	1102	North Iraq	PLACE
54373	63	1133	Persia	PLACE
54373	63	1145	Iran	COUNTRY
54373	63	1153	today	DATE
54373	63	1164	Babylon	PLACE
54373	63	1227	land	GEONOUN
54373	63	1253	Persia	PLACE
54373	63	1282	Babylon	PLACE
54373	63	1333	Babylon	PLACE
54373	63	1365	Jewish community	GEONOUN
54373	63	1372	community	GEONOUN
54373	63	1483	Iraq	COUNTRY
54373	63	1500	50 years	DATE
54373	63	1528	Persia	PLACE
54373	63	1555	Babylon	PLACE
54373	63	1880	land	GEONOUN
54373	63	1913	temple	GEONOUN
54373	63	1957	temple	GEONOUN
54373	63	2088	temple	GEONOUN
54373	63	2098	Jerusalem	CITY
54373	63	2236	Babylon	PLACE
54373	63	2432	One day--	DATE
54373	64	12	One day	DATE
54373	64	82	Babylon	PLACE
54373	64	148	Babylon	PLACE
54373	64	194	Mesopotamia	PLACE
54373	64	223	country	GEONOUN
54373	64	263	Mesopotamia	PLACE
54373	64	316	Persia	PLACE
54373	66	54	Pakistan	COUNTRY
54373	66	426	fell	GEONOUN
54373	66	702	Persia	PLACE
54373	66	848	country	GEONOUN
54373	66	1067	Iran	COUNTRY
54373	66	1076	Babylon	PLACE
54373	66	1230	swamp	GEONOUN
54373	66	1248	swamp	GEONOUN
54373	66	1407	Alexandria	CITY
54373	66	1421	Egypt	COUNTRY
54373	66	1471	Greece	COUNTRY
54373	66	1579	Babylon	PLACE
54373	66	1902	Jewish	GEONOUN
54373	66	2484	every Saturday	DATE
54373	66	2629	today	DATE
54373	66	2652	Saturday	DATE
54373	66	2709	country	GEONOUN
54373	66	2806	that time in the year 330 BCE	DATE
54373	66	2904	Jewish	GEONOUN
54373	66	3004	today	DATE
54373	66	3050	a week	DATE
54373	66	3058	a few days	DATE
54373	66	3909	shelter	GEONOUN
54373	70	115	Egypt	COUNTRY
54373	70	594	city	GEONOUN
54373	70	618	country	GEONOUN
54373	70	650	country	GEONOUN
54373	70	736	Today	DATE
54373	73	59	today	DATE
54373	74	150	the Middle East	PLACE
54373	74	196	the Middle East	PLACE
54373	78	26	house	GEONOUN
54373	80	102	a Friday	DATE
54373	80	150	house	GEONOUN
54373	80	228	Jewish	GEONOUN
54373	85	5	the first day of Shavuot	DATE
54373	92	34	school	GEONOUN
54373	92	170	the years	DATE
54373	92	246	400 years	DATE
54373	92	262	Turkey	COUNTRY
54373	94	88	two years later	DATE
54373	94	154	school	GEONOUN
54373	97	37	Baghdad	CITY
54373	97	60	Mosul	CITY
54373	97	86	Basrah	CITY
54373	97	224	1847	DATE
54373	97	271	1867	DATE
54373	97	356	Algiers	CITY
54373	97	416	France	COUNTRY
54373	97	530	Algiers	CITY
54373	98	0	Egypt	COUNTRY
54373	100	177	school	GEONOUN
54373	100	192	1910	DATE
54373	100	222	Jewish	GEONOUN
54373	100	318	1910	DATE
54373	100	356	Baghdad	CITY
54373	100	394	institution	GEONOUN
54373	109	46	Babylon	PLACE
54373	109	189	Jewish	GEONOUN
54373	109	203	Babylon	PLACE
54373	109	221	pass	GEONOUN
54373	109	233	house	GEONOUN
54373	109	258	house	GEONOUN
54373	109	278	stable	GEONOUN
54373	109	352	house	GEONOUN
54373	109	373	shack	GEONOUN
54373	109	398	Jewish	GEONOUN
54373	109	455	architecture	GEONOUN
54373	109	487	shack	GEONOUN
54373	109	523	shack	GEONOUN
54373	109	562	shack	GEONOUN
54373	110	78	Jewish	GEONOUN
54373	110	112	tree	GEONOUN
54373	110	137	tree	GEONOUN
54373	110	166	pit	GEONOUN
54373	110	180	25 years	DATE
54373	110	239	tree	GEONOUN
54373	110	250	seven years	DATE
54373	110	323	tree	GEONOUN
54373	110	399	tree	GEONOUN
54373	110	525	Jewish	GEONOUN
54373	110	619	tree	GEONOUN
54373	110	629	Jewish	GEONOUN
54373	110	685	tree	GEONOUN
54373	110	736	tree	GEONOUN
54373	110	840	earth	GEONOUN
54373	110	995	synagogue	GEONOUN
54373	110	1250	synagogue	GEONOUN
54373	110	1284	community	GEONOUN
54373	110	1381	community	GEONOUN
54373	110	1426	today	DATE
54373	117	274	town	GEONOUN
54373	117	338	Baghdad	CITY
54373	117	360	Baghdad	CITY
54373	117	414	river Tigris	GEONOUN
54373	117	420	Tigris	PLACE
54373	117	453	Tigris	PLACE
54373	117	483	Euphrates	PLACE
54373	117	535	synagogue	GEONOUN
54373	117	575	synagogue	GEONOUN
54373	117	588	Babylon	PLACE
54373	117	639	synagogue	GEONOUN
54373	117	652	Babylon	PLACE
54373	117	665	Jewish synagogue	GEONOUN
54373	117	672	synagogue	GEONOUN
54373	117	712	bricks	GEONOUN
54373	117	728	wood	GEONOUN
54373	117	768	Babylon	PLACE
54373	117	804	synagogue	GEONOUN
54373	117	921	synagogue	GEONOUN
54373	117	1127	ceiling	GEONOUN
54373	117	1317	Baghdad	CITY
54373	117	1369	Baghdad	CITY
54373	117	1454	garden	GEONOUN
54373	117	1477	city	GEONOUN
54373	117	1492	Baghdad	CITY
54373	117	1511	garden city	GEONOUN
54373	117	1518	city	GEONOUN
54373	117	1557	building	GEONOUN
54373	117	1590	area	GEONOUN
54373	117	1719	Fallujah	PLACE
54373	117	1729	Fallujah	PLACE
54373	117	1741	Pumbedita	PLACE
54373	117	1845	Ramadi	CITY
54373	117	1867	Karbala	CITY
54373	117	1894	holy place	GEONOUN
54373	117	1924	Najaf	CITY
54373	118	36	90, 100 years	DATE
54373	118	85	Babylon	PLACE
54373	119	122	desert	GEONOUN
54373	119	139	Jerusalem	CITY
54373	119	198	Jewish state	GEONOUN
54373	119	205	state	GEONOUN
54373	119	214	Jerusalem	CITY
54373	119	258	Jewish state	GEONOUN
54373	119	265	state	GEONOUN
54373	119	297	Jewish state	GEONOUN
54373	119	304	state	GEONOUN
54373	119	404	Jerusalem	CITY
54373	119	577	neck	GEONOUN
54373	119	627	city	GEONOUN
54373	119	720	Babylon	PLACE
54373	119	752	temple	GEONOUN
54373	119	858	Babylon	PLACE
54373	119	1199	Iraq	COUNTRY
54373	119	1710	Iraq	COUNTRY
54373	119	1786	collector	GEONOUN
54373	119	1831	area	GEONOUN
54373	119	1960	about maybe 70 or 80 years	DATE
54373	119	2104	community	GEONOUN
54373	119	2117	community	GEONOUN
54373	119	2311	Jewish	GEONOUN
54373	119	2715	Jewish	GEONOUN
54373	119	2831	palace	GEONOUN
54373	119	3316	One day--	DATE
54373	128	96	church	GEONOUN
54373	128	116	church	GEONOUN
54373	128	434	Iraq	COUNTRY
54373	128	537	school	GEONOUN
54373	128	632	Iraq	COUNTRY
54373	128	703	tomb	GEONOUN
54373	128	788	area	GEONOUN
54373	128	796	Ninawá	PLACE
54373	128	856	Mosul	CITY
54373	128	895	Ninawá	PLACE
54373	129	0	1932	DATE
54373	129	28	'30, '32	DATE
54373	138	26	Jewish	GEONOUN
54373	142	71	concentration camp	GEONOUN
54373	143	79	concentration camp	GEONOUN
54373	143	274	North Africa	PLACE
54373	143	321	India	COUNTRY
54373	143	399	Baghdad	CITY
54373	143	413	Baghdad	CITY
54373	143	440	North Africa	PLACE
54373	143	499	Jewish	GEONOUN
54373	143	520	Poland	COUNTRY
54373	143	566	Jewish community	GEONOUN
54373	143	573	community	GEONOUN
54373	143	611	Pesach	DATE
54373	143	970	Baghdad	CITY
54373	143	984	month	DATE
54373	143	1024	North Africa	PLACE
54373	146	143	street	GEONOUN
54373	146	206	Jewish	GEONOUN
54373	146	247	Jewish	GEONOUN
54373	146	304	Baghdad	CITY
54373	148	40	parts	GEONOUN
54373	148	132	school	GEONOUN
54373	148	475	ground	GEONOUN
54373	148	485	Baghdad	CITY
54373	152	33	1944	DATE
54373	152	51	1948	DATE
54373	153	0	'48	DATE
54373	158	66	Jewish community	GEONOUN
54373	158	73	community	GEONOUN
54373	158	88	1841	DATE
54373	158	106	the Ottoman Empire	PLACE
54373	159	112	'48	DATE
54373	159	238	Babylon	PLACE
54373	160	57	Germany	COUNTRY
54373	160	130	Jewish	GEONOUN
54373	160	199	Jewish	GEONOUN
54373	160	255	street	GEONOUN
54373	160	334	mosque	GEONOUN
54373	160	344	the Friday	DATE
54373	160	406	Jewish	GEONOUN
54373	160	428	Jewish houses	GEONOUN
54373	160	435	houses	GEONOUN
54373	160	472	pass	GEONOUN
54373	162	69	community	GEONOUN
54373	162	300	today	DATE
54373	162	309	Canada	COUNTRY
54373	164	175	the days	DATE
54373	164	187	Farhud	EVENT
54373	164	258	houses	GEONOUN
54373	170	21	the '40s	DATE
54373	170	43	the '45	DATE
54373	170	72	school	GEONOUN
54373	170	95	school	GEONOUN
54373	170	127	school	GEONOUN
54373	170	145	Jewish	GEONOUN
54373	170	190	school	GEONOUN
54373	170	284	Jewish	GEONOUN
54373	170	356	England	PLACE
54373	170	740	pass	GEONOUN
54373	171	26	school	GEONOUN
54373	172	21	school	GEONOUN
54373	172	268	school	GEONOUN
54373	172	310	about 20, 25 minutes	TIME
54373	172	353	school	GEONOUN
54373	172	370	school	GEONOUN
54373	172	475	so many years	DATE
54373	172	545	Jewish institution	GEONOUN
54373	172	552	institution	GEONOUN
54373	172	723	court	GEONOUN
54373	172	996	25 minutes	TIME
54373	174	6	about 12	DATE
54373	175	123	street	GEONOUN
54373	175	142	school	GEONOUN
54373	175	829	recess	GEONOUN
54373	175	1099	bench	GEONOUN
54373	175	1244	that hour	TIME
54373	175	1306	England	PLACE
54373	175	1334	two years	DATE
54373	175	1345	three years	DATE
54373	175	1511	windows	GEONOUN
54373	175	1586	windows	GEONOUN
54373	175	1651	windows	GEONOUN
54373	175	1670	windows	GEONOUN
54373	175	1728	pass	GEONOUN
54373	175	1893	country	GEONOUN
54373	176	8	12-- 12	DATE
54373	177	255	country	GEONOUN
54373	178	797	main street	GEONOUN
54373	178	970	street	GEONOUN
54373	178	1214	pass	GEONOUN
54373	180	21	about three, four years	DATE
54373	180	160	school today	GEONOUN
54373	180	167	today	DATE
54373	180	223	1947, '48	DATE
54373	180	234	'49, '50	DATE
54373	180	359	19-- November 1950	DATE
54373	181	0	1950	DATE
54373	182	96	a few days later	DATE
54373	183	117	Jewish	GEONOUN
54373	183	535	five years	DATE
54373	183	625	one day	DATE
54373	183	664	one day	DATE
54373	183	683	Jewish	GEONOUN
54373	183	766	country	GEONOUN
54373	183	1013	airport	GEONOUN
54373	183	1031	airport	GEONOUN
54373	183	1056	Lebanon	COUNTRY
54373	183	1068	Beirut	CITY
54373	183	1110	Lebanon	COUNTRY
54373	183	1121	Cyprus	COUNTRY
54373	183	1134	Cyprus	COUNTRY
54373	183	1152	Jewish	GEONOUN
54373	183	1227	Baghdad	CITY
54373	183	1317	Baghdad	CITY
54373	183	1377	Cyprus	COUNTRY
54373	183	1712	Israel	COUNTRY
54373	184	0	1955	DATE
54373	185	6	1955	DATE
54373	186	14	Israel	COUNTRY
54373	186	30	Israel	COUNTRY
54373	187	16	Israel	COUNTRY
54373	187	26	1955	DATE
54373	188	8	14 years	DATE
54373	189	38	Jerusalem	CITY
54373	190	107	almost five years	DATE
54373	190	136	Canada	COUNTRY
54373	190	146	1963	DATE
54373	190	165	one year	DATE
54373	190	191	Montreal	PLACE
54373	190	264	Canada	COUNTRY
54373	190	284	Ottawa	CITY
54373	190	340	Canada	COUNTRY
54373	190	347	38 years	DATE
54373	191	0	38 years	DATE
54373	193	13	Montreal	PLACE
54373	194	12	Montreal	PLACE
54373	194	43	Montreal	PLACE
54373	194	107	Ottawa	CITY
54373	194	175	Jewish community	GEONOUN
54373	194	182	community	GEONOUN
54373	194	244	community	GEONOUN
54373	194	311	Montreal	PLACE
54373	194	342	Israel	COUNTRY
54373	194	368	Baghdad	CITY
54373	194	399	synagogue	GEONOUN
54373	194	412	Montreal	PLACE
54373	194	457	synagogue	GEONOUN
54373	194	500	St. Kevin Street	PLACE
54373	194	547	St. Kevin Church	PLACE
54373	194	642	community	GEONOUN
54373	194	869	every day	DATE
54373	194	885	1 o'clock	TIME
54373	194	908	6 o'clock	TIME
54373	197	84	Canada	COUNTRY
54373	197	92	USA	PLACE
54373	197	97	Euro	PLACE
54373	197	176	Canada	COUNTRY
54373	201	13	city	GEONOUN
54373	201	129	Saturday	DATE
54373	201	217	banks	GEONOUN
54373	201	237	Saturday	DATE
54373	201	393	school	GEONOUN
54373	201	482	Jewish	GEONOUN
54373	201	562	Jewish	GEONOUN
54373	201	737	Iraq	COUNTRY
54373	201	817	Iraq	COUNTRY
54373	201	1118	India	COUNTRY
54373	201	1128	Pakistan	COUNTRY
54373	201	1149	gap	GEONOUN
54373	201	1265	Saturday	DATE
54373	201	1285	two years	DATE
54373	201	1402	Jewish school	GEONOUN
54373	201	1409	school	GEONOUN
54373	203	56	country	GEONOUN
54373	204	84	country	GEONOUN
54373	207	55	Iraq	COUNTRY
54373	207	69	Israel	COUNTRY
54373	207	180	country	GEONOUN
54373	208	5	Israel	COUNTRY
54373	210	133	the Middle East	PLACE
54373	210	261	construction	GEONOUN
54373	210	342	Iraq	COUNTRY
54373	210	364	school	GEONOUN
54373	210	402	area	GEONOUN
54373	210	638	institution	GEONOUN
54373	218	39	Jewish community	GEONOUN
54373	218	46	community	GEONOUN
54373	218	191	community	GEONOUN
54373	218	403	Baghdad	CITY
54373	218	414	1914	DATE
54373	218	420	'	DATE
54373	218	421	15	DATE
54373	218	440	'16	DATE
54373	218	468	the First World War	EVENT
54373	218	524	community	GEONOUN
54373	218	567	Jewish	GEONOUN
54373	218	856	many, many years ago	DATE
54373	218	948	Basrah	CITY
54373	218	1036	dome	GEONOUN
54373	218	1048	tomb	GEONOUN
54373	218	1134	the days	DATE
54373	218	1275	entrance	GEONOUN
54373	222	28	Israel	COUNTRY
54373	222	163	the age of 14	DATE
54373	222	181	the age of 14	DATE
54373	222	240	Baghdad	CITY
54373	222	369	Iran	COUNTRY
54373	222	380	Iran	COUNTRY
54373	222	388	India	COUNTRY
54373	222	424	the Far East--	PLACE
54373	222	439	India	COUNTRY
54373	222	446	China	COUNTRY
54373	222	465	15 years	DATE
54373	222	496	Baghdad	CITY
54373	222	668	boat	GEONOUN
54373	222	688	ocean	GEONOUN
54373	222	697	India	COUNTRY
54373	222	788	Baghdad	CITY
54373	222	818	Baghdad	CITY
54373	222	914	orchards	GEONOUN
54373	222	926	Baqubah	CITY
54373	222	986	today	DATE
54373	222	997	orchards	GEONOUN
54373	222	1075	Baghdad	CITY
54373	222	1357	Baghdad	CITY
54373	222	1498	Baghdad	CITY
54373	222	1621	orchards	GEONOUN
54373	223	0	'50-- '50-- '51	DATE
54373	224	75	Israel	COUNTRY
54373	224	158	Canada	COUNTRY
54373	224	300	Canada	COUNTRY
54373	224	376	Baghdad	CITY
54373	224	399	Israel	COUNTRY
54373	224	411	Iraq	COUNTRY
54373	224	860	shelter	GEONOUN
54373	224	1130	Jewish	GEONOUN
54373	224	1321	Israel	COUNTRY
54373	226	241	street	GEONOUN
54373	226	298	Baghdad	CITY
54373	226	531	country	GEONOUN
54373	229	166	school	GEONOUN
54373	229	386	two hours	TIME
54373	229	514	waste	GEONOUN
54373	231	100	Iraq	COUNTRY
54373	231	110	country	GEONOUN
54373	233	128	apartment	GEONOUN
54373	233	141	Ville Saint-Laurent	PLACE
54373	233	441	Baghdad	CITY
54373	233	498	rough	GEONOUN
54373	233	733	Israel	COUNTRY
54373	233	929	Iraq	COUNTRY
54373	233	953	17 years	DATE
54373	233	967	the first 17 years of my	DATE
54373	233	1117	1952	DATE
54373	233	1126	19--	DATE
54373	233	1131	between '50 and '52	DATE
54373	233	1170	Baghdad	CITY
54373	233	1208	community	GEONOUN
54373	233	1530	Jewish school	GEONOUN
54373	233	1537	school	GEONOUN
54373	233	1597	school	GEONOUN
54373	233	1745	school	GEONOUN
54373	233	1773	Jewish	GEONOUN
54373	233	1788	school	GEONOUN
54373	233	1837	Jewish	GEONOUN
54373	233	1896	Jewish	GEONOUN
54373	233	2067	school	GEONOUN
54373	233	2258	10 years	DATE
54373	233	2334	country	GEONOUN
54373	233	2435	Jewish	GEONOUN
54373	233	3078	Iraq	COUNTRY
54373	233	3103	Iraq	COUNTRY
54373	233	3328	school	GEONOUN
54373	233	3352	high school	GEONOUN
54373	233	3391	Canada	COUNTRY
54373	233	3442	country	GEONOUN
54373	233	3469	Israel	COUNTRY
54373	233	3516	Israel	COUNTRY
54373	233	3559	Baghdad	CITY
54373	233	3665	Canada	COUNTRY
54373	233	3827	school	GEONOUN
