FileID	AnswerID	StartCharPos	Entity	Type
55570	0	14	the 24th of September, 1926	DATE
55570	0	69	Lublin	CITY
55570	0	77	Poland	COUNTRY
55570	8	45	three-hour	TIME
55570	9	23	Nova	PLACE
55570	10	51	a Friday	DATE
55570	10	103	synagogue	GEONOUN
55570	11	96	today	DATE
55570	12	61	house	GEONOUN
55570	12	402	Israel	COUNTRY
55570	12	485	roof	GEONOUN
55570	12	494	24 hours	TIME
55570	14	399	6 o'clock	TIME
55570	16	17	store	GEONOUN
55570	19	22	town	GEONOUN
55570	19	46	Lublin	CITY
55570	19	60	Belzyce	PLACE
55570	20	98	1926	DATE
55570	20	111	exactly the year	DATE
55570	20	187	store	GEONOUN
55570	20	219	store	GEONOUN
55570	20	267	Belzyce	PLACE
55570	22	5	Lublin	CITY
55570	22	21	Lublin	CITY
55570	22	375	builder	GEONOUN
55570	22	450	Jewish temple	GEONOUN
55570	22	457	temple	GEONOUN
55570	22	508	temple	GEONOUN
55570	22	562	nine	DATE
55570	22	570	eight	DATE
55570	26	9	synagogue	GEONOUN
55570	27	10	Lublin	CITY
55570	27	60	school	GEONOUN
55570	27	101	school	GEONOUN
55570	27	126	school	GEONOUN
55570	31	46	Israel	COUNTRY
55570	31	89	Israel	COUNTRY
55570	31	109	Israel	COUNTRY
55570	37	348	room	GEONOUN
55570	37	380	rooms	GEONOUN
55570	37	410	room	GEONOUN
55570	37	501	apartment	GEONOUN
55570	37	516	house	GEONOUN
55570	42	70	fall	GEONOUN
55570	42	118	cellar	GEONOUN
55570	42	167	cellar	GEONOUN
55570	42	201	fell	GEONOUN
55570	42	246	house	GEONOUN
55570	42	451	'39	DATE
55570	42	462	13	DATE
55570	42	491	bar	GEONOUN
55570	42	634	bar	GEONOUN
55570	42	775	Lublin	CITY
55570	42	803	the year '40	DATE
55570	42	835	Lublin	CITY
55570	42	863	town	GEONOUN
55570	42	910	Belzyce	PLACE
55570	43	222	today	DATE
55570	43	246	90	DATE
55570	43	300	turning point	GEONOUN
55570	43	344	the [POLISH] Street	PLACE
55570	43	553	the Hitler-Jugend	PLACE
55570	43	922	Jewish	GEONOUN
55570	43	1210	Jewish	GEONOUN
55570	43	1429	turning point	GEONOUN
55570	45	39	Belzyce	PLACE
55570	45	128	Belzyce	PLACE
55570	45	248	town	GEONOUN
55570	45	654	city	GEONOUN
55570	45	676	city	GEONOUN
55570	45	759	a year older	DATE
55570	45	812	a year younger	DATE
55570	45	867	town	GEONOUN
55570	45	931	town	GEONOUN
55570	45	1310	Israel	COUNTRY
55570	45	1379	hospital	GEONOUN
55570	45	2137	synagogue	GEONOUN
55570	45	2159	synagogue	GEONOUN
55570	45	2264	concentration camp	GEONOUN
55570	45	2284	Majdanek	PLACE
55570	45	2324	Majdanek	PLACE
55570	45	2516	concentration camps	GEONOUN
55570	45	2942	spot	GEONOUN
55570	45	2987	town	GEONOUN
55570	45	3072	cemetery	GEONOUN
55570	45	3097	Jewish	GEONOUN
55570	45	3142	the same day	DATE
55570	45	3327	grave	GEONOUN
55570	46	105	Poland	COUNTRY
55570	46	122	1987	DATE
55570	46	298	grave	GEONOUN
55570	46	314	Warsaw	CITY
55570	46	332	Belzyce	PLACE
55570	46	466	1963	DATE
55570	46	505	Poland	COUNTRY
55570	46	546	Poland	COUNTRY
55570	46	1048	Belzyce	PLACE
55570	46	1202	Belzyce	PLACE
55570	46	1327	town	GEONOUN
55570	46	1349	town	GEONOUN
55570	46	1534	grave	GEONOUN
55570	46	1557	grave	GEONOUN
55570	46	1580	ground	GEONOUN
55570	46	1631	reception	GEONOUN
55570	46	1644	'63	DATE
55570	46	1929	'87	DATE
55570	46	1956	Warsaw	CITY
55570	46	1967	'88	DATE
55570	46	1994	Warsaw	CITY
55570	46	2157	Jewish cemetery	GEONOUN
55570	46	2164	cemetery	GEONOUN
55570	46	2233	1988	DATE
55570	46	2295	States	PLACE
55570	46	2354	Warsaw	CITY
55570	46	2362	Poland	COUNTRY
55570	46	2716	States	PLACE
55570	46	2752	Los Angeles	CITY
55570	46	2807	university	GEONOUN
55570	46	2881	Santa Barbara	CITY
55570	46	3053	Warsaw	CITY
55570	46	3108	concentration camp	GEONOUN
55570	46	3186	grave	GEONOUN
55570	46	3230	spot	GEONOUN
55570	46	3390	town hall	GEONOUN
55570	46	3837	picnic ground	GEONOUN
55570	46	3852	picnic ground	GEONOUN
55570	46	3884	trees	GEONOUN
55570	46	3899	trees	GEONOUN
55570	46	3983	1942	DATE
55570	46	4002	'88	DATE
55570	46	4031	trees	GEONOUN
55570	46	4084	Fridays	DATE
55570	46	4188	grave	GEONOUN
55570	46	4722	spot	GEONOUN
55570	46	4804	Warsaw	CITY
55570	46	4922	Jewish cemetery	GEONOUN
55570	46	4929	cemetery	GEONOUN
55570	46	4986	London	CITY
55570	46	5027	London	CITY
55570	46	5042	a week	DATE
55570	46	5087	London	CITY
55570	46	5470	town	GEONOUN
55570	46	5653	a few good months	DATE
55570	46	5719	architects	GEONOUN
55570	46	5740	architects	GEONOUN
55570	46	5778	Warsaw	CITY
55570	46	5785	ghetto	GEONOUN
55570	46	5813	today	DATE
55570	46	5897	trees	GEONOUN
55570	46	5937	trees	GEONOUN
55570	46	5994	trees	GEONOUN
55570	46	6276	tree	GEONOUN
55570	46	6410	trees	GEONOUN
55570	46	6563	Belzyce	PLACE
55570	46	6602	entrance	GEONOUN
55570	46	6621	entrance	GEONOUN
55570	46	6665	Warsaw	CITY
55570	46	7467	town	GEONOUN
55570	46	7515	town	GEONOUN
55570	46	7684	1990	DATE
55570	50	6	1990	DATE
55570	50	107	municipality	GEONOUN
55570	50	329	town	GEONOUN
55570	50	831	five years later	DATE
55570	50	1409	stone	GEONOUN
55570	50	1467	stone	GEONOUN
55570	50	1493	today	DATE
55570	50	1524	October	DATE
55570	50	1578	October	DATE
55570	50	2147	seven	DATE
55570	50	2825	town	GEONOUN
55570	50	2864	school	GEONOUN
55570	50	2885	school	GEONOUN
55570	50	2896	hospital	GEONOUN
55570	51	18	the morning	TIME
55570	51	369	Ukraine	COUNTRY
55570	51	394	Lithuania	COUNTRY
55570	53	183	Majdanek	PLACE
55570	53	233	the morning	TIME
55570	53	287	town	GEONOUN
55570	53	1000	synagogue	GEONOUN
55570	53	1377	grave	GEONOUN
55570	53	1413	grave	GEONOUN
55570	53	1575	ghetto	GEONOUN
55570	53	1615	a few weeks	DATE
55570	56	139	a few weeks	DATE
55570	57	12	October	DATE
55570	57	61	November	DATE
55570	57	78	November	DATE
55570	57	102	Warsaw	CITY
55570	57	126	city	GEONOUN
55570	57	157	'42	DATE
55570	57	171	15	DATE
55570	58	25	Warsaw	CITY
55570	58	180	steps	GEONOUN
55570	60	61	Berlin	CITY
55570	61	3	1926	DATE
55570	66	4	store	GEONOUN
55570	66	15	store	GEONOUN
55570	71	30	Belzyce	PLACE
55570	71	41	1940	DATE
55570	71	49	'41	DATE
55570	71	135	'40	DATE
55570	71	142	middle of '40	DATE
55570	71	172	'41	DATE
55570	71	207	Belzyce	PLACE
55570	71	215	end of '42	DATE
55570	71	250	'43	DATE
55570	71	270	Warsaw	CITY
55570	71	302	Jewish	GEONOUN
55570	71	325	Warsaw	CITY
55570	71	335	'43	DATE
55570	71	367	'44	DATE
55570	72	132	15	DATE
55570	73	46	train	GEONOUN
55570	75	37	train	GEONOUN
55570	75	61	train	GEONOUN
55570	75	90	train	GEONOUN
55570	75	202	Jewish	GEONOUN
55570	75	339	Jewish	GEONOUN
55570	75	489	the age of 90	DATE
55570	78	37	Lublin	CITY
55570	78	127	the first nights	DATE
55570	79	28	Jewish	GEONOUN
55570	79	72	Lublin	CITY
55570	79	299	train	GEONOUN
55570	79	317	ghetto	GEONOUN
55570	79	393	ghetto	GEONOUN
55570	81	205	Warsaw	CITY
55570	81	258	house	GEONOUN
55570	81	267	house	GEONOUN
55570	81	456	Warsaw	CITY
55570	81	561	street	GEONOUN
55570	81	590	street	GEONOUN
55570	81	639	Warsaw	CITY
55570	81	654	every year	DATE
55570	81	668	Warsaw	CITY
55570	81	896	hole	GEONOUN
55570	81	998	city	GEONOUN
55570	81	1012	city	GEONOUN
55570	81	1597	brick	GEONOUN
55570	81	1685	brick	GEONOUN
55570	81	1868	city	GEONOUN
55570	81	2119	Lublin	CITY
55570	81	2214	Jewish	GEONOUN
55570	82	9	reach	GEONOUN
55570	84	327	Warsaw	CITY
55570	84	397	Warsaw	CITY
55570	90	67	Jewish	GEONOUN
55570	94	88	market	GEONOUN
55570	96	203	every day	DATE
55570	96	214	a few hours	TIME
55570	96	262	a few hours	TIME
55570	97	23	town	GEONOUN
55570	98	86	town	GEONOUN
55570	100	17	spot	GEONOUN
55570	100	54	spot	GEONOUN
55570	102	175	the first days	DATE
55570	102	479	city	GEONOUN
55570	102	496	city	GEONOUN
55570	102	591	cellar	GEONOUN
55570	102	1599	four and a half hours	TIME
55570	104	63	street	GEONOUN
55570	117	22	'43	DATE
55570	118	20	the day	DATE
55570	119	204	the Warsaw Uprising	EVENT
55570	119	493	Israel	COUNTRY
55570	119	869	Israel	COUNTRY
55570	119	1418	the morning	TIME
55570	119	1544	A few years ago	DATE
55570	119	1679	every two years	DATE
55570	119	1709	range	GEONOUN
55570	119	1770	range	GEONOUN
55570	120	28	the Armia Krajowa	PLACE
55570	120	240	street	GEONOUN
55570	120	266	street	GEONOUN
55570	120	522	tram	GEONOUN
55570	120	899	Jewish	GEONOUN
55570	120	992	Jewish	GEONOUN
55570	120	1356	Jewish	GEONOUN
55570	120	1377	Jewish	GEONOUN
55570	122	830	the morning	TIME
55570	125	219	Ukraine	COUNTRY
55570	125	361	region	GEONOUN
55570	126	25	the Armia Krajova	PLACE
55570	126	65	Jewish	GEONOUN
55570	126	167	the Armia Krajowa	PLACE
55570	126	309	Jewish	GEONOUN
55570	126	344	Jewish	GEONOUN
55570	128	511	barricade	GEONOUN
55570	128	537	barricade	GEONOUN
55570	128	1127	brick	GEONOUN
55570	129	199	at least two, three weeks--	DATE
55570	129	227	two weeks	DATE
55570	129	240	three weeks	DATE
55570	129	324	town	GEONOUN
55570	129	370	cellar	GEONOUN
55570	131	153	the hour--	TIME
55570	132	5	cellar	GEONOUN
55570	132	35	cellar	GEONOUN
55570	132	84	two days	DATE
55570	132	258	cellar	GEONOUN
55570	132	304	cellar	GEONOUN
55570	133	321	hospital	GEONOUN
55570	133	884	Jewish	GEONOUN
55570	133	1080	fell	GEONOUN
55570	133	1214	that day	DATE
55570	133	1266	that day	DATE
55570	133	1482	train	GEONOUN
55570	133	1512	Cracow	PLACE
55570	133	1608	beginning of March	DATE
55570	134	5	school	GEONOUN
55570	134	57	school	GEONOUN
55570	134	77	hospital	GEONOUN
55570	134	211	classroom	GEONOUN
55570	135	11	nurses	GEONOUN
55570	136	17	hospital	GEONOUN
55570	137	113	train	GEONOUN
55570	139	84	Jewish	GEONOUN
55570	140	191	hospital	GEONOUN
55570	140	225	hospital	GEONOUN
55570	140	328	Jewish	GEONOUN
55570	140	347	environment	GEONOUN
55570	140	441	Jewish	GEONOUN
55570	143	61	church	GEONOUN
55570	143	304	municipality	GEONOUN
55570	143	322	Warsaw	CITY
55570	143	329	municipality	GEONOUN
55570	144	247	Warsaw	CITY
55570	144	290	Vistula	PLACE
55570	147	111	a few months	DATE
55570	147	235	these few months	DATE
55570	147	276	Lublin	CITY
55570	147	309	train	GEONOUN
55570	147	507	Lublin--	PLACE
55570	148	51	Lublin	CITY
55570	148	138	Lublin	CITY
55570	148	176	Warsaw	CITY
55570	148	264	Cracow	PLACE
55570	151	35	Jewish environment	GEONOUN
55570	151	42	environment	GEONOUN
55570	152	169	Poland	COUNTRY
55570	152	190	Jewish	GEONOUN
55570	152	213	Poland	COUNTRY
55570	152	341	Poland	COUNTRY
55570	153	36	Lódz	PLACE
55570	154	113	hospital	GEONOUN
55570	154	150	a few months	DATE
55570	154	203	Warsaw	CITY
55570	154	321	Jewish	GEONOUN
55570	155	110	Jewish	GEONOUN
55570	155	332	Berlin	CITY
55570	155	346	Berlin	CITY
55570	155	372	Warsaw	CITY
55570	155	444	December '45	DATE
55570	155	516	zone	GEONOUN
55570	155	542	the night	TIME
55570	155	555	Berlin	CITY
55570	155	626	Munich	CITY
55570	155	641	Munich	CITY
55570	155	659	house	GEONOUN
55570	155	682	camp	GEONOUN
55570	155	750	school	GEONOUN
55570	155	788	Jewish	GEONOUN
55570	155	996	Italy	COUNTRY
55570	155	1015	France	COUNTRY
55570	155	1029	France	COUNTRY
55570	155	1042	Italy	COUNTRY
55570	155	1064	sea	GEONOUN
55570	155	1109	Israel	COUNTRY
55570	157	36	Munich	CITY
55570	158	32	Israel	COUNTRY
55570	158	74	Germany	COUNTRY
55570	158	100	Israel	COUNTRY
55570	159	19	Munich	CITY
55570	160	37	houses	GEONOUN
55570	160	52	houses	GEONOUN
55570	160	114	Neu Freimann	PLACE
55570	160	909	Munich	CITY
55570	160	950	Harleys	PLACE
55570	160	994	today	DATE
55570	160	1094	tram	GEONOUN
55570	160	1372	Israel	COUNTRY
55570	160	1482	a few days	DATE
55570	160	1691	France	COUNTRY
55570	161	40	university	GEONOUN
55570	161	86	Jewish	GEONOUN
55570	163	6	market	GEONOUN
55570	163	40	market	GEONOUN
55570	163	258	Europe	CONTINENT
55570	168	28	market	GEONOUN
55570	168	177	camp	GEONOUN
55570	168	199	market	GEONOUN
55570	169	480	Israel	COUNTRY
55570	169	501	the months of September	DATE
55570	169	610	September	DATE
55570	169	630	month	DATE
55570	169	646	September	DATE
55570	170	0	August	DATE
55570	170	99	the 1st-- of 1st '48	DATE
55570	170	209	Saint-Chamas--	PLACE
55570	170	245	'47	DATE
55570	170	262	the '47	DATE
55570	170	275	'48	DATE
55570	172	51	camps	GEONOUN
55570	172	79	Russia	COUNTRY
55570	172	102	Poland	COUNTRY
55570	172	246	station	GEONOUN
55570	172	275	train	GEONOUN
55570	172	294	station	GEONOUN
55570	172	348	mountains	GEONOUN
55570	172	539	France	COUNTRY
55570	172	550	Saint-Chamas	PLACE
55570	172	580	Marseille	CITY
55570	172	632	Marseille	CITY
55570	172	648	Marseille	CITY
55570	172	658	airport	GEONOUN
55570	172	687	todays--	DATE
55570	172	718	Marseille	CITY
55570	172	728	airport	GEONOUN
55570	172	758	Saint-Chamas	PLACE
55570	172	788	camp	GEONOUN
55570	177	144	about 10 days to two weeks	DATE
55570	177	268	ship	GEONOUN
55570	180	73	Holocaust	EVENT
55570	181	80	the War of Independence	EVENT
55570	181	259	Tel Aviv	CITY
55570	181	688	Weekends	DATE
55570	181	1377	States	PLACE
55570	181	1599	Israel	COUNTRY
55570	182	76	States	PLACE
55570	182	242	night	TIME
55570	182	338	France	COUNTRY
55570	182	1888	Shoah	EVENT
55570	182	1909	Israel	COUNTRY
55570	182	2119	Europe	CONTINENT
55570	182	2260	Fridays	DATE
55570	182	2792	fields	GEONOUN
55570	182	2849	fields	GEONOUN
55570	182	2863	two days	DATE
55570	182	2912	infirmary	GEONOUN
55570	182	3541	classroom	GEONOUN
55570	182	3558	fell	GEONOUN
55570	182	3607	so many days	DATE
55570	182	3631	field	GEONOUN
55570	182	4049	corner	GEONOUN
55570	182	4162	corner	GEONOUN
55570	182	4594	foot	GEONOUN
55570	182	4937	a month later	DATE
55570	183	87	Paris	CITY
55570	183	184	Paris	CITY
55570	183	216	16-year-old	DATE
55570	183	323	the Eiffel Tower	PLACE
55570	183	424	16	DATE
55570	183	462	Israel	COUNTRY
55570	183	533	States	PLACE
55570	183	650	Israel	COUNTRY
55570	183	671	a few years later	DATE
55570	183	962	France	COUNTRY
55570	184	71	apartment	GEONOUN
55570	184	292	Paris	CITY
55570	184	385	apartment	GEONOUN
55570	184	398	Tel Aviv	CITY
55570	186	48	apartment	GEONOUN
55570	186	61	Tel Aviv	CITY
55570	186	203	six years	DATE
55570	186	239	six years	DATE
55570	186	272	six years	DATE
55570	187	3	'58	DATE
55570	187	11	'64	DATE
55570	187	37	'58	DATE
55570	189	52	1954	DATE
55570	190	446	Israel	COUNTRY
55570	190	483	today	DATE
55570	191	300	six months	DATE
55570	192	20	'54	DATE
55570	193	143	building	GEONOUN
55570	193	329	France	COUNTRY
55570	193	488	1959	DATE
55570	193	494	Israel	COUNTRY
55570	193	704	four, five months	DATE
55570	193	1039	France	COUNTRY
55570	193	1133	street	GEONOUN
55570	193	1205	field	GEONOUN
55570	193	1349	daily	DATE
55570	193	1647	room	GEONOUN
55570	193	1705	the first day	DATE
55570	193	1774	room	GEONOUN
55570	193	1794	steps	GEONOUN
55570	193	1868	two hours	TIME
55570	193	1972	four months	DATE
55570	193	2003	steps	GEONOUN
55570	193	2137	division	GEONOUN
55570	193	2195	division	GEONOUN
55570	193	2502	school	GEONOUN
55570	193	2550	22 years	DATE
55570	193	2928	Switzerland	COUNTRY
55570	193	2947	England	PLACE
55570	193	2968	New York	US-STATE
55570	194	104	10 years	DATE
55570	194	169	Tennessee	US-STATE
55570	194	556	Tennessee	US-STATE
55570	194	575	Tennessee	US-STATE
55570	194	771	Israel	COUNTRY
55570	194	837	6 o'clock in the morning	TIME
55570	194	1128	a few months	DATE
55570	194	1291	longer than two years	DATE
55570	194	1622	two years	DATE
55570	194	1831	one day	DATE
55570	194	1934	two, two years to the day	DATE
55570	194	2353	board	GEONOUN
55570	194	2392	today	DATE
55570	194	2459	Israel	COUNTRY
55570	194	2509	bank	GEONOUN
55570	194	2629	two years	DATE
55570	194	2659	three years	DATE
55570	194	2985	'88	DATE
55570	194	2993	'88	DATE
55570	194	3030	London	CITY
55570	194	3174	board	GEONOUN
55570	194	3272	London	CITY
55570	194	3377	the five hours	TIME
55570	194	3415	London	CITY
55570	195	1493	the high 70s	DATE
55570	195	1513	almost 80	DATE
55570	195	1588	today	DATE
55570	195	1634	fell last week--	GEONOUN
55570	195	1639	last week--	DATE
55570	195	1655	last week--	DATE
55570	195	1667	last month--	DATE
55570	195	1684	two months ago--	DATE
55570	197	283	today	DATE
55570	198	105	Rwanda	COUNTRY
55570	198	137	Armenia	COUNTRY
55570	198	160	Armenia	COUNTRY
55570	198	279	today	DATE
55570	198	339	Rwanda	COUNTRY
55570	199	101	Poland	COUNTRY
55570	199	175	Jewish	GEONOUN
55570	199	304	England	PLACE
55570	199	329	England	PLACE
55570	199	338	23 years	DATE
55570	199	385	Jewish	GEONOUN
55570	200	13	country	GEONOUN
55570	200	51	country	GEONOUN
55570	200	259	country	GEONOUN
55570	200	316	today	DATE
55570	200	355	country	GEONOUN
55570	200	592	country	GEONOUN
55570	203	308	Poland	COUNTRY
55570	203	568	Poland	COUNTRY
55570	203	653	Poland	COUNTRY
55570	203	684	months	DATE
55570	203	707	Warsaw	CITY
55570	205	145	boat	GEONOUN
55570	208	513	two or three years ago	DATE
55570	208	665	Jewish cemetery	GEONOUN
55570	208	672	cemetery	GEONOUN
55570	208	684	Belzyce	PLACE
55570	209	76	24 September 1926	DATE
55570	209	102	16	DATE
55570	209	142	Warsaw	CITY
55570	209	153	1944	DATE
55570	209	161	'43	DATE
55570	209	419	1953	DATE
55570	209	436	today	DATE
55570	209	445	2016	DATE
55570	209	464	'47	DATE
55570	209	469	'57-- 63 years ago	DATE
55570	209	564	mufti	PLACE
55570	209	938	the 10th of August, 1952	DATE
55570	209	992	64 years ago	DATE
55570	209	1096	Tennessee	US-STATE
55570	209	1137	1983	DATE
55570	209	1155	5 SECONDS	DATE
55570	209	1192	three years old	DATE
55570	209	1258	19--	DATE
55570	209	1266	2015	DATE
55570	209	1272	December	DATE
55570	209	1301	35, almost, years	DATE
55570	209	1625	the 22nd of May, 1964--	DATE
55570	209	1653	today	DATE
55570	209	1662	the 22nd of May	DATE
55570	209	1736	Israel	COUNTRY
55570	209	1892	the 7th of February, 1985--	DATE
55570	209	1947	'64 to '85	DATE
55570	209	1966	25 years--	DATE
55570	209	1977	23 years later--	DATE
55570	209	2028	Israel	COUNTRY
55570	209	2045	Israel	COUNTRY
55570	209	2575	Israel	COUNTRY
55570	209	2628	Israel	COUNTRY
55570	209	2639	7th of February, 1985	DATE
55570	209	2702	the '60s	DATE
55570	209	3093	the 22nd of May, 1985	DATE
55570	209	3332	2013	DATE
55570	210	34	a moment ago	TIME
55570	210	273	Holocaust	EVENT
55570	211	0	'88	DATE
55570	211	195	Poland	COUNTRY
55570	211	202	every year	DATE
55570	211	474	Shoah	EVENT
55570	211	1002	the years	DATE
55570	211	1306	every year	DATE
55570	211	1489	beacon	GEONOUN
55570	211	1708	Poland	COUNTRY
55570	211	1809	reach	GEONOUN
55570	211	2110	reach	GEONOUN
