FileID	AnswerID	StartCharPos	Entity	Type
55698	5	11	January 6, 1926	DATE
55698	5	30	Cracow	PLACE
55698	5	38	Poland	COUNTRY
55698	6	20	apartment	GEONOUN
55698	6	139	Cracow	PLACE
55698	7	30	Jewish	GEONOUN
55698	7	123	Jewish	GEONOUN
55698	9	49	October 4, 1923	DATE
55698	9	136	September 30, 1930	DATE
55698	10	19	department	GEONOUN
55698	10	39	department store	GEONOUN
55698	10	50	store	GEONOUN
55698	10	130	store	GEONOUN
55698	10	158	store	GEONOUN
55698	11	21	store	GEONOUN
55698	16	16	bar	GEONOUN
55698	16	75	bar	GEONOUN
55698	16	101	bar	GEONOUN
55698	16	121	the United States	COUNTRY
55698	16	147	1993	DATE
55698	16	250	bar	GEONOUN
55698	17	0	January 6	DATE
55698	18	91	house	GEONOUN
55698	22	6	every day	DATE
55698	22	102	one second	TIME
55698	24	21	school	GEONOUN
55698	24	136	school	GEONOUN
55698	24	146	Warsaw	CITY
55698	24	169	Warsaw	CITY
55698	24	199	Warsaw	CITY
55698	25	147	school	GEONOUN
55698	25	271	a few weeks later	DATE
55698	25	368	Warsaw	CITY
55698	25	532	Warsaw	CITY
55698	25	762	Cracow	PLACE
55698	26	10	school	GEONOUN
55698	27	14	school	GEONOUN
55698	27	56	Jewish	GEONOUN
55698	27	81	Jewish area	GEONOUN
55698	27	88	area	GEONOUN
55698	28	112	Jewish	GEONOUN
55698	29	153	Jewish	GEONOUN
55698	29	253	Cracow	PLACE
55698	29	273	Cracow	PLACE
55698	29	285	Jewish	GEONOUN
55698	29	398	Cracow	PLACE
55698	29	528	Warsaw	CITY
55698	29	552	town	GEONOUN
55698	29	581	Jewish	GEONOUN
55698	29	681	Jewish	GEONOUN
55698	29	736	town	GEONOUN
55698	30	134	school	GEONOUN
55698	30	168	the United States	COUNTRY
55698	30	204	the World War--	EVENT
55698	30	241	the World War I.	EVENT
55698	30	283	Poland	COUNTRY
55698	31	56	one day	DATE
55698	31	148	carriage	GEONOUN
55698	31	173	carriage	GEONOUN
55698	31	191	street	GEONOUN
55698	31	332	Poland	COUNTRY
55698	32	51	Poland	COUNTRY
55698	39	5	apartment building	GEONOUN
55698	39	56	apartment	GEONOUN
55698	39	298	apartment	GEONOUN
55698	42	30	Cracow	PLACE
55698	45	17	rooms	GEONOUN
55698	45	36	room	GEONOUN
55698	45	54	room	GEONOUN
55698	45	180	apartment	GEONOUN
55698	45	301	room	GEONOUN
55698	45	332	school	GEONOUN
55698	45	365	school	GEONOUN
55698	45	446	room	GEONOUN
55698	46	13	apartment	GEONOUN
55698	47	44	all the years	DATE
55698	51	234	Belzec	CAMP
55698	51	244	1942	DATE
55698	51	290	Belzec	CAMP
55698	51	307	concentration camp	GEONOUN
55698	51	327	Belzec	CAMP
55698	51	355	camp	GEONOUN
55698	51	649	1941	DATE
55698	51	671	ghetto	GEONOUN
55698	51	720	apartment	GEONOUN
55698	51	756	apartment	GEONOUN
55698	51	968	his 40s	DATE
55698	51	1059	apartment	GEONOUN
55698	51	1144	apartment	GEONOUN
55698	51	1157	ghetto	GEONOUN
55698	51	1379	September 26, 1941	DATE
55698	51	1442	Czortków	PLACE
55698	51	1495	station	GEONOUN
55698	51	1855	March	DATE
55698	51	1901	1923	DATE
55698	51	1909	'24	DATE
55698	51	1945	1921	DATE
55698	51	1953	January 7	DATE
55698	51	2026	January 5, 1931, 1931	DATE
55698	52	161	store	GEONOUN
55698	52	358	ghetto	GEONOUN
55698	52	412	apartment	GEONOUN
55698	52	643	attic	GEONOUN
55698	52	765	Wieliczka	CITY
55698	52	966	1942	DATE
55698	52	1089	ghetto	GEONOUN
55698	52	1140	apartment	GEONOUN
55698	53	44	ghetto	GEONOUN
55698	53	292	ghetto	GEONOUN
55698	53	370	basement	GEONOUN
55698	53	483	basement	GEONOUN
55698	54	6	the first day	DATE
55698	54	50	September 1	DATE
55698	54	84	1939	DATE
55698	54	200	street	GEONOUN
55698	54	280	railroad station	GEONOUN
55698	54	541	1938	DATE
55698	54	565	Vienna	CITY
55698	54	599	Vienna	CITY
55698	54	868	steps	GEONOUN
55698	54	881	buildings	GEONOUN
55698	56	283	apartment	GEONOUN
55698	56	301	house	GEONOUN
55698	56	310	Cracow	PLACE
55698	58	29	Cracow	PLACE
55698	58	118	1941	DATE
55698	58	150	the holiday of Tisha B'Av--	DATE
55698	58	232	August	DATE
55698	58	361	Belzec	CAMP
55698	58	620	Belzec	CAMP
55698	58	648	that day	DATE
55698	58	658	Tisha B'Av	DATE
55698	58	733	cemetery	GEONOUN
55698	58	805	town	GEONOUN
55698	59	0	Bohorodczany	PLACE
55698	59	48	Stanislawów	PLACE
55698	59	131	field	GEONOUN
55698	60	30	'41	DATE
55698	61	12	two, three days	DATE
55698	61	81	two, three days	DATE
55698	62	27	Lwow	PLACE
55698	65	26	1939	DATE
55698	65	55	about two, three days	DATE
55698	65	110	ghetto	GEONOUN
55698	65	124	1941	DATE
55698	69	0	Bohorodczany	PLACE
55698	70	70	train	GEONOUN
55698	70	81	Lwow	PLACE
55698	70	89	Stanislawów	PLACE
55698	72	61	house	GEONOUN
55698	72	104	store	GEONOUN
55698	72	169	Czortków	PLACE
55698	72	361	city	GEONOUN
55698	72	436	Czortków	PLACE
55698	73	23	September 26	DATE
55698	73	60	1941	DATE
55698	73	102	station	GEONOUN
55698	74	229	Jewish community	GEONOUN
55698	74	236	community	GEONOUN
55698	74	249	Czortków	PLACE
55698	74	480	New Jersey	US-STATE
55698	74	549	Czortków	PLACE
55698	74	691	Horowitz	PLACE
55698	74	733	street	GEONOUN
55698	74	769	street	GEONOUN
55698	74	913	the same day	DATE
55698	74	954	September 26	DATE
55698	74	1178	station	GEONOUN
55698	77	3	Bohorodczany	PLACE
55698	78	180	ghetto	GEONOUN
55698	80	15	couple years later	DATE
55698	83	193	apartment	GEONOUN
55698	83	375	ghetto	GEONOUN
55698	84	140	room	GEONOUN
55698	84	776	neck	GEONOUN
55698	84	901	a half an hour	TIME
55698	84	923	an hour	TIME
55698	84	1024	Jewish	GEONOUN
55698	84	1159	early in the morning	TIME
55698	84	1230	fall	GEONOUN
55698	84	1521	just this second	TIME
55698	84	2222	steps	GEONOUN
55698	84	3206	street	GEONOUN
55698	84	3557	Arbeitsamt	PLACE
55698	84	3598	Arbeitsamt	PLACE
55698	84	3679	the next day	DATE
55698	84	3810	Belzec	CAMP
55698	84	3844	Belzec	CAMP
55698	84	3934	attic	GEONOUN
55698	84	3967	Wieliczka	CITY
55698	86	74	ghetto	GEONOUN
55698	86	205	street	GEONOUN
55698	86	393	room	GEONOUN
55698	86	518	room	GEONOUN
55698	86	532	room	GEONOUN
55698	86	758	entrance	GEONOUN
55698	86	774	apartment	GEONOUN
55698	86	934	room	GEONOUN
55698	86	1025	ghetto	GEONOUN
55698	86	1073	March 13, 1943	DATE
55698	86	1214	street	GEONOUN
55698	86	2105	Plaszow	PLACE
55698	86	2185	every day	DATE
55698	87	3	1942	DATE
55698	87	9	end of '42	DATE
55698	87	61	about September, October of '42	DATE
55698	87	114	Wieliczka	CITY
55698	87	158	Wieliczka	CITY
55698	87	225	Wieliczka	CITY
55698	87	238	Belzec	CAMP
55698	87	311	apartments	GEONOUN
55698	87	362	school	GEONOUN
55698	87	511	synagogue	GEONOUN
55698	87	951	15 years old	DATE
55698	87	1055	ghetto	GEONOUN
55698	87	1094	street	GEONOUN
55698	87	1161	ghetto	GEONOUN
55698	87	1207	barracks	GEONOUN
55698	88	107	the March 13	DATE
55698	88	131	Plaszow	PLACE
55698	91	137	Belzec	CAMP
55698	92	84	June 1942	DATE
55698	92	273	September	DATE
55698	92	284	October	DATE
55698	93	381	ghetto	GEONOUN
55698	95	40	street	GEONOUN
55698	95	281	street	GEONOUN
55698	95	369	attic	GEONOUN
55698	96	32	Jewish	GEONOUN
55698	96	141	house	GEONOUN
55698	98	104	ghetto	GEONOUN
55698	100	18	ghetto	GEONOUN
55698	100	114	Warsaw	CITY
55698	100	121	ghetto	GEONOUN
55698	100	172	Warsaw	CITY
55698	100	210	street	GEONOUN
55698	100	257	Warsaw Ghetto	PLACE
55698	100	322	Cracow	PLACE
55698	100	332	ghetto	GEONOUN
55698	100	401	March 14	DATE
55698	100	485	Plaszow	PLACE
55698	100	537	Plaszow	PLACE
55698	100	674	street	GEONOUN
55698	100	720	the next day	DATE
55698	100	749	ghetto	GEONOUN
55698	100	759	March 14	DATE
55698	100	902	street	GEONOUN
55698	100	949	previous day	DATE
55698	100	983	houses	GEONOUN
55698	100	997	hallways	GEONOUN
55698	103	10	every day	DATE
55698	103	24	Plaszow	PLACE
55698	103	41	ghetto	GEONOUN
55698	105	78	factory	GEONOUN
55698	106	41	Couple months	DATE
55698	109	28	ghetto	GEONOUN
55698	109	137	every day	DATE
55698	112	26	barracks	GEONOUN
55698	112	62	ghetto	GEONOUN
55698	112	127	apartment	GEONOUN
55698	112	1103	fell	GEONOUN
55698	113	14	apartment	GEONOUN
55698	113	240	street	GEONOUN
55698	113	676	Vienna	CITY
55698	113	952	fell	GEONOUN
55698	113	969	ground	GEONOUN
55698	113	1378	downstairs	GEONOUN
55698	113	1426	Plaszow	PLACE
55698	113	2050	every single day	DATE
55698	113	2541	neck	GEONOUN
55698	113	3025	one day	DATE
55698	113	3059	Munich	CITY
55698	113	3158	synagogue	GEONOUN
55698	113	3346	Many, many years later	DATE
55698	113	3372	United States	COUNTRY
55698	113	3509	New York	US-STATE
55698	113	3549	Germany	COUNTRY
55698	113	3753	neck	GEONOUN
55698	113	3912	New York	US-STATE
55698	113	3924	47th Street	PLACE
55698	113	4002	Munich	EVENT
55698	115	263	street	GEONOUN
55698	115	303	rocks	GEONOUN
55698	115	638	every day	DATE
55698	117	156	Cracow	PLACE
55698	117	231	ghetto	GEONOUN
55698	117	263	Plaszow	PLACE
55698	119	361	camp	GEONOUN
55698	124	261	the other day	DATE
55698	124	281	England	PLACE
55698	125	84	the wintertime	DATE
55698	125	297	Tarnow	PLACE
55698	125	773	barracks	GEONOUN
55698	125	826	the next day	DATE
55698	125	1198	the wintertime	DATE
55698	125	1232	room	GEONOUN
55698	125	1296	wood	GEONOUN
55698	125	1533	wood	GEONOUN
55698	125	1691	wood	GEONOUN
55698	125	1790	the next few days	DATE
55698	125	1824	wood	GEONOUN
55698	125	1993	broom	GEONOUN
55698	125	2071	room	GEONOUN
55698	125	2099	corner	GEONOUN
55698	127	198	this day	DATE
55698	128	477	Argentina	COUNTRY
55698	129	23	barracks	GEONOUN
55698	129	224	a moment--	TIME
55698	129	575	one year older	DATE
55698	129	632	camp	GEONOUN
55698	129	664	the morning	TIME
55698	129	686	10 o'clock	TIME
55698	129	760	street	GEONOUN
55698	131	272	Plaszow	PLACE
55698	132	33	Plaszow	PLACE
55698	134	18	barracks	GEONOUN
55698	134	92	ghetto	GEONOUN
55698	136	141	barracks	GEONOUN
55698	136	391	street	GEONOUN
55698	136	611	Jewish	GEONOUN
55698	136	1294	the Hujowa Gorka	PLACE
55698	136	1468	Plaszow	PLACE
55698	136	1501	the Hujowa Gorka	PLACE
55698	136	1696	yesterday	DATE
55698	137	293	Plaszow	PLACE
55698	137	652	camp	GEONOUN
55698	137	727	barracks	GEONOUN
55698	137	870	fall	GEONOUN
55698	139	193	hospital	GEONOUN
55698	142	178	Plaszow	PLACE
55698	142	531	one day	DATE
55698	142	1523	Berlin	CITY
55698	142	1571	factory	GEONOUN
55698	142	1732	factory	GEONOUN
55698	142	1776	Berlin	CITY
55698	142	2210	factory	GEONOUN
55698	142	2309	market	GEONOUN
55698	142	2983	factory	GEONOUN
55698	143	151	Cracow	PLACE
55698	143	402	stable	GEONOUN
55698	144	169	Germany	COUNTRY
55698	144	177	many years later	DATE
55698	144	445	one day	DATE
55698	144	479	villa	GEONOUN
55698	144	516	balcony	GEONOUN
55698	144	1026	hospital	GEONOUN
55698	144	1096	Pemper	PLACE
55698	145	269	3 SECONDS	TIME
55698	145	294	two hours	TIME
55698	145	380	the United States	COUNTRY
55698	145	410	Augsburg	CITY
55698	145	472	Frankfurt	PLACE
55698	145	519	18 months	DATE
55698	145	550	Vienna	CITY
55698	145	581	United States	COUNTRY
55698	145	617	England	PLACE
55698	146	31	May 14, 1944	DATE
55698	146	90	one day before	DATE
55698	146	156	her 40s	DATE
55698	146	427	spit	GEONOUN
55698	146	581	the next day	DATE
55698	146	595	May 14	DATE
55698	146	620	Auschwitz	CAMP
55698	146	693	nine-year-old	DATE
55698	147	109	barracks	GEONOUN
55698	147	143	the whole night	TIME
55698	149	0	August 6	DATE
55698	149	28	August	DATE
55698	149	63	August 6, 1944	DATE
55698	149	134	the Appellplatz	PLACE
55698	149	168	assembly place	GEONOUN
55698	149	675	train	GEONOUN
55698	149	786	train	GEONOUN
55698	149	1082	all those years	DATE
55698	149	1550	Auschwitz	CAMP
55698	149	1638	Stutthof	CAMP
55698	149	1680	one night	TIME
55698	149	1694	1945	DATE
55698	149	1742	the Baltic Sea	PLACE
55698	149	1804	the next day	DATE
55698	149	2244	camps	GEONOUN
55698	149	2363	the next day	DATE
55698	149	2379	two days later	DATE
55698	149	2405	Mauthausen	PLACE
55698	149	2467	Auschwitz	CAMP
55698	149	2482	train	GEONOUN
55698	149	2505	overnight	TIME
55698	149	2615	crematorium	GEONOUN
55698	149	2673	Mauthausen	PLACE
55698	149	2731	Auschwitz	CAMP
55698	149	2773	crematorium	GEONOUN
55698	149	2855	forest	GEONOUN
55698	149	2938	days, nights	DATE
55698	149	2961	crematorium	GEONOUN
55698	149	2982	chamber	GEONOUN
55698	149	3082	Mauthausen	PLACE
55698	150	80	Auschwitz	CAMP
55698	152	36	coal mine	GEONOUN
55698	152	49	Mauthausen	PLACE
55698	152	229	Mauthausen	PLACE
55698	152	1379	camp	GEONOUN
55698	152	1504	Mauthausen	PLACE
55698	152	1530	1926	DATE
55698	152	1571	1924	DATE
55698	152	1938	downstairs	GEONOUN
55698	152	2284	canteen	GEONOUN
55698	155	80	Mauthausen	PLACE
55698	155	101	Linz	CITY
55698	155	291	grave	GEONOUN
55698	155	413	Plaszow	PLACE
55698	155	430	ghetto	GEONOUN
55698	155	479	Wieliczka	CITY
55698	155	1015	coal mine	GEONOUN
55698	155	1039	the one day	DATE
55698	155	1283	1950	DATE
55698	155	1348	street	GEONOUN
55698	155	1467	five minutes	TIME
55698	156	8	Several weeks	DATE
55698	156	52	Linz	CITY
55698	156	172	Linz	CITY
55698	156	181	Mauthausen	PLACE
55698	156	262	early in the morning	TIME
55698	156	328	barracks	GEONOUN
55698	158	21	rocks	GEONOUN
55698	158	28	stone	GEONOUN
55698	159	223	Mauthausen	PLACE
55698	159	235	Linz	CITY
55698	160	217	market	GEONOUN
55698	160	389	housing	GEONOUN
55698	160	525	An hour later	TIME
55698	161	86	Linz	CITY
55698	161	263	factory	GEONOUN
55698	161	482	the Warsaw Uprising	EVENT
55698	161	537	camp	GEONOUN
55698	161	823	entrance	GEONOUN
55698	161	839	camp	GEONOUN
55698	161	1437	Czechoslovakia	COUNTRY
55698	161	1491	factory	GEONOUN
55698	161	1887	market	GEONOUN
55698	161	2079	Jewish camp	GEONOUN
55698	161	2086	camp	GEONOUN
55698	162	7	Linz	CITY
55698	164	34	One day	DATE
55698	164	43	one day	DATE
55698	164	74	housing	GEONOUN
55698	164	168	a second	TIME
55698	164	313	One night	TIME
55698	164	414	One night	TIME
55698	164	796	foot	GEONOUN
55698	164	945	factory	GEONOUN
55698	164	1492	ceiling	GEONOUN
55698	166	0	Till May 5, 1945	DATE
55698	167	34	Mauthausen	PLACE
55698	167	99	camp	GEONOUN
55698	167	252	camps	GEONOUN
55698	167	286	Gusen	CAMP
55698	167	296	Mauthausen	PLACE
55698	167	352	Ebensee	CAMP
55698	167	472	the night	TIME
55698	168	85	one day	DATE
55698	169	61	camp	GEONOUN
55698	169	202	ground	GEONOUN
55698	169	461	the over 70 years	DATE
55698	169	529	today	DATE
55698	169	750	Latrine Number Five	PLACE
55698	169	773	Linz	CITY
55698	169	1575	fall	GEONOUN
55698	169	1592	the next day	DATE
55698	169	2524	platform	GEONOUN
55698	169	2622	hospital	GEONOUN
55698	169	2680	camp	GEONOUN
55698	169	2730	maybe two weeks	DATE
55698	169	2854	two weeks	DATE
55698	169	3099	Mauthausen--	PLACE
55698	169	3115	Linz--	PLACE
55698	169	3361	the next day	DATE
55698	169	3389	hospital	GEONOUN
55698	169	3544	hospital	GEONOUN
55698	169	3554	two days later	DATE
55698	169	3781	hospital	GEONOUN
55698	169	3889	Poland	COUNTRY
55698	169	3897	Cracow	PLACE
55698	169	3975	Zakopane	CITY
55698	169	4026	hospital	GEONOUN
55698	169	4061	hospital	GEONOUN
55698	169	4071	the next day	DATE
55698	169	4305	Austria	COUNTRY
55698	169	4428	the last day	DATE
55698	169	4516	city	GEONOUN
55698	169	4692	barracks	GEONOUN
55698	169	4757	mountains	GEONOUN
55698	169	4776	mountain	GEONOUN
55698	169	4948	barracks	GEONOUN
55698	169	5085	just a few days	DATE
55698	169	5477	mountains	GEONOUN
55698	169	5519	caves	GEONOUN
55698	169	6344	barracks	GEONOUN
55698	169	6361	camp	GEONOUN
55698	169	6470	Appellplatz	PLACE
55698	169	6491	assembly place	GEONOUN
55698	169	7050	The next morning	TIME
55698	169	7291	street	GEONOUN
55698	169	7367	night	TIME
55698	169	7432	camp	GEONOUN
55698	169	7703	the first night	TIME
55698	169	7734	school	GEONOUN
55698	169	7821	Leonding	PLACE
55698	169	7867	Leonding	PLACE
55698	169	7877	Leonding	PLACE
55698	169	8028	museum	GEONOUN
55698	169	8178	a year ago	DATE
55698	169	8198	a year and a half ago	DATE
55698	169	8494	Bronx	PLACE
55698	169	8503	Rochester	CITY
55698	169	9052	the night	TIME
55698	169	9149	that night	TIME
55698	170	40	Mauthausen	PLACE
55698	170	67	the beginning of this year	DATE
55698	170	166	Mauthausen	PLACE
55698	170	894	museum	GEONOUN
55698	170	926	building	GEONOUN
55698	170	951	apartment	GEONOUN
55698	170	985	apartment	GEONOUN
55698	170	1096	house	GEONOUN
55698	170	1294	40 years old	DATE
55698	170	1362	the 20s	DATE
55698	170	1582	room	GEONOUN
55698	170	1988	region	GEONOUN
55698	170	2175	seat	GEONOUN
55698	170	2478	museum	GEONOUN
55698	170	2510	today	DATE
55698	170	2652	cemetery	GEONOUN
55698	170	2735	grave	GEONOUN
55698	170	2913	every day	DATE
55698	172	231	Mauthausen	PLACE
55698	172	255	Mauthausen	PLACE
55698	172	287	camp	GEONOUN
55698	172	307	April	DATE
55698	172	338	Bergen-Belsen	CAMP
55698	172	526	a beautiful day	DATE
55698	172	719	a beautiful day	DATE
55698	172	787	Leonding	PLACE
55698	172	810	farmhouse	GEONOUN
55698	172	889	farmhouse	GEONOUN
55698	172	1097	Cracow	PLACE
55698	172	1429	camp	GEONOUN
55698	172	1453	Hanover	CITY
55698	172	1561	Austria	COUNTRY
55698	172	1741	train station	GEONOUN
55698	172	1914	a minute--	TIME
55698	173	17	train	GEONOUN
55698	173	98	Austria	COUNTRY
55698	173	143	train	GEONOUN
55698	173	557	lock	GEONOUN
55698	173	632	train	GEONOUN
55698	173	728	Bergen-Belsen	CAMP
55698	173	789	Hanover	CITY
55698	173	891	Poland	COUNTRY
55698	173	914	Poland	COUNTRY
55698	173	1034	Cracow	PLACE
55698	173	1072	hospital	GEONOUN
55698	173	1085	Jewish	GEONOUN
55698	173	1123	hospital	GEONOUN
55698	173	1150	hospital	GEONOUN
55698	173	1288	Buchenwald	CAMP
55698	173	1322	a few days	DATE
55698	173	1388	Austria	COUNTRY
55698	173	1400	Linz	CITY
55698	173	1463	farmhouse	GEONOUN
55698	173	1505	Bindermichl	PLACE
55698	173	1534	complex	GEONOUN
55698	173	1545	housing	GEONOUN
55698	173	1676	Poland	COUNTRY
55698	173	1711	Poland	COUNTRY
55698	173	1803	street	GEONOUN
55698	173	1813	Cracow	PLACE
55698	173	2021	Stutthof	CAMP
55698	173	2189	the Baltic Sea	PLACE
55698	173	2252	fall	GEONOUN
55698	173	2439	town	GEONOUN
55698	173	2627	apartment building	GEONOUN
55698	173	2667	Cracow	PLACE
55698	173	2747	Zakopane	CITY
55698	173	2850	Warsaw	CITY
55698	173	2881	Cracow	PLACE
55698	173	3161	Italy	COUNTRY
55698	173	3196	Merano	CITY
55698	173	3250	institution	GEONOUN
55698	173	3433	Poland	COUNTRY
55698	173	3444	Cracow	PLACE
55698	173	3899	hole	GEONOUN
55698	173	3920	hole	GEONOUN
55698	173	4310	Cracow	PLACE
55698	173	4461	Cortina	PLACE
55698	173	4490	Merano	CITY
55698	173	4560	Cracow	PLACE
55698	173	4613	Belgium	COUNTRY
55698	173	4726	Belgium	COUNTRY
55698	173	4944	Italy	COUNTRY
55698	173	5028	Poland	COUNTRY
55698	173	5088	Italy	COUNTRY
55698	173	5105	Zakopane	CITY
55698	173	5212	certain special hours	TIME
55698	173	5336	Italy	COUNTRY
55698	173	5441	Jewish	GEONOUN
55698	173	5498	Zakopane	CITY
55698	173	5516	town	GEONOUN
55698	173	5630	one night--	TIME
55698	173	5650	early in the morning--	TIME
55698	173	5704	room	GEONOUN
55698	173	5717	hotel	GEONOUN
55698	173	6291	building	GEONOUN
55698	173	6548	Poland	COUNTRY
55698	173	6576	Prague	CITY
55698	173	6950	Belgium	COUNTRY
55698	173	7103	Belgium	COUNTRY
55698	173	7144	six months	DATE
55698	173	7252	Shammas	EVENT
55698	173	7308	Jewish	GEONOUN
55698	177	17	America	COUNTRY
55698	181	9	a second	TIME
55698	196	94	The minute	TIME
55698	199	37	last week	DATE
55698	199	106	Connecticut	US-STATE
55698	199	146	university	GEONOUN
55698	199	189	Holocaust	EVENT
55698	203	528	school	GEONOUN
55698	203	640	Newark	CITY
55698	203	665	Livingston	CITY
55698	203	1275	Newark	CITY
55698	203	1841	New York	US-STATE
55698	203	1855	synagogue	GEONOUN
55698	203	2089	Yad Vashem	PLACE
55698	203	2235	builder	GEONOUN
55698	205	76	a year	DATE
55698	205	175	these holidays	DATE
55698	205	468	another year	DATE
55698	205	525	a year	DATE
55698	208	27	many years	DATE
55698	210	33	Belgium	COUNTRY
55698	210	42	Brussels	CITY
55698	210	74	October 26, 1947	DATE
55698	210	386	Israel	COUNTRY
55698	210	396	1950	DATE
55698	210	405	'51	DATE
55698	210	420	Israel	COUNTRY
55698	210	541	Brussels	CITY
55698	210	575	United States	COUNTRY
55698	210	604	December, December 1926	DATE
55698	210	653	December	DATE
55698	210	684	December 26, 1951	DATE
55698	210	714	the United States	COUNTRY
55698	212	235	July	DATE
55698	213	21	apartment	GEONOUN
55698	218	96	the United States	COUNTRY
55698	219	73	Jewish	GEONOUN
55698	221	44	boat	GEONOUN
55698	221	134	hotel	GEONOUN
55698	221	156	room	GEONOUN
55698	221	166	hotel	GEONOUN
55698	221	187	47th Street	PLACE
55698	221	260	Jewish	GEONOUN
55698	221	485	a year and a half old	DATE
55698	221	838	street	GEONOUN
55698	221	848	New York	US-STATE
55698	221	1186	a few hours	TIME
55698	221	1244	4 o'clock	TIME
55698	221	1264	another hour	TIME
55698	221	1440	movie theater	GEONOUN
55698	221	1599	the morning	TIME
55698	221	1653	Apollo	PLACE
55698	221	1660	movie theater	GEONOUN
55698	221	1677	42nd Street	PLACE
55698	222	0	Barbizon-Plaza--	PLACE
55698	223	0	New York	US-STATE
55698	225	31	New York	US-STATE
55698	228	83	hotel	GEONOUN
55698	228	115	apartment	GEONOUN
55698	228	151	Manhattan	CITY
55698	228	172	apartment	GEONOUN
55698	228	199	rooms	GEONOUN
55698	228	225	room	GEONOUN
55698	228	413	apartment	GEONOUN
55698	228	428	141st Street	PLACE
55698	230	88	parts	GEONOUN
55698	230	409	United States	COUNTRY
55698	230	461	parts	GEONOUN
55698	230	576	the evening	TIME
55698	230	623	42nd Street	PLACE
55698	230	1232	Canal Street	PLACE
55698	230	1254	New York	US-STATE
55698	230	1430	night	TIME
55698	230	1485	concentration camp	GEONOUN
55698	230	1661	Grossinger--	PLACE
55698	230	1705	Grossinger	PLACE
55698	230	1734	hotel	GEONOUN
55698	230	1743	Jewish hotel	GEONOUN
55698	230	1750	hotel	GEONOUN
55698	230	1764	Liberty	CITY
55698	230	1776	Monticello	PLACE
55698	230	1844	the weekend	DATE
55698	230	1864	the summer	DATE
55698	230	1899	the whole summer	DATE
55698	230	1924	the weekend	DATE
55698	230	2013	city	GEONOUN
55698	230	2532	Europe	CONTINENT
55698	230	2862	one day	DATE
55698	230	2908	Jewish	GEONOUN
55698	230	2935	Manhattan	CITY
55698	230	2949	the Ambassador Hotel	PLACE
55698	230	3084	yesterday	DATE
55698	230	3258	construction	GEONOUN
55698	230	3309	57 years	DATE
55698	233	9	construction	GEONOUN
55698	233	32	building	GEONOUN
55698	233	61	building	GEONOUN
55698	234	41	building	GEONOUN
55698	236	115	houses	GEONOUN
55698	236	158	apartment buildings	GEONOUN
55698	236	168	buildings	GEONOUN
55698	236	189	rise building	GEONOUN
55698	236	194	building	GEONOUN
55698	236	220	area	GEONOUN
55698	237	38	Brussels	CITY
55698	237	51	Belgium	COUNTRY
55698	237	63	June 3rd, 1950	DATE
55698	237	91	4 SECONDS	DATE
55698	237	128	the United State	PLACE
55698	237	154	about a year and a half old	DATE
55698	238	58	May 28, 1953	DATE
55698	238	424	college this year	GEONOUN
55698	238	432	this year	DATE
55698	238	466	a one more year	DATE
55698	238	495	college	GEONOUN
55698	238	538	college	GEONOUN
55698	238	652	Australia	COUNTRY
55698	238	695	Los Angeles	CITY
55698	238	711	Sydney	CITY
55698	239	174	concentration camp	GEONOUN
55698	239	306	college	GEONOUN
55698	239	708	Baltimore	CITY
55698	243	37	four and a half	DATE
55698	243	75	about two years old	DATE
55698	246	43	Poland	COUNTRY
55698	246	150	13 years old	DATE
55698	247	47	Cracow	PLACE
55698	247	204	Italy	COUNTRY
55698	247	235	Cracow	PLACE
55698	247	263	ghetto	GEONOUN
55698	247	310	Plaszów	PLACE
55698	248	15	ghetto	GEONOUN
55698	249	35	Cracow	PLACE
55698	249	62	house	GEONOUN
55698	249	191	room	GEONOUN
55698	249	244	apartment	GEONOUN
55698	249	329	apartments	GEONOUN
55698	249	390	Italy	COUNTRY
55698	250	44	Belgium	COUNTRY
55698	250	84	Poland	COUNTRY
55698	250	101	1948	DATE
55698	250	160	Poland	COUNTRY
55698	250	204	apartment house	GEONOUN
55698	252	84	court	GEONOUN
55698	254	0	'45	DATE
55698	254	77	Cracow--	PLACE
55698	254	136	July	DATE
55698	254	144	August	DATE
55698	254	165	August	DATE
55698	254	220	August	DATE
55698	254	228	'47	DATE
55698	255	4	apartment	GEONOUN
55698	257	12	Cracow	PLACE
55698	257	56	Stradom	PLACE
55698	257	91	Poland	COUNTRY
55698	258	212	Jerusalem	CITY
55698	258	376	the next day	DATE
55698	260	204	Vienna	CITY
55698	260	300	Vienna	CITY
55698	261	215	September 26th	DATE
55698	261	254	1941	DATE
55698	261	321	Auschwitz	CAMP
55698	261	447	Plaszów	PLACE
55698	261	599	Plaszów	PLACE
55698	261	665	Hungary	COUNTRY
55698	261	697	room	GEONOUN
55698	261	845	Auschwitz	CAMP
55698	261	900	room	GEONOUN
55698	261	998	Plaszów	PLACE
55698	261	1080	Hungary	COUNTRY
55698	261	1102	Plaszów	PLACE
55698	263	67	19--	DATE
55698	263	95	1946	DATE
55698	263	121	summer	DATE
55698	263	163	street	GEONOUN
55698	263	305	Stutthof	CAMP
55698	263	606	the Baltic Sea	PLACE
55698	263	664	fall	GEONOUN
55698	263	841	the evening--	TIME
55698	263	862	the morning	TIME
55698	263	994	Italy	COUNTRY
55698	263	1118	mountains	GEONOUN
55698	263	1136	Poland	COUNTRY
55698	263	1147	Zakopane	CITY
55698	263	1308	Cracow	PLACE
55698	265	78	Zakopane	CITY
55698	265	397	Jewish	GEONOUN
55698	265	414	Poland	COUNTRY
55698	265	438	Jewish	GEONOUN
55698	265	468	Jewish	GEONOUN
55698	265	513	Poland	COUNTRY
55698	265	581	Jewish	GEONOUN
55698	265	592	Cracow	PLACE
55698	266	38	Jewish	GEONOUN
55698	267	13	maybe two weeks	DATE
55698	267	44	hotel	GEONOUN
55698	267	55	one night	TIME
55698	268	15	Italy	COUNTRY
55698	268	24	1946	DATE
55698	268	30	end of the year	DATE
55698	268	60	November	DATE
55698	268	72	December	DATE
55698	268	100	the Christmas of '46	DATE
55698	268	140	Cortina d'Ampezzo	PLACE
55698	269	228	Poland	COUNTRY
55698	269	420	Italy	COUNTRY
55698	269	569	every day	DATE
55698	269	695	between 10:30 until 11:30 in the morning	TIME
55698	269	749	certain hours in the afternoon	TIME
55698	270	29	Cortina d'Ampezzo	PLACE
55698	270	66	Merano	CITY
55698	270	127	July	DATE
55698	270	141	a month later	DATE
55698	270	247	Poland	COUNTRY
55698	270	294	Belgium	COUNTRY
55698	270	432	Cracow	PLACE
55698	270	448	Prague	CITY
55698	270	459	a couple of days	DATE
55698	270	536	Belgium	COUNTRY
55698	270	582	Belgium	COUNTRY
55698	272	76	Italy	COUNTRY
55698	277	170	Israel	COUNTRY
55698	277	203	Budapest	CITY
55698	277	263	Plaszów	PLACE
55698	280	3	the United States	COUNTRY
55698	281	143	camp	GEONOUN
55698	281	204	Plaszów	PLACE
55698	282	94	house	GEONOUN
55698	282	103	Plaszów	PLACE
55698	282	156	house	GEONOUN
55698	282	496	house	GEONOUN
55698	283	223	the United States	COUNTRY
55698	287	660	movie theater	GEONOUN
55698	287	1282	train	GEONOUN
55698	287	1365	train	GEONOUN
55698	288	47	Holocaust	EVENT
55698	288	208	camp	GEONOUN
55698	288	419	balcony	GEONOUN
55698	288	485	house	GEONOUN
55698	288	531	balcony	GEONOUN
55698	288	551	house	GEONOUN
55698	289	24	many years ago	DATE
55698	289	58	house	GEONOUN
55698	289	83	villa	GEONOUN
55698	289	241	restaurant	GEONOUN
55698	289	307	restaurant	GEONOUN
55698	289	457	building	GEONOUN
55698	289	612	building	GEONOUN
55698	289	670	roof	GEONOUN
55698	289	815	one night	TIME
55698	289	898	city	GEONOUN
55698	292	64	Mauthausen--	PLACE
55698	292	114	cliffs	GEONOUN
55698	292	179	cliff	GEONOUN
55698	294	21	the other day	DATE
55698	295	127	Every Saturday	DATE
55698	295	159	every Friday	DATE
55698	295	218	house	GEONOUN
55698	295	260	1944	DATE
55698	295	298	May 13	DATE
55698	295	314	the next day	DATE
55698	295	382	spit	GEONOUN
55698	295	576	Saturday	DATE
55698	295	766	synagogue	GEONOUN
55698	295	779	the holidays	DATE
55698	298	6	Jewish	GEONOUN
55698	298	187	Zakopane	CITY
55698	298	316	Italy	COUNTRY
55698	298	330	sanatorium	GEONOUN
55698	298	448	sanatorium	GEONOUN
55698	298	460	hospital	GEONOUN
55698	298	474	one day	DATE
55698	302	180	Argentina	COUNTRY
55698	302	410	concentration camp	GEONOUN
55698	302	907	concentration camp	GEONOUN
55698	302	1169	state	GEONOUN
55698	303	256	Germany	COUNTRY
55698	303	310	Poland	COUNTRY
55698	303	415	Poland	COUNTRY
55698	303	577	Poland	COUNTRY
55698	303	607	Europe	CONTINENT
55698	305	133	last May	DATE
55698	305	145	Auschwitz	CAMP
55698	305	279	just about a week ago	DATE
55698	305	469	the March of Living	EVENT
55698	305	777	March of Living	DATE
55698	310	25	a one day	DATE
55698	310	56	area	GEONOUN
55698	310	62	building	GEONOUN
55698	310	133	building	GEONOUN
55698	311	468	fall	GEONOUN
55698	311	555	the night	TIME
55698	311	740	Stutthof--	PLACE
55698	312	175	8 o'clock	TIME
55698	312	196	5:00	TIME
55698	312	224	5:00 till 8:00	TIME
55698	312	263	the whole night	TIME
55698	312	509	last night	TIME
55698	314	262	Poland	COUNTRY
55698	314	387	the minute--	TIME
55698	314	509	bar	GEONOUN
55698	314	524	Poland	COUNTRY
55698	316	223	Cracow	PLACE
55698	316	304	park	GEONOUN
55698	316	352	street	GEONOUN
55698	316	368	Wawel	PLACE
55698	316	388	Wawel	PLACE
55698	316	427	bench	GEONOUN
55698	316	521	Poland	COUNTRY
55698	316	625	Poland	COUNTRY
55698	316	632	a couple months ago	DATE
55698	316	783	bench	GEONOUN
55698	319	24	every day	DATE
55698	320	124	Holocaust	EVENT
55698	320	197	Holocaust	EVENT
55698	324	31	camp	GEONOUN
55698	324	57	summer camp	GEONOUN
55698	324	109	today	DATE
55698	324	127	camp	GEONOUN
55698	324	294	camp	GEONOUN
55698	324	314	1936	DATE
55698	324	444	every day	DATE
55698	324	703	England	PLACE
55698	324	916	Auschwitz	CAMP
55698	324	958	Auschwitz	CAMP
55698	324	1171	the one second	TIME
55698	324	1730	a couple weeks ago	DATE
55698	324	1793	Long Island	PLACE
55698	324	1875	school	GEONOUN
55698	324	1895	Long Island	PLACE
55698	324	1967	The next day	DATE
55698	324	2093	close to four hours	TIME
55698	324	2150	The next day	DATE
55698	324	2423	Just 10 seconds	TIME
55698	324	2805	Poland	COUNTRY
55698	324	2829	Poland	COUNTRY
55698	324	2862	Israel	COUNTRY
55698	324	2889	Stutthof	CAMP
55698	324	2926	concentration camp	GEONOUN
55698	324	3356	Holocaust	EVENT
55698	328	86	school	GEONOUN
55698	328	211	school	GEONOUN
55698	328	239	Jewish school	GEONOUN
55698	328	246	school	GEONOUN
55698	328	281	12	DATE
55698	328	388	bar	GEONOUN
55698	328	452	bar	GEONOUN
55698	328	583	bar	GEONOUN
55698	328	662	13	DATE
55698	328	711	bar	GEONOUN
55698	328	736	bar	GEONOUN
55698	328	751	that day	DATE
55698	328	792	Holocaust	EVENT
55698	328	807	a week later	DATE
55698	328	824	two weeks later	DATE
55698	328	967	bar	GEONOUN
55698	333	156	Florida	US-STATE
55698	333	176	Ebensee	CAMP
55698	333	298	90-- 96 or	DATE
55698	336	41	one day	DATE
55698	339	49	that day--	DATE
55698	339	195	many years ago	DATE
55698	339	258	a Thursday	DATE
55698	339	301	Thursday	DATE
55698	339	318	Wednesday	DATE
55698	339	647	hospital	GEONOUN
55698	339	1363	hospital	GEONOUN
55698	339	1542	50-some years	DATE
55698	339	1615	hospital	GEONOUN
55698	339	1662	Israel	COUNTRY
55698	339	1742	hospital	GEONOUN
55698	339	1892	Israel	COUNTRY
55698	339	1953	the Yad Vashem	PLACE
55698	341	105	Holocaust	EVENT
55698	341	266	stone	GEONOUN
55698	341	289	Holocaust	EVENT
55698	343	86	centuries	DATE
55698	343	106	country	GEONOUN
55698	343	120	Poland	COUNTRY
55698	343	271	Poland	COUNTRY
55698	344	125	Africa	CONTINENT
55698	344	296	Berlin	CITY
55698	344	434	country	GEONOUN
55698	344	550	the World War--	EVENT
55698	344	566	World War II	EVENT
55698	344	643	Germany	COUNTRY
55698	344	655	Europe	CONTINENT
55698	344	666	Germany	COUNTRY
55698	344	928	Germany	COUNTRY
55698	344	995	70 years	DATE
55698	344	1160	grave	GEONOUN
55698	344	1277	school	GEONOUN
55698	344	1673	another 20 years	DATE
55698	344	1721	Germany	COUNTRY
55698	346	4	Europe	CONTINENT
55698	346	62	Belgium	COUNTRY
55698	346	100	Belgium	COUNTRY
55698	349	93	Holocaust	EVENT
55698	350	267	crematorium	GEONOUN
55698	353	54	Cracow	PLACE
55698	353	64	1946	DATE
55698	353	95	many years	DATE
55698	354	62	Mauthausen	PLACE
55698	355	23	Mauthausen	PLACE
55698	355	334	Auschwitz	CAMP
55698	355	396	Mauthausen	PLACE
55698	356	245	Auschwitz	CAMP
55698	356	299	Mauthausen	PLACE
55698	356	434	Mauthausen	PLACE
55698	356	618	concentration camp	GEONOUN
55698	356	737	Auschwitz	CAMP
55698	356	824	concentration camp	GEONOUN
55698	356	844	Auschwitz	CAMP
55698	356	912	camps	GEONOUN
55698	357	87	concentration camp	GEONOUN
55698	357	668	many years	DATE
55698	357	728	over 70 years	DATE
55698	358	32	camp	GEONOUN
55698	358	426	Belzec	CAMP
55698	358	446	Plaszów	PLACE
55698	358	476	Auschwitz-Birkenau	PLACE
55698	359	14	bricks	GEONOUN
55698	359	30	crematorium	GEONOUN
55698	359	80	crematorium	GEONOUN
55698	359	274	brick	GEONOUN
55698	359	301	brick	GEONOUN
55698	359	341	Oswiecim	PLACE
55698	359	373	Auschwitz	CAMP
55698	360	51	bricks	GEONOUN
55698	360	218	bricks	GEONOUN
55698	360	245	site	GEONOUN
55698	360	463	Buchenwald	CAMP
55698	360	696	Auschwitz	CAMP
55698	361	73	Poland	COUNTRY
55698	361	105	concentration camps	GEONOUN
55698	361	253	camp	GEONOUN
55698	361	305	Tarnów	CITY
55698	361	415	room	GEONOUN
55698	361	945	the next day	DATE
55698	361	974	late in the evening	TIME
55698	361	995	the next day	DATE
55698	361	1339	yesterday	DATE
55698	363	42	school	GEONOUN
55698	364	62	several years ago	DATE
55698	364	102	market	GEONOUN
55698	364	112	Cracow	PLACE
55698	364	126	spot	GEONOUN
55698	364	676	house	GEONOUN
55698	366	92	monument	GEONOUN
55698	366	108	cemetery	GEONOUN
55698	367	123	Cracow	PLACE
55698	367	244	factory	GEONOUN
55698	367	257	Danzig	CAMP
55698	367	486	factory	GEONOUN
55698	367	718	Jewish	GEONOUN
55698	367	1060	Hague	PLACE
55698	367	1074	Hague	PLACE
55698	367	1176	Nuremberg Trial	EVENT
55698	367	1577	Yad Vashem	PLACE
55698	367	1807	Stutthof	CAMP
55698	367	1934	rooms	GEONOUN
55698	367	2459	Auschwitz	CAMP
55698	367	2734	a few years	DATE
55698	367	2872	ghetto	GEONOUN
55698	368	84	October 4th, 1923	DATE
55698	368	279	February 19, 1993-- I'm sorry	DATE
55698	368	310	1893	DATE
55698	368	331	February, 28th, 19-- 1897	DATE
55698	368	611	park	GEONOUN
55698	368	619	Cracow	PLACE
55698	368	643	a few years	DATE
55698	368	699	1938	DATE
55698	368	731	Stanowice	PLACE
55698	369	69	September 30, 1930	DATE
55698	369	351	1928	DATE
55698	369	372	two years old	DATE
55698	369	406	a second--	TIME
55698	369	448	1928	DATE
55698	369	747	1942-- 1942	DATE
55698	369	762	Cracow	PLACE
55698	369	769	ghetto	GEONOUN
55698	369	830	ghetto	GEONOUN
55698	369	924	January 7th, 1921	DATE
55698	369	1041	Belzec	CAMP
55698	369	1285	January 5th, 1931	DATE
55698	369	1339	Belzec	CAMP
55698	369	1437	at least 1930-- '35	DATE
55698	369	1822	Poland	COUNTRY
55698	369	1832	Jewish	GEONOUN
55698	369	1980	department	GEONOUN
55698	369	2096	Poland	COUNTRY
55698	369	2158	the World War I.	EVENT
55698	369	2284	field	GEONOUN
55698	369	2341	Israel	COUNTRY
55698	369	2370	Warsaw	CITY
55698	369	2422	10 years old	DATE
55698	369	2453	nine year old	DATE
55698	369	2484	school	GEONOUN
55698	369	2513	school	GEONOUN
55698	369	2805	1939	DATE
55698	369	2972	summer camp	GEONOUN
55698	369	3046	1936	DATE
55698	369	3333	summer camp	GEONOUN
55698	369	3349	winter	DATE
55698	369	3356	camp	GEONOUN
55698	369	3386	Zakopane	CITY
55698	370	25	Jewish	GEONOUN
55698	370	319	school	GEONOUN
55698	370	555	ghetto	GEONOUN
55698	370	622	ghetto	GEONOUN
55698	370	744	ghetto	GEONOUN
55698	370	887	New Jersey	US-STATE
55698	370	1032	Cracow	PLACE
55698	370	1061	the other day	DATE
55698	370	1198	ice-skating rink	GEONOUN
55698	371	183	Israel	COUNTRY
55698	372	127	court	GEONOUN
55698	374	239	Belgium	COUNTRY
55698	376	43	Belgium	COUNTRY
55698	376	227	ghetto	GEONOUN
55698	376	341	Israel	COUNTRY
55698	376	395	Israel	COUNTRY
55698	376	418	country	GEONOUN
55698	376	627	the United States	COUNTRY
55698	382	89	camp	GEONOUN
55698	384	68	1939	DATE
55698	384	99	Cracow	PLACE
55698	384	157	several years ago	DATE
55698	385	27	Vienna	CITY
55698	385	561	just a couple of days earlier	DATE
55698	385	766	Belgium	COUNTRY
55698	385	852	six months	DATE
55698	385	999	Jewish	GEONOUN
55698	385	1074	Jewish	GEONOUN
55698	385	1222	court a year later	GEONOUN
55698	385	1228	a year later	DATE
55698	385	1410	1942	DATE
55698	386	81	1942	DATE
55698	386	134	3rd of November, of '42	DATE
55698	386	214	Florida	US-STATE
55698	386	240	97-- 96 or	DATE
55698	386	296	all those years	DATE
55698	387	21	Ojców	PLACE
55698	387	30	1938	DATE
55698	387	43	school	GEONOUN
55698	387	395	Florida	US-STATE
55698	387	602	Cracow	PLACE
55698	387	609	ghetto	GEONOUN
55698	387	784	Tarnów	CITY
55698	387	829	Cracowska	PLACE
55698	387	860	Blumenkrantz	PLACE
55698	387	945	1862	DATE
55698	387	972	Tarnów	CITY
55698	387	1030	Belzec	CAMP
55698	387	1040	1942	DATE
55698	388	86	Jewish	GEONOUN
55698	388	99	years before the war	DATE
55698	388	269	February 28, 1893	DATE
55698	388	317	'97	DATE
55698	388	400	4th of October, 1923	DATE
55698	388	425	Cracow	PLACE
55698	388	494	store	GEONOUN
55698	388	575	pass	GEONOUN
55698	388	589	ghetto	GEONOUN
55698	388	738	7 of January--	DATE
55698	388	784	1921	DATE
55698	388	814	Stutthof	CAMP
55698	388	938	Belzec--	PLACE
55698	388	1048	13 of March, 1925	DATE
55698	388	1145	Mauthausen	PLACE
55698	388	1156	concentration camp	GEONOUN
55698	388	1240	Mauthausen	PLACE
55698	388	1251	concentration camp	GEONOUN
55698	388	1273	Linz	CITY
55698	389	93	Plaszów	PLACE
55698	389	958	court	GEONOUN
55698	389	1088	pass	GEONOUN
55698	391	320	room	GEONOUN
55698	391	650	entrance	GEONOUN
55698	391	675	court	GEONOUN
55698	393	16	flat	GEONOUN
55698	394	96	apartment	GEONOUN
55698	395	55	1946	DATE
55698	397	97	bar	GEONOUN
55698	397	143	a few years ago	DATE
55698	397	252	70 years	DATE
55698	397	331	many more years	DATE
55698	401	584	next year	DATE
55698	401	614	college	GEONOUN
55698	401	717	college	GEONOUN
55698	401	791	college	GEONOUN
55698	401	852	Baltimore	CITY
55698	403	103	Sheffield	CITY
55698	403	114	England	PLACE
55698	403	276	Holocaust	EVENT
55698	403	296	concentration camp	GEONOUN
