FileID	AnswerID	StartCharPos	Entity	Type
56903	0	5	morning	TIME
56903	3	229	Poland	COUNTRY
56903	5	3	Warsaw	CITY
56903	6	3	Poland	COUNTRY
56903	7	0	March 23, 1923	DATE
56903	10	39	Warsaw	CITY
56903	10	52	1932	DATE
56903	10	167	town	GEONOUN
56903	10	179	Kielce--	PLACE
56903	10	188	K-I-E-L-C	PLACE
56903	10	237	Warsaw	CITY
56903	10	271	Kraków	CITY
56903	12	178	school	GEONOUN
56903	12	237	school	GEONOUN
56903	14	26	Warsaw	CITY
56903	15	76	town	GEONOUN
56903	15	107	the Vistula River	PLACE
56903	15	132	Zawichost	PLACE
56903	16	365	club	GEONOUN
56903	16	379	club	GEONOUN
56903	16	774	street	GEONOUN
56903	16	784	Warsaw	CITY
56903	16	1040	tenements	GEONOUN
56903	17	126	Paris	CITY
56903	17	186	Paris	CITY
56903	17	515	opera	GEONOUN
56903	17	558	synagogue	GEONOUN
56903	18	230	house	GEONOUN
56903	19	116	my age of nine	DATE
56903	19	135	1932	DATE
56903	19	255	school	GEONOUN
56903	19	896	school	GEONOUN
56903	19	1157	Kielce	CITY
56903	19	1212	house	GEONOUN
56903	19	1290	Jewish	GEONOUN
56903	19	1389	Kielce	CITY
56903	19	1423	every Thursday	DATE
56903	19	1490	house	GEONOUN
56903	19	1734	Spain	COUNTRY
56903	20	107	wood	GEONOUN
56903	20	232	wood	GEONOUN
56903	20	327	wood	GEONOUN
56903	20	352	wood	GEONOUN
56903	20	682	wood	GEONOUN
56903	22	31	'32 to '39	DATE
56903	22	148	Warsaw	CITY
56903	22	269	bench	GEONOUN
56903	22	346	wood	GEONOUN
56903	22	442	Kielce	CITY
56903	22	554	factory	GEONOUN
56903	22	667	Germany	COUNTRY
56903	22	730	factory	GEONOUN
56903	23	3	Warsaw	CITY
56903	23	183	Ogrodowa	PLACE
56903	23	262	apartment	GEONOUN
56903	23	298	Warsaw	CITY
56903	23	337	store	GEONOUN
56903	23	350	ground	GEONOUN
56903	23	372	apartments	GEONOUN
56903	23	495	Kielce	CITY
56903	23	503	Ogrodowa	PLACE
56903	23	561	area	GEONOUN
56903	23	618	parts	GEONOUN
56903	23	631	factory	GEONOUN
56903	23	663	factory	GEONOUN
56903	23	748	Zawichost	PLACE
56903	23	818	area	GEONOUN
56903	23	950	stable	GEONOUN
56903	23	1149	factory	GEONOUN
56903	23	1200	market	GEONOUN
56903	23	1290	stalls	GEONOUN
56903	23	1403	factory	GEONOUN
56903	23	1475	apartment	GEONOUN
56903	23	1629	fall	GEONOUN
56903	23	1748	masonry	GEONOUN
56903	23	1772	walls	GEONOUN
56903	23	1897	corner	GEONOUN
56903	23	1986	corner	GEONOUN
56903	23	2000	brickwork	GEONOUN
56903	23	2124	ground	GEONOUN
56903	23	2466	wood	GEONOUN
56903	23	2588	houses	GEONOUN
56903	24	37	a year and a half younger	DATE
56903	24	72	'24	DATE
56903	24	145	'29	DATE
56903	27	212	six years	DATE
56903	27	690	Riviera	PLACE
56903	27	804	Siberia	PLACE
56903	27	812	years later	DATE
56903	27	840	just one year	DATE
56903	28	56	1932	DATE
56903	29	117	factory	GEONOUN
56903	29	193	town	GEONOUN
56903	29	234	edge	GEONOUN
56903	29	244	town	GEONOUN
56903	29	305	block	GEONOUN
56903	29	327	town	GEONOUN
56903	29	347	fields	GEONOUN
56903	29	377	forest	GEONOUN
56903	29	515	house	GEONOUN
56903	29	610	field	GEONOUN
56903	29	1017	trees	GEONOUN
56903	29	1137	building	GEONOUN
56903	29	1148	house	GEONOUN
56903	29	1235	construction	GEONOUN
56903	29	1450	Siberia	PLACE
56903	29	1484	house	GEONOUN
56903	29	1572	house	GEONOUN
56903	30	3	America	COUNTRY
56903	30	25	Jewish	GEONOUN
56903	30	113	apartment	GEONOUN
56903	30	139	Poland	COUNTRY
56903	30	281	Jewish	GEONOUN
56903	30	375	Jewish	GEONOUN
56903	30	420	Passover	DATE
56903	30	501	other holidays	DATE
56903	31	44	bar	GEONOUN
56903	32	97	America	COUNTRY
56903	34	275	school	GEONOUN
56903	34	309	Jewish	GEONOUN
56903	34	431	school	GEONOUN
56903	34	936	today	DATE
56903	34	1142	Jewish	GEONOUN
56903	34	1982	years	DATE
56903	34	2171	school	GEONOUN
56903	34	2404	entrance	GEONOUN
56903	34	2549	years	DATE
56903	34	3903	school	GEONOUN
56903	34	4028	the first year	DATE
56903	34	4143	Jewish	GEONOUN
56903	34	4252	Jewish community	GEONOUN
56903	34	4259	community	GEONOUN
56903	35	10	school six days	GEONOUN
56903	35	17	six days	DATE
56903	35	65	school	GEONOUN
56903	37	76	daily	DATE
56903	37	270	the Spanish Civil War	EVENT
56903	37	390	Vienna	CITY
56903	37	525	republic	GEONOUN
56903	37	539	Republic of-- of Spain	PLACE
56903	37	714	Lwów--	PLACE
56903	37	733	Lódz--	PLACE
56903	37	818	Spain	COUNTRY
56903	37	894	the very first day	DATE
56903	37	1286	university	GEONOUN
56903	37	1489	United States	COUNTRY
56903	37	1585	the States	PLACE
56903	37	1633	the 1920s	DATE
56903	37	1906	the United States	COUNTRY
56903	37	2120	States	PLACE
56903	37	2241	factory	GEONOUN
56903	38	14	Kielce	CITY
56903	38	28	July 4, 1946	DATE
56903	38	103	six years	DATE
56903	38	116	Siberia	PLACE
56903	39	85	school	GEONOUN
56903	39	217	Germany	COUNTRY
56903	39	268	Czechoslovakia	COUNTRY
56903	39	284	Sudeten	PLACE
56903	39	325	Danzig	CAMP
56903	39	382	Corridor	PLACE
56903	39	443	September 1, 1939	DATE
56903	40	12	Kielce	CITY
56903	40	46	the very first day	DATE
56903	40	152	apartment	GEONOUN
56903	40	191	balcony	GEONOUN
56903	40	392	street	GEONOUN
56903	41	278	the Vistula River	PLACE
56903	41	462	shore	GEONOUN
56903	41	471	Vistula River	PLACE
56903	41	522	foot	GEONOUN
56903	41	618	Zawichost	PLACE
56903	41	636	town	GEONOUN
56903	41	644	Vistula River	PLACE
56903	41	992	tree	GEONOUN
56903	41	1063	tree	GEONOUN
56903	41	1387	night	TIME
56903	41	1427	Zawichost	PLACE
56903	41	1503	barn	GEONOUN
56903	41	1559	Zawichost	PLACE
56903	41	1601	road	GEONOUN
56903	41	1732	Zawichost	PLACE
56903	41	1814	town	GEONOUN
56903	41	1912	town	GEONOUN
56903	41	2002	town	GEONOUN
56903	41	2237	boat	GEONOUN
56903	41	2284	the Vistula-- Vistula River	PLACE
56903	41	2414	crossing	GEONOUN
56903	41	2476	river	GEONOUN
56903	41	2545	Hudson	CITY
56903	41	2611	bridge	GEONOUN
56903	41	2663	bridge	GEONOUN
56903	41	2736	the First World War	EVENT
56903	41	2799	bridge	GEONOUN
56903	41	2826	bridge	GEONOUN
56903	41	2920	town	GEONOUN
56903	41	3147	town	GEONOUN
56903	41	3182	parts	GEONOUN
56903	41	3573	reach	GEONOUN
56903	41	3665	a day	DATE
56903	41	3693	house	GEONOUN
56903	41	3914	town	GEONOUN
56903	41	3923	Zaklików	PLACE
56903	41	3958	town	GEONOUN
56903	41	4026	town	GEONOUN
56903	41	4103	basement	GEONOUN
56903	41	4222	an hour	TIME
56903	41	4577	town	GEONOUN
56903	41	4626	ground	GEONOUN
56903	41	4790	ground	GEONOUN
56903	41	4952	Poland	COUNTRY
56903	41	4967	the Bug River	PLACE
56903	41	5044	Lublin	CITY
56903	41	5113	Lublin	CITY
56903	41	5143	Lublin	CITY
56903	41	5223	Kielce	CITY
56903	41	5259	a couple more days	DATE
56903	44	39	the first days	DATE
56903	45	0	First couple weeks.	DATE
56903	47	33	Kielce	CITY
56903	47	64	a very short couple of weeks	DATE
56903	47	165	ghetto	GEONOUN
56903	47	262	town	GEONOUN
56903	47	268	Kielce	CITY
56903	47	521	Jewish	GEONOUN
56903	47	829	Kielce--	PLACE
56903	47	846	Kielce	CITY
56903	47	1081	two weeks	DATE
56903	47	1312	prison	GEONOUN
56903	47	1326	two weeks	DATE
56903	47	1950	the Eastern Poland	PLACE
56903	47	2283	Kielce	CITY
56903	47	2383	remarkable couple of days	DATE
56903	47	2436	Lwów	PLACE
56903	49	116	Kielce	CITY
56903	49	238	town	GEONOUN
56903	49	267	Early morning	TIME
56903	49	473	steps	GEONOUN
56903	49	495	house	GEONOUN
56903	50	31	ghetto	GEONOUN
56903	50	41	Kielce	CITY
56903	50	76	ghetto	GEONOUN
56903	50	178	Jewish	GEONOUN
56903	50	211	apartment	GEONOUN
56903	50	341	apartment	GEONOUN
56903	50	432	1941	DATE
56903	50	438	Germany	COUNTRY
56903	50	450	the Soviet Union	PLACE
56903	50	501	Soviet Union	PLACE
56903	50	781	Soviet Union	PLACE
56903	50	799	town	GEONOUN
56903	50	811	Sverdlovsk	PLACE
56903	50	862	Yekaterinburg	CITY
56903	50	1010	apartment	GEONOUN
56903	50	1031	apartment	GEONOUN
56903	50	1160	Israel	COUNTRY
56903	50	1377	ghetto	GEONOUN
56903	51	76	Germany	COUNTRY
56903	51	93	the Soviet Union	PLACE
56903	51	113	'41	DATE
56903	51	312	Ukraine	COUNTRY
56903	51	438	Poland	COUNTRY
56903	51	455	Kielce	CITY
56903	51	629	ghetto	GEONOUN
56903	51	702	August, 1942	DATE
56903	51	811	August, 1942	DATE
56903	51	847	ghetto	GEONOUN
56903	51	857	Kielce	CITY
56903	51	1219	plaza	GEONOUN
56903	51	1244	train	GEONOUN
56903	51	1496	train	GEONOUN
56903	51	1749	train	GEONOUN
56903	51	1885	ground	GEONOUN
56903	51	1991	Treblinka	PLACE
56903	52	11	Lwów	PLACE
56903	52	51	school	GEONOUN
56903	53	24	high school	GEONOUN
56903	53	645	area	GEONOUN
56903	54	166	Lwów	PLACE
56903	54	188	the Ukrainian Republic	PLACE
56903	54	335	Lwów	PLACE
56903	54	430	school	GEONOUN
56903	54	454	the Soviet Union	PLACE
56903	54	604	Poland	COUNTRY
56903	54	1428	school	GEONOUN
56903	54	1517	Lwów	PLACE
56903	54	1550	Lwów	PLACE
56903	54	1630	Donbas	PLACE
56903	54	1661	Donbas	PLACE
56903	54	1671	the Donetskij Basin--	PLACE
56903	54	1703	area	GEONOUN
56903	54	1711	coal mines	GEONOUN
56903	54	1805	coal mine	GEONOUN
56903	54	1845	land	GEONOUN
56903	54	2178	Lwów	PLACE
56903	54	2212	Poland	COUNTRY
56903	54	2262	Lwów	PLACE
56903	54	2371	the Soviet Union	PLACE
56903	54	2696	Soviet Union	PLACE
56903	54	3104	garden	GEONOUN
56903	55	4	garden	GEONOUN
56903	55	33	park	GEONOUN
56903	56	66	the early morning--	TIME
56903	56	86	3 o'clock, 4 o'clock	TIME
56903	56	214	garden	GEONOUN
56903	56	255	several nights	DATE
56903	56	362	that night	TIME
56903	56	449	railroad station	GEONOUN
56903	56	528	seven-week	DATE
56903	56	545	Seven or eight weeks	DATE
56903	56	610	Siberia	PLACE
56903	57	53	three weeks	DATE
56903	57	114	Ufa	CITY
56903	57	119	Ufa	CITY
56903	57	128	town	GEONOUN
56903	57	136	the Ural Mountains	PLACE
56903	57	177	Europe	CONTINENT
56903	57	199	Asia	CONTINENT
56903	57	334	station	GEONOUN
56903	57	528	ground	GEONOUN
56903	57	815	train	GEONOUN
56903	57	967	Novosibirsk	CITY
56903	57	1003	Chita	CITY
56903	57	1033	Irkutsk	CITY
56903	57	1135	Baikal	PLACE
56903	57	1210	railroad	GEONOUN
56903	57	1235	railroad	GEONOUN
56903	57	1313	Vladivostok	CITY
56903	57	1353	train	GEONOUN
56903	57	1409	train	GEONOUN
56903	57	1553	Yakutskaya Autonomous Region	PLACE
56903	57	2104	Lwów--	PLACE
56903	57	2111	Aldan	CITY
56903	57	2123	Aldan	CITY
56903	57	2225	settlement	GEONOUN
56903	57	2355	barracks	GEONOUN
56903	57	2733	barracks	GEONOUN
56903	57	2832	trees	GEONOUN
56903	57	3256	ground	GEONOUN
56903	57	3271	wood	GEONOUN
56903	57	3296	forest	GEONOUN
56903	57	3326	the winter	DATE
56903	57	3365	winter	DATE
56903	57	3435	foot	GEONOUN
56903	57	3453	foot	GEONOUN
56903	57	3471	foot	GEONOUN
56903	57	3655	stream	GEONOUN
56903	57	3686	stream	GEONOUN
56903	57	3881	stream	GEONOUN
56903	57	4276	the evening	TIME
56903	57	4499	the winter	DATE
56903	57	5140	a couple more days	DATE
56903	57	5188	another month	DATE
56903	58	158	fell	GEONOUN
56903	58	726	camp	GEONOUN
56903	59	49	forest trees	GEONOUN
56903	59	56	trees	GEONOUN
56903	59	108	fell	GEONOUN
56903	59	115	tree	GEONOUN
56903	59	308	tree	GEONOUN
56903	59	327	falls	GEONOUN
56903	59	535	gold mines	GEONOUN
56903	59	604	ceiling	GEONOUN
56903	59	806	forest	GEONOUN
56903	59	875	months	DATE
56903	59	1005	a minute	TIME
56903	59	1241	Siberia	PLACE
56903	60	227	Czechoslovakia	COUNTRY
56903	60	313	Poland	COUNTRY
56903	60	324	Lwów	PLACE
56903	60	844	Czechów--	PLACE
56903	60	854	Czechów	PLACE
56903	60	935	one year older	DATE
56903	60	1104	'	DATE
56903	60	1105	42	DATE
56903	60	1320	Germany	COUNTRY
56903	60	1348	the Soviet Union	PLACE
56903	60	1473	London	CITY
56903	60	1711	the Soviet Union--	PLACE
56903	60	1924	Lwów--	PLACE
56903	60	1931	Aldan	CITY
56903	60	1959	college	GEONOUN
56903	60	1985	high school	GEONOUN
56903	60	2028	college	GEONOUN
56903	60	2310	Aldan	CITY
56903	62	0	The Soviet Union--	PLACE
56903	62	25	school	GEONOUN
56903	63	102	factory	GEONOUN
56903	63	148	parts	GEONOUN
56903	63	185	gold mines	GEONOUN
56903	63	267	Siberia	PLACE
56903	63	318	wood	GEONOUN
56903	63	354	waste wood	GEONOUN
56903	63	360	wood	GEONOUN
56903	63	519	wood	GEONOUN
56903	63	957	wood	GEONOUN
56903	63	1043	hospital	GEONOUN
56903	63	1160	Next day	DATE
56903	63	1294	the Soviet Union	PLACE
56903	63	1500	labor camp	GEONOUN
56903	63	1514	Siberia	PLACE
56903	63	1611	forest	GEONOUN
56903	63	1628	chain	GEONOUN
56903	63	1639	tree	GEONOUN
56903	63	2108	labor camp	GEONOUN
56903	63	2296	labor camp	GEONOUN
56903	63	2361	camp	GEONOUN
56903	63	2385	half a day	DATE
56903	63	2437	labor camp	GEONOUN
56903	63	2501	forest	GEONOUN
56903	63	2512	taiga	PLACE
56903	63	2676	Siberia	PLACE
56903	63	2811	prison	GEONOUN
56903	63	2913	all day--	DATE
56903	63	2947	the whole night	TIME
56903	63	3127	Aldan	CITY
56903	63	3316	Kielce	CITY
56903	64	17	Aldan	CITY
56903	64	54	1943	DATE
56903	64	203	Poland	COUNTRY
56903	64	259	Russia	COUNTRY
56903	64	344	Stalingrad	PLACE
56903	64	451	Aldan--	PLACE
56903	64	566	Central Asia--	PLACE
56903	64	581	Kazakhstan	COUNTRY
56903	64	593	Uzbekistan	COUNTRY
56903	64	605	Kyrgyzstan	COUNTRY
56903	64	748	Central Asia--	PLACE
56903	64	975	train	GEONOUN
56903	64	997	a whole month	DATE
56903	64	1066	Novosibirsk	CITY
56903	64	1108	train	GEONOUN
56903	64	1117	Barnaul	CITY
56903	64	1156	Barnaul	CITY
56903	64	1183	Barnaul	CITY
56903	64	1252	Western Russia--	PLACE
56903	64	1277	Barnaul	CITY
56903	65	45	Moscow	CITY
56903	65	80	24 hours	TIME
56903	66	6	'46	DATE
56903	66	47	Poland	COUNTRY
56903	66	82	a year before	DATE
56903	66	214	Poland	COUNTRY
56903	66	461	Poland	COUNTRY
56903	67	90	train	GEONOUN
56903	67	159	Poland	COUNTRY
56903	67	375	Poland	COUNTRY
56903	67	409	Poland	COUNTRY
56903	67	431	Poland	COUNTRY
56903	67	500	station	GEONOUN
56903	67	535	Poland	COUNTRY
56903	67	594	salon	GEONOUN
56903	67	899	town	GEONOUN
56903	67	913	town	GEONOUN
56903	67	961	Bialystok	PLACE
56903	67	1065	town	GEONOUN
56903	67	1228	Poland	COUNTRY
56903	67	1395	Poland	COUNTRY
56903	68	82	Bialystok	PLACE
56903	68	131	train	GEONOUN
56903	68	334	train	GEONOUN
56903	68	395	town	GEONOUN
56903	68	407	Szczecin	CITY
56903	68	420	Stettin	PLACE
56903	68	457	town	GEONOUN
56903	68	481	the Soviet Union	PLACE
56903	68	501	Poland	COUNTRY
56903	68	534	territory the Soviet Union	GEONOUN
56903	68	544	the Soviet Union	PLACE
56903	68	571	Poland	COUNTRY
56903	68	597	territory	GEONOUN
56903	68	608	Poland	COUNTRY
56903	68	691	Szczecin	CITY
56903	68	726	town	GEONOUN
56903	68	860	room	GEONOUN
56903	68	904	the Soviet Union	PLACE
56903	68	930	Eastern Poland	PLACE
56903	68	983	house	GEONOUN
56903	68	1133	house	GEONOUN
56903	68	1142	house	GEONOUN
56903	68	1274	Jewish community	GEONOUN
56903	68	1281	community	GEONOUN
56903	68	1294	Lódz	PLACE
56903	68	1365	Lódz	PLACE
56903	68	1395	Lódz	PLACE
56903	68	1420	ghetto	GEONOUN
56903	68	1428	Balut	PLACE
56903	68	1478	ghetto	GEONOUN
56903	68	1519	apartments	GEONOUN
56903	68	1558	Balut	PLACE
56903	68	1973	Poland	COUNTRY
56903	68	2037	Poland	COUNTRY
56903	68	2531	the Soviet Union	PLACE
56903	68	3111	Kielce	CITY
56903	68	3134	town	GEONOUN
56903	68	3233	train	GEONOUN
56903	68	3416	a day--	DATE
56903	68	3632	fell	GEONOUN
56903	68	3703	Kielce--	PLACE
56903	68	3749	train	GEONOUN
56903	68	3759	July 4th, 1946	DATE
56903	68	3825	Lódz	PLACE
56903	68	3833	Kielce	CITY
56903	68	3883	Kielce	CITY
56903	68	3893	the morning--	TIME
56903	68	3910	the morning	TIME
56903	68	4060	Planty Street	PLACE
56903	68	4121	Planty	PLACE
56903	68	4289	town	GEONOUN
56903	68	4333	early in the morning	TIME
56903	68	4394	main street	GEONOUN
56903	68	4442	market	GEONOUN
56903	68	4478	parts	GEONOUN
56903	68	4569	Planty	PLACE
56903	68	4595	Planty	PLACE
56903	70	389	house	GEONOUN
56903	70	708	house	GEONOUN
56903	70	853	windows	GEONOUN
56903	70	941	room	GEONOUN
56903	70	1147	room	GEONOUN
56903	70	1399	room	GEONOUN
56903	70	1419	room	GEONOUN
56903	70	1455	downstairs	GEONOUN
56903	70	2303	plaza	GEONOUN
56903	70	2593	stair	GEONOUN
56903	70	2862	ground	GEONOUN
56903	70	3020	ground	GEONOUN
56903	70	3130	hospital	GEONOUN
56903	70	3150	Alexandre	PLACE
56903	70	3185	block	GEONOUN
56903	70	3296	hospital	GEONOUN
56903	70	3346	half a day	DATE
56903	70	3737	hospital	GEONOUN
56903	70	3749	Lódz	PLACE
56903	70	3771	hospital	GEONOUN
56903	70	3783	Lódz	PLACE
56903	71	57	Kielce	CITY
56903	71	160	Lódz	PLACE
56903	71	367	hospital	GEONOUN
56903	71	676	hospital	GEONOUN
56903	71	694	hospital	GEONOUN
56903	71	835	camp	GEONOUN
56903	71	843	Silesia	PLACE
56903	71	865	Wroclaw	CAMP
56903	72	21	camp	GEONOUN
56903	72	76	camp	GEONOUN
56903	72	211	Palestine	CITY
56903	72	272	the United States	COUNTRY
56903	72	341	Kielce	CITY
56903	72	561	Kielce	CITY
56903	72	731	many, many years	DATE
56903	72	826	Poland	COUNTRY
56903	72	927	Auschwitz	CAMP
56903	72	991	New York	US-STATE
56903	72	1150	camp	GEONOUN
56903	72	1158	Zeilsheim	PLACE
56903	72	1169	Germany	COUNTRY
56903	73	3	1947	DATE
56903	73	55	the end of '46	DATE
56903	73	94	'46	DATE
56903	73	173	Auschwitz	CAMP
56903	73	216	train	GEONOUN
56903	73	227	Frankfurt	PLACE
56903	73	257	Jewish	GEONOUN
56903	73	464	Vienna	CITY
56903	73	476	Vienna	CITY
56903	73	549	Salzburg	CITY
56903	73	584	Landshut--	PLACE
56903	73	635	Kielce--	PLACE
56903	73	654	Zeilsheim	PLACE
56903	73	687	Zeilsheim	PLACE
56903	73	737	the year	DATE
56903	73	810	train	GEONOUN
56903	73	819	windows	GEONOUN
56903	73	858	windows	GEONOUN
56903	73	977	Zeilsheim	PLACE
56903	73	1084	Russia	COUNTRY
56903	73	1123	the United States	COUNTRY
56903	73	1218	Russia	COUNTRY
56903	73	1300	Russia	COUNTRY
56903	74	30	houses	GEONOUN
56903	74	172	room	GEONOUN
56903	74	218	zone	GEONOUN
56903	74	251	room	GEONOUN
56903	74	378	room	GEONOUN
56903	75	108	Auschwitz	CAMP
56903	75	198	pass	GEONOUN
56903	78	250	school	GEONOUN
56903	79	129	Frankfurt	PLACE
56903	80	67	United States	COUNTRY
56903	80	190	Zeilsheim	PLACE
56903	80	390	France	COUNTRY
56903	81	92	several weeks	DATE
56903	81	541	labor camp	GEONOUN
56903	81	647	today	DATE
56903	81	657	yesterday	DATE
56903	81	850	Treblinka	PLACE
56903	81	1154	school	GEONOUN
56903	81	1268	1970-- Regina	DATE
56903	81	1307	2015	DATE
56903	81	1372	house	GEONOUN
56903	81	1381	Ghent--	PLACE
56903	82	0	August 18, 1948	DATE
56903	82	34	camp	GEONOUN
56903	82	72	Bremen	CITY
56903	82	333	States	PLACE
56903	82	343	Europe	CONTINENT
56903	82	500	boat	GEONOUN
56903	82	514	'48	DATE
56903	82	544	New York	US-STATE
56903	82	594	Halifax	CITY
56903	82	803	Poland	COUNTRY
56903	82	1011	street	GEONOUN
56903	82	1198	the United States	COUNTRY
56903	82	1382	United States	COUNTRY
56903	82	1403	New York	US-STATE
56903	82	1420	the East Side	PLACE
56903	82	1438	the West Side--	PLACE
56903	82	1466	Fifth Avenue	PLACE
56903	82	1480	East Side	PLACE
56903	82	1491	West Side	PLACE
56903	84	79	US	PLACE
56903	84	242	Poland	COUNTRY
56903	84	313	Palestine	CITY
56903	85	0	1948	DATE
56903	86	7	States	PLACE
56903	86	318	some years	DATE
56903	88	67	Israel	COUNTRY
56903	90	76	Poland	COUNTRY
56903	90	194	factory	GEONOUN
56903	90	331	property	GEONOUN
56903	93	75	1948	DATE
56903	93	119	the United States--	PLACE
56903	93	174	three years	DATE
56903	93	319	Europe	CONTINENT
56903	93	672	the United States	COUNTRY
56903	93	831	Brooklyn	CITY
56903	93	941	the Soviet Union	PLACE
56903	93	2213	China	COUNTRY
56903	95	54	7:30	TIME
56903	96	28	a day	DATE
56903	98	60	Lwów	PLACE
56903	98	92	1940	DATE
56903	98	253	house	GEONOUN
56903	98	383	Finland	COUNTRY
56903	98	596	the Soviet Union	PLACE
56903	101	164	United States	COUNTRY
56903	101	340	plaza	GEONOUN
56903	101	353	street	GEONOUN
56903	101	363	the Soviet Union	PLACE
56903	101	494	Only yesterday	DATE
56903	101	647	Soviet Union	PLACE
56903	102	119	1939	DATE
56903	102	167	school	GEONOUN
56903	102	235	Barnaul	CITY
56903	102	642	the Soviet Union--	PLACE
56903	102	710	the United States	COUNTRY
56903	102	776	market	GEONOUN
56903	102	795	Zeilsheim	PLACE
56903	102	929	1947	DATE
56903	105	723	about 14	DATE
56903	105	733	15	DATE
56903	105	759	Warsaw	CITY
56903	105	816	opera	GEONOUN
56903	105	988	the Soviet Union	PLACE
56903	105	1008	1943	DATE
56903	105	1541	19-- 2014	DATE
56903	105	1968	corner	GEONOUN
56903	105	2221	school	GEONOUN
56903	105	2246	New York	US-STATE
56903	105	2309	Lincoln Center	PLACE
56903	105	2325	Broadway	PLACE
56903	105	2338	62nd Street	PLACE
56903	106	50	the Lincoln Center--	PLACE
56903	106	71	Broadway	PLACE
56903	106	84	62nd Street	PLACE
56903	106	106	entrance	GEONOUN
56903	106	123	Broadway	PLACE
56903	106	190	corner	GEONOUN
56903	106	214	Broadway	PLACE
56903	106	227	Columbus	CITY
56903	106	277	narrow entrance	GEONOUN
56903	106	284	entrance	GEONOUN
56903	106	721	a minute	TIME
56903	106	1726	school	GEONOUN
56903	106	1744	school	GEONOUN
56903	110	64	12	DATE
56903	110	71	2014	DATE
56903	110	209	school	GEONOUN
56903	110	424	South Bronx	PLACE
56903	110	474	Bronx	PLACE
56903	110	549	the Grand Concourse	PLACE
56903	110	722	school	GEONOUN
56903	110	773	corridor	GEONOUN
56903	110	791	school	GEONOUN
56903	110	828	room	GEONOUN
56903	110	914	room	GEONOUN
56903	110	1260	neck	GEONOUN
56903	111	494	1948	DATE
56903	111	663	Siberia	PLACE
56903	111	714	States	PLACE
56903	111	1047	brownstone	GEONOUN
56903	111	1061	the West Side	PLACE
56903	114	412	school	GEONOUN
56903	114	659	Less than a week ago	DATE
56903	115	2058	tomorrow	DATE
56903	115	2399	Saturday	DATE
56903	115	2469	brownstone	GEONOUN
56903	115	2776	apartment	GEONOUN
56903	115	2900	three, four months--	DATE
56903	115	3393	every week	DATE
56903	115	3719	1985	DATE
56903	115	3747	1948	DATE
56903	115	3768	the United States	COUNTRY
56903	115	4831	every Sunday	DATE
56903	115	4902	apartment	GEONOUN
56903	115	5084	a couple days ago	DATE
56903	115	5135	just a couple days ago	DATE
56903	115	5333	ghetto	GEONOUN
56903	115	5413	August 1942	DATE
56903	116	3	Treblinka	PLACE
56903	121	531	holidays	DATE
56903	121	649	1930	DATE
56903	121	663	'29	DATE
56903	121	675	'30	DATE
56903	122	37	Zeilsheim	PLACE
56903	122	95	'47	DATE
56903	122	125	early '48	DATE
56903	122	190	Zeilsheim	PLACE
56903	122	285	Jewish	GEONOUN
56903	125	65	Romania	COUNTRY
56903	125	118	the United States	COUNTRY
56903	125	204	1926	DATE
56903	125	236	States	PLACE
56903	125	463	States	PLACE
56903	125	659	town	GEONOUN
56903	125	673	today	DATE
56903	125	695	Ukraine	COUNTRY
56903	125	727	Romania	COUNTRY
56903	125	742	Hungary	COUNTRY
56903	127	120	school	GEONOUN
56903	127	403	school year	GEONOUN
56903	127	410	year	DATE
56903	127	493	house	GEONOUN
56903	127	510	Ghent	PLACE
56903	127	609	One weekend	DATE
56903	127	718	the weekend	DATE
56903	127	912	school	GEONOUN
56903	127	1145	house	GEONOUN
56903	127	1222	garage	GEONOUN
56903	127	1263	house	GEONOUN
56903	127	1382	roof	GEONOUN
56903	127	1418	roof	GEONOUN
56903	127	1473	school	GEONOUN
56903	127	1610	foot	GEONOUN
56903	127	2151	tomorrow	DATE
56903	127	2224	building	GEONOUN
56903	127	2254	farm	GEONOUN
56903	127	2382	Ghent	PLACE
56903	127	2573	New York City	CITY
56903	127	2591	23rd Street	PLACE
56903	127	3010	roof	GEONOUN
56903	127	3480	entrance	GEONOUN
56903	127	3496	apartment	GEONOUN
56903	127	3687	apartment	GEONOUN
