FileID	AnswerID	StartCharPos	Entity	Type
56977	0	24	Tunis	CITY
56977	0	31	June 10, 1936	DATE
56977	3	16	Tunisia	COUNTRY
56977	3	82	Leghorn	PLACE
56977	3	99	Livorno	CITY
56977	6	61	the age of 19	DATE
56977	7	355	school	GEONOUN
56977	7	389	the age of 12	DATE
56977	7	406	13	DATE
56977	7	435	one year	DATE
56977	7	469	school	GEONOUN
56977	7	484	the age of 13	DATE
56977	7	519	school	GEONOUN
56977	9	111	Tunisia	COUNTRY
56977	9	217	city	GEONOUN
56977	9	225	Tunis	CITY
56977	9	490	the 1860s	DATE
56977	9	559	Tunisia	COUNTRY
56977	9	585	tile	GEONOUN
56977	9	600	Tunis	CITY
56977	9	654	Tunisia	COUNTRY
56977	9	687	Naples	CITY
56977	9	703	Italy	COUNTRY
56977	9	1151	bar	GEONOUN
56977	9	1233	bar	GEONOUN
56977	12	65	passage	GEONOUN
56977	13	67	France	COUNTRY
56977	13	88	Iraq	COUNTRY
56977	13	97	Baghdad	CITY
56977	13	136	Florida	US-STATE
56977	13	168	1929	DATE
56977	13	174	1929	DATE
56977	14	34	1966	DATE
56977	16	91	Tunis	CITY
56977	16	372	Nigeria	COUNTRY
56977	17	46	Tunisia	COUNTRY
56977	18	81	Tunisia	COUNTRY
56977	18	122	palace	GEONOUN
56977	18	132	Carthage	CITY
56977	18	147	palace	GEONOUN
56977	18	164	Skanes	CITY
56977	21	41	1966	DATE
56977	21	93	country	GEONOUN
56977	23	46	Jewish	GEONOUN
56977	23	102	ghetto	GEONOUN
56977	23	123	ghetto	GEONOUN
56977	23	198	walls	GEONOUN
56977	23	211	Medina	CITY
56977	23	227	city	GEONOUN
56977	23	294	Jewish	GEONOUN
56977	23	364	synagogue	GEONOUN
56977	24	59	Jewish	GEONOUN
56977	24	94	Kartel	PLACE
56977	24	104	Lafayette	CITY
56977	25	22	40 years	DATE
56977	25	99	Lafayette	CITY
56977	25	112	Tunisia	COUNTRY
56977	26	104	synagogue	GEONOUN
56977	26	128	Saturday	DATE
56977	28	164	Friday	DATE
56977	28	171	evening	TIME
56977	28	197	Shabbos	DATE
56977	28	230	Jewish	GEONOUN
56977	28	454	Shabbos	DATE
56977	28	469	house	GEONOUN
56977	36	64	synagogue	GEONOUN
56977	36	80	bar	GEONOUN
56977	37	54	Jewish	GEONOUN
56977	37	134	Jewish	GEONOUN
56977	38	35	France	COUNTRY
56977	39	3	Tunisia	COUNTRY
56977	46	36	the summer--	DATE
56977	46	110	the summer	DATE
56977	46	183	beach houses	GEONOUN
56977	46	189	houses	GEONOUN
56977	46	235	train	GEONOUN
56977	48	50	train station	GEONOUN
56977	49	54	high school	GEONOUN
56977	51	26	'52, '53	DATE
56977	51	36	1952	DATE
56977	51	42	'53	DATE
56977	51	121	'52, '53	DATE
56977	51	131	Tunisia	COUNTRY
56977	51	159	'54	DATE
56977	51	181	two years later	DATE
56977	51	200	1956	DATE
56977	56	32	Algeria	COUNTRY
56977	57	19	Tunisia	COUNTRY
56977	57	150	Algeria	COUNTRY
56977	58	78	1929	DATE
56977	58	96	one year later	DATE
56977	61	195	Avenue Jules-Ferry	PLACE
56977	61	226	Avenue Bourguiba--	PLACE
56977	62	21	Tunisia	COUNTRY
56977	65	225	the age of five	DATE
56977	66	119	France	COUNTRY
56977	66	137	Concorde	PLACE
56977	66	162	Paris	CITY
56977	66	177	a full year	DATE
56977	66	375	factory	GEONOUN
56977	67	176	high school	GEONOUN
56977	67	232	factory	GEONOUN
56977	67	423	seven years	DATE
56977	70	14	Paris	CITY
56977	70	41	five years	DATE
56977	70	138	Tunisia	COUNTRY
56977	71	45	five years	DATE
56977	71	74	Tunisia	COUNTRY
56977	71	508	Tunisia	COUNTRY
56977	71	549	school	GEONOUN
56977	71	568	school	GEONOUN
56977	71	1013	school	GEONOUN
56977	71	1141	Jewish	GEONOUN
56977	72	329	Bizerte	CITY
56977	72	338	1961	DATE
56977	72	405	1965	DATE
56977	72	521	France	COUNTRY
56977	74	73	school	GEONOUN
56977	75	31	'42	DATE
56977	75	54	school	GEONOUN
56977	75	64	'42	DATE
56977	75	101	the first year	DATE
56977	75	119	school	GEONOUN
56977	75	163	the summer of '42	DATE
56977	75	258	beach	GEONOUN
56977	75	385	that year	DATE
56977	75	779	every summer	DATE
56977	75	920	Europe	CONTINENT
56977	75	931	Europe	CONTINENT
56977	75	1054	the Casa [?	PLACE
56977	75	1107	Santa Barbara	CITY
56977	75	1124	California	US-STATE
56977	75	1181	Santa Barbara	CITY
56977	75	1218	architects	GEONOUN
56977	75	1236	area	GEONOUN
56977	75	1245	years	DATE
56977	75	1332	architects	GEONOUN
56977	75	1412	Spain	COUNTRY
56977	75	1455	woodwork	GEONOUN
56977	75	1510	Tunis	CITY
56977	75	1566	several years	DATE
56977	75	1675	July, 1940	DATE
56977	75	1687	just one month	DATE
56977	75	1832	About 11 years ago	DATE
56977	75	1922	house	GEONOUN
56977	75	2080	fell	GEONOUN
56977	75	2139	France	COUNTRY
56977	75	2224	Tunisia	COUNTRY
56977	75	2272	States	PLACE
56977	75	2537	July	DATE
56977	75	2597	April	DATE
56977	75	2675	architects	GEONOUN
56977	75	3081	concentration camps	GEONOUN
56977	75	3140	camps	GEONOUN
56977	75	3166	concentration camps	GEONOUN
56977	75	3189	Germany	COUNTRY
56977	75	3204	Poland	COUNTRY
56977	75	3311	Tunisia	COUNTRY
56977	76	5	America	COUNTRY
56977	76	144	May	DATE
56977	76	151	Tunisia	COUNTRY
56977	76	267	America	COUNTRY
56977	76	321	America	COUNTRY
56977	77	18	Tunisia	COUNTRY
56977	77	53	'42, '43	DATE
56977	77	63	the academic year of '42, '43	DATE
56977	77	361	Sousse	CITY
56977	77	369	Tunis	CITY
56977	77	376	Bizerte	CITY
56977	77	417	camps	GEONOUN
56977	77	456	Jewish	GEONOUN
56977	77	481	8 to 4 o'clock	TIME
56977	77	510	parts	GEONOUN
56977	77	763	January and February '43	DATE
56977	77	819	camp	GEONOUN
56977	77	834	camp	GEONOUN
56977	77	876	camp	GEONOUN
56977	77	1041	Tunis	CITY
56977	77	1075	Bizerte	CITY
56977	77	1115	city	GEONOUN
56977	77	1162	Tunis	CITY
56977	77	1195	airport	GEONOUN
56977	77	1217	airport	GEONOUN
56977	77	1251	fell	GEONOUN
56977	77	1409	almost every day	DATE
56977	77	1464	train station	GEONOUN
56977	77	1559	two or three days	DATE
56977	78	251	1923	DATE
56977	78	274	20	DATE
56977	78	296	camp	GEONOUN
56977	78	306	Sousse	CITY
56977	78	420	Jewish	GEONOUN
56977	78	889	Tunis	CITY
56977	78	930	carriage	GEONOUN
56977	78	1220	Tunis	CITY
56977	81	120	a few hours	TIME
56977	81	148	train	GEONOUN
56977	81	187	Tunis	CITY
56977	81	196	Bizerte	CITY
56977	81	364	cemetery	GEONOUN
56977	81	376	Tunis	CITY
56977	82	42	Algiers	CITY
56977	82	222	Europe	CONTINENT
56977	82	651	downstairs	GEONOUN
56977	83	23	downstairs	GEONOUN
56977	84	16	Tunisia	COUNTRY
56977	84	82	Bizerte	CITY
56977	84	126	airport	GEONOUN
56977	84	207	Sousse	CITY
56977	84	228	port	GEONOUN
56977	85	67	Tunis	CITY
56977	85	81	port	GEONOUN
56977	85	89	Tunis	CITY
56977	85	131	camps	GEONOUN
56977	85	140	Tunisia	COUNTRY
56977	85	264	Algeria	COUNTRY
56977	85	318	camps	GEONOUN
56977	85	471	camps	GEONOUN
56977	85	555	camps	GEONOUN
56977	85	605	Algeria	COUNTRY
56977	85	628	Sahara	PLACE
56977	86	29	Morocco	COUNTRY
56977	86	116	camps	GEONOUN
56977	87	18	Germany	COUNTRY
56977	87	27	Berlin	CITY
56977	87	65	Holland	CITY
56977	87	79	Holland	CITY
56977	87	100	Morocco	COUNTRY
56977	87	197	concentration camps	GEONOUN
56977	87	233	school	GEONOUN
56977	87	279	school	GEONOUN
56977	87	383	North Africa	PLACE
56977	87	399	May, '43	DATE
56977	87	413	camps	GEONOUN
56977	89	70	Paris	CITY
56977	89	180	France	COUNTRY
56977	91	45	Tunisia	COUNTRY
56977	91	61	the five years	DATE
56977	91	87	Tunisia	COUNTRY
56977	91	237	country	GEONOUN
56977	91	400	'65	DATE
56977	91	428	Tunisia	COUNTRY
56977	91	556	France	COUNTRY
56977	91	564	France	COUNTRY
56977	91	582	country	GEONOUN
56977	91	613	the years	DATE
56977	91	656	the Algerian War	EVENT
56977	91	728	Algeria	COUNTRY
56977	91	903	France	COUNTRY
56977	91	933	country	GEONOUN
56977	91	1006	country	GEONOUN
56977	92	21	Paris	CITY
56977	92	28	Tunisia	COUNTRY
56977	92	55	country	GEONOUN
56977	92	78	country	GEONOUN
56977	92	114	France	COUNTRY
56977	92	146	France	COUNTRY
56977	92	212	North Africa	PLACE
56977	92	264	North Africa	PLACE
56977	92	310	Algeria	COUNTRY
56977	92	339	'69	DATE
56977	92	400	eight years	DATE
56977	92	417	eight years later	DATE
56977	92	575	France	COUNTRY
56977	92	716	North Africa	PLACE
56977	92	1075	North Africa	PLACE
56977	92	1096	Mediterranean	PLACE
56977	92	1859	'76, '77	DATE
56977	92	1878	the same year	DATE
56977	92	2024	school	GEONOUN
56977	92	2125	North Africa	PLACE
56977	92	2511	the whole year	DATE
56977	92	2635	Djerba	PLACE
56977	92	2643	Tunisia	COUNTRY
56977	92	2664	Jewish community	GEONOUN
56977	92	2671	community	GEONOUN
56977	92	2764	Winnipeg	CITY
56977	92	2830	'78, '79, '80	DATE
56977	92	2852	field	GEONOUN
56977	92	2866	Djerba	PLACE
56977	92	3208	Paris	CITY
56977	92	3221	the French Revolution	EVENT
56977	92	3511	several years	DATE
56977	92	3840	Paris	CITY
56977	92	3911	Trieste	CITY
56977	92	3954	Trieste	CITY
56977	92	4016	Germany	COUNTRY
56977	92	4135	Tunisia	COUNTRY
56977	92	4212	20 years	DATE
56977	92	4276	Tunisia	COUNTRY
56977	92	4629	council	GEONOUN
56977	92	4667	1840, '41	DATE
56977	92	4935	Algeria	COUNTRY
56977	92	4978	Algeria	COUNTRY
56977	92	5009	Algeria	COUNTRY
56977	92	5067	1962	DATE
56977	92	5089	Algeria	COUNTRY
56977	94	35	France	COUNTRY
56977	94	58	Shoah	EVENT
56977	94	357	Auschwitz	CAMP
56977	94	465	a few years	DATE
56977	94	511	France	COUNTRY
56977	94	639	school	GEONOUN
56977	94	689	Jewish	GEONOUN
56977	94	990	2004	DATE
56977	94	1696	several years	DATE
56977	94	1860	state	GEONOUN
56977	94	2128	Algeria	COUNTRY
56977	94	2169	Algeria	COUNTRY
56977	94	2292	2015	DATE
56977	95	24	three years ago	DATE
56977	95	78	last May	DATE
56977	95	557	museum	GEONOUN
56977	95	593	Philadelphia	CITY
56977	95	610	New York	US-STATE
56977	95	629	Jewish	GEONOUN
56977	95	709	Morocco	COUNTRY
56977	95	744	country	GEONOUN
56977	95	785	Jewish	GEONOUN
56977	96	7	Morocco	COUNTRY
56977	97	152	museum	GEONOUN
56977	97	435	Jewish	GEONOUN
56977	97	653	yesterday	DATE
56977	97	697	Grenoble	CITY
56977	97	730	Jewish	GEONOUN
56977	97	747	Paris	CITY
56977	97	1068	museum	GEONOUN
56977	102	98	several years ago	DATE
56977	102	153	parts	GEONOUN
56977	102	490	museum	GEONOUN
56977	103	26	museum	GEONOUN
56977	103	109	ministry	GEONOUN
56977	103	228	Jewish	GEONOUN
56977	103	283	country	GEONOUN
56977	103	535	country	GEONOUN
56977	103	563	complex	GEONOUN
56977	103	592	millenniums	DATE
56977	103	707	18th, 19th century	DATE
56977	107	111	North Africa	PLACE
56977	107	131	Europe	CONTINENT
56977	107	233	Libya	COUNTRY
56977	107	242	Tunisia	COUNTRY
56977	107	251	Algeria	COUNTRY
56977	107	264	Morocco	COUNTRY
56977	107	306	Tunisia	COUNTRY
56977	107	355	Tunisia	COUNTRY
56977	107	389	a few months	DATE
56977	107	437	sea	GEONOUN
56977	107	453	the autumn of 1942	DATE
56977	107	496	May '43	DATE
56977	107	530	sea	GEONOUN
56977	107	596	camps	GEONOUN
56977	107	645	concentration camps	GEONOUN
56977	107	672	camps	GEONOUN
56977	107	882	France	COUNTRY
56977	107	1014	France	COUNTRY
56977	107	1208	turning point	GEONOUN
56977	108	90	camps	GEONOUN
56977	108	175	Europe	CONTINENT
56977	108	193	Germany	COUNTRY
56977	108	221	Algeria	COUNTRY
56977	108	236	Morocco	COUNTRY
56977	108	306	concentration camps	GEONOUN
56977	108	339	Algeria	COUNTRY
56977	108	364	camps	GEONOUN
56977	111	41	Algeria	COUNTRY
56977	111	69	the 1830s	DATE
56977	111	96	Tunisia	COUNTRY
56977	111	107	the end of the 19th century	DATE
56977	111	201	France	COUNTRY
56977	111	219	France	COUNTRY
56977	111	435	Paris	CITY
56977	111	442	le Marais	PLACE
56977	111	480	Europe	CONTINENT
56977	111	650	Auschwitz	CAMP
56977	111	670	camps	GEONOUN
56977	111	745	Paris	CITY
56977	111	751	a few years ago--	DATE
56977	111	837	Constantine	CITY
56977	111	858	Algeria	COUNTRY
56977	111	1101	Auschwitz	CAMP
56977	111	1202	North Africa	PLACE
56977	111	1261	Algiers	CITY
56977	111	1316	France	COUNTRY
56977	113	81	metropolis	GEONOUN
56977	113	98	France	COUNTRY
56977	113	161	Marseilles	PLACE
56977	113	175	Lyon	CITY
56977	113	251	Marseilles	PLACE
56977	117	3	Algeria	COUNTRY
56977	118	3	Algeria	COUNTRY
56977	118	31	the 19th century	DATE
56977	118	228	colony	GEONOUN
56977	118	335	Jewish	GEONOUN
56977	118	351	Algiers	CITY
56977	118	363	Oran	CITY
56977	118	408	windows	GEONOUN
56977	118	729	France	COUNTRY
56977	118	819	Algeria	COUNTRY
56977	118	1107	cinema	GEONOUN
56977	118	1207	Jewish community	GEONOUN
56977	118	1214	community	GEONOUN
56977	118	1339	school	GEONOUN
56977	118	1566	Algeria	COUNTRY
56977	118	1595	affluent	GEONOUN
56977	118	1650	Algiers	CITY
56977	118	1720	school	GEONOUN
56977	118	1974	Algeria	COUNTRY
