FileID	AnswerID	StartCharPos	Entity	Type
57208	0	34	three-months-old	DATE
57208	5	64	wilderness	GEONOUN
57208	8	51	16-years-old	DATE
57208	17	56	university	GEONOUN
57208	17	70	Zhitomir	PLACE
57208	19	139	wintertime	DATE
57208	19	221	Ukraine	COUNTRY
57208	19	260	winters	DATE
57208	20	27	the year 1960	DATE
57208	21	80	university	GEONOUN
57208	21	98	city Zhitomir	GEONOUN
57208	21	103	Zhitomir	PLACE
57208	22	18	1952	DATE
57208	26	30	Israel	COUNTRY
57208	26	41	1986	DATE
57208	26	80	Israel	COUNTRY
57208	36	25	Romanov	PLACE
57208	36	34	Ukraine	COUNTRY
57208	37	7	the last day in January-- January 31st, 1931	DATE
57208	38	6	today	DATE
57208	38	13	88-years-old	DATE
57208	39	33	Romanov	PLACE
57208	41	12	city	GEONOUN
57208	41	21	Zhitomir	PLACE
57208	41	38	region	GEONOUN
57208	43	0	Ukraine	COUNTRY
57208	46	10	Jewish	GEONOUN
57208	47	53	Ukraine	COUNTRY
57208	47	161	market	GEONOUN
57208	47	171	Sundays	DATE
57208	48	45	Jewish	GEONOUN
57208	49	21	Romanov	PLACE
57208	50	13	October 16	DATE
57208	50	48	1912	DATE
57208	51	8	Ukraine	COUNTRY
57208	51	17	Ukraine	COUNTRY
57208	52	63	Jewish	GEONOUN
57208	52	93	Shabbat	DATE
57208	53	77	2-years-old	DATE
57208	53	115	4-years-old	DATE
57208	53	395	apartment	GEONOUN
57208	55	189	the next day	DATE
57208	57	34	Zolochiv	CITY
57208	60	43	house	GEONOUN
57208	60	153	room	GEONOUN
57208	60	352	Romanov	PLACE
57208	60	399	city	GEONOUN
57208	60	551	Saturdays	DATE
57208	60	967	Shabbat	DATE
57208	60	1030	Shabbat	DATE
57208	62	15	Zolochiv	CITY
57208	63	21	1910	DATE
57208	63	215	today	DATE
57208	66	116	Jewish	GEONOUN
57208	66	169	a few days	DATE
57208	66	396	today	DATE
57208	66	473	Kiev	PLACE
57208	66	483	capital	GEONOUN
57208	66	494	Ukraine	COUNTRY
57208	66	514	train	GEONOUN
57208	70	116	fell	GEONOUN
57208	72	77	school	GEONOUN
57208	72	125	seven years	DATE
57208	72	142	school	GEONOUN
57208	72	159	September	DATE
57208	72	185	January 31st	DATE
57208	72	229	school	GEONOUN
57208	72	302	school	GEONOUN
57208	72	442	school	GEONOUN
57208	72	496	school	GEONOUN
57208	72	532	school	GEONOUN
57208	73	19	school	GEONOUN
57208	73	94	school	GEONOUN
57208	73	136	the first year	DATE
57208	74	49	rooms	GEONOUN
57208	74	85	house	GEONOUN
57208	74	102	house	GEONOUN
57208	74	187	wood	GEONOUN
57208	74	205	room	GEONOUN
57208	74	258	room	GEONOUN
57208	74	388	a year	DATE
57208	74	396	a year and a half--	DATE
57208	74	477	the night	TIME
57208	74	572	all night	TIME
57208	75	96	apartment	GEONOUN
57208	75	249	close to two years	DATE
57208	75	354	sill	GEONOUN
57208	76	29	town	GEONOUN
57208	76	169	restaurant	GEONOUN
57208	76	281	apartment	GEONOUN
57208	76	339	room apartments	GEONOUN
57208	76	344	apartments	GEONOUN
57208	76	398	maybe two years	DATE
57208	76	483	room	GEONOUN
57208	79	14	Jewish	GEONOUN
57208	80	14	Jewish	GEONOUN
57208	80	74	Hanukkah	DATE
57208	80	227	Hanukkah	DATE
57208	80	309	windowsill	GEONOUN
57208	81	123	day	DATE
57208	84	33	school	GEONOUN
57208	84	93	every morning	TIME
57208	84	142	Shabbat	DATE
57208	84	151	Friday	DATE
57208	84	509	Friday	DATE
57208	84	516	evening	TIME
57208	85	130	apartments	GEONOUN
57208	87	23	Jewish	GEONOUN
57208	87	78	Jewish	GEONOUN
57208	90	39	market	GEONOUN
57208	92	201	winter	DATE
57208	92	284	winter	DATE
57208	92	482	Canada	COUNTRY
57208	92	536	Years ago	DATE
57208	92	664	Jewish	GEONOUN
57208	93	186	pantry	GEONOUN
57208	93	209	cellar	GEONOUN
57208	93	266	wood	GEONOUN
57208	93	355	cellar	GEONOUN
57208	95	270	Jewish	GEONOUN
57208	95	317	States	PLACE
57208	97	30	synagogue	GEONOUN
57208	97	45	synagogue	GEONOUN
57208	97	223	Berditchev	PLACE
57208	97	243	220 years before	DATE
57208	97	285	today	DATE
57208	97	369	synagogue	GEONOUN
57208	97	496	synagogue	GEONOUN
57208	98	6	Jewish	GEONOUN
57208	99	39	Shabbat	DATE
57208	99	68	Shabbat	DATE
57208	99	548	America	COUNTRY
57208	100	192	Jewish	GEONOUN
57208	100	274	Jewish	GEONOUN
57208	100	364	school	GEONOUN
57208	100	432	Jewish	GEONOUN
57208	103	142	community	GEONOUN
57208	104	37	Jewish community	GEONOUN
57208	104	44	community	GEONOUN
57208	104	135	community	GEONOUN
57208	104	153	synagogue	GEONOUN
57208	104	172	synagogue	GEONOUN
57208	104	193	only Friday evening and	DATE
57208	104	217	Saturday	DATE
57208	104	226	morning	TIME
57208	107	55	synagogue	GEONOUN
57208	107	75	synagogue	GEONOUN
57208	107	90	synagogue	GEONOUN
57208	107	125	theater	GEONOUN
57208	107	207	shed	GEONOUN
57208	107	246	shed	GEONOUN
57208	107	329	downstairs	GEONOUN
57208	107	345	synagogue	GEONOUN
57208	107	377	Jewish	GEONOUN
57208	107	526	synagogue	GEONOUN
57208	107	588	holy days	DATE
57208	107	613	evening	TIME
57208	107	622	Saturday	DATE
57208	107	631	mornings	TIME
57208	111	41	the Soviet Union	PLACE
57208	111	109	synagogue	GEONOUN
57208	111	152	Jewish	GEONOUN
57208	111	226	Jewish	GEONOUN
57208	112	4	Jewish	GEONOUN
57208	113	123	two hours	TIME
57208	116	11	1938	DATE
57208	116	78	West	PLACE
57208	116	126	Poland	COUNTRY
57208	116	166	the year and a half	DATE
57208	116	207	community	GEONOUN
57208	117	58	school	GEONOUN
57208	118	63	22nd of June	DATE
57208	118	80	4 o'clock	TIME
57208	118	93	Moscow	CITY
57208	118	435	crossing	GEONOUN
57208	118	623	Romanov	PLACE
57208	118	652	cellar	GEONOUN
57208	118	809	basement	GEONOUN
57208	118	826	cellar	GEONOUN
57208	118	899	a day	DATE
57208	118	952	cellar	GEONOUN
57208	118	1279	building	GEONOUN
57208	119	43	Next day	DATE
57208	119	150	Jewish	GEONOUN
57208	119	253	backyard	GEONOUN
57208	119	479	Jewish	GEONOUN
57208	119	543	Jewish	GEONOUN
57208	119	640	Jewish	GEONOUN
57208	119	749	camps	GEONOUN
57208	119	756	Jewish	GEONOUN
57208	119	851	Ukraine	COUNTRY
57208	119	860	Jewish	GEONOUN
57208	119	1109	store	GEONOUN
57208	119	1215	school	GEONOUN
57208	119	1246	store	GEONOUN
57208	119	1472	Jewish	GEONOUN
57208	119	1624	18-year-old	DATE
57208	119	1677	high school	GEONOUN
57208	119	1850	Saturdays	DATE
57208	119	2058	house	GEONOUN
57208	119	2294	house	GEONOUN
57208	119	2469	waste	GEONOUN
57208	119	2516	houses	GEONOUN
57208	119	2785	fell	GEONOUN
57208	119	3028	Jewish	GEONOUN
57208	119	3426	Jewish	GEONOUN
57208	121	9	the 25th of August--	DATE
57208	121	37	a Monday-- 1941	DATE
57208	121	225	20 minutes	TIME
57208	121	257	street	GEONOUN
57208	121	487	Jewish	GEONOUN
57208	121	548	town	GEONOUN
57208	121	822	16-year-old	DATE
57208	121	957	the morning--	TIME
57208	121	976	Jewish	GEONOUN
57208	121	1040	forest	GEONOUN
57208	121	1239	corner	GEONOUN
57208	121	1455	Holocaust	EVENT
57208	122	51	forest	GEONOUN
57208	122	79	forest	GEONOUN
57208	122	108	building	GEONOUN
57208	122	129	barracks	GEONOUN
57208	122	209	forest	GEONOUN
57208	122	269	the day	DATE
57208	122	348	barracks	GEONOUN
57208	122	491	room	GEONOUN
57208	122	501	Jewish	GEONOUN
57208	122	873	forest	GEONOUN
57208	122	955	barracks	GEONOUN
57208	122	1912	windows	GEONOUN
57208	122	1997	barracks	GEONOUN
57208	122	2159	building	GEONOUN
57208	122	2177	almost the whole day	DATE
57208	122	2377	this day	DATE
57208	122	2455	the day	DATE
57208	122	2484	the end of August	DATE
57208	122	2524	fall	GEONOUN
57208	122	2537	fall	GEONOUN
57208	122	2543	days	DATE
57208	122	2684	a month's	DATE
57208	122	2914	16-years-old--	DATE
57208	122	3486	Saturday	DATE
57208	122	3520	this day	DATE
57208	122	3647	maybe 80 years	DATE
57208	122	3684	forest	GEONOUN
57208	122	3922	80	DATE
57208	122	3970	80-years-old	DATE
57208	122	4040	stone	GEONOUN
57208	122	4460	club	GEONOUN
57208	122	4505	street	GEONOUN
57208	122	4692	four weeks	DATE
57208	122	4715	four weeks--	DATE
57208	122	4732	a full month	DATE
57208	122	4750	four weeks	DATE
57208	122	4834	the night	TIME
57208	122	4874	night	TIME
57208	122	4963	house	GEONOUN
57208	122	4983	yard	GEONOUN
57208	122	5000	garden	GEONOUN
57208	122	5041	garden	GEONOUN
57208	122	5141	the evening	TIME
57208	122	5275	fall	GEONOUN
57208	122	5327	garden	GEONOUN
57208	122	5450	town	GEONOUN
57208	122	5476	cemetery	GEONOUN
57208	122	5490	one day	DATE
57208	122	5564	one day	DATE
57208	122	5593	a Sunday	DATE
57208	122	5614	the last week	DATE
57208	122	5629	the fourth week	DATE
57208	122	5646	Sunday	DATE
57208	122	5695	garden	GEONOUN
57208	122	5806	tomorrow, Monday--	DATE
57208	122	5825	the second Monday	DATE
57208	122	5879	Monday	DATE
57208	122	5914	Tomorrow	DATE
57208	122	6061	house	GEONOUN
57208	122	6131	tomorrow	DATE
57208	122	6241	tomorrow	DATE
57208	122	6633	cellar	GEONOUN
57208	122	6676	wood	GEONOUN
57208	122	6712	the evening	TIME
57208	122	6725	Sunday	DATE
57208	122	6732	evening	TIME
57208	122	6812	ground	GEONOUN
57208	122	6890	cellar	GEONOUN
57208	122	6920	wood	GEONOUN
57208	122	7090	cellar	GEONOUN
57208	122	7107	wood	GEONOUN
57208	122	7150	cellar	GEONOUN
57208	122	7258	the night	TIME
57208	122	7275	cellar	GEONOUN
57208	122	7298	the morning	TIME
57208	122	7318	morning	TIME
57208	122	7422	cellar	GEONOUN
57208	122	7553	cellar	GEONOUN
57208	122	7653	room	GEONOUN
57208	122	7758	attic	GEONOUN
57208	122	7814	apartment	GEONOUN
57208	122	7875	apartment	GEONOUN
57208	122	7907	narrow	GEONOUN
57208	122	7920	narrow	GEONOUN
57208	122	8355	19-years-old	DATE
57208	122	8820	room apartment	GEONOUN
57208	122	8825	apartment	GEONOUN
57208	122	8872	fell	GEONOUN
57208	122	9109	street	GEONOUN
57208	122	9295	cellar	GEONOUN
57208	122	9318	cellar	GEONOUN
57208	122	9326	Monday	DATE
57208	122	9426	cemetery	GEONOUN
57208	122	9449	Monday	DATE
57208	122	9467	Tuesday	DATE
57208	122	9483	cellar	GEONOUN
57208	122	9698	cellar	GEONOUN
57208	122	9729	a few days	DATE
57208	122	9778	the evening	TIME
57208	122	10587	Another month	DATE
57208	122	10704	village	GEONOUN
57208	122	10719	Korchivka	PLACE
57208	122	10755	Romanov--	PLACE
57208	122	10887	shed	GEONOUN
57208	122	10943	more than half a night	TIME
57208	122	11356	shed	GEONOUN
57208	122	11465	yard	GEONOUN
57208	122	11484	ground	GEONOUN
57208	122	11523	Next day	DATE
57208	122	11584	the evening--	TIME
57208	122	11654	shed	GEONOUN
57208	122	11686	village	GEONOUN
57208	122	12024	Romanov	PLACE
57208	122	12039	station	GEONOUN
57208	122	12147	Korchivka	PLACE
57208	122	12160	Romanov	PLACE
57208	122	12175	station	GEONOUN
57208	122	12461	road	GEONOUN
57208	122	12474	Korchivka	PLACE
57208	122	12488	Romanov	PLACE
57208	122	12516	house	GEONOUN
57208	122	12539	windmill	GEONOUN
57208	122	12581	house	GEONOUN
57208	122	12630	19-year-old	DATE
57208	122	12703	Jewish	GEONOUN
57208	122	12795	road	GEONOUN
57208	122	12871	fell	GEONOUN
57208	122	13092	station	GEONOUN
57208	122	13128	station	GEONOUN
57208	122	13138	road	GEONOUN
57208	122	13300	station	GEONOUN
57208	122	13337	station	GEONOUN
57208	122	13918	Tomorrow	DATE
57208	122	13927	morning	TIME
57208	122	14082	Jewish	GEONOUN
57208	122	14199	windows	GEONOUN
57208	122	14246	the night	TIME
57208	122	14312	2-month-old	DATE
57208	122	14352	20-year-old	DATE
57208	122	14429	80-year-old	DATE
57208	122	14441	Jewish	GEONOUN
57208	122	14529	Poland	COUNTRY
57208	122	14751	two-months-old	DATE
57208	122	14852	two months ago	DATE
57208	122	14893	the morning	TIME
57208	122	14971	yard	GEONOUN
57208	122	14990	station	GEONOUN
57208	122	15237	Jewish	GEONOUN
57208	122	15272	today	DATE
57208	122	15571	school years ago	GEONOUN
57208	122	15578	years ago	DATE
57208	122	15853	September	DATE
57208	122	15864	the end of September--	DATE
57208	122	15992	chimneys	GEONOUN
57208	122	16224	houses	GEONOUN
57208	122	16245	Jewish houses	GEONOUN
57208	122	16252	houses	GEONOUN
57208	122	16460	Nelli	PLACE
57208	122	16477	Nelli	PLACE
57208	122	17050	broom	GEONOUN
57208	122	17350	8-months-old	DATE
57208	122	17381	room	GEONOUN
57208	122	17396	Jewish	GEONOUN
57208	122	17503	fall	GEONOUN
57208	122	17509	slide	GEONOUN
57208	122	17589	houses	GEONOUN
57208	122	18164	pass	GEONOUN
57208	122	18737	house	GEONOUN
57208	122	19170	pantry	GEONOUN
57208	122	19256	pantry	GEONOUN
57208	122	19436	station	GEONOUN
57208	122	19486	room	GEONOUN
57208	122	19536	15 years	DATE
57208	122	19546	16-years-old	DATE
57208	122	19565	West Ukraine	PLACE
57208	122	19622	Jewish	GEONOUN
57208	122	19680	room	GEONOUN
57208	122	20071	the afternoon	TIME
57208	122	20174	pit	GEONOUN
57208	122	20199	garbage dump	GEONOUN
57208	122	20789	club	GEONOUN
57208	122	20807	fell	GEONOUN
57208	122	20827	foot	GEONOUN
57208	122	21439	America	COUNTRY
57208	122	22729	state	GEONOUN
57208	122	22751	state	GEONOUN
57208	122	23025	pantry	GEONOUN
57208	122	23181	restaurant	GEONOUN
57208	122	23629	fell	GEONOUN
57208	122	23721	Jewish	GEONOUN
57208	122	24297	house	GEONOUN
57208	122	24575	Jewish	GEONOUN
57208	122	24739	18-years-old	DATE
57208	122	24799	Jewish	GEONOUN
57208	122	25017	Jewish	GEONOUN
57208	122	25315	the evening	TIME
57208	122	25522	Jewish	GEONOUN
57208	122	25574	Romanov	PLACE
57208	122	25927	house	GEONOUN
57208	122	26114	street	GEONOUN
57208	122	26219	house	GEONOUN
57208	122	26236	room	GEONOUN
57208	122	26294	room	GEONOUN
57208	122	26323	house	GEONOUN
57208	122	26355	house	GEONOUN
57208	122	26436	corner	GEONOUN
57208	122	26451	room	GEONOUN
57208	122	26619	corner	GEONOUN
57208	122	26769	this night	TIME
57208	122	26785	early morning	TIME
57208	122	26836	room	GEONOUN
57208	122	26912	house	GEONOUN
57208	122	27068	all night	TIME
57208	122	27084	early morning	TIME
57208	122	27175	house	GEONOUN
57208	122	27193	field	GEONOUN
57208	122	27264	village	GEONOUN
57208	122	27289	Yasnograd	PLACE
57208	122	27357	field	GEONOUN
57208	122	27843	Jewish	GEONOUN
57208	122	28044	village	GEONOUN
57208	122	28079	forest	GEONOUN
57208	122	28222	the night	TIME
57208	122	28341	the morning	TIME
57208	122	28399	evening	TIME
57208	122	28540	the night	TIME
57208	122	28859	Next morning	TIME
57208	122	29191	Jewish	GEONOUN
57208	122	29267	Jewish	GEONOUN
57208	122	29419	Jewish Holocaust	GEONOUN
57208	122	29426	Holocaust	EVENT
57208	122	29463	Jewish	GEONOUN
57208	122	29688	Jewish	GEONOUN
57208	122	30335	Yavdokha	PLACE
57208	122	30451	shed	GEONOUN
57208	122	30893	two, three days	DATE
57208	122	30980	the winter	DATE
57208	122	31039	the North Pole	PLACE
57208	122	31221	winter	DATE
57208	122	31416	the winter of 1942	DATE
57208	122	31445	spring	GEONOUN
57208	122	31464	'41	DATE
57208	122	31472	'42	DATE
57208	122	31495	spring	GEONOUN
57208	122	31550	barns	GEONOUN
57208	122	31665	mud	GEONOUN
57208	122	31807	houses	GEONOUN
57208	122	32029	shed	GEONOUN
57208	122	32089	wood	GEONOUN
57208	122	32152	shed	GEONOUN
57208	122	32185	shed	GEONOUN
57208	122	32509	shed	GEONOUN
57208	123	21	the morning	TIME
57208	123	51	shed	GEONOUN
57208	123	167	shed	GEONOUN
57208	123	201	shed	GEONOUN
57208	123	432	barn	GEONOUN
57208	123	734	barn a few days	GEONOUN
57208	123	739	a few days	DATE
57208	123	1084	ground	GEONOUN
57208	123	1105	ground	GEONOUN
57208	123	1467	lock	GEONOUN
57208	123	1613	indoors	GEONOUN
57208	123	1683	days	DATE
57208	123	1692	days	DATE
57208	123	1794	house	GEONOUN
57208	123	1847	house	GEONOUN
57208	123	1866	chicken coop	GEONOUN
57208	123	1886	house	GEONOUN
57208	123	2010	house	GEONOUN
57208	123	2038	house	GEONOUN
57208	123	2096	the day--	DATE
57208	123	2293	house	GEONOUN
57208	123	2306	16-year-old	DATE
57208	123	2416	mud	GEONOUN
57208	123	2430	the morning	TIME
57208	123	2531	windows	GEONOUN
57208	123	2706	houses	GEONOUN
57208	123	2927	station	GEONOUN
57208	123	3044	prison	GEONOUN
57208	123	3113	next day	DATE
57208	123	3220	forest	GEONOUN
57208	123	3342	Jewish	GEONOUN
57208	123	3469	Jewish	GEONOUN
57208	123	3570	prison	GEONOUN
57208	124	208	Matveika	PLACE
57208	124	218	divide	GEONOUN
57208	129	41	days	DATE
57208	129	69	Thursdays	DATE
57208	129	83	Mondays	DATE
57208	129	123	those days	DATE
57208	129	238	one night	TIME
57208	129	255	shed	GEONOUN
57208	129	468	winter	DATE
57208	129	495	road	GEONOUN
57208	129	547	Vera	CITY
57208	129	647	foot	GEONOUN
57208	129	722	pass	GEONOUN
57208	129	790	foot	GEONOUN
57208	129	1212	steps	GEONOUN
57208	129	1765	camp	GEONOUN
57208	129	2106	street	GEONOUN
57208	129	2115	barn	GEONOUN
57208	129	2196	barn	GEONOUN
57208	129	2346	shed	GEONOUN
57208	129	2378	yard	GEONOUN
57208	129	2456	house	GEONOUN
57208	129	2622	house	GEONOUN
57208	129	2646	shed	GEONOUN
57208	129	2864	shed	GEONOUN
57208	129	2950	yard	GEONOUN
57208	129	3005	five minutes	TIME
57208	129	3043	those five minutes	TIME
57208	129	3368	shed	GEONOUN
57208	129	3387	shed	GEONOUN
57208	129	3430	wood	GEONOUN
57208	129	3441	wood	GEONOUN
57208	129	3487	the days	DATE
57208	129	3788	steps	GEONOUN
57208	129	3804	Yasnograd	PLACE
57208	129	3830	shed	GEONOUN
57208	129	3846	shed	GEONOUN
57208	129	3917	shed	GEONOUN
57208	129	3984	the morning	TIME
57208	129	4126	shed	GEONOUN
57208	129	4192	Romanov	PLACE
57208	129	4204	Jewish	GEONOUN
57208	129	4226	wood	GEONOUN
57208	129	4235	the winter	DATE
57208	129	4356	Romanov	PLACE
57208	129	4400	wood	GEONOUN
57208	129	4561	house	GEONOUN
57208	129	4649	yesterday	DATE
57208	129	4696	today	DATE
57208	129	4786	house	GEONOUN
57208	129	4799	shed	GEONOUN
57208	129	5170	barn	GEONOUN
57208	129	5250	barn	GEONOUN
57208	130	24	village	GEONOUN
57208	132	272	maybe a year	DATE
57208	132	386	porch	GEONOUN
57208	132	399	house	GEONOUN
57208	132	626	porch	GEONOUN
57208	132	714	field	GEONOUN
57208	132	846	Jewish	GEONOUN
57208	137	60	attic	GEONOUN
57208	138	28	the morning	TIME
57208	138	41	early morning	TIME
57208	138	163	garden	GEONOUN
57208	138	251	garden	GEONOUN
57208	139	172	Israel	COUNTRY
57208	140	72	summertime	DATE
57208	140	205	wintertime	DATE
57208	140	258	gardens	GEONOUN
57208	140	350	winter	DATE
57208	141	44	village	GEONOUN
57208	141	84	every day	DATE
57208	141	251	forest	GEONOUN
57208	141	263	forest	GEONOUN
57208	141	447	village	GEONOUN
57208	141	466	village	GEONOUN
57208	141	510	village	GEONOUN
57208	141	566	Russia	COUNTRY
57208	141	581	road	GEONOUN
57208	141	675	village	GEONOUN
57208	141	741	house	GEONOUN
57208	141	783	house	GEONOUN
57208	141	1139	19-years-old	DATE
57208	141	1208	Germany	COUNTRY
57208	141	1266	house	GEONOUN
57208	141	1630	attic	GEONOUN
57208	141	1648	house	GEONOUN
57208	141	1830	every morning	TIME
57208	141	1889	Romanov	PLACE
57208	141	2089	attic	GEONOUN
57208	141	2118	attic	GEONOUN
57208	145	208	days	DATE
57208	145	577	Jewish	GEONOUN
57208	148	253	a few days	DATE
57208	148	427	today	DATE
57208	148	477	village	GEONOUN
57208	148	499	Romanov	PLACE
57208	149	103	building	GEONOUN
57208	149	174	ruins	GEONOUN
57208	149	277	Jewish	GEONOUN
57208	149	346	station	GEONOUN
57208	149	381	Jewish	GEONOUN
57208	149	411	Jewish	GEONOUN
57208	149	469	house	GEONOUN
57208	149	509	Jewish	GEONOUN
57208	149	1100	house	GEONOUN
57208	151	62	school	GEONOUN
57208	151	347	high school	GEONOUN
57208	152	3	Romanov	PLACE
57208	152	15	Romanov	PLACE
57208	152	36	high school	GEONOUN
57208	152	83	city	GEONOUN
57208	152	104	university	GEONOUN
57208	153	11	Canada	COUNTRY
57208	153	51	the late December, December 25th, 1975	DATE
57208	153	119	Canada	COUNTRY
57208	153	131	'76	DATE
57208	153	154	'75	DATE
57208	154	45	high school	GEONOUN
57208	154	66	high school	GEONOUN
57208	154	125	high school	GEONOUN
57208	154	203	city Zhitomir	GEONOUN
57208	154	208	Zhitomir	PLACE
57208	154	601	university	GEONOUN
57208	158	3	Zhitomir	PLACE
57208	158	16	Ukraine	COUNTRY
57208	158	142	a year time	DATE
57208	160	7	Ukraine	COUNTRY
57208	160	25	city	GEONOUN
57208	160	120	bench	GEONOUN
57208	160	399	village	GEONOUN
57208	160	440	village	GEONOUN
57208	162	11	Jewish	GEONOUN
57208	165	3	Zhitomir	PLACE
57208	165	29	university	GEONOUN
57208	167	3	Jewish	GEONOUN
57208	167	295	Russia	COUNTRY
57208	167	306	Ukraine	COUNTRY
57208	167	315	Jewish	GEONOUN
57208	167	421	Jewish	GEONOUN
57208	167	521	Jewish	GEONOUN
57208	170	43	art school	GEONOUN
57208	170	57	Ukraine	COUNTRY
57208	174	74	Ukraine	COUNTRY
57208	174	88	Russia	COUNTRY
57208	175	248	community	GEONOUN
57208	176	113	Toronto	CITY
57208	176	251	22	DATE
57208	176	270	19	DATE
57208	176	339	every day	DATE
57208	176	375	11:00	TIME
57208	177	5	night	TIME
57208	178	68	Israel	COUNTRY
57208	178	96	Baltic Sea	PLACE
57208	180	21	years ago	DATE
57208	180	384	Holocaust	EVENT
57208	180	472	Holocaust	EVENT
57208	181	4	every day	DATE
57208	181	136	19	DATE
57208	181	143	22	DATE
57208	182	56	Jewish	GEONOUN
57208	182	121	every day	DATE
57208	182	304	New York	US-STATE
57208	182	455	two months--	DATE
57208	182	468	two years--	DATE
57208	182	516	university	GEONOUN
57208	182	528	daytime	TIME
57208	182	837	Holocaust	EVENT
57208	182	1200	Holocaust	EVENT
57208	184	39	station	GEONOUN
57208	184	349	monument	GEONOUN
57208	184	372	Jewish	GEONOUN
57208	184	508	every day	DATE
57208	184	689	half an hour--	TIME
57208	185	67	a few more years	DATE
57208	185	388	parts	GEONOUN
57208	191	22	1937	DATE
57208	191	40	'38	DATE
57208	191	255	night	TIME
57208	191	400	Berdychiv	CITY
57208	191	418	grave	GEONOUN
57208	191	513	grave	GEONOUN
57208	191	721	city Berdychiv	GEONOUN
57208	191	726	Berdychiv	CITY
57208	191	744	grave	GEONOUN
57208	191	792	grave	GEONOUN
57208	191	839	synagogue	GEONOUN
57208	191	1296	12 years	DATE
57208	191	1386	hospital	GEONOUN
57208	191	1520	four	DATE
57208	191	1544	two	DATE
57208	191	1562	fell	GEONOUN
57208	194	85	town	GEONOUN
57208	194	155	barracks	GEONOUN
57208	194	275	the day	DATE
57208	194	374	Jewish	GEONOUN
57208	194	406	forest	GEONOUN
57208	196	111	houses	GEONOUN
57208	196	179	forests	GEONOUN
57208	196	267	houses	GEONOUN
57208	196	349	cellar	GEONOUN
57208	196	495	village	GEONOUN
57208	196	537	Romanov	PLACE
57208	196	552	station	GEONOUN
57208	198	15	last year	DATE
57208	200	135	restaurant	GEONOUN
57208	200	168	restaurant	GEONOUN
57208	200	249	a year ago	DATE
57208	203	86	station	GEONOUN
57208	203	285	room	GEONOUN
57208	203	374	West Ukraine	PLACE
57208	203	428	Jewish	GEONOUN
57208	203	499	Jewish	GEONOUN
57208	204	46	station	GEONOUN
57208	204	593	Jewish	GEONOUN
57208	205	26	village	GEONOUN
57208	205	59	Romanov	PLACE
57208	205	101	forests	GEONOUN
57208	206	32	shed	GEONOUN
57208	206	322	village	GEONOUN
57208	206	361	Yasnograd	PLACE
57208	206	386	house	GEONOUN
57208	206	430	Jewish	GEONOUN
57208	206	656	shed	GEONOUN
57208	206	684	maybe an hour	TIME
57208	207	29	Yasnograd	PLACE
57208	207	39	village	GEONOUN
57208	207	97	trench	GEONOUN
57208	207	111	field	GEONOUN
57208	207	183	some days	DATE
57208	207	234	daytime	TIME
57208	207	282	shed	GEONOUN
57208	207	297	night	TIME
57208	207	358	fell	GEONOUN
57208	207	370	mud	GEONOUN
57208	207	513	mud	GEONOUN
