FileID	AnswerID	StartCharPos	Entity	Type
57265	2	11	March 5, 1924	DATE
57265	3	3	Tarpa--	PLACE
57265	3	23	Hungary	COUNTRY
57265	4	7	Beregszász	PLACE
57265	4	32	Czechoslovakia	COUNTRY
57265	4	70	city	GEONOUN
57265	4	122	Albania	COUNTRY
57265	9	110	the years	DATE
57265	10	48	school	GEONOUN
57265	10	58	six, six or eight years	DATE
57265	10	104	high school about four years	GEONOUN
57265	10	116	about four years	DATE
57265	11	54	estate	GEONOUN
57265	14	23	Tarpa	PLACE
57265	15	0	Hungary	COUNTRY
57265	16	27	Jewish	GEONOUN
57265	16	116	prison camp	GEONOUN
57265	16	123	camp	GEONOUN
57265	16	135	the First World War	EVENT
57265	18	160	12 or 13 years old	DATE
57265	19	99	Jewish	GEONOUN
57265	20	74	10 years older	DATE
57265	20	105	nine years older	DATE
57265	20	225	two years	DATE
57265	21	149	every day	DATE
57265	24	31	Tarpa	PLACE
57265	25	22	Tarpa	PLACE
57265	25	108	Budapest	CITY
57265	25	160	city	GEONOUN
57265	25	169	Debrecen	CITY
57265	25	229	high school	GEONOUN
57265	26	12	high school	GEONOUN
57265	26	35	about six or eight years	DATE
57265	26	95	college	GEONOUN
57265	26	124	the United States	COUNTRY
57265	26	143	four, four years	DATE
57265	26	172	a year of-- four years	DATE
57265	26	200	one year	DATE
57265	26	230	4 SECONDS	DATE
57265	26	258	five years	DATE
57265	28	192	Jewish	GEONOUN
57265	28	226	high school	GEONOUN
57265	28	260	Jewish	GEONOUN
57265	28	339	day school	GEONOUN
57265	28	353	the morning	TIME
57265	28	412	high school	GEONOUN
57265	31	61	bar	GEONOUN
57265	32	9	Rosh Ha-Shana	DATE
57265	32	33	the new year	DATE
57265	37	39	the very early days	DATE
57265	37	76	10 or 12 years old	DATE
57265	37	177	current	GEONOUN
57265	38	85	carpentry	GEONOUN
57265	38	163	carpentry	GEONOUN
57265	38	227	high school	GEONOUN
57265	38	253	high school	GEONOUN
57265	40	89	1935	DATE
57265	40	129	about 11 years old	DATE
57265	44	120	Hungary	COUNTRY
57265	45	274	weekly	DATE
57265	47	51	1939	DATE
57265	47	71	Poland	COUNTRY
57265	47	94	Germany	COUNTRY
57265	47	153	Europe	CONTINENT
57265	48	13	ghetto	GEONOUN
57265	48	43	a few months	DATE
57265	48	84	Hungary	COUNTRY
57265	48	104	Auschwitz	CAMP
57265	48	147	a few months	DATE
57265	48	167	ghetto	GEONOUN
57265	48	381	ghetto	GEONOUN
57265	48	415	brick factory	GEONOUN
57265	48	421	factory	GEONOUN
57265	49	21	city	GEONOUN
57265	49	31	ghetto	GEONOUN
57265	49	45	Beregszász	PLACE
57265	49	76	city	GEONOUN
57265	49	120	Hungary	COUNTRY
57265	49	144	Czechoslovakia	COUNTRY
57265	53	32	ghetto	GEONOUN
57265	53	128	house	GEONOUN
57265	53	223	store	GEONOUN
57265	54	43	store	GEONOUN
57265	54	65	tavern	GEONOUN
57265	54	104	tavern	GEONOUN
57265	54	196	store	GEONOUN
57265	55	447	temple	GEONOUN
57265	55	521	temple	GEONOUN
57265	56	24	ghetto	GEONOUN
57265	56	154	Hungary	COUNTRY
57265	57	20	three or four months	DATE
57265	58	55	Hungary	COUNTRY
57265	58	142	Auschwitz	CAMP
57265	59	59	house the next morning	GEONOUN
57265	59	65	the next morning	TIME
57265	60	26	ghetto	GEONOUN
57265	61	47	carriage	GEONOUN
57265	61	103	town	GEONOUN
57265	61	149	ghetto	GEONOUN
57265	61	181	brick factory	GEONOUN
57265	61	187	factory	GEONOUN
57265	62	102	Hungary	COUNTRY
57265	62	632	wood	GEONOUN
57265	63	51	Auschwitz	CAMP
57265	63	143	Hungary	COUNTRY
57265	63	211	train	GEONOUN
57265	63	221	two or three days and nights	DATE
57265	65	150	Auschwitz	CAMP
57265	65	209	barracks	GEONOUN
57265	67	377	chamber	GEONOUN
57265	68	245	chamber	GEONOUN
57265	71	225	56 years old	DATE
57265	71	299	46	DATE
57265	71	390	46	DATE
57265	71	452	56	DATE
57265	72	34	barracks	GEONOUN
57265	72	113	every day	DATE
57265	72	123	early in the morning	TIME
57265	72	161	later in the evening	TIME
57265	74	115	Czechoslovakia	COUNTRY
57265	75	67	Auschwitz	CAMP
57265	75	102	camps	GEONOUN
57265	75	143	Erlenbusch	PLACE
57265	75	155	Erlenbusch	PLACE
57265	75	232	Germany	COUNTRY
57265	77	105	Flossenburg	CAMP
57265	77	141	concentration camp	GEONOUN
57265	77	183	Crawinkel	CAMP
57265	77	217	Jonastal	PLACE
57265	77	271	Ohrdruf	CAMP
57265	77	280	Ohrdruf	CAMP
57265	78	54	carpentry	GEONOUN
57265	78	98	carpentry	GEONOUN
57265	78	129	Hungary	COUNTRY
57265	78	245	carpentry	GEONOUN
57265	80	27	prison	GEONOUN
57265	80	76	the summer	DATE
57265	80	110	the winter--	DATE
57265	82	17	camps	GEONOUN
57265	82	46	camp	GEONOUN
57265	82	58	Flossenburg	CAMP
57265	82	71	Crawinkel	CAMP
57265	82	126	Ohrdruf	CAMP
57265	82	135	Ohrdruf	CAMP
57265	82	316	Ohrdruf	CAMP
57265	82	332	the last minutes	TIME
57265	84	73	Sudeten	PLACE
57265	84	82	Deutschland	PLACE
57265	84	152	Germany	COUNTRY
57265	84	186	Sudeten	PLACE
57265	84	254	Sudeten	PLACE
57265	84	263	Sudeten	PLACE
57265	85	44	barracks	GEONOUN
57265	86	58	Flossenburg	CAMP
57265	86	434	the night	TIME
57265	86	484	the night	TIME
57265	86	504	the next morning	TIME
57265	86	801	summer	DATE
57265	86	1216	the day	DATE
57265	88	564	camp	GEONOUN
57265	88	1044	foot	GEONOUN
57265	89	76	barracks	GEONOUN
57265	89	215	today	DATE
57265	91	5	Flossenburg	CAMP
57265	91	34	Crawinkel	CAMP
57265	91	48	Jonastal	PLACE
57265	91	128	Ohrdruf	CAMP
57265	91	156	Ohrdruf	CAMP
57265	91	169	Ohrdruf	CAMP
57265	91	212	camp	GEONOUN
57265	91	274	Ohrdruf	CAMP
57265	91	292	next morning	TIME
57265	93	286	Lafayette	CITY
57265	93	297	Indiana	US-STATE
57265	93	606	steps	GEONOUN
57265	93	638	the United States	COUNTRY
57265	94	60	20 years old	DATE
57265	97	20	camp	GEONOUN
57265	97	43	Ohrdruf	CAMP
57265	97	63	Ohrdruf	CAMP
57265	97	76	camp	GEONOUN
57265	97	111	camp	GEONOUN
57265	97	275	the day before they arrived	DATE
57265	98	124	2008	DATE
57265	98	358	2008	DATE
57265	98	382	so many years	DATE
57265	98	416	day	DATE
57265	98	777	concentration camp environment	GEONOUN
57265	98	796	environment	GEONOUN
57265	98	1105	between 1944 and '45	DATE
57265	101	0	April 15, 1944	DATE
57265	102	4	Jewish	GEONOUN
57265	102	25	Tarpa	PLACE
57265	102	54	hometown	GEONOUN
57265	102	91	village	GEONOUN
57265	102	102	Tarpa--	PLACE
57265	102	149	ghetto	GEONOUN
57265	102	159	Beregszász	PLACE
57265	102	171	April 15 to May 15, 1944	DATE
57265	102	245	May 15	DATE
57265	102	292	train	GEONOUN
57265	102	324	May 16 to May 20	DATE
57265	102	599	chamber	GEONOUN
57265	102	635	Auschwitz	CAMP
57265	102	939	barracks	GEONOUN
57265	102	978	May 20 to February 15, 1945	DATE
57265	102	1028	tents	GEONOUN
57265	102	1234	Kiddush Friday evenings--	DATE
57265	102	1313	carpentry	GEONOUN
57265	102	1734	About February 7, '45	DATE
57265	102	1793	infirmary	GEONOUN
57265	102	1870	camp	GEONOUN
57265	102	2045	railroad	GEONOUN
57265	102	2062	building barracks	GEONOUN
57265	102	2071	barracks	GEONOUN
57265	102	2085	carpentry	GEONOUN
57265	102	2137	railroad	GEONOUN
57265	102	2233	camp	GEONOUN
57265	102	2242	building barracks	GEONOUN
57265	102	2251	barracks	GEONOUN
57265	102	2275	carpentry	GEONOUN
57265	102	2314	February 15 to 20, 1945	DATE
57265	102	2355	Erlenbusch	PLACE
57265	102	2384	Sudetenland	PLACE
57265	102	2408	Sudetenland	PLACE
57265	102	2505	area	GEONOUN
57265	102	2550	March	DATE
57265	102	2670	camp	GEONOUN
57265	102	2813	carriage	GEONOUN
57265	102	2854	camp	GEONOUN
57265	102	3098	train	GEONOUN
57265	102	3107	Flossenburg	CAMP
57265	102	3161	room	GEONOUN
57265	102	3315	February 27	DATE
57265	102	3339	Flossenburg	CAMP
57265	102	3477	February 27	DATE
57265	102	3490	March 13-- to March 13	DATE
57265	102	3522	Flossenburg--	PLACE
57265	102	3572	barracks	GEONOUN
57265	102	3616	narrow	GEONOUN
57265	102	3795	days	DATE
57265	102	3891	night	TIME
57265	102	4149	hospital	GEONOUN
57265	102	4191	steps	GEONOUN
57265	102	4209	barracks	GEONOUN
57265	102	4251	hospital	GEONOUN
57265	102	4318	steps	GEONOUN
57265	102	4521	barracks	GEONOUN
57265	102	4574	Jewish	GEONOUN
57265	102	4681	Flossenburg	CAMP
57265	102	4696	Crawinkel	CAMP
57265	102	4731	March 13 to 16	DATE
57265	102	4747	March 16	DATE
57265	102	4770	Jonastal	PLACE
57265	102	4837	building	GEONOUN
57265	102	4850	building	GEONOUN
57265	102	4998	2:00 PM	TIME
57265	102	5024	2:00 PM--	TIME
57265	102	5038	2:00 AM--	TIME
57265	102	5065	about 6:00 or 7:00 PM	TIME
57265	102	5242	March 24--	DATE
57265	102	5295	infirmary	GEONOUN
57265	102	5344	night	TIME
57265	102	5569	Hungary	COUNTRY
57265	104	13	Jonastal	PLACE
57265	104	85	March 24--	DATE
57265	104	138	infirmary	GEONOUN
57265	104	187	night	TIME
57265	104	224	Ohrdruf	CAMP
57265	104	295	March 29 to April 3	DATE
57265	104	330	Ohrdruf	CAMP
57265	104	347	camp	GEONOUN
57265	104	900	five days	DATE
57265	104	1018	barracks	GEONOUN
57265	104	1394	April 3	DATE
57265	104	1433	April 6, 1945--	DATE
57265	104	1504	6:00 PM	TIME
57265	104	1568	formation	GEONOUN
57265	104	1700	train	GEONOUN
57265	104	2060	edge	GEONOUN
57265	104	2111	ditch	GEONOUN
57265	104	2229	pitch	GEONOUN
57265	104	2429	town	GEONOUN
57265	104	2450	narrow road	GEONOUN
57265	104	2457	road	GEONOUN
57265	104	2509	edge	GEONOUN
57265	104	2521	road	GEONOUN
57265	104	2591	fence	GEONOUN
57265	104	2620	about 12:00 midnight	TIME
57265	104	3098	narrow	GEONOUN
57265	104	3265	a few minutes	TIME
57265	104	3969	corner	GEONOUN
57265	104	4212	building	GEONOUN
57265	104	4229	barn	GEONOUN
57265	104	4479	barn	GEONOUN
57265	104	4585	that moment	TIME
57265	104	4601	barn	GEONOUN
57265	104	5409	corner	GEONOUN
57265	104	5500	barn	GEONOUN
57265	104	5640	10 to 15 minutes	TIME
57265	104	5943	town	GEONOUN
57265	104	5971	hours	TIME
57265	104	6024	Two days	DATE
57265	104	6033	pass	GEONOUN
57265	104	6311	roof	GEONOUN
57265	104	6394	barn	GEONOUN
57265	104	6626	April 7--	DATE
57265	104	6815	about an hour	TIME
57265	104	6895	cellar	GEONOUN
57265	104	6958	The next night	TIME
57265	104	7053	April 8 to 9	DATE
57265	104	7078	five days	DATE
57265	104	7353	barn	GEONOUN
57265	104	7531	village	GEONOUN
57265	104	7548	roof	GEONOUN
57265	104	7907	village	GEONOUN
57265	104	7940	hiding place	GEONOUN
57265	104	7992	hiding place	GEONOUN
57265	104	8008	the middle of the night	TIME
57265	104	8467	April 9--	DATE
57265	104	8515	barn	GEONOUN
57265	104	8634	attic	GEONOUN
57265	104	8667	daily	DATE
57265	104	8759	cellars	GEONOUN
57265	104	8791	roof tile	GEONOUN
57265	104	8796	tile	GEONOUN
57265	104	8848	village	GEONOUN
57265	104	8873	surroundings	GEONOUN
57265	104	9060	landing	GEONOUN
57265	104	9075	ground	GEONOUN
57265	104	9109	village	GEONOUN
57265	104	9120	the night-- of the night	TIME
57265	104	9178	ground	GEONOUN
57265	104	9301	fence	GEONOUN
57265	104	9375	field	GEONOUN
57265	104	9424	points	GEONOUN
57265	104	9656	pitch	GEONOUN
57265	104	9690	several hours	TIME
57265	104	9745	building	GEONOUN
57265	104	9777	area	GEONOUN
57265	104	9800	shelter	GEONOUN
57265	104	9816	building	GEONOUN
57265	104	9887	the day	DATE
57265	104	9928	the day	DATE
57265	104	9961	night	TIME
57265	104	10019	area	GEONOUN
57265	104	10085	windows	GEONOUN
57265	104	10201	factory	GEONOUN
57265	104	10272	wood	GEONOUN
57265	104	10532	area	GEONOUN
57265	104	10636	room	GEONOUN
57265	104	10855	the next night	TIME
57265	104	10976	building	GEONOUN
57265	104	11003	mud	GEONOUN
57265	104	11044	building	GEONOUN
57265	104	11086	room	GEONOUN
57265	104	11442	slope	GEONOUN
57265	104	11493	buildings	GEONOUN
57265	104	11600	windows	GEONOUN
57265	104	11654	shelter	GEONOUN
57265	104	11748	room	GEONOUN
57265	104	11861	building	GEONOUN
57265	104	11932	falls	GEONOUN
57265	104	12048	area	GEONOUN
57265	104	12070	road	GEONOUN
57265	104	12082	forest	GEONOUN
57265	104	12099	forest	GEONOUN
57265	104	12127	field	GEONOUN
57265	104	12494	road	GEONOUN
57265	104	12517	field	GEONOUN
57265	104	12796	road	GEONOUN
57265	104	12888	river	GEONOUN
57265	104	13044	river	GEONOUN
57265	104	13105	building	GEONOUN
57265	104	13172	shelter	GEONOUN
57265	104	13220	building	GEONOUN
57265	104	13329	building	GEONOUN
57265	104	13363	residence	GEONOUN
57265	104	13391	shelter	GEONOUN
57265	104	13477	board	GEONOUN
57265	104	13490	ground	GEONOUN
57265	104	14117	sawmill	GEONOUN
57265	104	14323	sawmill	GEONOUN
57265	104	14757	trees	GEONOUN
57265	104	15084	concentration camp	GEONOUN
57265	104	15757	concentration camp	GEONOUN
57265	104	15935	concentration camp	GEONOUN
57265	104	16124	area	GEONOUN
57265	104	16211	mill	GEONOUN
57265	104	16291	town	GEONOUN
57265	104	16523	town	GEONOUN
57265	104	16533	town	GEONOUN
57265	104	16635	residence	GEONOUN
57265	104	16995	river	GEONOUN
57265	104	17008	bridge	GEONOUN
57265	104	17229	points	GEONOUN
57265	104	17254	shelter	GEONOUN
57265	104	17270	building	GEONOUN
57265	104	17948	territory	GEONOUN
57265	104	17997	April 11, 1945	DATE
57265	104	18013	a bright sunny day	DATE
57265	104	18033	the day	DATE
57265	105	26	city	GEONOUN
57265	105	38	Luisenthal	PLACE
57265	106	109	April 1945--	DATE
57265	106	169	building	GEONOUN
57265	106	212	town	GEONOUN
57265	106	388	road	GEONOUN
57265	106	774	concentration camp	GEONOUN
57265	106	1004	eight days	DATE
57265	106	1209	seat	GEONOUN
57265	106	1629	seat	GEONOUN
57265	106	1691	hotel	GEONOUN
57265	106	1756	room upstairs	GEONOUN
57265	106	1761	upstairs	GEONOUN
57265	106	1886	hotel	GEONOUN
57265	107	4	hotel	GEONOUN
57265	107	478	village	GEONOUN
57265	108	177	Gross-Rosen	PLACE
57265	108	351	Hungary	COUNTRY
57265	108	528	hometown	GEONOUN
57265	109	88	Sweden	COUNTRY
57265	109	211	Sweden	COUNTRY
57265	109	315	Sweden	COUNTRY
57265	109	360	the night	TIME
57265	109	549	the following day	DATE
57265	110	451	Sweden	COUNTRY
57265	110	468	about a year	DATE
57265	111	55	Stockholm	CITY
57265	111	125	train	GEONOUN
57265	111	144	Stockholm	CITY
57265	111	282	train	GEONOUN
57265	111	626	train	GEONOUN
57265	111	929	Sweden	COUNTRY
57265	111	972	Sweden	COUNTRY
57265	111	1478	opera house	GEONOUN
57265	111	1640	Stockholm	CITY
57265	111	1677	a few days	DATE
57265	113	38	Sweden	COUNTRY
57265	113	82	Sweden	COUNTRY
57265	114	25	Sweden	COUNTRY
57265	114	117	Germany	COUNTRY
57265	116	80	Southern California	PLACE
57265	116	133	New York	US-STATE
57265	116	164	New York	US-STATE
57265	117	18	1944	DATE
57265	117	31	'44	DATE
57265	118	56	California	US-STATE
57265	118	144	San Francisco	CITY
57265	118	183	San Francisco	CITY
57265	118	238	train	GEONOUN
57265	118	314	Hollywood Boulevard	PLACE
57265	118	360	San Francisco	CITY
57265	118	388	Los Angeles	CITY
57265	118	433	apartment	GEONOUN
57265	120	23	school	GEONOUN
57265	120	66	school	GEONOUN
57265	120	76	night	TIME
57265	126	267	hometown	GEONOUN
57265	126	279	Hungary	COUNTRY
57265	128	61	Hungary	COUNTRY
57265	128	95	house	GEONOUN
57265	128	171	house	GEONOUN
57265	128	316	Israel	COUNTRY
57265	128	357	Israel	COUNTRY
57265	129	31	Budapest	CITY
57265	130	511	the day	DATE
57265	130	531	school	GEONOUN
57265	130	541	night	TIME
57265	130	632	construction	GEONOUN
57265	130	784	Japan	COUNTRY
57265	130	807	Mexico	COUNTRY
57265	130	823	a year	DATE
57265	130	833	Mexico	COUNTRY
57265	130	841	a year	DATE
57265	130	851	Tokyo	CITY
57265	131	126	a few years	DATE
57265	133	147	those days	DATE
57265	143	37	Los Angeles	CITY
57265	143	50	Los Angeles	CITY
57265	143	62	area	GEONOUN
57265	143	81	the first day	DATE
57265	143	135	beach	GEONOUN
57265	144	17	Sweden	COUNTRY
57265	146	38	beach	GEONOUN
57265	146	80	New York	US-STATE
57265	146	109	Santa Monica	CITY
57265	147	17	Loka Brunn	PLACE
57265	147	48	city	GEONOUN
57265	152	24	Stockholm	CITY
57265	152	50	apartment building	GEONOUN
57265	153	0	1945	DATE
57265	153	6	1946	DATE
57265	155	24	boat	GEONOUN
57265	155	41	Sweden	COUNTRY
57265	155	51	the United States	COUNTRY
57265	158	3	New York	US-STATE
57265	159	0	1947	DATE
57265	159	38	23 years old	DATE
57265	161	68	1947	DATE
57265	161	98	Cleveland	CITY
57265	161	152	Cleveland	CITY
57265	161	163	Ohio	US-STATE
57265	162	54	New Year's Eve	DATE
57265	162	103	New York--	PLACE
57265	162	140	New York	US-STATE
57265	164	36	Stockholm	CITY
57265	164	118	1947	DATE
57265	165	23	Germany	COUNTRY
57265	165	36	town	GEONOUN
57265	165	48	Luisenthal	PLACE
57265	165	81	August 24, 1945	DATE
57265	165	419	the United States	COUNTRY
57265	167	330	a Sunday	DATE
